日期,股票代码,开盘,收盘,最高,最低,成交量,成交额,振幅,涨跌幅,涨跌额,换手率
2008-01-02,600210,6.86,7.02,7.12,6.85,163399,159118408.0,3.89,1.15,0.08,1.54
2008-01-03,600210,6.93,7.25,7.39,6.85,230553,228251636.0,7.69,3.28,0.23,2.17
2008-01-04,600210,7.22,7.14,7.31,7.1,170510,169163517.0,2.9,-1.52,-0.11,1.6
2008-01-07,600210,7.15,7.26,7.33,7.05,348720,345594449.0,3.92,1.68,0.12,3.28
2008-01-08,600210,7.26,6.75,7.29,6.71,430672,419538610.0,7.99,-7.02,-0.51,4.05
2008-01-09,600210,6.72,6.94,6.97,6.57,283255,269906236.0,5.93,2.81,0.19,2.66
2008-01-10,600210,6.96,6.77,7.01,6.73,300312,289209148.0,4.03,-2.45,-0.17,2.83
2008-01-11,600210,6.77,7.2,7.23,6.64,447093,435302589.0,8.71,6.35,0.43,4.21
2008-01-14,600210,7.13,7.18,7.24,6.95,297893,293480587.0,4.03,-0.28,-0.02,2.8
2008-01-15,600210,7.2,7.19,7.22,7.05,226710,224009209.0,2.37,0.14,0.01,2.13
2008-01-16,600210,7.15,6.87,7.15,6.8,223677,216625566.0,4.87,-4.45,-0.32,2.1
2008-01-17,600210,6.86,6.58,7.04,6.2,266364,251808093.0,12.23,-4.22,-0.29,2.51
2008-01-18,600210,6.85,7.01,7.35,6.85,497373,489174054.0,7.6,6.53,0.43,4.68
2008-01-21,600210,7.26,7.25,7.65,7.15,1023454,1042328077.0,7.13,3.42,0.24,9.63
2008-01-22,600210,7.03,6.25,7.03,6.25,433532,403205004.0,10.76,-13.79,-1.0,4.08
2008-01-23,600210,6.17,7.14,7.14,6.17,506796,478340286.0,15.52,14.24,0.89,4.77
2008-01-24,600210,7.36,7.76,8.05,7.15,1129676,1180753048.0,12.61,8.68,0.62,10.63
2008-01-25,600210,7.75,7.45,7.75,7.33,525825,540179688.0,5.41,-3.99,-0.31,4.95
2008-01-28,600210,7.4,6.47,7.41,6.43,418323,399471282.0,13.15,-13.15,-0.98,3.94
2008-01-29,600210,6.7,6.93,7.09,6.56,270574,259810251.0,8.19,7.11,0.46,2.55
2008-01-30,600210,7.05,6.82,7.17,6.47,236663,227471890.0,10.1,-1.59,-0.11,2.23
2008-01-31,600210,6.73,6.41,6.92,6.35,167838,157205556.0,8.36,-6.01,-0.41,1.58
2008-02-01,600210,6.4,5.72,6.51,5.52,247626,215335783.0,15.44,-10.76,-0.69,2.33
2008-02-04,600210,6.02,6.55,6.57,6.0,173238,157309744.0,9.97,14.51,0.83,1.63
2008-02-05,600210,6.5,6.81,7.02,6.31,213303,202086939.0,10.84,3.97,0.26,2.01
2008-02-13,600210,6.65,6.69,7.03,6.57,132081,126353253.0,6.75,-1.76,-0.12,1.24
2008-02-14,600210,6.83,6.78,6.94,6.67,87998,83826771.0,4.04,1.35,0.09,0.83
2008-02-15,600210,6.7,6.58,6.7,6.38,132160,122398267.0,4.72,-2.95,-0.2,1.24
2008-02-18,600210,6.7,6.7,6.84,6.61,149954,142244433.0,3.5,1.82,0.12,1.41
2008-02-19,600210,6.75,6.95,6.98,6.66,172371,165364117.0,4.78,3.73,0.25,1.62
2008-02-20,600210,7.04,6.76,7.11,6.71,209223,202558008.0,5.76,-2.73,-0.19,1.97
2008-02-21,600210,6.7,7.09,7.21,6.56,311033,303754149.0,9.62,4.88,0.33,2.93
2008-02-22,600210,6.99,6.88,7.19,6.58,245524,236393570.0,8.6,-2.96,-0.21,2.31
2008-02-25,600210,6.88,6.42,6.95,6.33,174940,163871514.0,9.01,-6.69,-0.46,1.65
2008-02-26,600210,6.75,6.67,6.85,6.3,147655,137655665.0,8.57,3.89,0.25,1.39
2008-02-27,600210,6.8,7.01,7.13,6.66,254916,248254291.0,7.05,5.1,0.34,2.4
2008-02-28,600210,7.05,7.19,7.45,6.91,447396,447183828.0,7.7,2.57,0.18,4.21
2008-02-29,600210,7.16,7.17,7.45,7.1,338643,339204460.0,4.87,-0.28,-0.02,3.19
2008-03-03,600210,7.15,8.16,8.16,7.07,1203434,1281746030.0,15.2,13.81,0.99,11.32
2008-03-04,600210,8.34,7.9,8.52,7.89,1231627,1357263966.0,7.72,-3.19,-0.26,11.59
2008-03-05,600210,7.75,8.63,8.74,7.65,902434,994840144.0,13.8,9.24,0.73,8.49
2008-03-06,600210,8.85,8.4,9.2,8.25,994398,1142651890.0,11.01,-2.67,-0.23,9.35
2008-03-07,600210,8.3,7.98,8.53,7.76,504889,548766057.0,9.17,-5.0,-0.42,4.75
2008-03-10,600210,7.85,8.08,8.24,7.71,324292,348920547.0,6.64,1.25,0.1,3.05
2008-03-11,600210,7.83,8.44,8.55,7.5,490654,532296379.0,13.0,4.46,0.36,4.62
2008-03-12,600210,8.66,7.83,8.71,7.75,412169,451447386.0,11.37,-7.23,-0.61,3.88
2008-03-13,600210,7.7,7.25,7.81,6.87,412720,418277568.0,12.01,-7.41,-0.58,3.88
2008-03-14,600210,7.1,7.15,7.5,6.91,258019,256753207.0,8.14,-1.38,-0.1,2.43
2008-03-17,600210,7.15,6.16,7.34,6.16,367499,345758104.0,16.5,-13.85,-0.99,3.46
2008-03-18,600210,5.85,5.43,6.0,5.27,428666,352682895.0,11.85,-11.85,-0.73,4.03
2008-03-19,600210,5.6,6.0,6.08,5.28,424164,362332643.0,14.73,10.5,0.57,3.99
2008-03-20,600210,5.74,6.25,6.52,5.55,463031,408405286.0,16.17,4.17,0.25,4.36
2008-03-21,600210,6.22,6.12,6.4,5.97,359507,321031491.0,6.88,-2.08,-0.13,3.38
2008-03-24,600210,6.42,6.24,6.74,6.21,388452,360575728.0,8.66,1.96,0.12,3.65
2008-03-25,600210,5.97,6.33,6.44,5.86,222026,199124076.0,9.29,1.44,0.09,2.09
2008-03-26,600210,6.43,6.21,6.61,6.14,166052,150878618.0,7.42,-1.9,-0.12,1.56
2008-03-27,600210,6.02,5.38,6.03,5.32,328619,273242284.0,11.43,-13.37,-0.83,3.09
2008-03-28,600210,5.24,5.46,5.5,4.63,301281,238064533.0,16.17,1.49,0.08,2.83
2008-03-31,600210,5.15,4.76,5.24,4.75,213033,163830743.0,8.97,-12.82,-0.7,2.0
2008-04-01,600210,4.86,4.29,5.13,4.19,217146,158713559.0,19.75,-9.87,-0.47,2.04
2008-04-02,600210,4.43,3.82,4.54,3.69,252342,170678399.0,19.81,-10.96,-0.47,2.37
2008-04-03,600210,3.75,4.09,4.23,3.53,172769,114935886.0,18.32,7.07,0.27,1.63
2008-04-07,600210,3.94,4.5,4.6,3.85,201247,142351511.0,18.34,10.02,0.41,1.89
2008-04-08,600210,4.53,4.78,5.07,4.4,274427,205893247.0,14.89,6.22,0.28,2.58
2008-04-09,600210,4.74,4.06,4.91,4.05,234012,170786357.0,17.99,-15.06,-0.72,2.2
2008-04-10,600210,3.99,4.41,4.43,3.86,179655,126221385.0,14.04,8.62,0.35,1.69
2008-04-11,600210,4.48,4.45,4.63,4.41,121201,87956118.0,4.99,0.91,0.04,1.14
2008-04-14,600210,4.23,3.94,4.3,3.85,158136,107437903.0,10.11,-11.46,-0.51,1.49
2008-04-15,600210,3.99,4.43,4.43,3.99,174259,121935084.0,11.17,12.44,0.49,1.64
2008-04-16,600210,4.45,4.17,4.45,4.08,118462,82850169.0,8.35,-5.87,-0.26,1.11
2008-04-17,600210,4.11,4.27,4.38,3.97,117210,81539134.0,9.83,2.4,0.1,1.1
2008-04-18,600210,4.21,3.92,4.24,3.83,96939,65152846.0,9.6,-8.2,-0.35,0.91
2008-04-21,600210,4.35,3.71,4.5,3.66,184473,125971732.0,21.43,-5.36,-0.21,1.74
2008-04-22,600210,3.54,3.32,3.54,3.06,214411,128540209.0,12.94,-10.51,-0.39,2.02
2008-04-23,600210,3.3,3.46,3.55,3.0,238052,144128131.0,16.57,4.22,0.14,2.24
2008-04-24,600210,4.03,4.08,4.08,3.68,423873,284442423.0,11.56,17.92,0.62,3.99
2008-04-25,600210,4.07,4.07,4.4,3.86,333099,230334099.0,13.24,-0.25,-0.01,3.13
2008-04-28,600210,3.88,4.07,4.25,3.85,192067,131008551.0,9.83,0.0,0.0,1.81
2008-04-29,600210,4.04,4.25,4.3,3.96,210898,146591008.0,8.35,4.42,0.18,1.98
2008-04-30,600210,4.24,4.39,4.46,4.18,280920,199245821.0,6.59,3.29,0.14,2.64
2008-05-05,600210,4.42,4.61,4.64,4.25,329065,236329805.0,8.88,5.01,0.22,3.1
2008-05-06,600210,4.5,4.84,5.15,4.36,530256,400828359.0,17.14,4.99,0.23,4.99
2008-05-07,600210,4.7,4.45,4.89,4.43,355764,262248686.0,9.5,-8.06,-0.39,3.35
2008-05-08,600210,4.43,4.62,4.64,4.36,295856,214239337.0,6.29,3.82,0.17,2.78
2008-05-09,600210,4.75,4.42,4.79,4.33,289896,210980302.0,9.96,-4.33,-0.2,2.73
2008-05-13,600210,4.23,4.08,4.41,3.98,299512,207444209.0,9.73,-7.69,-0.34,2.82
2008-05-14,600210,4.05,4.31,4.36,4.01,275413,192761026.0,8.58,5.64,0.23,2.59
2008-05-15,600210,4.32,4.35,4.49,4.25,279126,199079373.0,5.57,0.93,0.04,2.63
2008-05-16,600210,4.54,4.46,4.73,4.35,347976,253551368.0,8.74,2.53,0.11,3.27
2008-05-19,600210,4.35,4.29,4.41,4.15,118834,83319672.0,5.83,-3.81,-0.17,1.12
2008-05-20,600210,4.25,3.67,4.35,3.62,204105,138448959.0,17.02,-14.45,-0.62,1.92
2008-05-21,600210,3.6,3.83,3.89,3.41,186412,118290845.0,13.08,4.36,0.16,1.75
2008-05-22,600210,3.75,3.66,3.93,3.65,135310,88603532.0,7.31,-4.44,-0.17,1.27
2008-05-23,600210,3.63,3.57,3.75,3.45,99837,63373546.0,8.2,-2.46,-0.09,0.94
2008-05-26,600210,3.52,3.31,3.52,3.28,130170,79656539.0,6.72,-7.28,-0.26,1.22
2008-05-27,600210,3.31,3.37,3.41,3.27,72090,43939706.0,4.23,1.81,0.06,0.68
2008-05-28,600210,3.4,3.65,3.73,3.35,139728,88675896.0,11.28,8.31,0.28,1.31
2008-05-29,600210,3.65,3.35,3.65,3.35,130240,81146617.0,8.22,-8.22,-0.3,1.23
2008-05-30,600210,3.35,3.46,3.55,3.33,88713,55179541.0,6.57,3.28,0.11,0.83
2008-06-02,600210,3.48,3.48,3.52,3.37,66753,41515921.0,4.34,0.58,0.02,0.63
2008-06-03,600210,3.53,3.66,3.72,3.52,146719,93270720.0,5.75,5.17,0.18,1.38
2008-06-04,600210,3.61,3.47,3.66,3.45,72564,45428901.0,5.74,-5.19,-0.19,0.68
2008-06-05,600210,3.47,3.43,3.53,3.35,53729,33222740.0,5.19,-1.15,-0.04,0.51
2008-06-06,600210,3.46,3.35,3.47,3.3,76349,46618070.0,4.96,-2.33,-0.08,0.72
2008-06-10,600210,3.03,2.74,3.14,2.74,106458,59436506.0,11.94,-18.21,-0.61,1.0
2008-06-11,600210,2.64,2.35,2.64,2.27,112288,58140609.0,13.5,-14.23,-0.39,1.06
2008-06-12,600210,2.29,2.35,2.44,2.23,96180,48889671.0,8.94,0.0,0.0,0.9
2008-06-13,600210,2.35,1.92,2.43,1.91,100176,49203859.0,22.13,-18.3,-0.43,0.94
2008-06-16,600210,1.97,1.92,2.0,1.69,95040,43792744.0,16.15,0.0,0.0,0.89
2008-06-17,600210,1.95,1.68,2.03,1.63,96390,44397174.0,20.83,-12.5,-0.24,0.91
2008-06-18,600210,1.64,1.94,2.0,1.61,122863,56303268.0,23.21,15.48,0.26,1.16
2008-06-19,600210,1.91,1.47,1.98,1.47,108090,48403316.0,26.29,-24.23,-0.47,1.02
2008-06-20,600210,1.45,1.52,1.7,1.21,146010,61806724.0,33.33,3.4,0.05,1.37
2008-06-23,600210,1.5,1.38,1.51,1.31,82465,34367421.0,13.16,-9.21,-0.14,0.78
2008-06-24,600210,1.35,1.47,1.52,1.31,79991,33461134.0,15.22,6.52,0.09,0.75
2008-06-25,600210,1.48,1.73,1.79,1.42,170522,75072373.0,25.17,17.69,0.26,1.6
2008-06-26,600210,1.72,1.8,1.89,1.66,150451,68367353.0,13.29,4.05,0.07,1.42
2008-06-27,600210,1.63,1.44,1.68,1.35,125139,53268040.0,18.33,-20.0,-0.36,1.18
2008-06-30,600210,1.42,1.47,1.53,1.35,54024,22686798.0,12.5,2.08,0.03,0.51
2008-07-01,600210,1.47,1.38,1.53,1.34,52821,21895816.0,12.93,-6.12,-0.09,0.5
2008-07-02,600210,1.38,1.46,1.5,1.35,52461,21974175.0,10.87,5.8,0.08,0.49
2008-07-03,600210,1.43,1.58,1.65,1.35,82032,34437202.0,20.55,8.22,0.12,0.77
2008-07-04,600210,1.58,1.62,1.66,1.55,78276,33344303.0,6.96,2.53,0.04,0.74
2008-07-07,600210,1.65,1.85,1.9,1.6,121912,54232593.0,18.52,14.2,0.23,1.15
2008-07-08,600210,1.87,1.86,1.92,1.71,139342,62297351.0,11.35,0.54,0.01,1.31
2008-07-09,600210,1.89,2.06,2.08,1.81,209451,97364965.0,14.52,10.75,0.2,1.97
2008-07-10,600210,2.01,2.1,2.31,1.93,276354,132942964.0,18.45,1.94,0.04,2.6
2008-07-11,600210,2.15,2.27,2.4,2.13,397007,194365275.0,12.86,8.1,0.17,3.73
2008-07-14,600210,2.22,2.27,2.27,2.14,155573,75714411.0,5.73,0.0,0.0,1.46
2008-07-15,600210,2.3,1.98,2.33,1.93,181664,86111838.0,17.62,-12.78,-0.29,1.71
2008-07-16,600210,1.86,1.67,1.95,1.55,132002,58084656.0,20.2,-15.66,-0.31,1.24
2008-07-17,600210,1.75,1.64,1.89,1.59,91971,40249416.0,17.96,-1.8,-0.03,0.87
2008-07-18,600210,1.66,1.83,1.85,1.59,74534,32560716.0,15.85,11.59,0.19,0.7
2008-07-21,600210,1.83,2.06,2.07,1.75,129872,59630449.0,17.49,12.57,0.23,1.22
2008-07-22,600210,2.13,2.17,2.26,2.08,208218,100586879.0,8.74,5.34,0.11,1.96
2008-07-23,600210,2.15,2.06,2.22,2.05,108106,51460242.0,7.83,-5.07,-0.11,1.02
2008-07-24,600210,2.15,2.14,2.18,2.05,113174,54078987.0,6.31,3.88,0.08,1.06
2008-07-25,600210,2.09,2.01,2.1,1.97,135490,63338678.0,6.07,-6.07,-0.13,1.27
2008-07-28,600210,2.04,2.13,2.14,1.97,157207,74027349.0,8.46,5.97,0.12,1.48
2008-07-29,600210,2.09,2.01,2.12,1.97,102100,47762252.0,7.04,-5.63,-0.12,0.96
2008-07-30,600210,2.09,2.06,2.18,2.04,135961,64693905.0,6.97,2.49,0.05,1.17
2008-07-31,600210,2.1,1.86,2.11,1.85,79995,36542496.0,12.62,-9.71,-0.2,0.69
2008-08-01,600210,1.81,1.92,1.99,1.76,62790,28321372.0,12.37,3.23,0.06,0.54
2008-08-04,600210,1.87,1.78,1.9,1.77,37931,16992269.0,6.77,-7.29,-0.14,0.33
2008-08-05,600210,1.78,1.62,1.85,1.61,48326,21008948.0,13.48,-8.99,-0.16,0.42
2008-08-06,600210,1.65,1.66,1.74,1.58,38813,16673862.0,9.88,2.47,0.04,0.33
2008-08-07,600210,1.66,1.83,1.86,1.64,72519,32139297.0,13.25,10.24,0.17,0.63
2008-08-08,600210,1.8,1.44,1.85,1.4,79608,33934795.0,24.59,-21.31,-0.39,0.69
2008-08-11,600210,1.4,1.07,1.52,1.04,99819,39036072.0,33.33,-25.69,-0.37,0.86
2008-08-12,600210,1.03,1.05,1.14,0.97,58666,21781294.0,15.89,-1.87,-0.02,0.51
2008-08-13,600210,1.06,0.99,1.06,0.73,77647,27458309.0,31.43,-5.71,-0.06,0.67
2008-08-14,600210,0.85,0.99,1.08,0.85,42333,15385852.0,23.23,0.0,0.0,0.36
2008-08-15,600210,0.99,0.98,1.08,0.92,34790,12785071.0,16.16,-1.01,-0.01,0.3
2008-08-18,600210,0.97,0.63,1.04,0.62,56573,19635348.0,42.86,-35.71,-0.35,0.49
2008-08-19,600210,0.6,0.7,0.73,0.56,42183,14006576.0,26.98,11.11,0.07,0.36
2008-08-20,600210,0.7,1.01,1.03,0.62,93563,33196093.0,58.57,44.29,0.31,0.81
2008-08-21,600210,0.94,0.92,1.07,0.85,82902,29809817.0,21.78,-8.91,-0.09,0.71
2008-08-22,600210,0.89,0.86,0.96,0.75,56081,19688456.0,22.83,-6.52,-0.06,0.48
2008-08-25,600210,0.85,0.86,0.93,0.81,31671,11177507.0,13.95,0.0,0.0,0.27
2008-08-26,600210,0.81,0.6,0.81,0.57,62811,20852149.0,27.91,-30.23,-0.26,0.54
2008-08-27,600210,0.61,0.6,0.72,0.47,51417,16710897.0,41.67,0.0,0.0,0.44
2008-08-28,600210,0.61,0.61,0.68,0.57,35297,11529325.0,18.33,1.67,0.01,0.3
2008-08-29,600210,0.65,0.71,0.77,0.61,61462,20546539.0,26.23,16.39,0.1,0.53
2008-09-01,600210,0.7,0.59,0.7,0.55,46256,15070024.0,21.13,-16.9,-0.12,0.4
2008-09-02,600210,0.58,0.67,0.73,0.53,52686,17312379.0,33.9,13.56,0.08,0.45
2008-09-03,600210,0.65,0.73,0.78,0.59,72180,24083101.0,28.36,8.96,0.06,0.62
2008-09-04,600210,0.77,0.87,0.92,0.75,156532,54773498.0,23.29,19.18,0.14,1.35
2008-09-05,600210,0.81,0.85,1.01,0.71,204687,72604765.0,34.48,-2.3,-0.02,1.76
2008-09-08,600210,0.87,0.72,0.95,0.65,150995,52839212.0,35.29,-15.29,-0.13,1.3
2008-09-09,600210,0.72,0.76,0.79,0.64,74500,25189008.0,20.83,5.56,0.04,0.64
2008-09-10,600210,0.76,0.83,0.89,0.7,95782,33192296.0,25.0,9.21,0.07,0.83
2008-09-11,600210,0.82,0.67,0.84,0.63,82206,27673072.0,25.3,-19.28,-0.16,0.71
2008-09-12,600210,0.65,0.65,0.71,0.63,49385,16395271.0,11.94,-2.99,-0.02,0.43
2008-09-16,600210,0.67,0.48,0.68,0.46,78917,25176839.0,33.85,-26.15,-0.17,0.68
2008-09-17,600210,0.47,0.36,0.54,0.33,74047,22775706.0,43.75,-25.0,-0.12,0.64
2008-09-18,600210,0.29,0.3,0.38,0.1,103716,29870771.0,77.78,-16.67,-0.06,0.89
2008-09-19,600210,0.58,0.6,0.6,0.52,151096,48946608.0,26.67,100.0,0.3,1.3
2008-09-22,600210,0.82,0.82,0.93,0.61,258874,88751877.0,53.33,36.67,0.22,2.23
2008-09-23,600210,0.65,0.58,0.72,0.55,113576,37201579.0,20.73,-29.27,-0.24,0.98
2008-09-24,600210,0.46,0.63,0.63,0.46,77394,24757274.0,29.31,8.62,0.05,0.67
2008-09-25,600210,0.61,0.68,0.73,0.59,149189,49799159.0,22.22,7.94,0.05,1.29
2008-09-26,600210,0.71,0.64,0.71,0.57,95671,31456753.0,20.59,-5.88,-0.04,0.82
2008-10-06,600210,0.62,0.49,0.62,0.48,68947,21995383.0,21.88,-23.44,-0.15,0.59
2008-10-07,600210,0.38,0.58,0.6,0.33,81006,25240529.0,55.1,18.37,0.09,0.7
2008-10-08,600210,0.63,0.59,0.69,0.56,159677,52498142.0,22.41,1.72,0.01,1.38
2008-10-09,600210,0.63,0.51,0.67,0.51,67942,22011212.0,27.12,-13.56,-0.08,0.59
2008-10-10,600210,0.41,0.34,0.45,0.33,95448,28849035.0,23.53,-33.33,-0.17,0.82
2008-10-13,600210,0.3,0.41,0.42,0.2,73484,21634759.0,64.71,20.59,0.07,0.63
2008-10-14,600210,0.51,0.31,0.54,0.3,80383,24744590.0,58.54,-24.39,-0.1,0.69
2008-10-15,600210,0.27,0.31,0.35,0.25,37891,11199317.0,32.26,0.0,0.0,0.33
2008-10-16,600210,0.2,0.1,0.24,0.07,58084,16387268.0,54.84,-67.74,-0.21,0.5
2008-10-17,600210,0.13,0.14,0.18,0.1,35834,9998836.0,80.0,40.0,0.04,0.31
2008-10-20,600210,0.14,0.24,0.26,0.1,43412,12322193.0,114.29,71.43,0.1,0.37
2008-10-21,600210,0.26,0.21,0.29,0.2,50407,14598463.0,37.5,-12.5,-0.03,0.43
2008-10-22,600210,0.17,0.22,0.24,0.15,37442,10638492.0,42.86,4.76,0.01,0.32
2008-10-23,600210,0.16,0.2,0.22,0.11,33622,9484613.0,50.0,-9.09,-0.02,0.29
2008-10-24,600210,0.2,0.16,0.23,0.12,30069,8485117.0,55.0,-20.0,-0.04,0.26
2008-10-27,600210,0.12,-0.12,0.12,-0.12,76370,19975292.0,150.0,-175.0,-0.28,0.66
2008-10-28,600210,-0.19,-0.08,-0.06,-0.25,57444,14462229.0,-158.33,33.33,0.04,0.5
2008-10-29,600210,-0.03,-0.16,-0.01,-0.18,60296,15502912.0,-212.5,-100.0,-0.08,0.52
2008-10-30,600210,-0.12,-0.14,-0.1,-0.17,49039,12337404.0,-43.75,12.5,0.02,0.42
2008-10-31,600210,-0.15,-0.17,-0.11,-0.19,33556,8381569.0,-57.14,-21.43,-0.03,0.29
2008-11-03,600210,-0.17,-0.21,-0.17,-0.24,28505,6968802.0,-41.18,-23.53,-0.04,0.25
2008-11-04,600210,-0.22,-0.27,-0.21,-0.3,33769,8068182.0,-42.86,-28.57,-0.06,0.29
2008-11-05,600210,-0.27,-0.2,-0.16,-0.27,47759,11686665.0,-40.74,25.93,0.07,0.41
2008-11-06,600210,-0.25,-0.24,-0.24,-0.29,35059,8371378.0,-25.0,-20.0,-0.04,0.3
2008-11-07,600210,-0.28,-0.18,-0.17,-0.3,54064,13218378.0,-54.17,25.0,0.06,0.47
2008-11-10,600210,-0.12,0.01,0.02,-0.14,127482,33275131.0,-88.89,105.56,0.19,1.1
2008-11-11,600210,0.01,-0.06,0.03,-0.07,97088,25536695.0,1000.0,-700.0,-0.07,0.84
2008-11-12,600210,-0.1,0.02,0.02,-0.12,72119,18906269.0,-233.33,133.33,0.08,0.62
2008-11-13,600210,0.0,0.15,0.21,-0.04,191068,53158841.0,1250.0,650.0,0.13,1.65
2008-11-14,600210,0.2,0.27,0.27,0.1,212837,60634583.0,113.33,80.0,0.12,1.83
2008-11-17,600210,0.27,0.56,0.56,0.21,324921,99464468.0,129.63,107.41,0.29,2.8
2008-11-18,600210,0.52,0.36,0.69,0.35,451411,142299371.0,60.71,-35.71,-0.2,3.89
2008-11-19,600210,0.32,0.56,0.58,0.31,231085,72225224.0,75.0,55.56,0.2,1.99
2008-11-20,600210,0.51,0.59,0.65,0.46,269813,86872826.0,33.93,5.36,0.03,2.33
2008-11-21,600210,0.53,0.6,0.69,0.43,308002,99227408.0,44.07,1.69,0.01,2.65
2008-11-24,600210,0.65,0.42,0.65,0.41,168233,53408102.0,40.0,-30.0,-0.18,1.45
2008-11-25,600210,0.46,0.35,0.52,0.28,140774,42645900.0,57.14,-16.67,-0.07,1.21
2008-11-26,600210,0.35,0.35,0.4,0.29,66561,20031682.0,31.43,0.0,0.0,0.57
2008-11-27,600210,0.58,0.37,0.63,0.35,181864,57348530.0,80.0,5.71,0.02,1.57
2008-11-28,600210,0.36,0.36,0.43,0.33,90676,27340940.0,27.03,-2.7,-0.01,0.78
2008-12-01,600210,0.36,0.54,0.55,0.32,186726,58309917.0,63.89,50.0,0.18,1.61
2008-12-02,600210,0.51,0.68,0.84,0.48,442910,147750491.0,66.67,25.93,0.14,3.82
2008-12-03,600210,0.65,0.73,0.75,0.6,355240,118588880.0,22.06,7.35,0.05,3.06
2008-12-04,600210,0.79,0.69,0.84,0.68,364258,124291685.0,21.92,-5.48,-0.04,3.14
2008-12-05,600210,0.66,0.74,0.77,0.63,204279,68458915.0,20.29,7.25,0.05,1.76
2008-12-08,600210,0.77,1.04,1.05,0.74,531162,188705528.0,41.89,40.54,0.3,4.58
2008-12-09,600210,1.14,1.07,1.23,1.05,838755,317729327.0,17.31,2.88,0.03,7.23
2008-12-10,600210,1.02,1.1,1.15,0.95,296277,109930603.0,18.69,2.8,0.03,2.55
2008-12-11,600210,1.1,0.89,1.12,0.87,329518,119755415.0,22.73,-19.09,-0.21,2.84
2008-12-12,600210,0.82,0.64,0.87,0.59,234672,79007703.0,31.46,-28.09,-0.25,2.02
2008-12-15,600210,0.82,0.81,0.94,0.68,243356,84039601.0,40.63,26.56,0.17,2.1
2008-12-16,600210,0.72,0.78,0.82,0.61,160241,53895324.0,25.93,-3.7,-0.03,1.38
2008-12-17,600210,0.82,0.77,0.84,0.75,139249,48003012.0,11.54,-1.28,-0.01,1.2
2008-12-18,600210,0.82,0.82,0.84,0.73,125270,43216527.0,14.29,6.49,0.05,1.08
2008-12-19,600210,0.82,0.83,0.9,0.81,160005,56160494.0,10.98,1.22,0.01,1.38
2008-12-22,600210,0.83,0.75,0.86,0.72,123854,42290773.0,16.87,-9.64,-0.08,1.07
2008-12-23,600210,0.77,0.49,0.8,0.48,198360,64965717.0,42.67,-34.67,-0.26,1.71
2008-12-25,600210,0.39,0.44,0.49,0.36,126306,38783110.0,26.53,-10.2,-0.05,1.09
2008-12-26,600210,0.45,0.41,0.48,0.39,66465,20446818.0,20.45,-6.82,-0.03,0.57
2008-12-29,600210,0.52,0.46,0.55,0.43,120164,37600695.0,29.27,12.2,0.05,1.04
2008-12-30,600210,0.49,0.5,0.64,0.43,157239,50297658.0,45.65,8.7,0.04,1.36
2008-12-31,600210,0.49,0.38,0.52,0.35,84700,25980223.0,34.0,-24.0,-0.12,0.73
2009-01-05,600210,0.43,0.48,0.49,0.41,76341,23675712.0,21.05,26.32,0.1,0.66
2009-01-06,600210,0.48,0.55,0.57,0.45,125137,39689614.0,25.0,14.58,0.07,1.08
2009-01-07,600210,0.56,0.55,0.61,0.53,144276,46534062.0,14.55,0.0,0.0,1.24
2009-01-08,600210,0.51,0.48,0.62,0.47,120542,38516294.0,27.27,-12.73,-0.07,1.04
2009-01-09,600210,0.51,0.54,0.54,0.46,85937,27139879.0,16.67,12.5,0.06,0.74
2009-01-12,600210,0.52,0.57,0.65,0.51,137273,44476678.0,25.93,5.56,0.03,1.18
2009-01-13,600210,0.55,0.53,0.6,0.48,115814,36940027.0,21.05,-7.02,-0.04,1.0
2009-01-14,600210,0.53,0.63,0.64,0.51,172329,56048372.0,24.53,18.87,0.1,1.49
2009-01-15,600210,0.6,0.76,0.85,0.59,384502,131422571.0,41.27,20.63,0.13,3.31
2009-01-16,600210,0.81,0.9,0.97,0.81,465983,165275731.0,21.05,18.42,0.14,4.02
2009-01-19,600210,0.94,0.83,1.0,0.78,225138,78941601.0,24.44,-7.78,-0.07,1.94
2009-01-20,600210,0.83,0.85,0.87,0.78,103160,35948084.0,10.84,2.41,0.02,0.89
2009-01-21,600210,0.81,0.83,0.88,0.77,127644,44500767.0,12.94,-2.35,-0.02,1.1
2009-01-22,600210,0.85,0.82,0.88,0.79,110898,38593622.0,10.84,-1.2,-0.01,0.96
2009-01-23,600210,0.82,0.85,0.89,0.8,138088,48504034.0,10.98,3.66,0.03,1.19
2009-02-02,600210,0.91,0.97,1.0,0.86,172741,62213355.0,16.47,14.12,0.12,1.49
2009-02-03,600210,0.98,1.05,1.1,0.91,285852,104721420.0,19.59,8.25,0.08,2.46
2009-02-04,600210,1.1,1.1,1.15,1.02,303886,113734601.0,12.38,4.76,0.05,2.62
2009-02-05,600210,1.12,1.09,1.26,1.05,408684,155376500.0,19.09,-0.91,-0.01,3.52
2009-02-06,600210,1.09,1.36,1.4,1.08,481438,187253528.0,29.36,24.77,0.27,4.15
2009-02-09,600210,1.45,1.38,1.5,1.31,458665,185095129.0,13.97,1.47,0.02,3.95
2009-02-10,600210,1.36,1.45,1.45,1.28,367769,148336788.0,12.32,5.07,0.07,3.17
2009-02-11,600210,1.39,1.53,1.61,1.35,462808,192512229.0,17.93,5.52,0.08,3.99
2009-02-12,600210,1.54,1.65,1.65,1.46,421513,177473750.0,12.42,7.84,0.12,3.63
2009-02-13,600210,1.68,1.79,1.82,1.66,428137,188531624.0,9.7,8.48,0.14,3.69
2009-02-16,600210,1.88,1.81,1.94,1.69,404203,179786903.0,13.97,1.12,0.02,3.48
2009-02-17,600210,1.79,1.71,1.94,1.52,576746,251837815.0,23.2,-5.52,-0.1,4.97
2009-02-18,600210,1.54,1.36,1.7,1.35,325470,136361221.0,20.47,-20.47,-0.35,2.81
2009-02-19,600210,1.42,1.43,1.53,1.34,265356,108414441.0,13.97,5.15,0.07,2.29
2009-02-20,600210,1.45,1.69,1.7,1.38,337847,141869419.0,22.38,18.18,0.26,2.91
2009-02-23,600210,1.68,1.85,1.89,1.61,449822,199002500.0,16.57,9.47,0.16,3.88
2009-02-24,600210,1.75,1.55,1.88,1.53,389877,170103400.0,18.92,-16.22,-0.3,3.36
2009-02-25,600210,1.6,1.5,1.65,1.33,342036,141159640.0,20.65,-3.23,-0.05,2.95
2009-02-26,600210,1.49,1.11,1.55,1.09,411721,161289332.0,30.67,-26.0,-0.39,3.55
2009-02-27,600210,1.07,0.9,1.15,0.81,255182,91603337.0,30.63,-18.92,-0.21,2.2
2009-03-02,600210,0.92,1.0,1.04,0.91,209794,76195186.0,14.44,11.11,0.1,1.81
2009-03-03,600210,0.9,0.93,1.02,0.83,134464,48128716.0,19.0,-7.0,-0.07,1.16
2009-03-04,600210,0.98,1.18,1.18,0.97,246828,92607635.0,22.58,26.88,0.25,2.13
2009-03-05,600210,1.26,1.19,1.31,1.08,346836,133601031.0,19.49,0.85,0.01,2.99
2009-03-06,600210,1.1,1.08,1.14,1.01,291294,108539407.0,10.92,-9.24,-0.11,2.51
2009-03-09,600210,1.11,0.98,1.17,0.96,206981,77104991.0,19.44,-9.26,-0.1,1.78
2009-03-10,600210,0.94,1.31,1.33,0.9,292926,111485487.0,43.88,33.67,0.33,2.53
2009-03-11,600210,1.36,1.22,1.4,1.2,354154,138765589.0,15.27,-6.87,-0.09,3.05
2009-03-12,600210,1.17,1.21,1.24,1.1,166625,63671680.0,11.48,-0.82,-0.01,1.44
2009-03-13,600210,1.24,1.11,1.25,1.1,124256,47483748.0,12.4,-8.26,-0.1,1.07
2009-03-16,600210,1.1,1.15,1.18,1.03,99856,37496519.0,13.51,3.6,0.04,0.86
2009-03-17,600210,1.15,1.27,1.28,1.12,195922,75976159.0,13.91,10.43,0.12,1.69
2009-03-18,600210,1.28,1.3,1.4,1.26,296508,118060222.0,11.02,2.36,0.03,2.56
2009-03-19,600210,1.28,1.37,1.39,1.25,322611,128830775.0,10.77,5.38,0.07,2.78
2009-03-20,600210,1.37,1.52,1.54,1.26,562555,228411425.0,20.44,10.95,0.15,4.85
2009-03-23,600210,1.49,1.53,1.6,1.47,522352,218143607.0,8.55,0.66,0.01,4.5
2009-03-24,600210,1.55,1.49,1.6,1.47,306891,127822262.0,8.5,-2.61,-0.04,2.65
2009-03-25,600210,1.49,1.33,1.49,1.32,278151,112980977.0,11.41,-10.74,-0.16,2.4
2009-03-26,600210,1.32,1.47,1.5,1.32,271139,110857016.0,13.53,10.53,0.14,2.34
2009-03-27,600210,1.5,1.59,1.66,1.44,535601,225691591.0,14.97,8.16,0.12,4.62
2009-03-30,600210,1.68,1.57,1.68,1.55,330139,140854444.0,8.18,-1.26,-0.02,2.85
2009-03-31,600210,1.85,1.99,1.99,1.75,661779,303497432.0,15.29,26.75,0.42,5.7
2009-04-01,600210,2.29,2.45,2.45,2.12,2377743,1185421157.0,16.58,23.12,0.46,20.5
2009-04-02,600210,2.45,2.46,2.6,2.35,1667544,852069068.0,10.2,0.41,0.01,14.37
2009-04-03,600210,2.46,2.27,2.48,2.24,868507,432609184.0,9.76,-7.72,-0.19,7.49
2009-04-07,600210,2.25,2.35,2.45,2.16,613644,305286975.0,12.78,3.52,0.08,5.29
2009-04-08,600210,2.3,2.07,2.34,2.05,599607,289970521.0,12.34,-11.91,-0.28,5.17
2009-04-09,600210,2.08,2.2,2.21,1.99,402333,191152899.0,10.63,6.28,0.13,3.47
2009-04-10,600210,2.2,2.3,2.38,2.11,548066,270133412.0,12.27,4.55,0.1,4.72
2009-04-13,600210,2.33,2.3,2.34,2.25,535146,264096595.0,3.91,0.0,0.0,4.61
2009-04-14,600210,2.27,2.26,2.3,2.16,440874,215290798.0,6.09,-1.74,-0.04,3.8
2009-04-15,600210,2.2,2.42,2.43,2.14,768400,381201717.0,12.83,7.08,0.16,6.62
2009-04-16,600210,2.36,2.26,2.37,2.19,483676,238138869.0,7.44,-6.61,-0.16,4.17
2009-04-17,600210,2.26,2.2,2.32,2.18,325888,159397398.0,6.19,-2.65,-0.06,2.81
2009-04-21,600210,2.3,2.37,2.44,2.25,618398,309746309.0,8.64,7.73,0.17,5.33
2009-04-22,600210,2.39,2.1,2.43,2.05,443711,217111714.0,16.03,-11.39,-0.27,3.82
2009-04-23,600210,2.05,2.04,2.09,1.92,278982,130038692.0,8.1,-2.86,-0.06,2.4
2009-04-24,600210,2.08,2.01,2.1,1.98,167139,78427281.0,5.88,-1.47,-0.03,1.44
2009-04-27,600210,2.0,1.86,2.05,1.85,201730,92302564.0,9.95,-7.46,-0.15,1.74
2009-04-28,600210,1.82,2.01,2.02,1.78,204653,92703327.0,12.9,8.06,0.15,1.76
2009-04-29,600210,2.0,2.14,2.19,1.95,282908,133705229.0,11.94,6.47,0.13,2.44
2009-04-30,600210,2.17,2.28,2.37,2.1,472959,232105957.0,12.62,6.54,0.14,4.08
2009-05-04,600210,2.31,2.36,2.39,2.25,407179,202659281.0,6.14,3.51,0.08,3.51
2009-05-05,600210,2.37,2.32,2.39,2.28,333907,166318265.0,4.66,-1.69,-0.04,2.88
2009-05-06,600210,2.33,2.41,2.5,2.28,470880,238114971.0,9.48,3.88,0.09,4.06
2009-05-07,600210,2.42,2.79,2.85,2.34,1112304,585203783.0,21.16,15.77,0.38,9.59
2009-05-08,600210,2.68,2.72,2.94,2.61,835886,451230117.0,11.83,-2.51,-0.07,7.21
2009-05-11,600210,2.75,2.35,2.79,2.34,628037,327018872.0,16.54,-13.6,-0.37,5.41
2009-05-12,600210,2.25,2.55,2.59,2.25,428554,217778257.0,14.47,8.51,0.2,3.69
2009-05-13,600210,2.51,2.5,2.63,2.47,315563,163350886.0,6.27,-1.96,-0.05,2.72
2009-05-14,600210,2.45,2.48,2.58,2.4,226751,116456639.0,7.2,-0.8,-0.02,1.95
2009-05-15,600210,2.52,2.49,2.59,2.47,252244,130567860.0,4.84,0.4,0.01,2.17
2009-05-18,600210,2.5,2.47,2.5,2.37,230669,117214477.0,5.22,-0.8,-0.02,1.99
2009-05-19,600210,2.49,2.49,2.54,2.43,284911,146391580.0,4.45,0.81,0.02,2.46
2009-05-20,600210,2.49,2.48,2.6,2.46,290254,150550954.0,5.62,-0.4,-0.01,2.5
2009-05-21,600210,2.4,2.4,2.52,2.36,283385,143649429.0,6.45,-3.23,-0.08,2.44
2009-05-22,600210,2.36,2.47,2.54,2.35,253684,129863406.0,7.92,2.92,0.07,2.19
2009-05-25,600210,2.3,2.55,2.62,2.26,356215,182459623.0,14.57,3.24,0.08,3.07
2009-05-26,600210,2.59,2.46,2.59,2.45,215270,110115479.0,5.49,-3.53,-0.09,1.86
2009-05-27,600210,2.47,2.44,2.52,2.41,167939,84733241.0,4.47,-0.81,-0.02,1.45
2009-06-01,600210,2.48,2.5,2.54,2.43,194791,98947862.0,4.51,2.46,0.06,1.68
2009-06-02,600210,2.54,2.47,2.55,2.45,198230,100840436.0,4.0,-1.2,-0.03,1.71
2009-06-03,600210,2.48,2.54,2.54,2.43,290554,147820016.0,4.45,2.83,0.07,2.5
2009-06-04,600210,2.58,2.69,2.77,2.57,755744,400324572.0,7.87,5.91,0.15,6.51
2009-06-05,600210,2.7,2.56,2.72,2.55,320811,167129004.0,6.32,-4.83,-0.13,2.77
2009-06-08,600210,2.67,2.65,2.74,2.59,365400,192568743.0,5.86,3.52,0.09,3.15
2009-06-09,600210,2.65,2.57,2.68,2.47,243708,125663465.0,7.92,-3.02,-0.08,2.1
2009-06-10,600210,2.58,2.59,2.62,2.5,247295,127850655.0,4.67,0.78,0.02,2.13
2009-06-11,600210,2.57,2.62,2.68,2.5,335736,174649609.0,6.95,1.16,0.03,2.89
2009-06-12,600210,2.58,2.45,2.59,2.4,275752,140420504.0,7.25,-6.49,-0.17,2.38
2009-06-15,600210,2.41,2.47,2.49,2.41,137440,69438450.0,3.27,0.82,0.02,1.18
2009-06-16,600210,2.45,2.43,2.46,2.4,158875,79841965.0,2.43,-1.62,-0.04,1.37
2009-06-17,600210,2.42,2.49,2.5,2.4,149927,75936977.0,4.12,2.47,0.06,1.29
2009-06-18,600210,2.48,2.51,2.55,2.45,240414,122448870.0,4.02,0.8,0.02,2.07
2009-06-19,600210,2.51,2.53,2.55,2.47,203571,104224974.0,3.19,0.8,0.02,1.75
2009-06-22,600210,2.58,2.6,2.68,2.56,382393,199475829.0,4.74,2.77,0.07,3.3
2009-06-23,600210,2.53,2.54,2.63,2.5,215293,111266313.0,5.0,-2.31,-0.06,1.86
2009-06-24,600210,2.56,2.62,2.68,2.56,272106,142200858.0,4.72,3.15,0.08,2.35
2009-06-25,600210,2.64,2.72,2.74,2.59,472452,248832837.0,5.73,3.82,0.1,4.07
2009-06-26,600210,2.71,2.84,2.92,2.66,705524,381605539.0,9.56,4.41,0.12,6.08
2009-06-29,600210,2.82,3.03,3.12,2.79,782945,438310436.0,11.62,6.69,0.19,6.75
2009-06-30,600210,3.0,3.01,3.13,2.93,561646,316368124.0,6.6,-0.66,-0.02,4.84
2009-07-01,600210,3.01,3.15,3.15,2.94,616251,349307352.0,6.98,4.65,0.14,5.31
2009-07-02,600210,3.23,2.97,3.27,2.92,646845,365357914.0,11.11,-5.71,-0.18,5.58
2009-07-03,600210,2.9,3.2,3.21,2.86,712927,402242534.0,11.78,7.74,0.23,6.15
2009-07-06,600210,3.15,3.38,3.5,3.12,895710,534513854.0,11.88,5.63,0.18,7.72
2009-07-07,600210,3.38,3.23,3.45,3.21,543072,321719345.0,7.1,-4.44,-0.15,4.68
2009-07-08,600210,3.2,3.38,3.4,3.17,461853,272429243.0,7.12,4.64,0.15,3.98
2009-07-09,600210,3.35,3.56,3.68,3.33,598097,367007271.0,10.36,5.33,0.18,5.16
2009-07-10,600210,3.6,3.62,3.65,3.49,475890,293936694.0,4.49,1.69,0.06,4.1
2009-07-13,600210,3.71,3.57,3.78,3.48,809481,503242509.0,8.29,-1.38,-0.05,6.98
2009-07-14,600210,3.58,3.63,3.64,3.49,442351,272447023.0,4.2,1.68,0.06,3.81
2009-07-15,600210,3.66,3.94,4.1,3.59,720314,464043278.0,14.05,8.54,0.31,6.21
2009-07-16,600210,3.92,3.81,4.04,3.8,436267,283635246.0,6.09,-3.3,-0.13,3.76
2009-07-17,600210,3.86,3.76,3.94,3.7,377440,240731636.0,6.3,-1.31,-0.05,3.25
2009-07-20,600210,3.8,3.8,3.94,3.76,419881,270444526.0,4.79,1.06,0.04,3.62
2009-07-21,600210,3.9,3.82,4.28,3.7,805705,532929503.0,15.26,0.53,0.02,6.95
2009-07-22,600210,3.8,3.83,3.93,3.71,448127,287641705.0,5.76,0.26,0.01,3.86
2009-07-23,600210,3.85,3.88,3.91,3.75,329204,211378151.0,4.18,1.31,0.05,2.84
2009-07-24,600210,3.9,4.17,4.26,3.82,964075,643121945.0,11.34,7.47,0.29,8.31
2009-07-27,600210,4.3,4.46,4.65,4.14,898851,627411158.0,12.23,6.95,0.29,7.75
2009-07-28,600210,4.43,4.31,4.43,4.16,751781,517068874.0,6.05,-3.36,-0.15,6.48
2009-07-29,600210,4.33,3.66,4.33,3.62,715408,469518805.0,16.47,-15.08,-0.65,4.98
2009-07-30,600210,3.7,3.77,3.9,3.5,435789,273775628.0,10.93,3.01,0.11,3.03
2009-07-31,600210,3.79,3.99,4.07,3.72,367107,239185212.0,9.28,5.84,0.22,2.56
2009-08-03,600210,4.07,4.14,4.26,4.01,380550,256640958.0,6.27,3.76,0.15,2.65
2009-08-04,600210,4.18,4.0,4.19,3.88,395302,260562174.0,7.49,-3.38,-0.14,2.75
2009-08-05,600210,4.01,4.22,4.24,3.96,517453,347440498.0,7.0,5.5,0.22,3.6
2009-08-06,600210,4.23,4.18,4.34,4.08,557028,378574314.0,6.16,-0.95,-0.04,3.88
2009-08-07,600210,4.18,3.9,4.24,3.82,392952,260175286.0,10.05,-6.7,-0.28,2.74
2009-08-10,600210,4.03,3.9,4.09,3.78,309558,201698149.0,7.95,0.0,0.0,2.15
2009-08-11,600210,3.92,4.07,4.12,3.82,276641,181456578.0,7.69,4.36,0.17,1.93
2009-08-12,600210,4.0,3.72,4.03,3.68,261050,169007936.0,8.6,-8.6,-0.35,1.82
2009-08-13,600210,3.73,3.73,3.8,3.6,207990,131063045.0,5.38,0.27,0.01,1.45
2009-08-14,600210,3.72,3.41,3.8,3.4,266221,163747266.0,10.72,-8.58,-0.32,1.85
2009-08-17,600210,3.38,3.11,3.48,3.1,320091,188489362.0,11.14,-8.8,-0.3,2.23
2009-08-18,600210,3.08,3.22,3.26,3.0,188327,108092375.0,8.36,3.54,0.11,1.31
2009-08-19,600210,3.2,2.78,3.24,2.71,223140,124517053.0,16.46,-13.66,-0.44,1.55
2009-08-20,600210,2.79,3.03,3.05,2.79,212624,117715038.0,9.35,8.99,0.25,1.48
2009-08-21,600210,3.05,3.3,3.37,2.97,354605,204143335.0,13.2,8.91,0.27,2.47
2009-08-24,600210,3.25,3.33,3.36,3.21,301316,177875014.0,4.55,0.91,0.03,2.1
2009-08-25,600210,3.3,3.62,3.78,3.06,552744,330938125.0,21.62,8.71,0.29,3.85
2009-08-26,600210,3.53,3.65,3.83,3.45,437985,274508370.0,10.5,0.83,0.03,3.05
2009-08-27,600210,3.63,3.75,3.91,3.56,421333,268804807.0,9.59,2.74,0.1,2.93
2009-08-28,600210,3.65,3.52,3.76,3.49,272027,168323492.0,7.2,-6.13,-0.23,1.89
2009-08-31,600210,3.45,3.23,3.63,3.21,357482,216411452.0,11.93,-8.24,-0.29,2.49
2009-09-01,600210,3.21,3.08,3.35,2.97,247388,141932815.0,11.76,-4.64,-0.15,1.72
2009-09-02,600210,3.02,3.15,3.18,3.0,128232,73208584.0,5.84,2.27,0.07,0.89
2009-09-03,600210,3.15,3.46,3.49,3.1,238296,141696834.0,12.38,9.84,0.31,1.66
2009-09-04,600210,3.43,3.64,3.77,3.42,375352,233945083.0,10.12,5.2,0.18,2.61
2009-09-07,600210,3.68,3.74,3.83,3.57,398334,251835598.0,7.14,2.75,0.1,2.77
2009-09-08,600210,3.68,3.82,3.85,3.6,378434,241301963.0,6.68,2.14,0.08,2.63
2009-09-09,600210,3.83,3.78,3.86,3.73,331553,212150465.0,3.4,-1.05,-0.04,2.31
2009-09-10,600210,3.71,3.61,3.83,3.6,282559,177766915.0,6.08,-4.5,-0.17,1.97
2009-09-11,600210,3.65,4.23,4.23,3.65,1205625,811734982.0,16.07,17.17,0.62,8.39
2009-09-14,600210,4.4,4.74,4.91,4.3,2190195,1585848081.0,14.42,12.06,0.51,15.24
2009-09-15,600210,4.64,4.76,5.01,4.56,1589306,1177988950.0,9.49,0.42,0.02,11.06
2009-09-16,600210,4.69,5.12,5.35,4.64,1379420,1051646679.0,14.92,7.56,0.36,9.6
2009-09-17,600210,5.12,5.07,5.2,4.9,926073,708047810.0,5.86,-0.98,-0.05,6.45
2009-09-18,600210,5.23,4.98,5.47,4.81,1367789,1065935751.0,13.02,-1.78,-0.09,9.52
2009-09-21,600210,4.92,4.95,5.15,4.54,670108,499349234.0,12.25,-0.6,-0.03,4.66
2009-09-22,600210,4.96,4.66,4.96,4.62,508329,375018260.0,6.87,-5.86,-0.29,3.54
2009-09-23,600210,4.6,4.14,4.72,4.02,608962,422167313.0,15.02,-11.16,-0.52,4.24
2009-09-24,600210,4.1,4.52,4.7,4.06,660246,459165738.0,15.46,9.18,0.38,4.6
2009-09-25,600210,4.52,4.24,4.52,4.22,328793,227784000.0,6.64,-6.19,-0.28,2.29
2009-09-28,600210,4.27,4.06,4.52,3.97,288656,197783706.0,12.97,-4.25,-0.18,2.01
2009-09-29,600210,4.22,4.29,4.33,4.05,390207,265892870.0,6.9,5.67,0.23,2.72
2009-09-30,600210,4.4,4.24,4.45,4.21,309672,214373929.0,5.59,-1.17,-0.05,2.16
2009-10-09,600210,4.45,4.69,4.79,4.3,460326,330147662.0,11.56,10.61,0.45,3.2
2009-10-12,600210,4.71,4.95,5.04,4.63,561184,420873768.0,8.74,5.54,0.26,3.91
2009-10-13,600210,4.96,5.15,5.49,4.89,849404,664646824.0,12.12,4.04,0.2,5.91
2009-10-14,600210,5.27,5.45,5.63,5.27,1393494,1121479201.0,6.99,5.83,0.3,9.7
2009-10-15,600210,5.57,5.28,5.57,5.26,636339,506238658.0,5.69,-3.12,-0.17,4.43
2009-10-16,600210,5.32,5.42,5.46,5.06,726702,569115449.0,7.58,2.65,0.14,5.06
2009-10-19,600210,5.42,5.59,5.69,5.35,739330,601674726.0,6.27,3.14,0.17,5.15
2009-10-20,600210,5.65,5.51,5.65,5.46,736518,598293147.0,3.4,-1.43,-0.08,5.13
2009-10-21,600210,5.46,5.29,5.49,5.28,814410,648638539.0,3.81,-3.99,-0.22,5.67
2009-10-22,600210,5.24,5.25,5.35,5.15,400081,314380827.0,3.78,-0.76,-0.04,2.78
2009-10-23,600210,5.29,5.24,5.35,5.17,527643,415884973.0,3.43,-0.19,-0.01,3.67
2009-10-26,600210,5.23,5.18,5.25,5.11,345823,268236799.0,2.67,-1.15,-0.06,2.41
2009-10-27,600210,5.13,5.24,5.47,5.1,551294,437365197.0,7.14,1.16,0.06,3.84
2009-10-28,600210,5.23,5.74,5.75,5.1,739493,594516044.0,12.4,9.54,0.5,5.15
2009-10-29,600210,5.53,5.38,5.66,5.31,627307,508417140.0,6.1,-6.27,-0.36,4.37
2009-10-30,600210,5.55,5.26,5.59,5.18,612008,485592426.0,7.62,-2.23,-0.12,4.26
2009-11-02,600210,5.09,5.33,5.35,5.03,435754,341528375.0,6.08,1.33,0.07,3.03
2009-11-03,600210,5.38,5.4,5.45,5.3,450789,359803472.0,2.81,1.31,0.07,3.14
2009-11-04,600210,5.44,5.35,5.46,5.3,378560,300901182.0,2.96,-0.93,-0.05,2.63
2009-11-05,600210,5.36,5.67,5.7,5.32,862275,703545040.0,7.1,5.98,0.32,6.0
2009-11-06,600210,5.67,5.52,5.68,5.5,500006,408946483.0,3.17,-2.65,-0.15,3.48
2009-11-09,600210,5.52,5.55,5.62,5.4,316078,255858355.0,3.99,0.54,0.03,2.2
2009-11-10,600210,5.57,5.48,5.6,5.46,279900,227388495.0,2.52,-1.26,-0.07,1.95
2009-11-11,600210,5.48,5.32,5.48,5.23,453161,359470331.0,4.56,-2.92,-0.16,3.15
2009-11-12,600210,5.3,5.27,5.39,5.25,350550,277526584.0,2.63,-0.94,-0.05,2.44
2009-11-13,600210,5.23,5.38,5.39,5.22,337381,266717548.0,3.23,2.09,0.11,2.35
2009-11-16,600210,5.5,5.62,5.72,5.5,805344,659577880.0,4.09,4.46,0.24,5.61
2009-11-17,600210,5.61,5.52,5.61,5.45,474729,385387448.0,2.85,-1.78,-0.1,3.3
2009-11-18,600210,5.53,5.73,5.76,5.48,597419,489470784.0,5.07,3.8,0.21,4.16
2009-11-19,600210,5.78,5.88,5.97,5.76,826665,700050850.0,3.66,2.62,0.15,5.75
2009-11-20,600210,5.8,5.97,6.11,5.73,672002,574860812.0,6.46,1.53,0.09,4.68
2009-11-23,600210,6.0,5.98,6.07,5.86,546962,466886727.0,3.52,0.17,0.01,3.81
2009-11-24,600210,6.01,5.43,6.04,5.39,937647,779652747.0,10.87,-9.2,-0.55,6.53
2009-11-25,600210,5.4,5.57,5.6,5.3,509866,410182580.0,5.52,2.58,0.14,3.55
2009-11-26,600210,5.58,5.18,5.58,5.08,662558,525695676.0,8.98,-7.0,-0.39,4.61
2009-11-27,600210,5.05,5.06,5.31,5.01,343006,264842241.0,5.79,-2.32,-0.12,2.39
2009-11-30,600210,5.1,5.32,5.34,5.1,307315,240809918.0,4.74,5.14,0.26,2.14
2009-12-01,600210,5.32,5.43,5.46,5.17,360008,286426009.0,5.45,2.07,0.11,2.51
2009-12-02,600210,5.45,5.46,5.54,5.4,392672,316615023.0,2.58,0.55,0.03,2.73
2009-12-03,600210,5.45,5.54,5.59,5.4,353099,286596661.0,3.48,1.47,0.08,2.46
2009-12-04,600210,5.64,5.47,5.75,5.3,504822,410913764.0,8.12,-1.26,-0.07,3.51
2009-12-07,600210,5.44,5.62,5.66,5.43,354800,289734554.0,4.2,2.74,0.15,2.47
2009-12-08,600210,5.65,5.5,5.68,5.43,394422,319863951.0,4.45,-2.14,-0.12,2.75
2009-12-09,600210,5.44,5.86,5.94,5.4,1147235,959626291.0,9.82,6.55,0.36,7.99
2009-12-10,600210,5.9,5.78,5.99,5.7,654394,550656598.0,4.95,-1.37,-0.08,4.55
2009-12-11,600210,5.82,5.76,5.86,5.64,351649,292857299.0,3.81,-0.35,-0.02,2.45
2009-12-14,600210,5.76,5.62,5.76,5.44,344271,281330612.0,5.56,-2.43,-0.14,2.4
2009-12-15,600210,5.62,5.54,5.69,5.53,205373,168360179.0,2.85,-1.42,-0.08,1.43
2009-12-16,600210,5.54,5.52,5.57,5.4,359859,290620485.0,3.07,-0.36,-0.02,2.5
2009-12-17,600210,5.49,5.25,5.53,5.24,322527,256380844.0,5.25,-4.89,-0.27,2.24
2009-12-18,600210,5.19,5.11,5.32,5.1,262038,203805263.0,4.19,-2.67,-0.14,1.82
2009-12-21,600210,5.14,5.13,5.17,5.03,204289,157551889.0,2.74,0.39,0.02,1.42
2009-12-22,600210,5.14,4.81,5.17,4.8,250233,190327119.0,7.21,-6.24,-0.32,1.74
2009-12-23,600210,4.8,4.92,4.95,4.8,152883,114139974.0,3.12,2.29,0.11,1.06
2009-12-24,600210,4.92,5.09,5.13,4.88,255973,195484083.0,5.08,3.46,0.17,1.78
2009-12-25,600210,5.1,5.05,5.16,4.99,187851,143978641.0,3.34,-0.79,-0.04,1.31
2009-12-28,600210,5.1,5.27,5.32,5.08,237354,185224606.0,4.75,4.36,0.22,1.65
2009-12-29,600210,5.28,5.22,5.34,5.14,186955,146320964.0,3.8,-0.95,-0.05,1.3
2009-12-30,600210,5.23,5.24,5.29,5.15,203554,158988982.0,2.68,0.38,0.02,1.42
2009-12-31,600210,5.25,5.26,5.3,5.11,215210,168811756.0,3.63,0.38,0.02,1.5
2010-01-04,600210,5.3,5.21,5.33,5.2,177495,139387663.0,2.47,-0.95,-0.05,1.24
2010-01-05,600210,5.23,5.17,5.25,5.04,216416,167433823.0,4.03,-0.77,-0.04,1.51
2010-01-06,600210,5.17,5.17,5.26,5.11,201921,157525149.0,2.9,0.0,0.0,1.41
2010-01-07,600210,5.13,4.95,5.2,4.9,257309,196420608.0,5.8,-4.26,-0.22,1.79
2010-01-08,600210,4.88,4.99,5.0,4.85,161917,121613769.0,3.03,0.81,0.04,1.13
2010-01-11,600210,5.08,5.19,5.21,4.94,255704,196036896.0,5.41,4.01,0.2,1.78
2010-01-12,600210,5.23,5.44,5.49,5.21,594526,475433296.0,5.39,4.82,0.25,4.14
2010-01-13,600210,5.28,5.25,5.43,5.22,330462,261527483.0,3.86,-3.49,-0.19,2.3
2010-01-14,600210,5.3,5.41,5.43,5.24,270719,215234313.0,3.62,3.05,0.16,1.88
2010-01-15,600210,5.45,5.37,5.48,5.33,234211,186998295.0,2.77,-0.74,-0.04,1.63
2010-01-18,600210,5.4,5.48,5.51,5.35,318392,256289514.0,2.98,2.05,0.11,2.22
2010-01-19,600210,5.47,5.37,5.47,5.33,274359,219109748.0,2.55,-2.01,-0.11,1.91
2010-01-20,600210,5.35,5.03,5.38,5.01,322069,250688240.0,6.89,-6.33,-0.34,2.24
2010-01-21,600210,5.07,5.15,5.23,5.04,162562,125926668.0,3.78,2.39,0.12,1.13
2010-01-22,600210,5.06,5.16,5.25,5.0,231128,178894324.0,4.85,0.19,0.01,1.61
2010-01-25,600210,5.08,4.99,5.17,4.98,128342,98247581.0,3.68,-3.29,-0.17,0.89
2010-01-26,600210,5.0,4.7,5.05,4.62,183208,135411260.0,8.62,-5.81,-0.29,1.28
2010-01-27,600210,4.69,4.49,4.7,4.48,166407,119125691.0,4.68,-4.47,-0.21,1.16
2010-01-28,600210,4.47,4.53,4.57,4.45,125031,88877694.0,2.67,0.89,0.04,0.87
2010-01-29,600210,4.51,4.52,4.63,4.47,117906,84311001.0,3.53,-0.22,-0.01,0.82
2010-02-01,600210,4.51,4.32,4.51,4.26,143605,100195248.0,5.53,-4.42,-0.2,1.0
2010-02-02,600210,4.39,4.28,4.44,4.27,106168,74029642.0,3.94,-0.93,-0.04,0.74
2010-02-03,600210,4.35,4.45,4.45,4.1,137487,94829473.0,8.18,3.97,0.17,0.96
2010-02-04,600210,4.44,4.48,4.54,4.36,137885,97622975.0,4.04,0.67,0.03,0.96
2010-02-05,600210,4.36,4.34,4.43,4.29,118993,82731892.0,3.13,-3.13,-0.14,0.83
2010-02-08,600210,4.34,4.45,4.54,4.33,95507,67407571.0,4.84,2.53,0.11,0.66
2010-02-09,600210,4.45,4.49,4.51,4.42,70697,49935457.0,2.02,0.9,0.04,0.49
2010-02-10,600210,4.54,4.56,4.59,4.46,99032,70589652.0,2.9,1.56,0.07,0.69
2010-02-11,600210,4.55,4.53,4.58,4.5,72106,51478001.0,1.75,-0.66,-0.03,0.5
2010-02-12,600210,4.55,4.55,4.57,4.52,76765,54871565.0,1.1,0.44,0.02,0.53
2010-02-22,600210,4.55,4.53,4.59,4.49,91126,65109817.0,2.2,-0.44,-0.02,0.63
2010-02-23,600210,4.53,4.52,4.54,4.4,92614,65365688.0,3.09,-0.22,-0.01,0.64
2010-02-24,600210,4.45,4.66,4.67,4.44,166463,119538210.0,5.09,3.1,0.14,1.16
2010-02-25,600210,4.66,4.76,4.77,4.62,198450,145001373.0,3.22,2.15,0.1,1.38
2010-02-26,600210,4.74,4.72,4.83,4.7,149631,110082637.0,2.73,-0.84,-0.04,1.04
2010-03-01,600210,4.73,4.77,4.78,4.69,149622,109895260.0,1.91,1.06,0.05,1.04
2010-03-02,600210,4.79,5.1,5.14,4.72,403098,303826824.0,8.81,6.92,0.33,2.81
2010-03-03,600210,5.1,5.1,5.15,4.99,289478,222317413.0,3.14,0.0,0.0,2.01
2010-03-04,600210,5.1,4.78,5.19,4.73,247175,187235629.0,9.02,-6.27,-0.32,1.72
2010-03-05,600210,4.83,4.96,5.07,4.78,206501,155476665.0,6.07,3.77,0.18,1.44
2010-03-08,600210,5.01,5.04,5.1,4.95,156625,119777965.0,3.02,1.61,0.08,1.09
2010-03-09,600210,5.03,5.09,5.13,4.96,178071,136385002.0,3.37,0.99,0.05,1.24
2010-03-10,600210,5.22,5.14,5.42,5.12,409869,322579625.0,5.89,0.98,0.05,2.85
2010-03-11,600210,5.08,5.0,5.18,4.91,186126,141821829.0,5.25,-2.72,-0.14,1.3
2010-03-12,600210,4.99,4.84,5.01,4.82,130179,97836209.0,3.8,-3.2,-0.16,0.91
2010-03-15,600210,4.84,4.97,5.01,4.78,133810,100525042.0,4.75,2.69,0.13,0.93
2010-03-16,600210,4.99,5.01,5.01,4.88,90548,68353701.0,2.62,0.8,0.04,0.63
2010-03-17,600210,5.03,5.14,5.15,5.0,177903,136536486.0,2.99,2.59,0.13,1.24
2010-03-18,600210,5.26,5.18,5.31,5.14,299389,233515258.0,3.31,0.78,0.04,2.08
2010-03-19,600210,5.24,5.18,5.26,5.11,186004,144465348.0,2.9,0.0,0.0,1.29
2010-03-22,600210,5.19,5.24,5.27,5.15,178338,139449803.0,2.32,1.16,0.06,1.24
2010-03-23,600210,5.24,5.11,5.26,5.1,163728,127004604.0,3.05,-2.48,-0.13,1.14
2010-03-24,600210,5.12,5.11,5.17,5.1,119159,92008286.0,1.37,0.0,0.0,0.83
2010-03-25,600210,5.12,4.95,5.12,4.93,159458,121291826.0,3.72,-3.13,-0.16,1.11
2010-03-26,600210,4.96,5.14,5.2,4.94,164389,126605955.0,5.25,3.84,0.19,1.14
2010-03-29,600210,5.16,5.2,5.23,5.16,185653,144682518.0,1.36,1.17,0.06,1.29
2010-03-30,600210,5.2,5.3,5.33,5.17,275382,216851409.0,3.08,1.92,0.1,1.92
2010-03-31,600210,5.3,5.22,5.31,5.2,162641,127428982.0,2.08,-1.51,-0.08,1.13
2010-04-01,600210,5.23,5.27,5.28,5.2,235067,184444564.0,1.53,0.96,0.05,1.64
2010-04-02,600210,5.32,5.4,5.44,5.32,406866,325039881.0,2.28,2.47,0.13,2.83
2010-04-06,600210,5.43,5.35,5.47,5.3,215654,171565503.0,3.15,-0.93,-0.05,1.5
2010-04-07,600210,5.34,5.28,5.34,5.24,166882,131346968.0,1.87,-1.31,-0.07,1.16
2010-04-08,600210,5.28,5.26,5.33,5.24,149852,118148541.0,1.7,-0.38,-0.02,1.04
2010-04-09,600210,5.26,5.3,5.32,5.25,139830,110411838.0,1.33,0.76,0.04,0.97
2010-04-12,600210,5.31,5.21,5.35,5.16,246110,192866042.0,3.58,-1.7,-0.09,1.71
2010-04-13,600210,5.2,5.24,5.3,5.08,226363,176184991.0,4.22,0.58,0.03,1.58
2010-04-14,600210,5.24,5.25,5.26,5.17,142662,111636131.0,1.72,0.19,0.01,0.99
2010-04-16,600210,5.24,5.18,5.24,5.12,130656,101696920.0,2.29,-1.33,-0.07,0.91
2010-04-19,600210,5.11,4.7,5.11,4.69,239356,179726272.0,8.11,-9.27,-0.48,1.67
2010-04-20,600210,4.7,4.7,4.78,4.6,133321,97189119.0,3.83,0.0,0.0,0.93
2010-04-21,600210,4.72,4.9,4.95,4.68,177739,132269528.0,5.74,4.26,0.2,1.24
2010-04-22,600210,4.83,4.77,4.87,4.76,144469,106915507.0,2.24,-2.65,-0.13,1.01
2010-04-23,600210,4.75,4.68,4.82,4.66,121699,89237309.0,3.35,-1.89,-0.09,0.85
2010-04-26,600210,4.69,4.68,4.77,4.66,94770,69268643.0,2.35,0.0,0.0,0.66
2010-04-27,600210,4.66,4.43,4.66,4.32,172131,121158325.0,7.26,-5.34,-0.25,1.2
2010-04-28,600210,4.4,4.39,4.46,4.32,103251,72191296.0,3.16,-0.9,-0.04,0.72
2010-04-29,600210,4.45,4.32,4.48,4.3,107662,75506911.0,4.1,-1.59,-0.07,0.75
2010-04-30,600210,4.33,4.24,4.35,4.13,111170,75595370.0,5.09,-1.85,-0.08,0.77
2010-05-04,600210,3.91,4.12,4.19,3.91,85925,57670954.0,6.6,-2.83,-0.12,0.6
2010-05-05,600210,4.03,4.22,4.23,3.97,107527,71977315.0,6.31,2.43,0.1,0.75
2010-05-06,600210,4.19,3.91,4.2,3.91,95362,63387875.0,6.87,-7.35,-0.31,0.66
2010-05-07,600210,3.8,3.72,3.85,3.71,119037,75785543.0,3.58,-4.86,-0.19,0.83
2010-05-10,600210,3.71,3.74,3.81,3.6,77040,48652404.0,5.65,0.54,0.02,0.54
2010-05-11,600210,3.87,3.61,3.89,3.59,95596,60604963.0,8.02,-3.48,-0.13,0.67
2010-05-12,600210,3.61,3.62,3.69,3.45,77206,47578687.0,6.65,0.28,0.01,0.54
2010-05-13,600210,3.64,3.67,3.69,3.49,95590,59410925.0,5.52,1.38,0.05,0.67
2010-05-14,600210,3.63,3.62,3.67,3.58,73888,46006421.0,2.45,-1.36,-0.05,0.51
2010-05-17,600210,3.54,3.1,3.57,3.09,129434,77082402.0,13.26,-14.36,-0.52,0.9
2010-05-18,600210,3.13,3.21,3.27,3.0,114693,65654894.0,8.71,3.55,0.11,0.8
2010-05-19,600210,3.15,3.18,3.25,3.11,74038,42796683.0,4.36,-0.93,-0.03,0.52
2010-05-20,600210,3.13,3.13,3.28,3.11,63704,36914516.0,5.35,-1.57,-0.05,0.44
2010-05-21,600210,2.98,3.2,3.21,2.95,95971,54660205.0,8.31,2.24,0.07,0.67
2010-05-24,600210,3.35,3.66,3.7,3.35,237764,146449915.0,10.94,14.38,0.46,1.65
2010-05-25,600210,3.63,3.68,3.74,3.55,169014,105787841.0,5.19,0.55,0.02,1.18
2010-05-26,600210,3.63,3.76,3.76,3.63,110225,69517511.0,3.53,2.17,0.08,0.77
2010-05-27,600210,3.75,3.99,3.99,3.73,235414,152395698.0,6.91,6.12,0.23,1.64
2010-05-28,600210,3.92,3.79,3.98,3.78,169810,104586694.0,5.01,-5.01,-0.2,1.18
2010-05-31,600210,3.77,3.53,3.77,3.53,120199,71467840.0,6.33,-6.86,-0.26,0.84
2010-06-01,600210,3.45,3.39,3.52,3.31,91848,52434689.0,5.95,-3.97,-0.14,0.64
2010-06-02,600210,3.41,3.5,3.51,3.38,79907,45937915.0,3.83,3.24,0.11,0.56
2010-06-03,600210,3.56,3.41,3.58,3.41,87651,50896360.0,4.86,-2.57,-0.09,0.61
2010-06-04,600210,3.39,3.47,3.5,3.33,75269,42994663.0,4.99,1.76,0.06,0.52
2010-06-07,600210,3.32,3.38,3.41,3.3,76533,43241869.0,3.17,-2.59,-0.09,0.53
2010-06-08,600210,3.41,3.39,3.45,3.33,59902,34077765.0,3.55,0.3,0.01,0.42
2010-06-09,600210,3.4,3.56,3.57,3.4,118418,68654057.0,5.01,5.01,0.17,0.82
2010-06-10,600210,3.56,3.52,3.61,3.51,85669,50189213.0,2.81,-1.12,-0.04,0.6
2010-06-11,600210,3.55,3.47,3.59,3.45,65390,37972420.0,3.98,-1.42,-0.05,0.46
2010-06-17,600210,3.5,3.44,3.55,3.43,40762,23608858.0,3.46,-0.86,-0.03,0.28
2010-06-18,600210,3.42,3.29,3.46,3.25,68254,38543266.0,6.1,-4.36,-0.15,0.48
2010-06-21,600210,3.28,3.47,3.48,3.24,97616,55310686.0,7.29,5.47,0.18,0.68
2010-06-22,600210,3.54,3.62,3.66,3.52,191707,113385366.0,4.03,4.32,0.15,1.33
2010-06-23,600210,3.58,3.53,3.6,3.44,93757,54543162.0,4.42,-2.49,-0.09,0.65
2010-06-24,600210,3.55,3.49,3.55,3.44,55301,31996323.0,3.12,-1.13,-0.04,0.38
2010-06-25,600210,3.45,3.39,3.47,3.35,49651,28280426.0,3.44,-2.87,-0.1,0.35
2010-06-28,600210,3.39,3.33,3.44,3.32,40277,22828848.0,3.54,-1.77,-0.06,0.28
2010-06-29,600210,3.36,3.06,3.39,3.05,103546,56891041.0,10.21,-8.11,-0.27,0.72
2010-06-30,600210,3.06,2.91,3.07,2.88,57872,30336039.0,6.21,-4.9,-0.15,0.4
2010-07-01,600210,2.93,2.81,2.96,2.8,54013,28014934.0,5.5,-3.44,-0.1,0.38
2010-07-02,600210,2.81,2.82,2.85,2.64,63413,32159394.0,7.47,0.36,0.01,0.44
2010-07-05,600210,2.79,2.76,2.81,2.7,42227,21303057.0,3.9,-2.13,-0.06,0.29
2010-07-06,600210,2.85,2.94,2.97,2.78,95225,49683563.0,6.88,6.52,0.18,0.66
2010-07-07,600210,2.94,2.98,2.99,2.91,74129,38969792.0,2.72,1.36,0.04,0.52
2010-07-09,600210,2.98,3.09,3.12,2.91,80789,43204297.0,7.05,3.69,0.11,0.56
2010-07-12,600210,3.1,3.21,3.26,3.07,110878,61027009.0,6.15,3.88,0.12,0.77
2010-07-13,600210,3.17,3.22,3.27,3.06,105274,57484932.0,6.54,0.31,0.01,0.73
2010-07-14,600210,3.26,3.31,3.51,3.25,133912,75971962.0,8.07,2.8,0.09,0.93
2010-07-15,600210,3.29,3.09,3.37,3.03,76884,42556449.0,10.27,-6.65,-0.22,0.54
2010-07-16,600210,3.1,3.17,3.18,3.08,51417,27926440.0,3.24,2.59,0.08,0.36
2010-07-19,600210,3.1,3.29,3.3,3.09,80176,44455552.0,6.62,3.79,0.12,0.56
2010-07-20,600210,3.3,3.43,3.47,3.26,171663,97722643.0,6.38,4.26,0.14,1.19
2010-07-21,600210,3.45,3.36,3.46,3.33,136612,77739101.0,3.79,-2.04,-0.07,0.95
2010-07-22,600210,3.34,3.42,3.43,3.3,107337,60988745.0,3.87,1.79,0.06,0.75
2010-07-23,600210,3.43,3.39,3.43,3.32,97828,55474192.0,3.22,-0.88,-0.03,0.68
2010-07-26,600210,3.37,3.46,3.48,3.34,100471,57529540.0,4.13,2.06,0.07,0.7
2010-07-27,600210,3.47,3.4,3.47,3.36,75638,43072023.0,3.18,-1.73,-0.06,0.53
2010-07-28,600210,3.4,3.51,3.52,3.37,157428,90919054.0,4.41,3.24,0.11,1.1
2010-07-29,600210,3.52,3.64,3.66,3.48,221713,130284112.0,5.13,3.7,0.13,1.54
2010-07-30,600210,3.68,3.54,3.68,3.5,138597,81252187.0,4.95,-2.75,-0.1,0.96
2010-08-02,600210,3.54,3.67,3.69,3.53,169168,99981482.0,4.52,3.67,0.13,1.18
2010-08-03,600210,3.67,3.65,3.82,3.59,255000,153316816.0,6.27,-0.54,-0.02,1.77
2010-08-04,600210,3.62,3.73,3.76,3.55,204673,122034332.0,5.75,2.19,0.08,1.42
2010-08-05,600210,3.71,3.62,3.72,3.57,137782,82189504.0,4.02,-2.95,-0.11,0.96
2010-08-06,600210,3.65,3.68,3.72,3.47,217748,128236523.0,6.91,1.66,0.06,1.52
2010-08-09,600210,3.68,3.72,3.76,3.67,145893,87763582.0,2.45,1.09,0.04,1.02
2010-08-10,600210,3.76,3.59,3.84,3.58,208379,125606475.0,6.99,-3.49,-0.13,1.45
2010-08-11,600210,3.56,3.67,3.72,3.55,106570,63321780.0,4.74,2.23,0.08,0.74
2010-08-12,600210,3.61,3.57,3.72,3.56,101182,59884928.0,4.36,-2.72,-0.1,0.7
2010-08-13,600210,3.57,3.64,3.64,3.52,82818,48743034.0,3.36,1.96,0.07,0.58
2010-08-16,600210,3.62,3.78,3.8,3.59,205978,124040672.0,5.77,3.85,0.14,1.43
2010-08-17,600210,3.79,3.77,3.82,3.72,119708,72592880.0,2.65,-0.26,-0.01,0.83
2010-08-18,600210,3.8,3.7,3.8,3.68,137746,82980195.0,3.18,-1.86,-0.07,0.96
2010-08-19,600210,3.71,3.7,3.75,3.63,122875,73683573.0,3.24,0.0,0.0,0.86
2010-08-20,600210,3.69,3.52,3.69,3.52,130472,76813346.0,4.59,-4.86,-0.18,0.91
2010-08-23,600210,3.52,3.53,3.62,3.51,93785,54959603.0,3.13,0.28,0.01,0.65
2010-08-24,600210,3.51,3.59,3.63,3.51,94953,55810258.0,3.4,1.7,0.06,0.66
2010-08-25,600210,3.53,3.46,3.59,3.45,93720,54429442.0,3.9,-3.62,-0.13,0.65
2010-08-26,600210,3.48,3.47,3.51,3.43,87485,50430740.0,2.31,0.29,0.01,0.61
2010-08-27,600210,3.47,3.44,3.47,3.4,68330,39157052.0,2.02,-0.86,-0.03,0.48
2010-08-30,600210,3.46,3.55,3.56,3.45,87634,51068038.0,3.2,3.2,0.11,0.61
2010-08-31,600210,3.52,3.49,3.54,3.45,92905,53854690.0,2.54,-1.69,-0.06,0.65
2010-09-01,600210,3.49,3.37,3.52,3.32,116526,66855013.0,5.73,-3.44,-0.12,0.81
2010-09-02,600210,3.43,3.41,3.46,3.38,108364,61896243.0,2.37,1.19,0.04,0.75
2010-09-03,600210,3.42,3.44,3.44,3.38,100468,57339940.0,1.76,0.88,0.03,0.7
2010-09-06,600210,3.43,3.58,3.58,3.43,163033,94968821.0,4.36,4.07,0.14,1.13
2010-09-07,600210,3.58,3.6,3.62,3.54,118423,69627204.0,2.23,0.56,0.02,0.82
2010-09-08,600210,3.58,3.57,3.58,3.51,83071,48553707.0,1.94,-0.83,-0.03,0.58
2010-09-09,600210,3.56,3.4,3.58,3.37,151472,87329932.0,5.88,-4.76,-0.17,1.05
2010-09-10,600210,3.41,3.34,3.44,3.22,138758,77970613.0,6.47,-1.76,-0.06,0.97
2010-09-13,600210,3.31,3.39,3.44,3.31,163971,93047855.0,3.89,1.5,0.05,1.14
2010-09-14,600210,3.39,3.39,3.43,3.37,98902,56300752.0,1.77,0.0,0.0,0.69
2010-09-15,600210,3.38,3.44,3.52,3.34,179518,103078067.0,5.31,1.47,0.05,1.25
2010-09-16,600210,3.46,3.38,3.55,3.35,189232,108968295.0,5.81,-1.74,-0.06,1.32
2010-09-17,600210,3.4,3.35,3.43,3.25,113847,63896659.0,5.33,-0.89,-0.03,0.79
2010-09-20,600210,3.32,3.25,3.35,3.23,68878,38423713.0,3.58,-2.99,-0.1,0.48
2010-09-21,600210,3.26,3.28,3.33,3.24,58065,32408831.0,2.77,0.92,0.03,0.4
2010-09-27,600210,3.32,3.31,3.33,3.23,81843,45715592.0,3.05,0.91,0.03,0.57
2010-09-28,600210,3.29,3.22,3.33,3.21,84537,46999576.0,3.63,-2.72,-0.09,0.59
2010-09-29,600210,3.23,3.15,3.24,3.14,77053,42320015.0,3.11,-2.17,-0.07,0.54
2010-09-30,600210,3.12,3.24,3.25,3.12,68002,37418575.0,4.13,2.86,0.09,0.47
2010-10-08,600210,3.28,3.36,3.39,3.25,120222,67791527.0,4.32,3.7,0.12,0.84
2010-10-11,600210,3.36,3.53,3.54,3.36,224925,129976965.0,5.36,5.06,0.17,1.57
2010-10-12,600210,3.54,3.53,3.56,3.48,155478,90553372.0,2.27,0.0,0.0,1.08
2010-10-13,600210,3.53,3.59,3.61,3.51,168262,98772142.0,2.83,1.7,0.06,1.17
2010-10-14,600210,3.63,3.46,3.63,3.46,177310,103630235.0,4.74,-3.62,-0.13,1.23
2010-10-15,600210,3.45,3.61,3.63,3.38,325005,189796396.0,7.23,4.34,0.15,2.26
2010-10-18,600210,3.7,3.65,3.75,3.55,404309,241170310.0,5.54,1.11,0.04,2.81
2010-10-19,600210,3.65,3.79,3.8,3.58,354485,213172894.0,6.03,3.84,0.14,2.47
2010-10-20,600210,3.71,3.66,3.74,3.6,279061,166637142.0,3.69,-3.43,-0.13,1.94
2010-10-21,600210,3.66,3.57,3.71,3.53,221534,130514585.0,4.92,-2.46,-0.09,1.54
2010-10-22,600210,3.58,3.58,3.62,3.53,183981,108059652.0,2.52,0.28,0.01,1.28
2010-10-25,600210,3.59,3.72,3.75,3.58,287507,172240318.0,4.75,3.91,0.14,2.0
2010-10-26,600210,3.75,3.84,3.89,3.75,380376,232443724.0,3.76,3.23,0.12,2.65
2010-10-27,600210,3.9,3.77,3.98,3.76,347366,214692793.0,5.73,-1.82,-0.07,2.42
2010-10-28,600210,3.75,3.79,3.83,3.71,177824,107809235.0,3.18,0.53,0.02,1.24
2010-10-29,600210,3.78,3.71,3.8,3.65,200762,120757187.0,3.96,-2.11,-0.08,1.4
2010-11-01,600210,3.72,3.79,3.8,3.7,254268,153891400.0,2.7,2.16,0.08,1.77
2010-11-02,600210,3.8,3.98,4.14,3.75,548952,341681250.0,10.29,5.01,0.19,3.82
2010-11-03,600210,3.96,3.87,4.08,3.86,291765,182608155.0,5.53,-2.76,-0.11,2.03
2010-11-04,600210,3.87,3.99,4.02,3.87,219226,137173664.0,3.88,3.1,0.12,1.53
2010-11-05,600210,4.05,4.03,4.08,3.9,262711,165265364.0,4.51,1.0,0.04,1.83
2010-11-08,600210,4.1,4.47,4.65,4.05,763548,511885633.0,14.89,10.92,0.44,5.31
2010-11-09,600210,4.42,4.34,4.47,4.25,408644,271598809.0,4.92,-2.91,-0.13,2.84
2010-11-10,600210,4.33,4.43,4.55,4.25,326769,219319534.0,6.91,2.07,0.09,2.27
2010-11-11,600210,4.36,4.23,4.53,4.21,291474,195411413.0,7.22,-4.51,-0.2,2.03
2010-11-12,600210,4.24,3.86,4.35,3.83,399665,254774094.0,12.29,-8.75,-0.37,2.78
2010-11-15,600210,3.86,3.98,3.99,3.8,186879,116077618.0,4.92,3.11,0.12,1.3
2010-11-16,600210,3.98,3.77,4.05,3.75,231669,143247251.0,7.54,-5.28,-0.21,1.61
2010-11-17,600210,3.95,4.05,4.38,3.93,692652,448372163.0,11.94,7.43,0.28,4.82
2010-11-18,600210,4.11,4.05,4.18,3.91,299414,189349749.0,6.67,0.0,0.0,2.08
2010-11-19,600210,4.08,4.31,4.34,3.96,485695,316086645.0,9.38,6.42,0.26,3.38
2010-11-22,600210,4.22,4.26,4.39,4.15,337279,221887136.0,5.57,-1.16,-0.05,2.35
2010-11-23,600210,4.25,4.04,4.25,3.91,229061,145447371.0,7.98,-5.16,-0.22,1.59
2010-11-24,600210,3.97,4.2,4.23,3.97,221813,142028764.0,6.44,3.96,0.16,1.54
2010-11-25,600210,4.26,4.32,4.41,4.18,382880,253947789.0,5.48,2.86,0.12,2.66
2010-11-26,600210,4.28,4.22,4.36,4.12,238098,155564567.0,5.56,-2.31,-0.1,1.66
2010-11-29,600210,4.21,4.39,4.44,4.18,301074,200589714.0,6.16,4.03,0.17,2.1
2010-11-30,600210,4.37,4.15,4.46,3.98,335965,218121379.0,10.93,-5.47,-0.24,2.34
2010-12-01,600210,4.14,4.08,4.16,4.0,134263,85585921.0,3.86,-1.69,-0.07,0.93
2010-12-02,600210,4.15,4.1,4.2,4.09,153209,98624232.0,2.7,0.49,0.02,1.07
2010-12-03,600210,4.1,4.03,4.13,3.98,116709,73939297.0,3.66,-1.71,-0.07,0.81
2010-12-07,600210,3.98,3.99,4.05,3.81,138572,86051017.0,5.96,-0.99,-0.04,0.96
2010-12-08,600210,3.99,3.91,4.03,3.87,117431,73267264.0,4.01,-2.01,-0.08,0.82
2010-12-09,600210,3.87,3.78,3.9,3.77,112033,68623670.0,3.32,-3.32,-0.13,0.78
2010-12-10,600210,3.77,3.82,3.84,3.69,93780,56847321.0,3.97,1.06,0.04,0.65
2010-12-13,600210,3.82,3.95,3.96,3.82,127078,78863253.0,3.66,3.4,0.13,0.88
2010-12-14,600210,3.94,3.96,3.98,3.9,108624,67845115.0,2.03,0.25,0.01,0.76
2010-12-15,600210,3.96,3.89,3.97,3.88,128860,80260656.0,2.27,-1.77,-0.07,0.9
2010-12-16,600210,3.87,3.92,3.99,3.87,95077,59210202.0,3.08,0.77,0.03,0.66
2010-12-17,600210,3.93,3.85,3.97,3.8,132432,81534989.0,4.34,-1.79,-0.07,0.92
2010-12-20,600210,3.92,3.77,3.94,3.68,160240,97377601.0,6.75,-2.08,-0.08,1.12
2010-12-21,600210,3.75,3.88,3.89,3.73,107790,66003375.0,4.24,2.92,0.11,0.75
2010-12-22,600210,3.86,3.79,3.89,3.75,95273,58239137.0,3.61,-2.32,-0.09,0.66
2010-12-23,600210,3.79,3.73,3.81,3.72,84890,51384851.0,2.37,-1.58,-0.06,0.59
2010-12-24,600210,3.74,3.67,3.75,3.65,74216,44455773.0,2.68,-1.61,-0.06,0.52
2010-12-27,600210,3.66,3.5,3.74,3.5,106407,63004964.0,6.54,-4.63,-0.17,0.74
2010-12-28,600210,3.5,3.39,3.51,3.34,76722,43862633.0,4.86,-3.14,-0.11,0.53
2010-12-29,600210,3.39,3.44,3.45,3.38,41646,23787561.0,2.06,1.47,0.05,0.29
2010-12-30,600210,3.46,3.4,3.47,3.37,50905,29091057.0,2.91,-1.16,-0.04,0.35
2010-12-31,600210,3.4,3.48,3.5,3.4,59347,34186565.0,2.94,2.35,0.08,0.41
2011-01-04,600210,3.52,3.62,3.64,3.47,83995,49258279.0,4.89,4.02,0.14,0.58
2011-01-05,600210,3.6,3.62,3.68,3.55,79333,47051423.0,3.59,0.0,0.0,0.55
2011-01-06,600210,3.62,3.58,3.65,3.56,48248,28444556.0,2.49,-1.1,-0.04,0.34
2011-01-07,600210,3.58,3.58,3.66,3.55,76536,45239085.0,3.07,0.0,0.0,0.53
2011-01-10,600210,3.58,3.44,3.62,3.43,60684,35326847.0,5.31,-3.91,-0.14,0.42
2011-01-11,600210,3.39,3.48,3.49,3.39,59403,34070252.0,2.91,1.16,0.04,0.41
2011-01-12,600210,3.49,3.5,3.52,3.42,47601,27483798.0,2.87,0.57,0.02,0.33
2011-01-13,600210,3.5,3.53,3.54,3.47,52931,30728590.0,2.0,0.86,0.03,0.37
2011-01-14,600210,3.5,3.43,3.52,3.39,50798,29160925.0,3.68,-2.83,-0.1,0.35
2011-01-17,600210,3.4,3.21,3.42,3.2,87457,48933968.0,6.41,-6.41,-0.22,0.61
2011-01-18,600210,3.21,3.22,3.24,3.17,56887,31288140.0,2.18,0.31,0.01,0.4
2011-01-19,600210,3.25,3.31,3.31,3.22,63279,35258145.0,2.8,2.8,0.09,0.44
2011-01-21,600210,3.16,3.28,3.32,3.12,96011,53077464.0,6.04,-0.91,-0.03,0.67
2011-01-24,600210,3.27,3.18,3.31,3.17,56536,31300427.0,4.27,-3.05,-0.1,0.39
2011-01-25,600210,3.2,3.19,3.24,3.16,39489,21707767.0,2.52,0.31,0.01,0.27
2011-01-26,600210,3.19,3.26,3.27,3.19,35652,19712275.0,2.51,2.19,0.07,0.25
2011-01-27,600210,3.22,3.31,3.32,3.18,80104,44546097.0,4.29,1.53,0.05,0.56
2011-01-28,600210,3.27,3.34,3.35,3.27,59433,33370948.0,2.42,0.91,0.03,0.41
2011-01-31,600210,3.34,3.36,3.39,3.28,73606,41598596.0,3.29,0.6,0.02,0.51
2011-02-01,600210,3.39,3.35,3.39,3.31,45140,25456498.0,2.38,-0.3,-0.01,0.31
2011-02-09,600210,3.32,3.3,3.35,3.29,53057,29791779.0,1.79,-1.49,-0.05,0.37
2011-02-10,600210,3.29,3.42,3.42,3.26,84659,47882680.0,4.85,3.64,0.12,0.59
2011-02-11,600210,3.42,3.45,3.46,3.4,90728,51986705.0,1.75,0.88,0.03,0.63
2011-02-14,600210,3.46,3.56,3.57,3.46,126223,73580469.0,3.19,3.19,0.11,0.88
2011-02-15,600210,3.58,3.58,3.67,3.55,183742,108543788.0,3.37,0.56,0.02,1.28
2011-02-16,600210,3.58,3.81,3.86,3.56,288918,174878909.0,8.38,6.42,0.23,2.01
2011-02-17,600210,3.9,3.84,3.9,3.71,197863,121035520.0,4.99,0.79,0.03,1.38
2011-02-18,600210,3.81,3.94,4.13,3.8,414790,261612309.0,8.59,2.6,0.1,2.89
2011-02-21,600210,3.9,4.39,4.46,3.85,736928,484131407.0,15.48,11.42,0.45,5.13
2011-02-22,600210,4.39,4.28,4.42,4.15,540844,356932216.0,6.15,-2.51,-0.11,3.76
2011-02-23,600210,4.27,4.29,4.45,4.18,398133,263852275.0,6.31,0.23,0.01,2.77
2011-02-24,600210,4.28,4.27,4.38,4.16,341400,224311532.0,5.13,-0.47,-0.02,2.38
2011-02-25,600210,4.28,4.36,4.41,4.11,425696,280117014.0,7.03,2.11,0.09,2.96
2011-02-28,600210,4.37,4.52,4.62,4.3,451119,306114347.0,7.34,3.67,0.16,3.14
2011-03-01,600210,4.56,4.42,4.56,4.35,312938,210947997.0,4.65,-2.21,-0.1,2.18
2011-03-02,600210,4.36,4.29,4.38,4.15,253673,166843978.0,5.2,-2.94,-0.13,1.77
2011-03-03,600210,4.28,4.34,4.56,4.26,416065,279990825.0,6.99,1.17,0.05,2.9
2011-03-04,600210,4.43,4.59,4.67,4.37,633346,433838428.0,6.91,5.76,0.25,4.41
2011-03-07,600210,4.62,4.57,4.75,4.52,513871,356819748.0,5.01,-0.44,-0.02,3.58
2011-03-08,600210,4.71,4.69,4.78,4.59,375401,261745355.0,4.16,2.63,0.12,2.61
2011-03-09,600210,4.65,4.52,4.71,4.45,428574,293657124.0,5.54,-3.62,-0.17,2.98
2011-03-10,600210,4.53,4.53,4.66,4.45,273216,187472351.0,4.65,0.22,0.01,1.9
2011-03-11,600210,4.49,4.35,4.54,4.32,292055,196313930.0,4.86,-3.97,-0.18,2.03
2011-03-14,600210,4.35,4.42,4.5,4.33,202646,135869032.0,3.91,1.61,0.07,1.41
2011-03-15,600210,4.4,4.2,4.41,4.06,293016,190864392.0,7.92,-4.98,-0.22,2.04
2011-03-16,600210,4.2,4.28,4.29,4.1,170662,111506164.0,4.52,1.9,0.08,1.19
2011-03-17,600210,4.2,4.2,4.25,4.14,145359,94498356.0,2.57,-1.87,-0.08,1.01
2011-03-18,600210,4.21,4.14,4.29,4.11,184144,119016249.0,4.29,-1.43,-0.06,1.28
2011-03-21,600210,4.14,4.18,4.27,4.14,134624,87581664.0,3.14,0.97,0.04,0.94
2011-03-22,600210,4.19,4.19,4.24,4.06,118710,76589701.0,4.31,0.24,0.01,0.83
2011-03-23,600210,4.2,4.28,4.28,4.15,144955,94658518.0,3.1,2.15,0.09,1.01
2011-03-24,600210,4.28,4.27,4.33,4.25,119913,78977884.0,1.87,-0.23,-0.01,0.83
2011-03-25,600210,4.29,4.44,4.55,4.28,359543,243092826.0,6.32,3.98,0.17,2.5
2011-03-28,600210,4.5,4.41,4.51,4.38,139769,94056509.0,2.93,-0.68,-0.03,0.97
2011-03-29,600210,4.42,4.17,4.42,4.15,242341,159227132.0,6.12,-5.44,-0.24,1.69
2011-03-30,600210,4.18,4.21,4.3,4.0,258857,165683165.0,7.19,0.96,0.04,1.8
2011-03-31,600210,4.2,4.1,4.23,4.06,108467,69501936.0,4.04,-2.61,-0.11,0.75
2011-04-01,600210,4.13,4.15,4.18,4.06,72543,46544065.0,2.93,1.22,0.05,0.5
2011-04-06,600210,4.14,4.21,4.26,4.1,103485,67044697.0,3.86,1.45,0.06,0.72
2011-04-07,600210,4.21,4.24,4.27,4.17,113054,73807863.0,2.38,0.71,0.03,0.79
2011-04-08,600210,4.24,4.29,4.3,4.2,142669,93261161.0,2.36,1.18,0.05,0.99
2011-04-11,600210,4.29,4.34,4.43,4.29,214479,143207578.0,3.26,1.17,0.05,1.49
2011-04-12,600210,4.33,4.38,4.44,4.24,160050,106371710.0,4.61,0.92,0.04,1.11
2011-04-13,600210,4.4,4.4,4.42,4.29,135791,90432463.0,2.97,0.46,0.02,0.95
2011-04-14,600210,4.4,4.46,4.49,4.37,211174,142308648.0,2.73,1.36,0.06,1.47
2011-04-15,600210,4.48,4.36,4.48,4.24,262489,174809375.0,5.38,-2.24,-0.1,1.83
2011-04-18,600210,4.4,4.47,4.54,4.4,309925,210362916.0,3.21,2.52,0.11,2.16
2011-04-19,600210,4.43,4.35,4.46,4.35,201973,135234560.0,2.46,-2.68,-0.12,1.41
2011-04-20,600210,4.37,4.36,4.43,4.3,158026,105304559.0,2.99,0.23,0.01,1.1
2011-04-21,600210,4.4,4.5,4.55,4.36,263406,178395877.0,4.36,3.21,0.14,1.83
2011-04-22,600210,4.49,4.49,4.55,4.44,184093,124978805.0,2.44,-0.22,-0.01,1.28
2011-04-25,600210,4.5,4.43,4.64,4.42,292578,199853531.0,4.9,-1.34,-0.06,2.04
2011-04-26,600210,4.39,4.26,4.46,4.22,177145,117313394.0,5.42,-3.84,-0.17,1.23
2011-04-27,600210,4.3,4.21,4.32,4.16,133230,87016781.0,3.76,-1.17,-0.05,0.93
2011-04-28,600210,4.23,4.0,4.27,3.96,157308,100512206.0,7.36,-4.99,-0.21,1.09
2011-04-29,600210,4.02,4.12,4.13,4.0,84205,53548324.0,3.25,3.0,0.12,0.59
2011-05-03,600210,4.09,4.15,4.17,4.03,115082,73712745.0,3.4,0.73,0.03,0.8
2011-05-04,600210,4.12,4.0,4.12,3.98,110710,70139123.0,3.37,-3.61,-0.15,0.77
2011-05-05,600210,4.0,4.09,4.17,3.99,91464,58330710.0,4.5,2.25,0.09,0.64
2011-05-06,600210,4.05,4.09,4.12,4.01,74093,47164306.0,2.69,0.0,0.0,0.52
2011-05-09,600210,4.09,4.05,4.13,4.02,86709,55286324.0,2.69,-0.98,-0.04,0.6
2011-05-11,600210,4.1,4.16,4.23,4.08,136775,88416340.0,3.7,2.72,0.11,0.95
2011-05-12,600210,4.15,4.04,4.16,4.04,126660,80999626.0,2.88,-2.88,-0.12,0.88
2011-05-13,600210,4.09,4.13,4.13,4.03,88142,56141458.0,2.48,2.23,0.09,0.61
2011-05-16,600210,4.12,4.12,4.18,4.08,97952,62971154.0,2.42,-0.24,-0.01,0.68
2011-05-17,600210,4.12,4.08,4.15,4.03,92521,59198016.0,2.91,-0.97,-0.04,0.64
2011-05-18,600210,4.07,4.14,4.17,4.04,78130,50135341.0,3.19,1.47,0.06,0.54
2011-05-19,600210,4.17,4.08,4.18,4.05,90163,57892357.0,3.14,-1.45,-0.06,0.63
2011-05-20,600210,4.08,4.03,4.09,4.01,84302,53453960.0,1.96,-1.23,-0.05,0.59
2011-05-23,600210,4.05,3.77,4.05,3.76,130767,80699181.0,7.2,-6.45,-0.26,0.91
2011-05-24,600210,3.77,3.76,3.77,3.67,77570,46680174.0,2.65,-0.27,-0.01,0.54
2011-05-25,600210,3.73,3.68,3.77,3.66,59959,36052721.0,2.93,-2.13,-0.08,0.42
2011-05-26,600210,3.72,3.7,3.8,3.7,68199,41229634.0,2.72,0.54,0.02,0.47
2011-05-27,600210,3.71,3.63,3.74,3.61,68518,40975938.0,3.51,-1.89,-0.07,0.48
2011-05-30,600210,3.62,3.49,3.62,3.47,77190,44963338.0,4.13,-3.86,-0.14,0.54
2011-05-31,600210,3.49,3.6,3.61,3.46,68683,40080480.0,4.3,3.15,0.11,0.48
2011-06-01,600210,3.6,3.58,3.6,3.53,63160,37009236.0,1.94,-0.56,-0.02,0.44
2011-06-02,600210,3.52,3.47,3.55,3.39,94842,54510095.0,4.47,-3.07,-0.11,0.66
2011-06-03,600210,3.45,3.54,3.55,3.43,57542,33423049.0,3.46,2.02,0.07,0.4
2011-06-07,600210,3.54,3.62,3.65,3.5,74323,43898916.0,4.24,2.26,0.08,0.52
2011-06-08,600210,3.63,3.65,3.67,3.56,67912,40198065.0,3.04,0.83,0.03,0.47
2011-06-09,600210,3.61,3.54,3.67,3.52,52491,30958324.0,4.11,-3.01,-0.11,0.37
2011-06-10,600210,3.54,3.59,3.6,3.5,50030,29287847.0,2.82,1.41,0.05,0.35
2011-06-13,600210,3.57,3.58,3.6,3.47,46349,26996060.0,3.62,-0.28,-0.01,0.32
2011-06-14,600210,3.56,3.67,3.69,3.52,84441,50167851.0,4.75,2.51,0.09,0.59
2011-06-15,600210,3.64,3.59,3.67,3.57,66386,39238831.0,2.72,-2.18,-0.08,0.46
2011-06-16,600210,3.55,3.43,3.55,3.41,65242,37641013.0,3.9,-4.46,-0.16,0.45
2011-06-17,600210,3.43,3.33,3.46,3.32,54744,31193336.0,4.08,-2.92,-0.1,0.38
2011-06-20,600210,3.33,3.27,3.35,3.22,52566,29303119.0,3.9,-1.8,-0.06,0.37
2011-06-21,600210,3.28,3.4,3.42,3.22,69765,39133089.0,6.12,3.98,0.13,0.49
2011-06-22,600210,3.36,3.35,3.45,3.34,79813,45355490.0,3.24,-1.47,-0.05,0.56
2011-06-23,600210,3.33,3.44,3.46,3.24,71132,40294887.0,6.57,2.69,0.09,0.5
2011-06-24,600210,3.4,3.59,3.6,3.4,132007,76913764.0,5.81,4.36,0.15,0.92
2011-06-27,600210,3.63,3.65,3.68,3.6,130936,77801522.0,2.23,1.67,0.06,0.91
2011-06-28,600210,3.65,3.7,3.78,3.56,155508,93084257.0,6.03,1.37,0.05,1.08
2011-06-29,600210,3.7,3.63,3.73,3.6,104900,62579105.0,3.51,-1.89,-0.07,0.73
2011-06-30,600210,3.64,3.7,3.74,3.57,161015,96275926.0,4.68,1.93,0.07,1.12
2011-07-01,600210,3.76,3.82,3.86,3.65,161864,94988101.0,5.68,3.24,0.12,1.13
2011-07-04,600210,3.84,3.92,3.97,3.8,174440,104907430.0,4.45,2.62,0.1,1.21
2011-07-05,600210,3.92,3.94,4.0,3.9,109385,66176156.0,2.55,0.51,0.02,0.76
2011-07-06,600210,3.94,3.88,3.96,3.81,109509,65436174.0,3.81,-1.52,-0.06,0.76
2011-07-07,600210,3.93,3.99,4.06,3.93,214784,131282595.0,3.35,2.84,0.11,1.49
2011-07-08,600210,4.0,3.98,4.03,3.95,79766,48503654.0,2.01,-0.25,-0.01,0.56
2011-07-11,600210,3.95,3.93,3.96,3.84,113063,67914152.0,3.02,-1.26,-0.05,0.79
2011-07-12,600210,3.89,3.79,3.89,3.77,146958,86944974.0,3.05,-3.56,-0.14,1.02
2011-07-13,600210,3.8,3.87,3.89,3.79,74326,44199376.0,2.64,2.11,0.08,0.52
2011-07-14,600210,3.88,3.88,3.9,3.8,81191,48321354.0,2.58,0.26,0.01,0.57
2011-07-15,600210,3.85,3.91,3.92,3.81,103502,61699592.0,2.84,0.77,0.03,0.72
2011-07-18,600210,3.92,3.9,3.95,3.87,76980,46232200.0,2.05,-0.26,-0.01,0.54
2011-07-19,600210,3.86,3.82,3.87,3.8,64567,38243550.0,1.79,-2.05,-0.08,0.45
2011-07-20,600210,3.84,3.82,3.86,3.76,74990,44343389.0,2.62,0.0,0.0,0.52
2011-07-21,600210,3.82,3.73,3.82,3.73,59707,35067346.0,2.36,-2.36,-0.09,0.42
2011-07-22,600210,3.75,3.75,3.77,3.69,62819,36670230.0,2.14,0.54,0.02,0.44
2011-07-26,600210,3.58,3.58,3.58,3.48,120740,67978825.0,2.67,-4.53,-0.17,0.84
2011-07-27,600210,3.54,3.59,3.61,3.5,59648,33795696.0,3.07,0.28,0.01,0.42
2011-07-28,600210,3.55,3.51,3.55,3.48,82968,46528469.0,1.95,-2.23,-0.08,0.58
2011-07-29,600210,3.49,3.5,3.54,3.48,59949,33586543.0,1.71,-0.28,-0.01,0.42
2011-08-01,600210,3.51,3.54,3.57,3.46,36489,20534610.0,3.14,1.14,0.04,0.25
2011-08-02,600210,3.53,3.46,3.53,3.4,59584,32977338.0,3.67,-2.26,-0.08,0.41
2011-08-03,600210,3.41,3.52,3.54,3.39,82046,45860460.0,4.34,1.73,0.06,0.57
2011-08-04,600210,3.54,3.54,3.6,3.51,46644,26349915.0,2.56,0.57,0.02,0.32
2011-08-05,600210,3.39,3.43,3.45,3.34,54549,30080584.0,3.11,-3.11,-0.11,0.38
2011-08-08,600210,3.38,3.08,3.4,2.99,100441,53286996.0,11.95,-10.2,-0.35,0.7
2011-08-09,600210,2.98,3.09,3.15,2.89,78667,40146794.0,8.44,0.32,0.01,0.55
2011-08-10,600210,3.17,3.03,3.24,3.0,128063,66984794.0,7.77,-1.94,-0.06,0.89
2011-08-11,600210,2.97,3.21,3.23,2.94,101219,52737697.0,9.57,5.94,0.18,0.7
2011-08-12,600210,3.28,3.25,3.35,3.23,122943,66156003.0,3.74,1.25,0.04,0.86
2011-08-15,600210,3.28,3.39,3.42,3.27,84318,46007917.0,4.62,4.31,0.14,0.59
2011-08-16,600210,3.43,3.37,3.46,3.35,83159,45802338.0,3.24,-0.59,-0.02,0.58
2011-08-17,600210,3.41,3.51,3.55,3.37,159776,89416397.0,5.34,4.15,0.14,1.11
2011-08-18,600210,3.53,3.45,3.62,3.4,154925,87053211.0,6.27,-1.71,-0.06,1.08
2011-08-19,600210,3.3,3.43,3.44,3.3,85719,47092774.0,4.06,-0.58,-0.02,0.6
2011-08-22,600210,3.42,3.47,3.51,3.4,78675,43789424.0,3.21,1.17,0.04,0.55
2011-08-23,600210,3.5,3.52,3.56,3.44,63735,35695939.0,3.46,1.44,0.05,0.44
2011-08-24,600210,3.55,3.35,3.56,3.29,146153,80649296.0,7.67,-4.83,-0.17,1.02
2011-08-25,600210,3.36,3.51,3.53,3.33,115047,63781696.0,5.97,4.78,0.16,0.8
2011-08-26,600210,3.48,3.5,3.53,3.46,63377,35450604.0,1.99,-0.28,-0.01,0.44
2011-08-29,600210,3.45,3.41,3.46,3.4,59292,32761314.0,1.71,-2.57,-0.09,0.41
2011-08-30,600210,3.45,3.36,3.49,3.35,59293,32789248.0,4.11,-1.47,-0.05,0.41
2011-08-31,600210,3.38,3.28,3.38,3.2,98228,52827534.0,5.36,-2.38,-0.08,0.68
2011-09-01,600210,3.3,3.29,3.35,3.27,41908,22653757.0,2.44,0.3,0.01,0.29
2011-09-02,600210,3.28,3.2,3.31,3.19,61466,32873015.0,3.65,-2.74,-0.09,0.43
2011-09-05,600210,3.15,3.08,3.19,3.07,38344,20015292.0,3.75,-3.75,-0.12,0.27
2011-09-06,600210,3.0,3.05,3.1,3.0,39235,20239185.0,3.25,-0.97,-0.03,0.27
2011-09-07,600210,3.07,3.17,3.17,3.06,44626,23319590.0,3.61,3.93,0.12,0.31
2011-09-08,600210,3.18,3.14,3.23,3.13,35289,18653214.0,3.15,-0.95,-0.03,0.25
2011-09-09,600210,3.15,3.12,3.2,3.1,24533,12881055.0,3.18,-0.64,-0.02,0.17
2011-09-13,600210,3.04,3.05,3.06,3.0,34734,17819602.0,1.92,-2.24,-0.07,0.24
2011-09-14,600210,3.06,3.11,3.11,3.02,27051,13979444.0,2.95,1.97,0.06,0.19
2011-09-15,600210,3.12,3.18,3.19,3.1,39402,20718321.0,2.89,2.25,0.07,0.27
2011-09-16,600210,3.19,3.2,3.27,3.19,52396,27970275.0,2.52,0.63,0.02,0.36
2011-09-19,600210,3.18,3.09,3.2,3.08,31856,16664012.0,3.75,-3.44,-0.11,0.22
2011-09-20,600210,3.1,3.14,3.19,3.03,29142,15229553.0,5.18,1.62,0.05,0.2
2011-09-21,600210,3.14,3.28,3.3,3.09,65403,34939452.0,6.69,4.46,0.14,0.46
2011-09-22,600210,3.25,3.13,3.29,3.12,45901,24313352.0,5.18,-4.57,-0.15,0.32
2011-09-23,600210,3.07,3.1,3.12,3.05,41385,21442051.0,2.24,-0.96,-0.03,0.29
2011-09-26,600210,3.09,3.01,3.16,3.0,32069,16581413.0,5.16,-2.9,-0.09,0.22
2011-09-27,600210,3.05,3.04,3.09,3.02,31676,16330665.0,2.33,1.0,0.03,0.22
2011-09-28,600210,3.08,3.06,3.1,3.03,35558,18339823.0,2.3,0.66,0.02,0.25
2011-09-29,600210,3.07,3.0,3.08,2.96,35455,18134363.0,3.92,-1.96,-0.06,0.25
2011-09-30,600210,3.01,3.02,3.08,2.95,34558,17633031.0,4.33,0.67,0.02,0.24
2011-10-10,600210,3.02,2.95,3.03,2.93,24789,12558966.0,3.31,-2.32,-0.07,0.17
2011-10-11,600210,3.05,2.99,3.1,2.93,39835,20382100.0,5.76,1.36,0.04,0.28
2011-10-12,600210,2.99,3.13,3.14,2.94,60927,31601563.0,6.69,4.68,0.14,0.42
2011-10-13,600210,3.12,3.18,3.2,3.09,57093,30093509.0,3.51,1.6,0.05,0.4
2011-10-14,600210,3.16,3.13,3.18,3.08,33221,17370324.0,3.14,-1.57,-0.05,0.23
2011-10-17,600210,3.12,3.18,3.19,3.12,28446,14956338.0,2.24,1.6,0.05,0.2
2011-10-18,600210,3.15,2.99,3.15,2.98,43159,22282712.0,5.35,-5.97,-0.19,0.3
2011-10-19,600210,3.04,2.92,3.04,2.89,51834,26229842.0,5.02,-2.34,-0.07,0.36
2011-10-20,600210,2.92,2.84,2.96,2.81,51166,25410471.0,5.14,-2.74,-0.08,0.36
2011-10-21,600210,2.85,2.83,2.88,2.81,21517,10631597.0,2.46,-0.35,-0.01,0.15
2011-10-24,600210,2.85,2.93,2.94,2.8,34843,17346049.0,4.95,3.53,0.1,0.24
2011-10-25,600210,2.93,3.04,3.08,2.9,58758,30057426.0,6.14,3.75,0.11,0.41
2011-10-26,600210,3.05,3.06,3.12,2.99,71498,37023139.0,4.28,0.66,0.02,0.5
2011-10-27,600210,3.05,3.02,3.12,2.99,59491,30658863.0,4.25,-1.31,-0.04,0.41
2011-10-28,600210,3.08,3.1,3.12,3.04,94688,49121780.0,2.65,2.65,0.08,0.66
2011-10-31,600210,3.1,3.14,3.17,3.09,70865,37146935.0,2.58,1.29,0.04,0.49
2011-11-01,600210,3.12,3.13,3.17,3.1,66236,34648424.0,2.23,-0.32,-0.01,0.46
2011-11-02,600210,3.07,3.2,3.2,3.05,88716,46495898.0,4.79,2.24,0.07,0.62
2011-11-03,600210,3.23,3.22,3.36,3.2,107839,58071825.0,5.0,0.63,0.02,0.75
2011-11-04,600210,3.24,3.24,3.27,3.22,47976,25627602.0,1.55,0.62,0.02,0.33
2011-11-07,600210,3.25,3.2,3.27,3.18,50706,26994663.0,2.78,-1.23,-0.04,0.35
2011-11-08,600210,3.21,3.13,3.22,3.11,50439,26574444.0,3.44,-2.19,-0.07,0.35
2011-11-09,600210,3.15,3.17,3.18,3.1,52709,27616191.0,2.56,1.28,0.04,0.37
2011-11-10,600210,3.14,3.09,3.14,3.08,51372,26748924.0,1.89,-2.52,-0.08,0.36
2011-11-11,600210,3.09,3.09,3.12,3.07,34263,17792120.0,1.62,0.0,0.0,0.24
2011-11-14,600210,3.12,3.21,3.22,3.1,70737,37292349.0,3.88,3.88,0.12,0.49
2011-11-15,600210,3.2,3.19,3.21,3.15,55695,29384171.0,1.87,-0.62,-0.02,0.39
2011-11-16,600210,3.19,3.1,3.21,3.09,73431,38415661.0,3.76,-2.82,-0.09,0.51
2011-11-17,600210,3.09,3.1,3.14,3.07,31951,16624860.0,2.26,0.0,0.0,0.22
2011-11-18,600210,3.07,2.96,3.09,2.94,63047,32072733.0,4.84,-4.52,-0.14,0.44
2011-11-21,600210,2.94,2.96,2.99,2.93,41882,21158266.0,2.03,0.0,0.0,0.29
2011-11-22,600210,2.93,2.94,2.96,2.88,26423,13264924.0,2.7,-0.68,-0.02,0.18
2011-11-23,600210,2.94,2.9,2.96,2.89,27741,13895715.0,2.38,-1.36,-0.04,0.19
2011-11-24,600210,2.87,2.88,2.9,2.82,28180,13977288.0,2.76,-0.69,-0.02,0.2
2011-11-25,600210,2.88,2.84,2.9,2.83,23388,11590312.0,2.43,-1.39,-0.04,0.16
2011-11-28,600210,2.86,2.9,2.91,2.85,21856,10880216.0,2.11,2.11,0.06,0.15
2011-11-29,600210,2.92,2.94,2.94,2.9,25558,12832670.0,1.38,1.38,0.04,0.18
2011-11-30,600210,2.95,2.77,2.95,2.68,61605,30204180.0,9.18,-5.78,-0.17,0.43
2011-12-01,600210,2.89,2.84,2.92,2.83,40288,20071582.0,3.25,2.53,0.07,0.28
2011-12-02,600210,2.8,2.79,2.86,2.78,26018,12776927.0,2.82,-1.76,-0.05,0.18
2011-12-05,600210,2.79,2.63,2.82,2.6,51449,24570689.0,7.89,-5.73,-0.16,0.36
2011-12-06,600210,2.65,2.57,2.65,2.49,43706,20354057.0,6.08,-2.28,-0.06,0.3
2011-12-07,600210,2.55,2.57,2.6,2.53,22991,10723593.0,2.72,0.0,0.0,0.16
2011-12-08,600210,2.57,2.6,2.63,2.52,22091,10316893.0,4.28,1.17,0.03,0.15
2011-12-09,600210,2.55,2.56,2.6,2.54,15099,7040524.0,2.31,-1.54,-0.04,0.11
2011-12-12,600210,2.57,2.51,2.58,2.51,11721,5444681.0,2.73,-1.95,-0.05,0.08
2011-12-13,600210,2.51,2.37,2.52,2.36,31922,14414616.0,6.37,-5.58,-0.14,0.22
2011-12-14,600210,2.36,2.22,2.4,2.19,51034,22352190.0,8.86,-6.33,-0.15,0.36
2011-12-15,600210,2.2,2.06,2.21,2.0,57940,24361606.0,9.46,-7.21,-0.16,0.4
2011-12-16,600210,2.09,2.19,2.19,2.07,38107,16082536.0,5.83,6.31,0.13,0.27
2011-12-19,600210,2.17,2.15,2.17,2.06,32329,13617001.0,5.02,-1.83,-0.04,0.23
2011-12-20,600210,2.14,2.15,2.21,2.09,62504,26517782.0,5.58,0.0,0.0,0.44
2011-12-21,600210,2.18,2.08,2.21,2.06,26337,11225517.0,6.98,-3.26,-0.07,0.18
2011-12-22,600210,2.05,1.96,2.05,1.87,80912,32746856.0,8.65,-5.77,-0.12,0.56
2011-12-23,600210,1.95,1.99,2.03,1.92,38921,15882932.0,5.61,1.53,0.03,0.27
2011-12-26,600210,1.99,1.97,2.02,1.93,48194,19612779.0,4.52,-1.01,-0.02,0.34
2011-12-27,600210,1.95,1.91,1.97,1.9,26703,10752455.0,3.55,-3.05,-0.06,0.19
2011-12-28,600210,1.89,1.9,1.92,1.84,36244,14436975.0,4.19,-0.52,-0.01,0.25
2011-12-29,600210,1.88,1.87,1.92,1.84,70846,28152996.0,4.21,-1.58,-0.03,0.49
2011-12-30,600210,1.89,1.91,1.94,1.87,55325,22177340.0,3.74,2.14,0.04,0.39
2012-01-04,600210,1.94,1.85,1.94,1.84,46219,18434672.0,5.24,-3.14,-0.06,0.32
2012-01-05,600210,1.85,1.75,1.85,1.74,39206,15262386.0,5.95,-5.41,-0.1,0.27
2012-01-06,600210,1.75,1.8,1.8,1.74,35112,13580562.0,3.43,2.86,0.05,0.24
2012-01-09,600210,1.8,1.95,1.96,1.78,54392,21762381.0,10.0,8.33,0.15,0.38
2012-01-10,600210,1.95,2.09,2.1,1.92,157750,65173873.0,9.23,7.18,0.14,1.1
2012-01-11,600210,2.08,2.06,2.09,2.02,80294,33432112.0,3.35,-1.44,-0.03,0.56
2012-01-12,600210,2.03,2.05,2.09,2.03,62219,25868012.0,2.91,-0.49,-0.01,0.43
2012-01-13,600210,2.05,1.92,2.06,1.89,61745,25007037.0,8.29,-6.34,-0.13,0.43
2012-01-16,600210,1.91,1.86,1.94,1.86,22782,9103174.0,4.17,-3.13,-0.06,0.16
2012-01-17,600210,1.87,2.06,2.06,1.85,70162,28595117.0,11.29,10.75,0.2,0.49
2012-01-18,600210,2.05,2.02,2.08,1.98,72478,29898020.0,4.85,-1.94,-0.04,0.5
2012-01-19,600210,2.0,2.1,2.12,1.98,77458,32257543.0,6.93,3.96,0.08,0.54
2012-01-20,600210,2.11,2.14,2.15,2.07,61308,25868691.0,3.81,1.9,0.04,0.43
2012-01-30,600210,2.14,2.06,2.14,2.05,40392,16973273.0,4.21,-3.74,-0.08,0.28
2012-01-31,600210,2.05,2.05,2.08,2.01,40424,16728907.0,3.4,-0.49,-0.01,0.28
2012-02-01,600210,2.04,2.03,2.06,1.99,41422,17098197.0,3.41,-0.98,-0.02,0.29
2012-02-02,600210,2.02,2.09,2.1,2.02,38473,16001219.0,3.94,2.96,0.06,0.27
2012-02-03,600210,2.09,2.12,2.13,2.03,95004,39641589.0,4.78,1.44,0.03,0.66
2012-02-06,600210,2.11,2.19,2.25,2.09,168515,72120682.0,7.55,3.3,0.07,1.17
2012-02-07,600210,2.16,2.09,2.16,2.08,66892,28239917.0,3.65,-4.57,-0.1,0.47
2012-02-08,600210,2.09,2.18,2.18,2.06,75460,31965347.0,5.74,4.31,0.09,0.53
2012-02-09,600210,2.16,2.19,2.23,2.15,136926,58867626.0,3.67,0.46,0.01,0.95
2012-02-10,600210,2.19,2.22,2.27,2.17,113763,49263331.0,4.57,1.37,0.03,0.79
2012-02-13,600210,2.2,2.24,2.27,2.18,91670,39767404.0,4.05,0.9,0.02,0.64
2012-02-14,600210,2.24,2.23,2.25,2.18,65147,28105659.0,3.13,-0.45,-0.01,0.45
2012-02-15,600210,2.2,2.3,2.31,2.19,98574,43093463.0,5.38,3.14,0.07,0.69
2012-02-16,600210,2.28,2.33,2.35,2.27,114511,50554675.0,3.48,1.3,0.03,0.8
2012-02-17,600210,2.32,2.31,2.36,2.27,54817,24165412.0,3.86,-0.86,-0.02,0.38
2012-02-20,600210,2.36,2.3,2.37,2.29,63096,27926826.0,3.46,-0.43,-0.01,0.44
2012-02-21,600210,2.3,2.31,2.31,2.24,63517,27829758.0,3.04,0.43,0.01,0.44
2012-02-22,600210,2.3,2.42,2.43,2.29,140732,63227807.0,6.06,4.76,0.11,0.98
2012-02-23,600210,2.41,2.52,2.56,2.4,206140,94871214.0,6.61,4.13,0.1,1.43
2012-02-24,600210,2.51,2.55,2.57,2.48,80068,37069244.0,3.57,1.19,0.03,0.56
2012-02-27,600210,2.57,2.52,2.62,2.52,104958,49145353.0,3.92,-1.18,-0.03,0.73
2012-02-28,600210,2.51,2.55,2.59,2.51,76054,35328846.0,3.17,1.19,0.03,0.53
2012-02-29,600210,2.54,2.48,2.56,2.46,74579,34267973.0,3.92,-2.75,-0.07,0.52
2012-03-01,600210,2.45,2.48,2.51,2.44,43410,19931269.0,2.82,0.0,0.0,0.3
2012-03-02,600210,2.49,2.57,2.58,2.49,63823,29664838.0,3.63,3.63,0.09,0.44
2012-03-05,600210,2.59,2.56,2.62,2.54,72436,33835672.0,3.11,-0.39,-0.01,0.5
2012-03-06,600210,2.56,2.46,2.56,2.43,84530,38628403.0,5.08,-3.91,-0.1,0.59
2012-03-07,600210,2.42,2.39,2.5,2.38,70111,31766831.0,4.88,-2.85,-0.07,0.49
2012-03-08,600210,2.4,2.47,2.49,2.4,55671,25343511.0,3.77,3.35,0.08,0.39
2012-03-09,600210,2.48,2.54,2.54,2.46,63395,29197272.0,3.24,2.83,0.07,0.44
2012-03-12,600210,2.54,2.55,2.57,2.51,55915,25923763.0,2.36,0.39,0.01,0.39
2012-03-13,600210,2.53,2.62,2.63,2.53,81497,38095650.0,3.92,2.75,0.07,0.57
2012-03-14,600210,2.64,2.54,2.74,2.5,257113,121934394.0,9.16,-3.05,-0.08,1.79
2012-03-15,600210,2.53,2.44,2.56,2.38,73419,33492952.0,7.09,-3.94,-0.1,0.51
2012-03-16,600210,2.44,2.55,2.55,2.42,54314,25003658.0,5.33,4.51,0.11,0.38
2012-03-19,600210,2.55,2.66,2.7,2.51,89021,42085671.0,7.45,4.31,0.11,0.62
2012-03-20,600210,2.65,2.54,2.65,2.52,52974,24729351.0,4.89,-4.51,-0.12,0.37
2012-03-21,600210,2.59,2.58,2.61,2.5,42683,19869857.0,4.33,1.57,0.04,0.3
2012-03-22,600210,2.58,2.56,2.6,2.53,30369,14158654.0,2.71,-0.78,-0.02,0.21
2012-03-23,600210,2.54,2.45,2.54,2.39,46176,21093083.0,5.86,-4.3,-0.11,0.32
2012-03-26,600210,2.44,2.38,2.45,2.36,30647,13783450.0,3.67,-2.86,-0.07,0.21
2012-03-27,600210,2.4,2.36,2.43,2.34,29316,13169392.0,3.78,-0.84,-0.02,0.2
2012-03-28,600210,2.35,2.19,2.36,2.18,50479,22063473.0,7.63,-7.2,-0.17,0.35
2012-03-29,600210,2.19,2.1,2.19,2.07,56145,23710414.0,5.48,-4.11,-0.09,0.39
2012-03-30,600210,2.1,2.1,2.16,2.06,24004,10110811.0,4.76,0.0,0.0,0.17
2012-04-05,600210,2.1,2.26,2.28,2.1,39178,16898693.0,8.57,7.62,0.16,0.27
2012-04-06,600210,2.26,2.25,2.3,2.22,23335,10169802.0,3.54,-0.44,-0.01,0.16
2012-04-09,600210,2.23,2.22,2.27,2.19,19672,8499617.0,3.56,-1.33,-0.03,0.14
2012-04-10,600210,2.2,2.37,2.41,2.18,65321,28654975.0,10.36,6.76,0.15,0.45
2012-04-11,600210,2.32,2.4,2.42,2.28,50662,22602568.0,5.91,1.27,0.03,0.35
2012-04-12,600210,2.4,2.46,2.47,2.37,72331,32772588.0,4.17,2.5,0.06,0.5
2012-04-13,600210,2.47,2.54,2.6,2.43,104452,48317059.0,6.91,3.25,0.08,0.73
2012-04-16,600210,2.5,2.53,2.58,2.49,77233,35801541.0,3.54,-0.39,-0.01,0.54
2012-04-17,600210,2.53,2.4,2.63,2.38,86450,39804022.0,9.88,-5.14,-0.13,0.6
2012-04-18,600210,2.46,2.55,2.59,2.39,121878,56047933.0,8.33,6.25,0.15,0.85
2012-04-19,600210,2.53,2.51,2.56,2.48,57048,26356286.0,3.14,-1.57,-0.04,0.4
2012-04-20,600210,2.52,2.62,2.63,2.47,110597,51835035.0,6.37,4.38,0.11,0.77
2012-04-23,600210,2.6,2.67,2.75,2.59,176244,84467895.0,6.11,1.91,0.05,1.23
2012-04-24,600210,2.63,2.72,2.78,2.57,148024,70528758.0,7.87,1.87,0.05,1.03
2012-04-25,600210,2.7,2.84,2.89,2.66,226143,110781476.0,8.46,4.41,0.12,1.57
2012-04-26,600210,2.7,2.52,2.7,2.46,354715,165435338.0,8.45,-11.27,-0.32,2.47
2012-04-27,600210,2.49,2.49,2.54,2.43,98491,45010504.0,4.37,-1.19,-0.03,0.69
2012-05-02,600210,2.54,2.48,2.56,2.46,124972,57437069.0,4.02,-0.4,-0.01,0.87
2012-05-03,600210,2.47,2.39,2.48,2.38,116856,52828456.0,4.03,-3.63,-0.09,0.81
2012-05-04,600210,2.38,2.44,2.45,2.34,113070,50770524.0,4.6,2.09,0.05,0.79
2012-05-07,600210,2.41,2.39,2.43,2.36,94024,42140537.0,2.87,-2.05,-0.05,0.65
2012-05-08,600210,2.39,2.41,2.43,2.38,66091,29775773.0,2.09,0.84,0.02,0.46
2012-05-09,600210,2.41,2.34,2.41,2.33,58860,26291917.0,3.32,-2.9,-0.07,0.41
2012-05-10,600210,2.35,2.34,2.38,2.32,44740,19860511.0,2.56,0.0,0.0,0.31
2012-05-11,600210,2.34,2.3,2.36,2.3,37400,16547012.0,2.56,-1.71,-0.04,0.26
2012-05-14,600210,2.32,2.31,2.36,2.3,47564,21081132.0,2.61,0.43,0.01,0.33
2012-05-15,600210,2.28,2.32,2.33,2.26,27157,11898366.0,3.03,0.43,0.01,0.19
2012-05-16,600210,2.32,2.26,2.34,2.26,34905,15344709.0,3.45,-2.59,-0.06,0.24
2012-05-17,600210,2.26,2.33,2.33,2.26,30664,13487671.0,3.1,3.1,0.07,0.21
2012-05-18,600210,2.3,2.29,2.36,2.27,40023,17651816.0,3.86,-1.72,-0.04,0.28
2012-05-21,600210,2.26,2.29,2.3,2.21,31243,13618184.0,3.93,0.0,0.0,0.22
2012-05-22,600210,2.3,2.32,2.33,2.28,27223,11990323.0,2.18,1.31,0.03,0.19
2012-05-23,600210,2.29,2.27,2.32,2.25,29109,12741488.0,3.02,-2.16,-0.05,0.2
2012-05-24,600210,2.26,2.22,2.28,2.21,33783,14682204.0,3.08,-2.2,-0.05,0.24
2012-05-25,600210,2.21,2.15,2.24,2.11,46722,19921067.0,5.86,-3.15,-0.07,0.33
2012-05-28,600210,2.13,2.19,2.19,2.08,38111,16165163.0,5.12,1.86,0.04,0.27
2012-05-29,600210,2.17,2.24,2.26,2.16,47418,20485481.0,4.57,2.28,0.05,0.33
2012-05-30,600210,2.25,2.21,2.25,2.21,44261,19149543.0,1.79,-1.34,-0.03,0.31
2012-06-01,600210,2.23,2.19,2.23,2.17,34892,15012813.0,2.71,-0.9,-0.02,0.24
2012-06-04,600210,2.15,2.08,2.15,2.07,54398,22827185.0,3.65,-5.02,-0.11,0.38
2012-06-05,600210,2.11,2.08,2.11,2.05,23338,9746251.0,2.88,0.0,0.0,0.16
2012-06-06,600210,2.08,2.08,2.1,2.04,18916,7893417.0,2.88,0.0,0.0,0.13
2012-06-07,600210,2.1,2.04,2.13,2.03,22390,9344986.0,4.81,-1.92,-0.04,0.16
2012-06-08,600210,2.08,2.04,2.08,2.03,23250,9646393.0,2.45,0.0,0.0,0.16
2012-06-11,600210,2.04,2.09,2.09,2.04,17344,7234843.0,2.45,2.45,0.05,0.12
2012-06-12,600210,2.08,2.07,2.08,2.04,14632,6089616.0,1.91,-0.96,-0.02,0.1
2012-06-13,600210,2.07,2.13,2.15,2.07,28347,11945289.0,3.86,2.9,0.06,0.2
2012-06-14,600210,2.13,2.1,2.14,2.08,22339,9407320.0,2.82,-1.41,-0.03,0.16
2012-06-15,600210,2.1,2.11,2.13,2.07,17274,7260021.0,2.86,0.48,0.01,0.12
2012-06-18,600210,2.12,2.14,2.16,2.11,28286,11978103.0,2.37,1.42,0.03,0.2
2012-06-19,600210,2.14,2.09,2.14,2.09,13765,5793773.0,2.34,-2.34,-0.05,0.1
2012-06-20,600210,2.1,2.08,2.12,2.07,14523,6087856.0,2.39,-0.48,-0.01,0.1
2012-06-21,600210,2.07,2.05,2.1,2.03,19603,8140171.0,3.37,-1.44,-0.03,0.14
2012-06-25,600210,2.04,1.97,2.05,1.96,24436,10009194.0,4.39,-3.9,-0.08,0.17
2012-06-26,600210,1.97,1.99,2.0,1.91,22409,9088712.0,4.57,1.02,0.02,0.16
2012-06-27,600210,2.0,1.99,2.03,1.96,27354,11212286.0,3.52,0.0,0.0,0.19
2012-06-28,600210,2.0,1.93,2.01,1.93,26511,10787304.0,4.02,-3.02,-0.06,0.18
2012-06-29,600210,1.91,2.02,2.03,1.88,35596,14397912.0,7.77,4.66,0.09,0.25
2012-07-02,600210,2.01,2.01,2.04,2.0,22778,9370596.0,1.98,-0.5,-0.01,0.16
2012-07-03,600210,2.01,2.01,2.03,1.98,21413,8804342.0,2.49,0.0,0.0,0.15
2012-07-04,600210,2.01,2.0,2.03,1.99,14057,5775635.0,1.99,-0.5,-0.01,0.1
2012-07-05,600210,2.0,1.92,2.0,1.89,29920,12050355.0,5.5,-4.0,-0.08,0.21
2012-07-06,600210,1.93,1.99,1.99,1.89,31673,12803863.0,5.21,3.65,0.07,0.22
2012-07-09,600210,1.97,1.87,1.97,1.86,31431,12610001.0,5.53,-6.03,-0.12,0.22
2012-07-10,600210,1.89,1.87,1.9,1.84,17766,7044816.0,3.21,0.0,0.0,0.12
2012-07-11,600210,1.89,1.89,1.9,1.85,13403,5331835.0,2.67,1.07,0.02,0.09
2012-07-12,600210,1.87,1.91,1.93,1.85,21719,8667250.0,4.23,1.06,0.02,0.15
2012-07-13,600210,1.9,1.89,1.92,1.87,17542,7010043.0,2.62,-1.05,-0.02,0.12
2012-07-16,600210,1.89,1.76,1.89,1.76,30045,11742001.0,6.88,-6.88,-0.13,0.21
2012-07-17,600210,1.81,1.84,1.84,1.8,34079,13367429.0,2.27,4.55,0.08,0.24
2012-07-18,600210,1.85,1.88,1.89,1.81,27269,10743696.0,4.35,2.17,0.04,0.19
2012-07-19,600210,1.88,1.95,1.99,1.86,64203,26004625.0,6.91,3.72,0.07,0.45
2012-07-20,600210,1.94,1.97,1.97,1.92,55714,22547247.0,2.56,1.03,0.02,0.39
2012-07-23,600210,1.95,1.84,1.95,1.8,21581,8122838.0,7.61,-6.6,-0.13,0.15
2012-07-24,600210,1.82,1.83,1.86,1.82,20359,7602937.0,2.17,-0.54,-0.01,0.14
2012-07-25,600210,1.83,1.76,1.84,1.75,28343,10467440.0,4.92,-3.83,-0.07,0.2
2012-07-26,600210,1.75,1.71,1.78,1.7,18146,6620522.0,4.55,-2.84,-0.05,0.13
2012-07-27,600210,1.74,1.74,1.76,1.73,25414,9260940.0,1.75,1.75,0.03,0.18
2012-07-30,600210,1.76,1.7,1.78,1.7,21325,7727485.0,4.6,-2.3,-0.04,0.15
2012-07-31,600210,1.72,1.7,1.72,1.66,17969,6448165.0,3.53,0.0,0.0,0.13
2012-08-01,600210,1.7,1.75,1.75,1.68,20370,7397141.0,4.12,2.94,0.05,0.14
2012-08-02,600210,1.75,1.71,1.76,1.69,15770,5718266.0,4.0,-2.29,-0.04,0.11
2012-08-03,600210,1.71,1.75,1.75,1.71,12005,4363135.0,2.34,2.34,0.04,0.08
2012-08-06,600210,1.76,1.85,1.88,1.76,53210,19901678.0,6.86,5.71,0.1,0.37
2012-08-07,600210,1.85,1.84,1.85,1.78,43398,16125425.0,3.78,-0.54,-0.01,0.3
2012-08-08,600210,1.82,1.81,1.84,1.8,21299,7905852.0,2.17,-1.63,-0.03,0.15
2012-08-09,600210,1.8,1.83,1.84,1.77,27221,10094294.0,3.87,1.1,0.02,0.19
2012-08-10,600210,1.83,1.84,1.85,1.82,25480,9523996.0,1.64,0.55,0.01,0.18
2012-08-13,600210,1.84,1.75,1.84,1.75,18837,6946978.0,4.89,-4.89,-0.09,0.13
2012-08-14,600210,1.76,1.75,1.77,1.71,18820,6845143.0,3.43,0.0,0.0,0.13
2012-08-15,600210,1.75,1.73,1.76,1.72,13591,4949726.0,2.29,-1.14,-0.02,0.09
2012-08-16,600210,1.74,1.7,1.75,1.69,15651,5658575.0,3.47,-1.73,-0.03,0.11
2012-08-17,600210,1.7,1.72,1.73,1.67,16851,6057636.0,3.53,1.18,0.02,0.12
2012-08-20,600210,1.7,1.71,1.72,1.67,15968,5733013.0,2.91,-0.58,-0.01,0.11
2012-08-21,600210,1.7,1.73,1.75,1.7,17269,6267700.0,2.92,1.17,0.02,0.12
2012-08-22,600210,1.73,1.68,1.74,1.67,19806,7118185.0,4.05,-2.89,-0.05,0.14
2012-08-23,600210,1.68,1.69,1.71,1.66,23241,8327318.0,2.98,0.6,0.01,0.16
2012-08-24,600210,1.68,1.64,1.68,1.62,26362,9355078.0,3.55,-2.96,-0.05,0.18
2012-08-27,600210,1.64,1.56,1.64,1.56,18560,6482627.0,4.88,-4.88,-0.08,0.13
2012-08-28,600210,1.56,1.57,1.59,1.53,18767,6486692.0,3.85,0.64,0.01,0.13
2012-08-29,600210,1.56,1.54,1.58,1.53,12833,4432781.0,3.18,-1.91,-0.03,0.09
2012-08-30,600210,1.53,1.5,1.56,1.49,21479,7329839.0,4.55,-2.6,-0.04,0.15
2012-08-31,600210,1.51,1.53,1.54,1.49,16105,5500058.0,3.33,2.0,0.03,0.11
2012-09-03,600210,1.51,1.55,1.57,1.5,14293,4917587.0,4.58,1.31,0.02,0.1
2012-09-04,600210,1.55,1.51,1.56,1.49,17855,6108272.0,4.52,-2.58,-0.04,0.12
2012-09-05,600210,1.51,1.49,1.51,1.47,17155,5815605.0,2.65,-1.32,-0.02,0.12
2012-09-06,600210,1.49,1.52,1.52,1.48,15821,5381727.0,2.68,2.01,0.03,0.11
2012-09-07,600210,1.53,1.65,1.68,1.53,63823,22519305.0,9.87,8.55,0.13,0.44
2012-09-10,600210,1.66,1.67,1.68,1.63,33760,12029255.0,3.03,1.21,0.02,0.23
2012-09-11,600210,1.65,1.64,1.66,1.62,25494,9004479.0,2.4,-1.8,-0.03,0.18
2012-09-12,600210,1.65,1.66,1.67,1.62,22520,7987447.0,3.05,1.22,0.02,0.16
2012-09-13,600210,1.65,1.61,1.66,1.6,23699,8369016.0,3.61,-3.01,-0.05,0.16
2012-09-14,600210,1.62,1.63,1.65,1.59,25609,9008055.0,3.73,1.24,0.02,0.18
2012-09-17,600210,1.62,1.51,1.63,1.5,22550,7815850.0,7.98,-7.36,-0.12,0.16
2012-09-18,600210,1.5,1.49,1.52,1.47,21528,7305369.0,3.31,-1.32,-0.02,0.15
2012-09-19,600210,1.5,1.5,1.52,1.47,16593,5637572.0,3.36,0.67,0.01,0.12
2012-09-20,600210,1.5,1.44,1.51,1.43,24229,8148806.0,5.33,-4.0,-0.06,0.17
2012-09-21,600210,1.44,1.43,1.45,1.41,14973,4993087.0,2.78,-0.69,-0.01,0.1
2012-09-24,600210,1.43,1.45,1.46,1.4,16684,5553972.0,4.2,1.4,0.02,0.12
2012-09-25,600210,1.44,1.43,1.46,1.41,13638,4550447.0,3.45,-1.38,-0.02,0.09
2012-09-26,600210,1.42,1.36,1.44,1.35,29167,9616710.0,6.29,-4.9,-0.07,0.2
2012-09-27,600210,1.36,1.43,1.47,1.33,20630,6855800.0,10.29,5.15,0.07,0.14
2012-09-28,600210,1.43,1.47,1.47,1.41,20211,6766473.0,4.2,2.8,0.04,0.14
2012-10-08,600210,1.46,1.44,1.51,1.42,36540,12237235.0,6.12,-2.04,-0.03,0.25
2012-10-09,600210,1.44,1.56,1.58,1.44,59961,20653879.0,9.72,8.33,0.12,0.42
2012-10-10,600210,1.56,1.59,1.62,1.56,42259,14767523.0,3.85,1.92,0.03,0.29
2012-10-11,600210,1.6,1.55,1.6,1.52,22314,7720605.0,5.03,-2.52,-0.04,0.16
2012-10-12,600210,1.55,1.54,1.59,1.52,17456,6020327.0,4.52,-0.65,-0.01,0.12
2012-10-15,600210,1.55,1.52,1.55,1.5,18976,6482835.0,3.25,-1.3,-0.02,0.13
2012-10-16,600210,1.51,1.51,1.55,1.51,13201,4521308.0,2.63,-0.66,-0.01,0.09
2012-10-17,600210,1.51,1.55,1.56,1.49,27082,9291649.0,4.64,2.65,0.04,0.19
2012-10-18,600210,1.55,1.61,1.62,1.53,48579,16945971.0,5.81,3.87,0.06,0.34
2012-10-19,600210,1.6,1.6,1.61,1.57,23795,8301043.0,2.48,-0.62,-0.01,0.17
2012-10-22,600210,1.58,1.61,1.61,1.55,21732,7576356.0,3.75,0.63,0.01,0.15
2012-10-23,600210,1.61,1.6,1.65,1.59,38812,13685033.0,3.73,-0.62,-0.01,0.27
2012-10-24,600210,1.58,1.69,1.72,1.58,81675,29188462.0,8.75,5.63,0.09,0.57
2012-10-25,600210,1.69,1.63,1.7,1.62,49376,17547474.0,4.73,-3.55,-0.06,0.34
2012-10-26,600210,1.63,1.56,1.63,1.51,30906,10697712.0,7.36,-4.29,-0.07,0.22
2012-10-29,600210,1.55,1.54,1.56,1.49,15197,5217311.0,4.49,-1.28,-0.02,0.11
2012-10-30,600210,1.5,1.5,1.53,1.45,41089,13924011.0,5.19,-2.6,-0.04,0.29
2012-10-31,600210,1.5,1.5,1.51,1.46,18317,6192581.0,3.33,0.0,0.0,0.13
2012-11-01,600210,1.51,1.55,1.57,1.49,26429,9084582.0,5.33,3.33,0.05,0.18
2012-11-02,600210,1.54,1.61,1.62,1.53,32258,11209412.0,5.81,3.87,0.06,0.22
2012-11-05,600210,1.61,1.62,1.64,1.57,22362,7845559.0,4.35,0.62,0.01,0.16
2012-11-06,600210,1.6,1.58,1.62,1.54,22749,7880185.0,4.94,-2.47,-0.04,0.16
2012-11-07,600210,1.57,1.59,1.61,1.56,22044,7690985.0,3.16,0.63,0.01,0.15
2012-11-08,600210,1.58,1.48,1.58,1.47,23791,8162078.0,6.92,-6.92,-0.11,0.17
2012-11-09,600210,1.49,1.48,1.51,1.47,10236,3468895.0,2.7,0.0,0.0,0.07
2012-11-12,600210,1.49,1.5,1.52,1.46,11952,4051570.0,4.05,1.35,0.02,0.08
2012-11-13,600210,1.5,1.43,1.5,1.42,20070,6712065.0,5.33,-4.67,-0.07,0.14
2012-11-14,600210,1.41,1.43,1.45,1.41,9760,3247803.0,2.8,0.0,0.0,0.07
2012-11-15,600210,1.42,1.39,1.43,1.38,15715,5189620.0,3.5,-2.8,-0.04,0.11
2012-11-16,600210,1.37,1.38,1.4,1.35,11638,3803075.0,3.6,-0.72,-0.01,0.08
2012-11-19,600210,1.39,1.41,1.41,1.37,16007,5277587.0,2.9,2.17,0.03,0.11
2012-11-20,600210,1.42,1.49,1.57,1.4,63029,21384718.0,12.06,5.67,0.08,0.44
2012-11-21,600210,1.48,1.55,1.57,1.44,51127,17494851.0,8.72,4.03,0.06,0.36
2012-11-22,600210,1.53,1.47,1.53,1.44,39229,13271152.0,5.81,-5.16,-0.08,0.27
2012-11-23,600210,1.47,1.48,1.52,1.45,20028,6789136.0,4.76,0.68,0.01,0.14
2012-11-26,600210,1.47,1.46,1.52,1.46,19441,6591189.0,4.05,-1.35,-0.02,0.14
2012-11-27,600210,1.46,1.38,1.46,1.38,28173,9338675.0,5.48,-5.48,-0.08,0.2
2012-11-28,600210,1.37,1.34,1.4,1.33,28411,9248553.0,5.07,-2.9,-0.04,0.2
2012-11-29,600210,1.35,1.33,1.38,1.33,19315,6277387.0,3.73,-0.75,-0.01,0.13
2012-11-30,600210,1.35,1.37,1.37,1.33,15848,5159712.0,3.01,3.01,0.04,0.11
2012-12-03,600210,1.39,1.34,1.39,1.33,15885,5164336.0,4.38,-2.19,-0.03,0.11
2012-12-04,600210,1.34,1.37,1.37,1.29,20583,6641336.0,5.97,2.24,0.03,0.14
2012-12-05,600210,1.37,1.45,1.47,1.35,38250,12758885.0,8.76,5.84,0.08,0.27
2012-12-06,600210,1.44,1.45,1.47,1.43,21115,7067904.0,2.76,0.0,0.0,0.15
2012-12-07,600210,1.44,1.49,1.5,1.42,39814,13415921.0,5.52,2.76,0.04,0.28
2012-12-10,600210,1.49,1.52,1.54,1.46,45201,15373080.0,5.37,2.01,0.03,0.31
2012-12-11,600210,1.51,1.48,1.52,1.48,27833,9457107.0,2.63,-2.63,-0.04,0.19
2012-12-12,600210,1.48,1.48,1.49,1.44,17911,6027034.0,3.38,0.0,0.0,0.12
2012-12-13,600210,1.46,1.44,1.48,1.43,17244,5792521.0,3.38,-2.7,-0.04,0.12
2012-12-14,600210,1.44,1.55,1.6,1.44,117918,40615643.0,11.11,7.64,0.11,0.82
2012-12-17,600210,1.54,1.56,1.57,1.54,53392,18447831.0,1.94,0.65,0.01,0.37
2012-12-18,600210,1.55,1.51,1.59,1.44,89540,30733893.0,9.62,-3.21,-0.05,0.62
2012-12-19,600210,1.49,1.5,1.52,1.4,54477,18411518.0,7.95,-0.66,-0.01,0.38
2012-12-20,600210,1.48,1.51,1.51,1.46,50463,17085209.0,3.33,0.67,0.01,0.35
2012-12-21,600210,1.51,1.5,1.56,1.48,66221,22671333.0,5.3,-0.66,-0.01,0.46
2012-12-24,600210,1.49,1.48,1.51,1.46,45234,15300274.0,3.33,-1.33,-0.02,0.31
2012-12-25,600210,1.47,1.55,1.56,1.47,128020,43808692.0,6.08,4.73,0.07,0.89
2012-12-26,600210,1.54,1.62,1.63,1.53,155796,54337553.0,6.45,4.52,0.07,1.08
2012-12-27,600210,1.63,1.56,1.65,1.56,115809,40428938.0,5.56,-3.7,-0.06,0.81
2012-12-28,600210,1.56,1.6,1.61,1.55,83580,29122779.0,3.85,2.56,0.04,0.58
2012-12-31,600210,1.61,1.61,1.63,1.57,102520,35932217.0,3.75,0.63,0.01,0.71
2013-01-04,600210,1.63,1.6,1.66,1.58,76102,26722828.0,4.97,-0.62,-0.01,0.53
2013-01-07,600210,1.6,1.63,1.63,1.57,71420,25035490.0,3.75,1.88,0.03,0.5
2013-01-08,600210,1.62,1.68,1.71,1.61,158114,56359770.0,6.13,3.07,0.05,1.1
2013-01-09,600210,1.68,1.67,1.71,1.63,88648,31667667.0,4.76,-0.6,-0.01,0.62
2013-01-10,600210,1.66,1.66,1.69,1.63,73292,26121519.0,3.59,-0.6,-0.01,0.51
2013-01-11,600210,1.67,1.57,1.68,1.56,91010,31934954.0,7.23,-5.42,-0.09,0.63
2013-01-14,600210,1.55,1.65,1.65,1.55,89904,31561598.0,6.37,5.1,0.08,0.63
2013-01-15,600210,1.66,1.7,1.73,1.64,132634,47616705.0,5.45,3.03,0.05,0.92
2013-01-16,600210,1.7,1.78,1.84,1.65,224734,81915839.0,11.18,4.71,0.08,1.56
2013-01-17,600210,1.77,1.7,1.77,1.69,118337,42767901.0,4.49,-4.49,-0.08,0.82
2013-01-18,600210,1.69,1.73,1.76,1.69,65673,23785417.0,4.12,1.76,0.03,0.46
2013-01-21,600210,1.74,1.75,1.75,1.7,72129,26126768.0,2.89,1.16,0.02,0.5
2013-01-22,600210,1.75,1.68,1.75,1.65,77981,28066626.0,5.71,-4.0,-0.07,0.54
2013-01-23,600210,1.68,1.67,1.7,1.63,67280,23935178.0,4.17,-0.6,-0.01,0.47
2013-01-24,600210,1.67,1.61,1.71,1.6,86348,30690462.0,6.59,-3.59,-0.06,0.6
2013-01-25,600210,1.61,1.61,1.64,1.6,41448,14558479.0,2.48,0.0,0.0,0.29
2013-01-28,600210,1.56,1.61,1.61,1.55,164341,57230812.0,3.73,0.0,0.0,1.14
2013-01-29,600210,1.61,1.61,1.61,1.58,86103,30096947.0,1.86,0.0,0.0,0.6
2013-01-30,600210,1.61,1.67,1.77,1.57,209919,74535631.0,12.42,3.73,0.06,1.46
2013-01-31,600210,1.64,1.63,1.67,1.6,121313,42852341.0,4.19,-2.4,-0.04,0.84
2013-02-01,600210,1.62,1.65,1.67,1.61,85400,30278974.0,3.68,1.23,0.02,0.59
2013-02-04,600210,1.64,1.61,1.67,1.6,90199,31826129.0,4.24,-2.42,-0.04,0.63
2013-02-05,600210,1.6,1.65,1.65,1.59,72034,25374917.0,3.73,2.48,0.04,0.5
2013-02-06,600210,1.65,1.63,1.67,1.6,123328,43441324.0,4.24,-1.21,-0.02,0.86
2013-02-07,600210,1.64,1.62,1.64,1.59,64926,22815145.0,3.07,-0.61,-0.01,0.45
2013-02-08,600210,1.62,1.65,1.66,1.61,75773,26798024.0,3.09,1.85,0.03,0.53
2013-02-18,600210,1.65,1.69,1.7,1.64,130032,46419210.0,3.64,2.42,0.04,0.91
2013-02-19,600210,1.69,1.64,1.69,1.62,78258,27770041.0,4.14,-2.96,-0.05,0.54
2013-02-20,600210,1.63,1.68,1.68,1.63,84627,30140126.0,3.05,2.44,0.04,0.59
2013-02-21,600210,1.67,1.62,1.67,1.6,97659,34530746.0,4.17,-3.57,-0.06,0.68
2013-02-22,600210,1.61,1.62,1.64,1.61,54342,19122504.0,1.85,0.0,0.0,0.38
2013-02-25,600210,1.61,1.63,1.64,1.61,39434,13914174.0,1.85,0.62,0.01,0.27
2013-02-26,600210,1.62,1.58,1.62,1.57,63056,22075294.0,3.07,-3.07,-0.05,0.44
2013-02-27,600210,1.58,1.56,1.6,1.55,49491,17172141.0,3.16,-1.27,-0.02,0.34
2013-02-28,600210,1.58,1.6,1.6,1.55,66918,23287782.0,3.21,2.56,0.04,0.47
2013-03-01,600210,1.6,1.61,1.61,1.58,69558,24278666.0,1.88,0.63,0.01,0.48
2013-03-04,600210,1.6,1.49,1.6,1.47,109686,37536754.0,8.07,-7.45,-0.12,0.76
2013-03-05,600210,1.5,1.51,1.52,1.44,72940,24707634.0,5.37,1.34,0.02,0.51
2013-03-06,600210,1.52,1.53,1.54,1.49,73011,24949696.0,3.31,1.32,0.02,0.51
2013-03-07,600210,1.53,1.5,1.53,1.49,59079,20154964.0,2.61,-1.96,-0.03,0.41
2013-03-08,600210,1.5,1.52,1.53,1.49,37392,12747295.0,2.67,1.33,0.02,0.26
2013-03-11,600210,1.51,1.47,1.52,1.44,51086,17270326.0,5.26,-3.29,-0.05,0.36
2013-03-12,600210,1.46,1.4,1.49,1.37,62732,20861678.0,8.16,-4.76,-0.07,0.44
2013-03-13,600210,1.4,1.37,1.41,1.36,44671,14640315.0,3.57,-2.14,-0.03,0.31
2013-03-14,600210,1.38,1.38,1.4,1.36,36110,11836295.0,2.92,0.73,0.01,0.25
2013-03-15,600210,1.38,1.38,1.42,1.35,45898,15086851.0,5.07,0.0,0.0,0.32
2013-03-18,600210,1.38,1.35,1.39,1.34,37634,12266231.0,3.62,-2.17,-0.03,0.26
2013-03-19,600210,1.36,1.38,1.38,1.34,32235,10502004.0,2.96,2.22,0.03,0.22
2013-03-20,600210,1.4,1.48,1.5,1.4,108312,36464271.0,7.25,7.25,0.1,0.75
2013-03-21,600210,1.45,1.46,1.49,1.45,54094,18208891.0,2.7,-1.35,-0.02,0.38
2013-03-22,600210,1.47,1.45,1.47,1.43,36056,12071090.0,2.74,-0.68,-0.01,0.25
2013-03-25,600210,1.45,1.43,1.46,1.42,35832,11949961.0,2.76,-1.38,-0.02,0.25
2013-03-26,600210,1.42,1.42,1.43,1.39,40872,13517719.0,2.8,-0.7,-0.01,0.28
2013-03-27,600210,1.42,1.44,1.48,1.41,59114,19747238.0,4.93,1.41,0.02,0.41
2013-03-28,600210,1.43,1.36,1.43,1.35,46208,15131808.0,5.56,-5.56,-0.08,0.32
2013-03-29,600210,1.36,1.38,1.41,1.36,31849,10436555.0,3.68,1.47,0.02,0.22
2013-04-01,600210,1.38,1.36,1.39,1.36,23773,7775924.0,2.17,-1.45,-0.02,0.17
2013-04-02,600210,1.37,1.34,1.4,1.34,36689,11976205.0,4.41,-1.47,-0.02,0.26
2013-04-03,600210,1.35,1.36,1.37,1.33,24101,7837309.0,2.99,1.49,0.02,0.17
2013-04-08,600210,1.34,1.31,1.34,1.27,44532,14227219.0,5.15,-3.68,-0.05,0.31
2013-04-09,600210,1.3,1.33,1.34,1.29,26506,8538565.0,3.82,1.53,0.02,0.18
2013-04-10,600210,1.33,1.34,1.34,1.3,23187,7465364.0,3.01,0.75,0.01,0.16
2013-04-11,600210,1.35,1.31,1.35,1.3,30094,9684180.0,3.73,-2.24,-0.03,0.21
2013-04-12,600210,1.3,1.31,1.32,1.29,21587,6924631.0,2.29,0.0,0.0,0.15
2013-04-15,600210,1.31,1.24,1.31,1.23,34171,10816509.0,6.11,-5.34,-0.07,0.24
2013-04-16,600210,1.23,1.3,1.31,1.21,40232,12725203.0,8.06,4.84,0.06,0.28
2013-04-17,600210,1.29,1.27,1.3,1.26,18609,5920279.0,3.08,-2.31,-0.03,0.13
2013-04-18,600210,1.27,1.37,1.47,1.26,130519,43006823.0,16.54,7.87,0.1,0.91
2013-04-19,600210,1.33,1.4,1.46,1.33,90634,30000707.0,9.49,2.19,0.03,0.63
2013-04-22,600210,1.37,1.38,1.4,1.36,37282,12223536.0,2.86,-1.43,-0.02,0.26
2013-04-23,600210,1.39,1.3,1.4,1.3,42973,13876094.0,7.25,-5.8,-0.08,0.3
2013-04-24,600210,1.33,1.35,1.35,1.29,36621,11806573.0,4.62,3.85,0.05,0.25
2013-04-25,600210,1.34,1.3,1.34,1.28,47207,15150562.0,4.44,-3.7,-0.05,0.33
2013-04-26,600210,1.31,1.26,1.32,1.26,35213,11176305.0,4.62,-3.08,-0.04,0.25
2013-05-02,600210,1.27,1.27,1.28,1.25,17091,5413859.0,2.38,0.79,0.01,0.12
2013-05-03,600210,1.27,1.32,1.33,1.27,34757,11175616.0,4.72,3.94,0.05,0.24
2013-05-06,600210,1.32,1.35,1.36,1.31,37881,12257202.0,3.79,2.27,0.03,0.26
2013-05-07,600210,1.34,1.34,1.35,1.32,37461,12102631.0,2.22,-0.74,-0.01,0.26
2013-05-08,600210,1.34,1.34,1.36,1.32,23514,7614011.0,2.99,0.0,0.0,0.16
2013-05-09,600210,1.34,1.35,1.36,1.33,45527,14781802.0,2.24,0.75,0.01,0.32
2013-05-10,600210,1.36,1.35,1.36,1.32,35127,11377092.0,2.96,0.0,0.0,0.24
2013-05-13,600210,1.34,1.35,1.36,1.33,34263,11120880.0,2.22,0.0,0.0,0.24
2013-05-14,600210,1.34,1.31,1.35,1.29,28019,8998803.0,4.44,-2.96,-0.04,0.2
2013-05-15,600210,1.3,1.32,1.33,1.3,25459,8182844.0,2.29,0.76,0.01,0.18
2013-05-16,600210,1.31,1.38,1.39,1.3,63282,20559140.0,6.82,4.55,0.06,0.44
2013-05-17,600210,1.37,1.4,1.4,1.35,57209,18757149.0,3.62,1.45,0.02,0.4
2013-05-20,600210,1.38,1.41,1.42,1.38,67765,22364443.0,2.86,0.71,0.01,0.47
2013-05-21,600210,1.4,1.42,1.42,1.38,57315,18920425.0,2.84,0.71,0.01,0.4
2013-05-22,600210,1.42,1.4,1.43,1.38,57015,18829101.0,3.52,-1.41,-0.02,0.4
2013-05-23,600210,1.39,1.38,1.42,1.37,60632,19961161.0,3.57,-1.43,-0.02,0.42
2013-05-24,600210,1.38,1.44,1.44,1.37,63433,20922551.0,5.07,4.35,0.06,0.44
2013-05-27,600210,1.44,1.42,1.44,1.4,56344,18719595.0,2.78,-1.39,-0.02,0.39
2013-05-28,600210,1.42,1.44,1.45,1.4,61479,20461351.0,3.52,1.41,0.02,0.43
2013-05-29,600210,1.45,1.43,1.45,1.42,70339,23460869.0,2.08,-0.69,-0.01,0.49
2013-05-30,600210,1.42,1.45,1.46,1.41,74339,24849223.0,3.5,1.4,0.02,0.52
2013-05-31,600210,1.45,1.46,1.54,1.44,262491,88529540.0,6.9,0.69,0.01,1.83
2013-06-03,600210,1.45,1.54,1.58,1.44,239952,82196204.0,9.59,5.48,0.08,1.67
2013-06-04,600210,1.55,1.51,1.59,1.49,178275,61378337.0,6.49,-1.95,-0.03,1.24
2013-06-05,600210,1.5,1.51,1.53,1.49,68775,23403628.0,2.65,0.0,0.0,0.48
2013-06-06,600210,1.51,1.42,1.53,1.4,86827,29092792.0,8.61,-5.96,-0.09,0.6
2013-06-07,600210,1.42,1.37,1.43,1.35,65042,21332816.0,5.63,-3.52,-0.05,0.45
2013-06-13,600210,1.35,1.28,1.35,1.23,59001,18734013.0,8.76,-6.57,-0.09,0.41
2013-06-14,600210,1.28,1.27,1.3,1.25,55370,17584999.0,3.91,-0.78,-0.01,0.39
2013-06-17,600210,1.27,1.28,1.32,1.24,48431,15385849.0,6.3,0.79,0.01,0.34
2013-06-18,600210,1.28,1.28,1.3,1.27,24154,7693604.0,2.34,0.0,0.0,0.17
2013-06-19,600210,1.29,1.23,1.29,1.22,57866,18159600.0,5.47,-3.91,-0.05,0.4
2013-06-20,600210,1.22,1.18,1.24,1.17,51874,16130247.0,5.69,-4.07,-0.05,0.36
2013-06-21,600210,1.18,1.16,1.18,1.1,41617,12641923.0,6.78,-1.69,-0.02,0.29
2013-06-24,600210,1.15,0.99,1.16,0.98,54309,16086597.0,15.52,-14.66,-0.17,0.38
2013-06-25,600210,0.98,0.92,0.99,0.7,76530,21157402.0,29.29,-7.07,-0.07,0.53
2013-06-26,600210,0.92,0.91,0.94,0.85,30828,8612833.0,9.78,-1.09,-0.01,0.21
2013-06-27,600210,0.9,0.89,0.95,0.89,40353,11374860.0,6.59,-2.2,-0.02,0.28
2013-06-28,600210,0.91,0.9,0.93,0.85,25789,7213612.0,8.99,1.12,0.01,0.18
2013-07-01,600210,0.9,0.88,0.9,0.81,68178,18703753.0,10.0,-2.22,-0.02,0.47
2013-07-02,600210,0.87,0.9,0.9,0.84,44136,12240619.0,6.82,2.27,0.02,0.31
2013-07-03,600210,0.88,0.85,0.89,0.82,31324,8612796.0,7.78,-5.56,-0.05,0.22
2013-07-04,600210,0.85,0.92,0.93,0.82,66191,18378522.0,12.94,8.24,0.07,0.46
2013-07-05,600210,0.92,1.12,1.2,0.91,279100,84067270.0,31.52,21.74,0.2,1.94
2013-07-08,600210,1.01,0.96,1.06,0.94,160607,46545686.0,10.71,-14.29,-0.16,1.12
2013-07-09,600210,0.95,0.98,1.02,0.94,43564,12522612.0,8.33,2.08,0.02,0.3
2013-07-10,600210,0.98,1.08,1.11,0.95,109352,32447489.0,16.33,10.2,0.1,0.76
2013-07-11,600210,1.1,1.12,1.16,1.06,107433,32324994.0,9.26,3.7,0.04,0.75
2013-07-12,600210,1.13,1.08,1.17,1.06,69558,20963103.0,9.82,-3.57,-0.04,0.48
2013-07-15,600210,1.08,1.1,1.11,1.07,47345,14173227.0,3.7,1.85,0.02,0.33
2013-07-16,600210,1.08,1.11,1.14,1.08,40142,12077282.0,5.45,0.91,0.01,0.28
2013-07-17,600210,1.1,1.1,1.16,1.09,58471,17711931.0,6.31,-0.9,-0.01,0.41
2013-07-18,600210,1.07,1.05,1.1,1.05,49148,14575220.0,4.55,-4.55,-0.05,0.34
2013-07-19,600210,1.04,0.99,1.08,0.98,44867,13146804.0,9.52,-5.71,-0.06,0.31
2013-07-22,600210,0.98,1.01,1.03,0.98,30345,8805715.0,5.05,2.02,0.02,0.21
2013-07-23,600210,1.04,1.05,1.06,1.01,29951,8518858.0,4.95,3.96,0.04,0.21
2013-07-24,600210,1.05,1.11,1.12,1.02,67303,19304392.0,9.52,5.71,0.06,0.47
2013-07-25,600210,1.11,1.05,1.12,1.05,45354,12997516.0,6.31,-5.41,-0.06,0.32
2013-07-26,600210,1.04,1.02,1.06,1.01,32516,9184869.0,4.76,-2.86,-0.03,0.23
2013-07-29,600210,1.03,0.98,1.03,0.96,25598,7112443.0,6.86,-3.92,-0.04,0.18
2013-07-30,600210,0.98,0.99,1.01,0.96,28412,7925235.0,5.1,1.02,0.01,0.2
2013-07-31,600210,1.0,1.0,1.02,0.99,25595,7170564.0,3.03,1.01,0.01,0.18
2013-08-01,600210,1.01,1.05,1.06,1.0,40846,11558334.0,6.0,5.0,0.05,0.28
2013-08-02,600210,1.05,1.04,1.07,1.02,37758,10730742.0,4.76,-0.95,-0.01,0.26
2013-08-05,600210,1.04,1.11,1.12,1.02,66103,18973197.0,9.62,6.73,0.07,0.46
2013-08-06,600210,1.09,1.12,1.13,1.08,43283,12570624.0,4.5,0.9,0.01,0.3
2013-08-07,600210,1.11,1.1,1.15,1.07,70438,20592798.0,7.14,-1.79,-0.02,0.49
2013-08-08,600210,1.09,1.08,1.1,1.06,41906,12053632.0,3.64,-1.82,-0.02,0.29
2013-08-09,600210,1.08,1.08,1.09,1.05,32951,9461836.0,3.7,0.0,0.0,0.23
2013-08-12,600210,1.08,1.12,1.13,1.07,47485,13805641.0,5.56,3.7,0.04,0.33
2013-08-13,600210,1.12,1.15,1.16,1.11,56365,16551325.0,4.46,2.68,0.03,0.39
2013-08-14,600210,1.14,1.14,1.17,1.12,55509,16358688.0,4.35,-0.87,-0.01,0.39
2013-08-15,600210,1.14,1.11,1.14,1.11,38469,11246638.0,2.63,-2.63,-0.03,0.27
2013-08-16,600210,1.1,1.08,1.19,1.08,59483,17387345.0,9.91,-2.7,-0.03,0.41
2013-08-19,600210,1.07,1.16,1.18,1.06,84419,24845319.0,11.11,7.41,0.08,0.59
2013-08-20,600210,1.14,1.12,1.18,1.11,61754,18138319.0,6.03,-3.45,-0.04,0.43
2013-08-21,600210,1.13,1.11,1.13,1.09,42202,12281274.0,3.57,-0.89,-0.01,0.29
2013-08-22,600210,1.1,1.13,1.15,1.1,48348,14167335.0,4.5,1.8,0.02,0.34
2013-08-23,600210,1.16,1.16,1.2,1.11,93141,27564439.0,7.96,2.65,0.03,0.65
2013-08-26,600210,1.18,1.27,1.28,1.15,153758,46881594.0,11.21,9.48,0.11,1.07
2013-08-27,600210,1.28,1.47,1.54,1.26,474077,153817134.0,22.05,15.75,0.2,3.3
2013-08-28,600210,1.42,1.51,1.58,1.41,492628,163394338.0,11.56,2.72,0.04,3.43
2013-08-29,600210,1.45,1.38,1.48,1.36,286936,91805015.0,7.95,-8.61,-0.13,2.0
2013-08-30,600210,1.38,1.43,1.55,1.37,277492,90413282.0,13.04,3.62,0.05,1.93
2013-09-02,600210,1.55,1.42,1.58,1.37,198211,64399432.0,14.69,-0.7,-0.01,1.38
2013-09-03,600210,1.38,1.44,1.48,1.37,175813,56891802.0,7.75,1.41,0.02,1.22
2013-09-04,600210,1.48,1.51,1.55,1.4,275966,90682722.0,10.42,4.86,0.07,1.92
2013-09-05,600210,1.5,1.45,1.51,1.42,156100,50847253.0,5.96,-3.97,-0.06,1.09
2013-09-06,600210,1.45,1.59,1.68,1.45,409514,138921839.0,15.86,9.66,0.14,2.85
2013-09-09,600210,1.59,1.59,1.7,1.55,384821,131820196.0,9.43,0.0,0.0,2.68
2013-09-10,600210,1.57,1.78,1.87,1.56,538775,190040346.0,19.5,11.95,0.19,3.75
2013-09-11,600210,1.77,1.72,1.85,1.68,356968,126813102.0,9.55,-3.37,-0.06,2.48
2013-09-12,600210,1.72,1.82,1.85,1.68,278157,99040059.0,9.88,5.81,0.1,1.94
2013-09-13,600210,1.8,1.68,1.81,1.65,220199,77146458.0,8.79,-7.69,-0.14,1.53
2013-09-16,600210,1.68,1.66,1.7,1.63,108229,37547217.0,4.17,-1.19,-0.02,0.75
2013-09-17,600210,1.64,1.5,1.66,1.46,191282,63817304.0,12.05,-9.64,-0.16,1.33
2013-09-18,600210,1.5,1.53,1.56,1.45,103586,34294712.0,7.33,2.0,0.03,0.72
2013-09-23,600210,1.53,1.59,1.62,1.52,117026,39554666.0,6.54,3.92,0.06,0.81
2013-09-24,600210,1.62,1.68,1.75,1.55,238107,82686276.0,12.58,5.66,0.09,1.66
2013-09-25,600210,1.65,1.64,1.76,1.62,235864,82438425.0,8.33,-2.38,-0.04,1.64
2013-09-26,600210,1.61,1.46,1.62,1.45,167205,55491082.0,10.37,-10.98,-0.18,1.16
2013-09-27,600210,1.48,1.48,1.5,1.45,63257,20713438.0,3.42,1.37,0.02,0.44
2013-09-30,600210,1.51,1.51,1.56,1.49,72411,23940734.0,4.73,2.03,0.03,0.5
2013-10-08,600210,1.49,1.51,1.53,1.46,95766,31498260.0,4.64,0.0,0.0,0.67
2013-10-09,600210,1.51,1.51,1.52,1.46,79032,26043865.0,3.97,0.0,0.0,0.55
2013-10-10,600210,1.51,1.48,1.52,1.45,76676,25165459.0,4.64,-1.99,-0.03,0.53
2013-10-11,600210,1.5,1.61,1.61,1.46,197848,66460301.0,10.14,8.78,0.13,1.38
2013-10-14,600210,1.62,1.6,1.67,1.58,177525,60690557.0,5.59,-0.62,-0.01,1.24
2013-10-15,600210,1.59,1.67,1.68,1.56,176802,60673028.0,7.5,4.38,0.07,1.23
2013-10-16,600210,1.65,1.52,1.65,1.49,142431,47852858.0,9.58,-8.98,-0.15,0.99
2013-10-17,600210,1.54,1.52,1.56,1.51,69854,23297739.0,3.29,0.0,0.0,0.49
2013-10-18,600210,1.52,1.49,1.53,1.48,57668,19045375.0,3.29,-1.97,-0.03,0.4
2013-10-21,600210,1.51,1.54,1.55,1.46,109912,36291760.0,6.04,3.36,0.05,0.77
2013-10-22,600210,1.53,1.48,1.53,1.47,96682,31823272.0,3.9,-3.9,-0.06,0.67
2013-10-23,600210,1.5,1.41,1.5,1.4,84069,27182223.0,6.76,-4.73,-0.07,0.59
2013-10-24,600210,1.41,1.39,1.42,1.38,45644,14590457.0,2.84,-1.42,-0.02,0.32
2013-10-25,600210,1.39,1.32,1.41,1.3,77244,24316184.0,7.91,-5.04,-0.07,0.54
2013-10-28,600210,1.32,1.33,1.35,1.3,33662,10485141.0,3.79,0.76,0.01,0.23
2013-10-29,600210,1.33,1.25,1.35,1.19,79126,24176282.0,12.03,-6.02,-0.08,0.55
2013-10-30,600210,1.27,1.29,1.29,1.25,46064,14129253.0,3.2,3.2,0.04,0.32
2013-10-31,600210,1.29,1.31,1.34,1.26,37317,11552045.0,6.2,1.55,0.02,0.26
2013-11-01,600210,1.31,1.3,1.31,1.25,36946,11380719.0,4.58,-0.76,-0.01,0.26
2013-11-04,600210,1.28,1.31,1.32,1.28,29094,9029675.0,3.08,0.77,0.01,0.2
2013-11-05,600210,1.31,1.34,1.35,1.24,48127,14890975.0,8.4,2.29,0.03,0.33
2013-11-06,600210,1.33,1.29,1.34,1.29,36723,11423287.0,3.73,-3.73,-0.05,0.26
2013-11-07,600210,1.29,1.27,1.31,1.25,30182,9283989.0,4.65,-1.55,-0.02,0.21
2013-11-08,600210,1.29,1.24,1.29,1.22,44880,13648433.0,5.51,-2.36,-0.03,0.31
2013-11-11,600210,1.25,1.24,1.26,1.21,25764,7807731.0,4.03,0.0,0.0,0.18
2013-11-12,600210,1.22,1.27,1.28,1.22,38707,11814617.0,4.84,2.42,0.03,0.27
2013-11-13,600210,1.26,1.22,1.26,1.21,29642,8982151.0,3.94,-3.94,-0.05,0.21
2013-11-14,600210,1.2,1.22,1.23,1.18,35405,10639679.0,4.1,0.0,0.0,0.25
2013-11-15,600210,1.23,1.27,1.3,1.21,80674,24746057.0,7.38,4.1,0.05,0.56
2013-11-18,600210,1.28,1.32,1.33,1.27,71450,22160296.0,4.72,3.94,0.05,0.5
2013-11-19,600210,1.32,1.4,1.47,1.3,135988,43399253.0,12.88,6.06,0.08,0.95
2013-11-20,600210,1.4,1.43,1.52,1.38,107475,34795797.0,10.0,2.14,0.03,0.75
2013-11-21,600210,1.4,1.41,1.47,1.38,80931,26054793.0,6.29,-1.4,-0.02,0.56
2013-11-22,600210,1.4,1.36,1.42,1.34,68659,21808856.0,5.67,-3.55,-0.05,0.48
2013-11-25,600210,1.35,1.37,1.4,1.33,62684,19848387.0,5.15,0.74,0.01,0.44
2013-11-26,600210,1.38,1.37,1.39,1.32,53992,17049200.0,5.11,0.0,0.0,0.38
2013-11-27,600210,1.35,1.4,1.41,1.35,44391,14129933.0,4.38,2.19,0.03,0.31
2013-11-28,600210,1.4,1.43,1.45,1.38,96833,31298455.0,5.0,2.14,0.03,0.67
2013-11-29,600210,1.42,1.43,1.44,1.4,54909,17647483.0,2.8,0.0,0.0,0.38
2013-12-02,600210,1.46,1.69,1.75,1.37,790508,273107104.0,26.57,18.18,0.26,5.5
2013-12-03,600210,1.6,1.67,1.7,1.51,563546,191783762.0,11.24,-1.18,-0.02,3.92
2013-12-04,600210,1.62,1.67,1.78,1.6,375150,131128060.0,10.78,0.0,0.0,2.61
2013-12-05,600210,1.65,1.74,1.87,1.64,592174,211977927.0,13.77,4.19,0.07,4.12
2013-12-06,600210,1.74,1.71,1.84,1.69,270124,95624621.0,8.62,-1.72,-0.03,1.88
2013-12-09,600210,1.73,1.65,1.75,1.59,310149,106621589.0,9.36,-3.51,-0.06,2.16
2013-12-10,600210,1.63,1.63,1.73,1.62,223817,77744292.0,6.67,-1.21,-0.02,1.56
2013-12-11,600210,1.64,1.59,1.64,1.55,150594,50914359.0,5.52,-2.45,-0.04,1.05
2013-12-12,600210,1.6,1.59,1.63,1.55,112062,38008235.0,5.03,0.0,0.0,0.78
2013-12-13,600210,1.59,1.61,1.64,1.57,89281,30408824.0,4.4,1.26,0.02,0.62
2013-12-16,600210,1.65,1.55,1.66,1.54,114454,38666269.0,7.45,-3.73,-0.06,0.8
2013-12-17,600210,1.55,1.56,1.61,1.52,94787,31969305.0,5.81,0.65,0.01,0.66
2013-12-18,600210,1.56,1.55,1.59,1.54,46843,15751682.0,3.21,-0.64,-0.01,0.33
2013-12-19,600210,1.55,1.46,1.57,1.45,92418,30554243.0,7.74,-5.81,-0.09,0.64
2013-12-20,600210,1.47,1.39,1.49,1.35,84081,27044493.0,9.59,-4.79,-0.07,0.59
2013-12-23,600210,1.39,1.36,1.4,1.34,55746,17666805.0,4.32,-2.16,-0.03,0.39
2013-12-24,600210,1.36,1.37,1.41,1.35,46584,14834796.0,4.41,0.74,0.01,0.32
2013-12-25,600210,1.36,1.36,1.39,1.33,82414,26009455.0,4.38,-0.73,-0.01,0.57
2013-12-26,600210,1.38,1.3,1.38,1.29,75843,23758707.0,6.62,-4.41,-0.06,0.53
2013-12-27,600210,1.3,1.35,1.35,1.28,55673,17434768.0,5.38,3.85,0.05,0.39
2013-12-30,600210,1.37,1.38,1.39,1.35,54939,17405487.0,2.96,2.22,0.03,0.38
2013-12-31,600210,1.39,1.45,1.46,1.36,73039,23446957.0,7.25,5.07,0.07,0.51
2014-01-02,600210,1.42,1.41,1.44,1.39,54649,17519171.0,3.45,-2.76,-0.04,0.38
2014-01-03,600210,1.4,1.32,1.4,1.31,62331,19614954.0,6.38,-6.38,-0.09,0.43
2014-01-06,600210,1.32,1.23,1.32,1.22,72100,21981720.0,7.58,-6.82,-0.09,0.5
2014-01-07,600210,1.22,1.25,1.27,1.2,42674,12978616.0,5.69,1.63,0.02,0.3
2014-01-08,600210,1.26,1.23,1.28,1.21,55580,16867794.0,5.6,-1.6,-0.02,0.39
2014-01-09,600210,1.23,1.19,1.24,1.18,53461,16096290.0,4.88,-3.25,-0.04,0.37
2014-01-10,600210,1.18,1.15,1.19,1.13,53112,15691244.0,5.04,-3.36,-0.04,0.37
2014-01-13,600210,1.15,1.13,1.17,1.1,37456,10974688.0,6.09,-1.74,-0.02,0.26
2014-01-14,600210,1.13,1.18,1.18,1.1,43779,12879443.0,7.08,4.42,0.05,0.3
2014-01-15,600210,1.17,1.17,1.18,1.14,36349,10752180.0,3.39,-0.85,-0.01,0.25
2014-01-16,600210,1.18,1.18,1.2,1.15,29118,8667252.0,4.27,0.85,0.01,0.2
2014-01-17,600210,1.18,1.14,1.18,1.14,31366,9257290.0,3.39,-3.39,-0.04,0.22
2014-01-20,600210,1.13,1.14,1.2,1.1,36430,10752067.0,8.77,0.0,0.0,0.25
2014-01-21,600210,1.14,1.21,1.22,1.12,54565,16340138.0,8.77,6.14,0.07,0.38
2014-01-22,600210,1.19,1.26,1.26,1.19,50421,15335077.0,5.79,4.13,0.05,0.35
2014-01-23,600210,1.27,1.24,1.27,1.22,40332,12270185.0,3.97,-1.59,-0.02,0.28
2014-01-24,600210,1.24,1.27,1.29,1.22,61367,18788168.0,5.65,2.42,0.03,0.43
2014-01-27,600210,1.25,1.23,1.26,1.22,51989,15812945.0,3.15,-3.15,-0.04,0.36
2014-01-28,600210,1.23,1.24,1.25,1.21,27998,8488229.0,3.25,0.81,0.01,0.19
2014-01-29,600210,1.24,1.24,1.25,1.22,27468,8340856.0,2.42,0.0,0.0,0.19
2014-01-30,600210,1.24,1.23,1.24,1.21,23028,6964110.0,2.42,-0.81,-0.01,0.16
2014-02-07,600210,1.2,1.23,1.23,1.17,32161,9667280.0,4.88,0.0,0.0,0.22
2014-02-10,600210,1.23,1.3,1.31,1.22,73777,22725722.0,7.32,5.69,0.07,0.51
2014-02-11,600210,1.29,1.32,1.33,1.28,72337,22494142.0,3.85,1.54,0.02,0.5
2014-02-12,600210,1.33,1.37,1.37,1.29,105001,32839993.0,6.06,3.79,0.05,0.73
2014-02-13,600210,1.36,1.34,1.39,1.32,87127,27458563.0,5.11,-2.19,-0.03,0.61
2014-02-14,600210,1.33,1.37,1.38,1.32,79842,25160748.0,4.48,2.24,0.03,0.56
2014-02-17,600210,1.37,1.4,1.4,1.36,111693,35513952.0,2.92,2.19,0.03,0.78
2014-02-18,600210,1.39,1.48,1.54,1.36,194857,63033075.0,12.86,5.71,0.08,1.36
2014-02-19,600210,1.45,1.44,1.49,1.42,135585,44132807.0,4.73,-2.7,-0.04,0.94
2014-02-20,600210,1.45,1.39,1.47,1.38,97716,31518278.0,6.25,-3.47,-0.05,0.68
2014-02-21,600210,1.39,1.39,1.45,1.37,83466,26760550.0,5.76,0.0,0.0,0.58
2014-02-24,600210,1.38,1.32,1.38,1.29,67549,21078460.0,6.47,-5.04,-0.07,0.47
2014-02-25,600210,1.3,1.27,1.37,1.26,94138,29411956.0,8.33,-3.79,-0.05,0.66
2014-02-26,600210,1.27,1.26,1.27,1.21,63784,19368300.0,4.72,-0.79,-0.01,0.44
2014-02-27,600210,1.26,1.32,1.41,1.24,110671,34440554.0,13.49,4.76,0.06,0.77
2014-02-28,600210,1.29,1.31,1.31,1.26,69363,21392801.0,3.79,-0.76,-0.01,0.48
2014-03-03,600210,1.32,1.4,1.42,1.29,135219,42870270.0,9.92,6.87,0.09,0.94
2014-03-04,600210,1.37,1.38,1.44,1.33,109667,34755942.0,7.86,-1.43,-0.02,0.76
2014-03-05,600210,1.39,1.36,1.41,1.35,71322,22673115.0,4.35,-1.45,-0.02,0.5
2014-03-06,600210,1.36,1.37,1.39,1.32,67916,21439278.0,5.15,0.74,0.01,0.47
2014-03-07,600210,1.36,1.35,1.39,1.33,47460,14970528.0,4.38,-1.46,-0.02,0.33
2014-03-10,600210,1.34,1.2,1.34,1.15,109618,33282507.0,14.07,-11.11,-0.15,0.76
2014-03-11,600210,1.19,1.22,1.25,1.18,53098,15954382.0,5.83,1.67,0.02,0.37
2014-03-12,600210,1.22,1.25,1.28,1.19,61779,18776727.0,7.38,2.46,0.03,0.43
2014-03-13,600210,1.25,1.25,1.28,1.23,57816,17652900.0,4.0,0.0,0.0,0.4
2014-03-14,600210,1.24,1.21,1.25,1.19,45888,13866824.0,4.8,-3.2,-0.04,0.32
2014-03-17,600210,1.21,1.24,1.26,1.21,39394,11956059.0,4.13,2.48,0.03,0.27
2014-03-18,600210,1.24,1.27,1.29,1.24,54656,16742940.0,4.03,2.42,0.03,0.38
2014-03-19,600210,1.27,1.27,1.27,1.22,57574,17503132.0,3.94,0.0,0.0,0.4
2014-03-20,600210,1.26,1.23,1.3,1.23,62001,19036679.0,5.51,-3.15,-0.04,0.43
2014-03-21,600210,1.23,1.3,1.31,1.22,70285,21611578.0,7.32,5.69,0.07,0.49
2014-03-24,600210,1.31,1.36,1.36,1.3,113286,35525250.0,4.62,4.62,0.06,0.79
2014-03-25,600210,1.35,1.37,1.43,1.34,145605,46410789.0,6.62,0.74,0.01,1.01
2014-03-26,600210,1.38,1.35,1.39,1.34,53441,16885783.0,3.65,-1.46,-0.02,0.37
2014-03-27,600210,1.35,1.34,1.4,1.3,93099,29306279.0,7.41,-0.74,-0.01,0.65
2014-03-28,600210,1.33,1.37,1.43,1.33,112951,35908741.0,7.46,2.24,0.03,0.79
2014-03-31,600210,1.38,1.32,1.39,1.31,65697,20678938.0,5.84,-3.65,-0.05,0.46
2014-04-01,600210,1.33,1.37,1.38,1.31,62603,19719152.0,5.3,3.79,0.05,0.44
2014-04-02,600210,1.37,1.38,1.4,1.35,82097,26118044.0,3.65,0.73,0.01,0.57
2014-04-03,600210,1.38,1.34,1.39,1.33,58303,18374480.0,4.35,-2.9,-0.04,0.41
2014-04-04,600210,1.33,1.4,1.42,1.32,97210,30952770.0,7.46,4.48,0.06,0.68
2014-04-08,600210,1.4,1.44,1.45,1.38,119051,38324565.0,5.0,2.86,0.04,0.83
2014-04-09,600210,1.43,1.4,1.44,1.38,71701,23005601.0,4.17,-2.78,-0.04,0.5
2014-04-10,600210,1.41,1.4,1.42,1.39,89405,28659133.0,2.14,0.0,0.0,0.62
2014-04-11,600210,1.39,1.4,1.4,1.38,66138,21082341.0,1.43,0.0,0.0,0.46
2014-04-14,600210,1.4,1.38,1.4,1.36,59159,18795370.0,2.86,-1.43,-0.02,0.41
2014-04-15,600210,1.38,1.36,1.4,1.35,51999,16512258.0,3.62,-1.45,-0.02,0.36
2014-04-16,600210,1.35,1.41,1.42,1.35,90894,29079261.0,5.15,3.68,0.05,0.63
2014-04-17,600210,1.41,1.39,1.41,1.38,53870,17207190.0,2.13,-1.42,-0.02,0.37
2014-04-18,600210,1.4,1.38,1.41,1.36,54338,17233927.0,3.6,-0.72,-0.01,0.38
2014-04-21,600210,1.37,1.33,1.38,1.33,53767,16989894.0,3.62,-3.62,-0.05,0.37
2014-04-22,600210,1.33,1.33,1.35,1.29,58872,18326250.0,4.51,0.0,0.0,0.41
2014-04-23,600210,1.33,1.33,1.35,1.31,52744,16495618.0,3.01,0.0,0.0,0.37
2014-04-24,600210,1.33,1.26,1.33,1.26,48477,14988669.0,5.26,-5.26,-0.07,0.34
2014-04-25,600210,1.27,1.22,1.29,1.22,42816,13055931.0,5.56,-3.17,-0.04,0.3
2014-04-28,600210,1.2,1.14,1.22,1.14,67704,20073965.0,6.56,-6.56,-0.08,0.47
2014-04-29,600210,1.16,1.16,1.17,1.11,56840,16695658.0,5.26,1.75,0.02,0.4
2014-04-30,600210,1.16,1.16,1.17,1.13,41678,12333150.0,3.45,0.0,0.0,0.29
2014-05-05,600210,1.17,1.19,1.19,1.15,38210,11337455.0,3.45,2.59,0.03,0.27
2014-05-06,600210,1.19,1.18,1.2,1.16,46965,13989768.0,3.36,-0.84,-0.01,0.33
2014-05-07,600210,1.17,1.14,1.17,1.12,39029,11501737.0,4.24,-3.39,-0.04,0.27
2014-05-08,600210,1.13,1.15,1.18,1.12,32350,9565291.0,5.26,0.88,0.01,0.23
2014-05-09,600210,1.16,1.14,1.17,1.13,27314,8039352.0,3.48,-0.87,-0.01,0.19
2014-05-12,600210,1.16,1.22,1.23,1.15,57925,17371221.0,7.02,7.02,0.08,0.4
2014-05-13,600210,1.2,1.21,1.22,1.18,36737,11027172.0,3.28,-0.82,-0.01,0.26
2014-05-14,600210,1.21,1.2,1.22,1.18,26142,7842195.0,3.31,-0.83,-0.01,0.18
2014-05-15,600210,1.2,1.15,1.2,1.14,31523,9334432.0,5.0,-4.17,-0.05,0.22
2014-05-16,600210,1.14,1.16,1.17,1.13,19925,5884624.0,3.48,0.87,0.01,0.14
2014-05-19,600210,1.17,1.17,1.17,1.13,25048,7387286.0,3.45,0.86,0.01,0.17
2014-05-20,600210,1.17,1.16,1.19,1.15,23773,7040425.0,3.42,-0.85,-0.01,0.17
2014-05-21,600210,1.17,1.17,1.18,1.13,27027,7987122.0,4.31,0.86,0.01,0.19
2014-05-22,600210,1.17,1.15,1.19,1.15,23625,7020509.0,3.42,-1.71,-0.02,0.16
2014-05-23,600210,1.15,1.17,1.17,1.14,22632,6680240.0,2.61,1.74,0.02,0.16
2014-05-26,600210,1.19,1.26,1.31,1.18,130040,39856850.0,11.11,7.69,0.09,0.91
2014-05-27,600210,1.23,1.21,1.24,1.19,79561,23950627.0,3.97,-3.97,-0.05,0.55
2014-05-28,600210,1.21,1.21,1.23,1.19,35842,10782995.0,3.31,0.0,0.0,0.25
2014-05-29,600210,1.21,1.19,1.22,1.18,29648,8902674.0,3.31,-1.65,-0.02,0.21
2014-05-30,600210,1.19,1.19,1.21,1.18,26923,8060813.0,2.52,0.0,0.0,0.19
2014-06-03,600210,1.19,1.19,1.21,1.18,20174,6044732.0,2.52,0.0,0.0,0.14
2014-06-04,600210,1.19,1.17,1.19,1.15,27511,8152740.0,3.36,-1.68,-0.02,0.19
2014-06-05,600210,1.16,1.24,1.3,1.15,71425,21626461.0,12.82,5.98,0.07,0.5
2014-06-06,600210,1.22,1.22,1.24,1.19,52277,15723833.0,4.03,-1.61,-0.02,0.36
2014-06-09,600210,1.2,1.19,1.23,1.18,25402,7629015.0,4.1,-2.46,-0.03,0.18
2014-06-10,600210,1.2,1.2,1.22,1.18,30618,9195453.0,3.36,0.84,0.01,0.21
2014-06-11,600210,1.2,1.21,1.22,1.2,16920,5082376.0,1.67,0.83,0.01,0.12
2014-06-12,600210,1.21,1.19,1.21,1.18,24351,7295278.0,2.48,-1.65,-0.02,0.17
2014-06-13,600210,1.19,1.21,1.22,1.19,27762,8347863.0,2.52,1.68,0.02,0.19
2014-06-16,600210,1.21,1.22,1.23,1.2,30822,9302131.0,2.48,0.83,0.01,0.21
2014-06-17,600210,1.22,1.2,1.22,1.19,29801,8942564.0,2.46,-1.64,-0.02,0.21
2014-06-18,600210,1.2,1.18,1.21,1.17,24754,7395041.0,3.33,-1.67,-0.02,0.17
2014-06-19,600210,1.17,1.13,1.19,1.12,38258,11294593.0,5.93,-4.24,-0.05,0.27
2014-06-20,600210,1.13,1.14,1.14,1.12,33804,9899640.0,1.77,0.88,0.01,0.24
2014-06-23,600210,1.14,1.15,1.16,1.13,20578,6062310.0,2.63,0.88,0.01,0.14
2014-06-24,600210,1.15,1.16,1.18,1.14,26460,7824808.0,3.48,0.87,0.01,0.18
2014-06-25,600210,1.17,1.16,1.17,1.14,16919,4991250.0,2.59,0.0,0.0,0.12
2014-07-03,600210,1.38,1.33,1.42,1.28,408477,128223497.0,12.07,14.66,0.17,2.84
2014-07-04,600210,1.31,1.59,1.64,1.3,623941,208003311.0,25.56,19.55,0.26,4.34
2014-07-07,600210,1.5,1.6,1.63,1.42,374329,124195871.0,13.21,0.63,0.01,2.61
2014-07-08,600210,1.56,1.55,1.6,1.5,160938,53989254.0,6.25,-3.13,-0.05,1.12
2014-07-09,600210,1.53,1.64,1.74,1.53,385048,133411119.0,13.55,5.81,0.09,2.68
2014-07-10,600210,1.67,1.71,1.84,1.66,303222,107088149.0,10.98,4.27,0.07,2.11
2014-07-11,600210,1.64,1.66,1.76,1.63,181108,63464558.0,7.6,-2.92,-0.05,1.26
2014-07-14,600210,1.64,1.72,1.86,1.63,170736,60810849.0,13.86,3.61,0.06,1.19
2014-07-15,600210,1.74,1.68,1.75,1.62,159202,55600853.0,7.56,-2.33,-0.04,1.11
2014-07-16,600210,1.65,2.03,2.03,1.65,886997,333649248.0,22.62,20.83,0.35,6.17
2014-07-17,600210,2.19,2.25,2.39,2.07,1111459,447525536.0,15.76,10.84,0.22,7.74
2014-07-18,600210,2.24,2.66,2.66,2.24,727494,316889504.0,18.67,18.22,0.41,5.06
2014-07-21,600210,2.89,2.57,2.94,2.46,1050879,469510720.0,18.05,-3.38,-0.09,7.31
2014-07-22,600210,2.5,3.01,3.01,2.5,939804,435731264.0,19.84,17.12,0.44,6.54
2014-07-23,600210,3.15,3.0,3.15,2.81,898478,427858528.0,11.3,-0.33,-0.01,6.25
2014-07-24,600210,2.93,2.62,2.99,2.52,906816,405800320.0,15.67,-12.67,-0.38,6.31
2014-07-25,600210,2.62,2.63,2.72,2.53,408110,180720352.0,7.25,0.38,0.01,2.84
2014-07-28,600210,2.63,2.66,2.71,2.5,386009,170796796.0,7.98,1.14,0.03,2.69
2014-07-29,600210,2.62,2.85,3.0,2.61,651151,302352816.0,14.66,7.14,0.19,4.53
2014-07-30,600210,2.8,2.76,2.88,2.58,448559,202751511.0,10.53,-3.16,-0.09,3.12
2014-07-31,600210,2.7,2.83,2.88,2.66,325838,149752783.0,7.97,2.54,0.07,2.27
2014-08-01,600210,2.77,2.74,2.93,2.7,357300,164648007.0,8.13,-3.18,-0.09,2.49
2014-08-04,600210,2.7,2.77,2.84,2.67,298686,135934154.0,6.2,1.09,0.03,2.08
2014-08-05,600210,2.78,2.67,2.79,2.6,341991,152795601.0,6.86,-3.61,-0.1,2.38
2014-08-06,600210,2.65,2.58,2.67,2.57,263326,115934852.0,3.75,-3.37,-0.09,1.83
2014-08-07,600210,2.6,2.55,2.67,2.52,228882,100297467.0,5.81,-1.16,-0.03,1.59
2014-08-08,600210,2.57,2.72,2.79,2.55,485106,217780656.0,9.41,6.67,0.17,3.38
2014-08-11,600210,2.72,2.9,2.93,2.67,454439,210667327.0,9.56,6.62,0.18,3.16
2014-08-12,600210,2.89,2.92,2.93,2.84,232745,109007766.0,3.1,0.69,0.02,1.62
2014-08-13,600210,2.91,2.83,2.91,2.74,216964,100320289.0,5.82,-3.08,-0.09,1.51
2014-08-14,600210,2.82,2.62,2.82,2.6,464685,207058851.0,7.77,-7.42,-0.21,3.23
2014-08-15,600210,2.61,2.64,2.66,2.54,167390,73684797.0,4.58,0.76,0.02,1.17
2014-08-18,600210,2.64,2.72,2.83,2.61,318299,144524734.0,8.33,3.03,0.08,2.22
2014-08-19,600210,2.72,2.69,2.76,2.63,226655,101009836.0,4.78,-1.1,-0.03,1.58
2014-08-20,600210,2.68,2.7,2.72,2.63,192581,86450127.0,3.35,0.37,0.01,1.34
2014-08-21,600210,2.74,2.61,2.75,2.5,264959,114145253.0,9.26,-3.33,-0.09,1.84
2014-08-22,600210,2.59,2.54,2.6,2.51,262754,111291471.0,3.45,-2.68,-0.07,1.83
2014-08-25,600210,2.58,2.73,2.86,2.55,510446,226602625.0,12.2,7.48,0.19,3.55
2014-08-26,600210,2.69,2.69,2.79,2.63,206468,90811054.0,5.86,-1.47,-0.04,1.44
2014-08-27,600210,2.7,2.63,2.73,2.6,121233,52884443.0,4.83,-2.23,-0.06,0.84
2014-08-28,600210,2.64,2.49,2.64,2.47,174591,74062482.0,6.46,-5.32,-0.14,1.22
2014-08-29,600210,2.48,2.49,2.52,2.4,123992,51476934.0,4.82,0.0,0.0,0.86
2014-09-01,600210,2.49,2.6,2.65,2.44,153362,65734244.0,8.43,4.42,0.11,1.07
2014-09-02,600210,2.67,2.64,2.69,2.61,166822,72610739.0,3.08,1.54,0.04,1.16
2014-09-03,600210,2.65,2.69,2.72,2.6,243416,105980414.0,4.55,1.89,0.05,1.69
2014-09-04,600210,2.66,2.84,2.9,2.6,393195,175808918.0,11.15,5.58,0.15,2.74
2014-09-05,600210,2.82,2.85,2.94,2.81,289091,131909840.0,4.58,0.35,0.01,2.01
2014-09-09,600210,2.84,2.87,2.96,2.77,238285,108617592.0,6.67,0.7,0.02,1.66
2014-09-10,600210,2.88,2.82,2.9,2.8,144208,65317848.0,3.48,-1.74,-0.05,1.0
2014-09-11,600210,2.82,2.74,2.84,2.7,284459,127147557.0,4.96,-2.84,-0.08,1.98
2014-09-12,600210,2.74,2.78,2.82,2.7,198120,88151097.0,4.38,1.46,0.04,1.38
2014-09-15,600210,2.76,2.76,2.8,2.69,262446,116496503.0,3.96,-0.72,-0.02,1.83
2014-09-16,600210,2.76,2.7,2.86,2.69,308794,138070132.0,6.16,-2.17,-0.06,2.15
2014-09-17,600210,2.7,2.62,2.73,2.53,222161,95660284.0,7.41,-2.96,-0.08,1.55
2014-09-18,600210,2.62,2.71,2.71,2.56,167474,72774061.0,5.73,3.44,0.09,1.17
2014-09-19,600210,2.69,2.71,2.77,2.61,194308,85770470.0,5.9,0.0,0.0,1.35
2014-09-22,600210,2.7,2.72,2.81,2.69,221140,98608046.0,4.43,0.37,0.01,1.54
2014-09-23,600210,2.73,2.97,3.1,2.69,598802,273483552.0,15.07,9.19,0.25,4.17
2014-09-24,600210,2.94,3.0,3.02,2.9,479685,224092438.0,4.04,1.01,0.03,3.34
2014-09-25,600210,3.01,2.94,3.09,2.93,289411,135812649.0,5.33,-2.0,-0.06,2.01
2014-09-26,600210,2.95,3.13,3.18,2.93,460606,219216203.0,8.5,6.46,0.19,3.21
2014-09-29,600210,3.13,3.14,3.21,3.08,373327,180369740.0,4.15,0.32,0.01,2.6
2014-09-30,600210,3.15,3.13,3.19,3.08,238776,115144236.0,3.5,-0.32,-0.01,1.66
2014-10-08,600210,3.16,3.07,3.16,3.0,285484,135564866.0,5.11,-1.92,-0.06,1.99
2014-10-09,600210,3.07,3.55,3.55,3.02,775627,389824192.0,17.26,15.64,0.48,5.4
2014-10-10,600210,3.57,3.64,3.69,3.47,713642,377193584.0,6.2,2.54,0.09,4.97
2014-10-13,600210,3.6,3.49,3.6,3.36,507097,261296995.0,6.59,-4.12,-0.15,3.53
2014-10-14,600210,3.4,3.44,3.55,3.38,341309,175818902.0,4.87,-1.43,-0.05,2.38
2014-10-15,600210,3.45,3.39,3.48,3.31,485515,246590095.0,4.94,-1.45,-0.05,3.38
2014-10-16,600210,3.33,3.14,3.44,3.1,435881,218041387.0,10.03,-7.37,-0.25,3.03
2014-10-17,600210,3.07,3.08,3.18,2.95,305620,145410102.0,7.32,-1.91,-0.06,2.13
2014-10-20,600210,3.08,3.14,3.16,3.01,187190,89973227.0,4.87,1.95,0.06,1.3
2014-10-21,600210,3.17,3.15,3.23,3.12,240666,117434546.0,3.5,0.32,0.01,1.68
2014-10-22,600210,3.15,3.02,3.16,2.98,142956,68334385.0,5.71,-4.13,-0.13,1.0
2014-10-23,600210,2.96,2.87,3.01,2.81,192430,88542611.0,6.62,-4.97,-0.15,1.34
2014-10-24,600210,2.89,2.86,2.91,2.82,102606,46854023.0,3.14,-0.35,-0.01,0.71
2014-10-27,600210,2.83,2.89,2.91,2.83,69766,31976397.0,2.8,1.05,0.03,0.49
2014-10-28,600210,2.9,3.03,3.05,2.88,162725,76475532.0,5.88,4.84,0.14,1.13
2014-10-29,600210,3.05,3.12,3.2,3.0,300773,144792680.0,6.6,2.97,0.09,2.09
2014-10-30,600210,3.11,3.1,3.17,3.07,249473,120001695.0,3.21,-0.64,-0.02,1.74
2014-10-31,600210,3.11,3.07,3.13,3.01,218487,104244660.0,3.87,-0.97,-0.03,1.52
2014-11-03,600210,3.07,3.23,3.24,3.07,277200,134317066.0,5.54,5.21,0.16,1.93
2014-11-04,600210,3.22,3.19,3.26,3.15,201978,99137750.0,3.41,-1.24,-0.04,1.41
2014-11-05,600210,3.16,3.06,3.2,2.98,257438,123115595.0,6.9,-4.08,-0.13,1.79
2014-11-06,600210,3.06,3.07,3.08,2.98,161853,76441578.0,3.27,0.33,0.01,1.13
2014-11-07,600210,3.08,2.99,3.09,2.98,188063,88977928.0,3.58,-2.61,-0.08,1.31
2014-11-10,600210,2.99,3.07,3.11,2.98,220460,105157137.0,4.35,2.68,0.08,1.53
2014-11-11,600210,3.09,2.95,3.14,2.91,228189,107445039.0,7.49,-3.91,-0.12,1.59
2014-11-12,600210,2.93,3.08,3.12,2.91,175234,83237250.0,7.12,4.41,0.13,1.22
2014-11-13,600210,3.06,2.98,3.11,2.95,165646,78043121.0,5.19,-3.25,-0.1,1.15
2014-11-14,600210,2.98,2.98,3.01,2.93,85442,39853918.0,2.68,0.0,0.0,0.59
2014-11-17,600210,2.97,3.0,3.05,2.96,137224,64625831.0,3.02,0.67,0.02,0.96
2014-11-18,600210,2.98,3.03,3.03,2.98,72927,34310483.0,1.67,1.0,0.03,0.51
2014-11-19,600210,3.04,3.08,3.09,3.01,130983,62193800.0,2.64,1.65,0.05,0.91
2014-11-20,600210,3.09,3.4,3.55,3.08,901802,456498528.0,15.26,10.39,0.32,6.28
2014-11-21,600210,3.38,3.42,3.45,3.29,497082,252468392.0,4.71,0.59,0.02,3.46
2014-11-24,600210,3.5,3.4,3.52,3.36,420257,214927085.0,4.68,-0.58,-0.02,2.93
2014-11-25,600210,3.44,3.48,3.55,3.36,370978,191028656.0,5.59,2.35,0.08,2.58
2014-11-26,600210,3.47,3.4,3.47,3.33,383362,194987343.0,4.02,-2.3,-0.08,2.67
2014-11-27,600210,3.4,3.37,3.41,3.34,214456,108626078.0,2.06,-0.88,-0.03,1.49
2014-11-28,600210,3.36,3.37,3.41,3.32,285081,144224258.0,2.67,0.0,0.0,1.98
2014-12-01,600210,3.38,3.4,3.55,3.36,448489,230347279.0,5.64,0.89,0.03,3.12
2014-12-02,600210,3.37,3.41,3.44,3.34,293942,149669106.0,2.94,0.29,0.01,2.05
2014-12-03,600210,3.41,3.47,3.49,3.33,466859,238675413.0,4.69,1.76,0.06,3.25
2014-12-04,600210,3.54,3.58,3.65,3.48,550795,290506512.0,4.9,3.17,0.11,3.83
2014-12-05,600210,3.52,3.29,3.63,3.21,594804,302059152.0,11.73,-8.1,-0.29,4.14
2014-12-08,600210,3.25,3.32,3.34,3.18,339768,169400438.0,4.86,0.91,0.03,2.36
2014-12-09,600210,3.31,3.12,3.32,3.09,429530,212086140.0,6.93,-6.02,-0.2,2.99
2014-12-10,600210,3.11,3.23,3.25,3.08,219583,106919230.0,5.45,3.53,0.11,1.53
2014-12-11,600210,3.23,3.4,3.43,3.19,374857,189279879.0,7.43,5.26,0.17,2.61
2014-12-12,600210,3.4,3.39,3.44,3.35,233267,118738538.0,2.65,-0.29,-0.01,1.62
2014-12-15,600210,3.38,3.71,3.78,3.36,701007,371699856.0,12.39,9.44,0.32,4.88
2014-12-16,600210,3.67,3.6,3.71,3.52,442982,234209869.0,5.12,-2.96,-0.11,3.08
2014-12-17,600210,3.6,3.48,3.61,3.45,348116,180956706.0,4.44,-3.33,-0.12,2.42
2014-12-18,600210,3.48,3.47,3.6,3.45,214329,111729389.0,4.31,-0.29,-0.01,1.49
2014-12-19,600210,3.5,3.49,3.54,3.34,289293,148574949.0,5.76,0.58,0.02,2.01
2014-12-22,600210,3.52,3.35,3.56,3.29,309847,157557737.0,7.74,-4.01,-0.14,2.16
2014-12-23,600210,3.35,3.31,3.38,3.23,146263,73507689.0,4.48,-1.19,-0.04,1.02
2014-12-24,600210,3.31,3.39,3.41,3.27,138088,69513107.0,4.23,2.42,0.08,0.96
2014-12-25,600210,3.39,3.41,3.42,3.35,135181,68785747.0,2.06,0.59,0.02,0.94
2014-12-26,600210,3.41,3.46,3.46,3.37,213663,109242265.0,2.64,1.47,0.05,1.49
2014-12-29,600210,3.56,3.53,3.64,3.46,336474,176862704.0,5.2,2.02,0.07,2.34
2014-12-30,600210,3.53,3.33,3.53,3.3,294098,149077284.0,6.52,-5.67,-0.2,2.05
2014-12-31,600210,3.31,3.35,3.37,3.28,151423,76048294.0,2.7,0.6,0.02,1.05
2015-01-05,600210,3.36,3.44,3.46,3.35,241653,123706823.0,3.28,2.69,0.09,1.68
2015-01-06,600210,3.44,3.48,3.49,3.35,270178,138100471.0,4.07,1.16,0.04,1.88
2015-01-07,600210,3.52,3.43,3.52,3.4,181287,93099380.0,3.45,-1.44,-0.05,1.26
2015-01-08,600210,3.43,3.45,3.54,3.38,286719,148261398.0,4.66,0.58,0.02,2.0
2015-01-09,600210,3.44,3.34,3.45,3.33,198180,100999921.0,3.48,-3.19,-0.11,1.38
2015-01-12,600210,3.3,3.14,3.33,3.12,212550,104239745.0,6.29,-5.99,-0.2,1.48
2015-01-13,600210,3.12,3.14,3.18,3.09,115195,55707212.0,2.87,0.0,0.0,0.8
2015-01-14,600210,3.14,3.1,3.18,3.08,118964,57391438.0,3.18,-1.27,-0.04,0.83
2015-01-15,600210,3.15,3.18,3.23,3.11,92205,44927162.0,3.87,2.58,0.08,0.64
2015-01-16,600210,3.19,3.17,3.23,3.13,109312,53214127.0,3.14,-0.31,-0.01,0.76
2015-01-19,600210,3.0,2.87,3.09,2.75,225052,105100208.0,10.73,-9.46,-0.3,1.57
2015-01-20,600210,2.9,3.0,3.01,2.9,112940,52742262.0,3.83,4.53,0.13,0.79
2015-01-21,600210,3.02,3.1,3.13,2.99,146191,69888933.0,4.67,3.33,0.1,1.02
2015-01-22,600210,3.11,3.19,3.22,3.07,156480,76237206.0,4.84,2.9,0.09,1.09
2015-01-23,600210,3.17,3.24,3.28,3.17,187810,92685167.0,3.45,1.57,0.05,1.31
2015-01-26,600210,3.3,3.41,3.42,3.26,252811,127406679.0,4.94,5.25,0.17,1.76
2015-01-27,600210,3.4,3.35,3.41,3.25,199686,100618906.0,4.69,-1.76,-0.06,1.39
2015-01-28,600210,3.36,3.43,3.46,3.32,246546,125969508.0,4.18,2.39,0.08,1.72
2015-01-29,600210,3.43,3.37,3.43,3.32,144573,73342773.0,3.21,-1.75,-0.06,1.01
2015-01-30,600210,3.39,3.25,3.4,3.24,126944,63492334.0,4.75,-3.56,-0.12,0.88
2015-02-02,600210,3.23,3.21,3.25,3.13,77671,38007960.0,3.69,-1.23,-0.04,0.54
2015-02-03,600210,3.21,3.33,3.34,3.21,108222,54141527.0,4.05,3.74,0.12,0.75
2015-02-04,600210,3.36,3.29,3.37,3.26,111126,55828737.0,3.3,-1.2,-0.04,0.77
2015-02-05,600210,3.35,3.24,3.36,3.21,105430,52474123.0,4.56,-1.52,-0.05,0.73
2015-02-06,600210,3.22,3.15,3.27,3.11,81519,39990462.0,4.94,-2.78,-0.09,0.57
2015-02-09,600210,3.12,3.14,3.18,3.1,61167,29605732.0,2.54,-0.32,-0.01,0.43
2015-02-10,600210,3.11,3.15,3.19,3.11,72142,34971688.0,2.55,0.32,0.01,0.5
2015-02-11,600210,3.18,3.09,3.19,3.04,196277,94243657.0,4.76,-1.9,-0.06,1.37
2015-02-12,600210,3.08,3.11,3.15,3.07,85757,41291613.0,2.59,0.65,0.02,0.6
2015-02-13,600210,3.14,3.24,3.28,3.14,165717,81774004.0,4.5,4.18,0.13,1.15
2015-02-16,600210,3.27,3.34,3.34,3.27,147433,74012218.0,2.16,3.09,0.1,1.03
2015-02-17,600210,3.35,3.46,3.59,3.35,478945,249092550.0,7.19,3.59,0.12,3.33
2015-02-25,600210,3.48,3.44,3.53,3.43,213379,110330361.0,2.89,-0.58,-0.02,1.49
2015-02-26,600210,3.44,3.46,3.47,3.34,232478,118603023.0,3.78,0.58,0.02,1.62
2015-02-27,600210,3.47,3.46,3.49,3.39,216514,111248408.0,2.89,0.0,0.0,1.51
2015-03-02,600210,3.49,3.98,3.98,3.46,707804,389052352.0,15.03,15.03,0.52,4.93
2015-03-03,600210,4.18,4.55,4.55,4.1,2283308,1402169824.0,11.31,14.32,0.57,15.89
2015-03-04,600210,4.51,4.46,4.53,4.28,1436995,876522112.0,5.49,-1.98,-0.09,10.0
2015-03-05,600210,4.4,4.34,4.42,4.24,846889,509969424.0,4.04,-2.69,-0.12,5.89
2015-03-06,600210,4.34,4.13,4.43,4.1,774434,461422768.0,7.6,-4.84,-0.21,5.39
2015-03-09,600210,4.15,4.24,4.26,4.08,482305,284671216.0,4.36,2.66,0.11,3.36
2015-03-10,600210,4.23,4.25,4.36,4.17,426628,254657336.0,4.48,0.24,0.01,2.97
2015-03-11,600210,4.24,4.33,4.35,4.1,596593,353702656.0,5.88,1.88,0.08,4.15
2015-03-12,600210,4.4,4.21,4.4,4.19,521422,312351424.0,4.85,-2.77,-0.12,3.63
2015-03-13,600210,4.14,4.21,4.28,4.13,344957,203203873.0,3.56,0.0,0.0,2.4
2015-03-16,600210,4.26,4.34,4.38,4.2,545992,327738000.0,4.28,3.09,0.13,3.8
2015-03-17,600210,4.36,4.41,4.55,4.3,790111,483676800.0,5.76,1.61,0.07,5.5
2015-03-18,600210,4.44,4.49,4.53,4.34,668224,409294928.0,4.31,1.81,0.08,4.65
2015-03-19,600210,4.49,4.78,4.98,4.39,977356,625603696.0,13.14,6.46,0.29,6.8
2015-03-20,600210,4.69,4.77,4.9,4.67,556924,359926240.0,4.81,-0.21,-0.01,3.88
2015-03-23,600210,4.77,4.83,4.92,4.75,590909,385167024.0,3.56,1.26,0.06,4.11
2015-03-24,600210,4.95,4.7,4.99,4.53,741139,478739120.0,9.52,-2.69,-0.13,5.16
2015-03-25,600210,4.7,4.6,4.76,4.57,464331,294977776.0,4.04,-2.13,-0.1,3.23
2015-03-26,600210,4.6,4.77,4.8,4.51,490517,311695520.0,6.3,3.7,0.17,3.41
2015-03-27,600210,4.75,4.76,4.88,4.68,430116,278406384.0,4.19,-0.21,-0.01,2.99
2015-03-30,600210,4.76,4.86,4.94,4.74,601427,392428656.0,4.2,2.1,0.1,4.19
2015-03-31,600210,4.84,4.73,4.9,4.67,545026,353067968.0,4.73,-2.67,-0.13,3.79
2015-04-01,600210,4.69,4.78,4.81,4.62,473387,304441264.0,4.02,1.06,0.05,3.29
2015-04-02,600210,4.8,5.05,5.16,4.8,937045,625111744.0,7.53,5.65,0.27,6.52
2015-04-03,600210,5.28,5.38,5.67,5.28,1095381,781770192.0,7.72,6.53,0.33,7.62
2015-04-07,600210,5.4,5.49,5.57,5.28,746935,534500960.0,5.39,2.04,0.11,5.2
2015-04-08,600210,5.49,5.35,5.52,5.21,597274,422457104.0,5.65,-2.55,-0.14,4.16
2015-04-09,600210,5.35,5.16,5.38,4.98,564537,387043088.0,7.48,-3.55,-0.19,3.93
2015-04-10,600210,5.15,5.39,5.48,5.1,480204,338320192.0,7.36,4.46,0.23,3.34
2015-04-13,600210,5.42,5.54,5.58,5.36,648126,464925888.0,4.08,2.78,0.15,4.51
2015-04-14,600210,5.54,5.43,5.58,5.37,546538,392101296.0,3.79,-1.99,-0.11,3.8
2015-04-15,600210,5.44,5.14,5.48,5.13,520057,364828800.0,6.45,-5.34,-0.29,3.62
2015-04-16,600210,5.1,5.24,5.31,4.96,411519,282142848.0,6.81,1.95,0.1,2.86
2015-04-17,600210,5.3,5.26,5.38,5.2,501842,349521424.0,3.44,0.38,0.02,3.49
2015-04-20,600210,5.29,5.04,5.29,5.02,620914,425911600.0,5.13,-4.18,-0.22,4.32
2015-04-21,600210,5.06,5.71,5.71,5.06,1146235,825640496.0,12.9,13.29,0.67,7.98
2015-04-22,600210,5.71,5.88,5.89,5.52,1460343,1074166016.0,6.48,2.98,0.17,10.16
2015-04-23,600210,5.85,5.72,5.85,5.65,976281,725649184.0,3.4,-2.72,-0.16,6.8
2015-04-24,600210,5.56,5.94,6.19,5.49,1263968,962096416.0,12.24,3.85,0.22,8.8
2015-04-27,600210,5.97,5.91,6.05,5.83,803181,612598416.0,3.7,-0.51,-0.03,5.59
2015-04-28,600210,5.88,5.72,6.15,5.57,835736,631558640.0,9.81,-3.21,-0.19,5.82
2015-04-29,600210,5.69,6.46,6.46,5.62,1715517,1369244256.0,14.69,12.94,0.74,11.94
2015-04-30,600210,6.43,6.25,6.57,6.23,1062313,859332352.0,5.26,-3.25,-0.21,7.39
2015-05-04,600210,6.25,6.54,6.65,6.2,888335,726682480.0,7.2,4.64,0.29,6.18
2015-05-05,600210,6.54,6.31,6.94,6.1,936755,775838688.0,12.84,-3.52,-0.23,6.52
2015-05-06,600210,6.32,6.5,6.88,6.17,929357,763336640.0,11.25,3.01,0.19,6.47
2015-05-07,600210,6.32,6.0,6.69,5.96,774157,619569664.0,11.23,-7.69,-0.5,5.39
2015-05-08,600210,6.13,6.34,6.41,5.85,983043,766848544.0,9.33,5.67,0.34,6.84
2015-05-11,600210,6.3,6.98,7.05,6.22,1236724,1036788240.0,13.09,10.09,0.64,8.61
2015-05-12,600210,7.02,7.4,7.49,6.81,1177841,1042035648.0,9.74,6.02,0.42,8.2
2015-05-13,600210,7.31,7.39,7.7,7.11,1063257,971909312.0,7.97,-0.14,-0.01,7.4
2015-05-14,600210,7.43,7.34,7.54,7.16,601883,543456800.0,5.14,-0.68,-0.05,4.19
2015-05-15,600210,7.29,7.01,7.29,6.85,738897,645408544.0,5.99,-4.5,-0.33,5.14
2015-05-18,600210,6.95,7.23,7.27,6.87,618491,547184032.0,5.71,3.14,0.22,4.3
2015-05-19,600210,7.23,7.36,7.56,7.2,660646,601573264.0,4.98,1.8,0.13,4.6
2015-05-20,600210,7.45,8.27,8.27,7.43,892122,871473072.0,11.41,12.36,0.91,6.21
2015-05-21,600210,8.6,8.98,9.27,8.5,1753574,1862002320.0,9.31,8.59,0.71,12.21
2015-05-22,600210,8.75,9.42,9.78,8.58,1455803,1569847296.0,13.36,4.9,0.44,10.13
2015-05-25,600210,9.4,9.49,9.9,9.2,1152840,1294670448.0,7.43,0.74,0.07,8.02
2015-05-26,600210,9.72,9.65,9.8,9.22,1174068,1322783888.0,6.11,1.69,0.16,8.17
2015-05-27,600210,9.63,9.71,10.05,9.18,1288454,1450501280.0,9.02,0.62,0.06,8.97
2015-05-28,600210,9.72,8.57,9.75,8.57,1237713,1346082880.0,12.15,-11.74,-1.14,8.61
2015-05-29,600210,8.47,8.16,8.78,7.64,973723,966911392.0,13.3,-4.78,-0.41,6.78
2015-06-01,600210,8.16,8.73,8.76,8.16,747369,764852080.0,7.35,6.99,0.57,5.2
2015-06-02,600210,8.75,9.01,9.18,8.53,830224,880928960.0,7.45,3.21,0.28,5.78
2015-06-03,600210,9.02,10.08,10.08,8.91,1735513,1962414720.0,12.99,11.88,1.07,12.08
2015-06-04,600210,10.11,9.64,10.11,8.9,1419901,1599834336.0,12.0,-4.37,-0.44,9.88
2015-06-05,600210,10.12,9.77,10.3,9.37,1217811,1406765392.0,9.65,1.35,0.13,8.48
2015-06-08,600210,9.65,9.33,9.69,9.2,950446,1055970896.0,5.02,-4.5,-0.44,6.62
2015-06-09,600210,9.33,9.29,9.59,9.0,797803,875580848.0,6.32,-0.43,-0.04,5.55
2015-06-10,600210,9.28,9.52,9.76,9.03,917061,1025761456.0,7.86,2.48,0.23,6.38
2015-06-11,600210,9.65,9.89,10.1,9.41,1100421,1263858208.0,7.25,3.89,0.37,7.66
2015-06-12,600210,9.95,10.52,10.95,9.95,1407905,1718865056.0,10.11,6.37,0.63,9.8
2015-06-15,600210,10.61,10.42,10.71,10.03,1152589,1393448256.0,6.46,-0.95,-0.1,8.02
2015-06-16,600210,10.16,9.84,10.4,9.5,785096,923200576.0,8.64,-5.57,-0.58,5.46
2015-06-17,600210,9.81,9.97,10.08,8.8,787978,889817600.0,13.01,1.32,0.13,5.48
2015-06-18,600210,9.99,9.77,10.3,9.69,748907,879718064.0,6.12,-2.01,-0.2,5.21
2015-06-19,600210,9.3,8.62,9.55,8.62,628917,675214128.0,9.52,-11.77,-1.15,4.38
2015-06-23,600210,8.35,8.47,8.62,7.66,698304,690620384.0,11.14,-1.74,-0.15,4.86
2015-06-24,600210,8.63,8.88,9.1,8.32,613952,643728192.0,9.21,4.84,0.41,4.27
2015-06-25,600210,9.0,8.15,9.03,7.93,568862,582864080.0,12.39,-8.22,-0.73,3.96
2015-06-26,600210,7.88,7.17,7.88,7.17,655299,595664720.0,8.71,-12.02,-0.98,4.56
2015-06-29,600210,7.5,6.28,7.57,6.28,749229,625153968.0,17.99,-12.41,-0.89,5.21
2015-06-30,600210,6.06,6.67,6.76,5.48,917211,710326336.0,20.38,6.21,0.39,6.38
2015-07-01,600210,6.45,5.83,6.82,5.83,669796,542423408.0,14.84,-12.59,-0.84,4.66
2015-07-02,600210,5.65,5.08,5.98,5.08,774711,545584064.0,15.44,-12.86,-0.75,5.39
2015-07-03,600210,4.7,4.4,5.1,4.4,720297,449190048.0,13.78,-13.39,-0.68,5.01
2015-07-06,600210,5.01,3.81,5.01,3.79,1054090,631058784.0,27.73,-13.41,-0.59,7.34
2015-07-07,600210,3.6,3.26,3.6,3.26,475534,239612741.0,8.92,-14.44,-0.55,3.31
2015-07-08,600210,2.76,2.76,2.76,2.76,103142,46001332.0,0.0,-15.34,-0.5,0.72
2015-07-09,600210,2.4,3.21,3.21,2.4,972835,443878640.0,29.35,16.3,0.45,6.77
2015-07-10,600210,3.63,3.7,3.7,3.35,459168,245539163.0,10.9,15.26,0.49,3.2
2015-07-13,600210,4.24,4.24,4.24,4.0,788471,465686848.0,6.49,14.59,0.54,5.49
2015-07-14,600210,4.5,4.83,4.83,4.31,1443772,924715664.0,12.26,13.92,0.59,10.05
2015-07-15,600210,4.61,4.18,4.75,4.18,847748,513646272.0,11.8,-13.46,-0.65,5.9
2015-07-16,600210,3.71,4.32,4.53,3.68,695643,406047568.0,20.33,3.35,0.14,4.84
2015-07-17,600210,4.31,4.75,4.87,4.25,774121,486272208.0,14.35,9.95,0.43,5.39
2015-07-20,600210,4.73,4.87,5.03,4.54,966511,623607984.0,10.32,2.53,0.12,6.73
2015-07-21,600210,4.73,5.3,5.4,4.63,1002434,664507200.0,15.81,8.83,0.43,6.98
2015-07-22,600210,5.29,5.24,5.43,4.99,927880,640254720.0,8.3,-1.13,-0.06,6.46
2015-07-23,600210,5.18,5.41,5.49,5.14,844602,589340464.0,6.68,3.24,0.17,5.88
2015-07-24,600210,5.5,5.16,5.6,5.05,913640,643605616.0,10.17,-4.62,-0.25,6.36
2015-07-27,600210,4.95,4.48,5.24,4.48,726229,472647008.0,14.73,-13.18,-0.68,5.05
2015-07-28,600210,3.95,4.07,4.53,3.87,789988,453761584.0,14.73,-9.15,-0.41,5.5
2015-07-29,600210,4.16,4.47,4.48,3.9,674307,393381472.0,14.25,9.83,0.4,4.69
2015-07-30,600210,4.45,4.38,4.72,4.32,769326,473159584.0,8.95,-2.01,-0.09,5.35
2015-07-31,600210,4.26,4.12,4.34,4.0,498756,290804944.0,7.76,-5.94,-0.26,3.47
2015-08-03,600210,4.04,3.6,4.15,3.54,676021,364563136.0,14.81,-12.62,-0.52,4.71
2015-08-04,600210,3.66,4.13,4.13,3.65,717602,410535824.0,13.33,14.72,0.53,4.99
2015-08-05,600210,4.36,4.37,4.7,4.23,1460206,894237776.0,11.38,5.81,0.24,10.16
2015-08-06,600210,4.15,4.45,4.6,4.05,964092,584273888.0,12.59,1.83,0.08,6.71
2015-08-07,600210,4.5,4.6,4.68,4.47,911658,568159664.0,4.72,3.37,0.15,6.35
2015-08-10,600210,4.62,4.98,5.04,4.55,1128934,727650496.0,10.65,8.26,0.38,7.86
2015-08-11,600210,4.93,5.0,5.14,4.86,1000623,665124064.0,5.62,0.4,0.02,6.96
2015-08-12,600210,4.84,5.06,5.32,4.78,1036398,697432160.0,10.8,1.2,0.06,7.21
2015-08-13,600210,5.0,5.44,5.6,4.98,1165936,811638576.0,12.25,7.51,0.38,8.12
2015-08-14,600210,5.45,5.29,5.51,5.18,1159269,812410304.0,6.07,-2.76,-0.15,8.07
2015-08-17,600210,5.2,5.63,5.65,5.17,1078247,767235424.0,9.07,6.43,0.34,7.5
2015-08-18,600210,5.65,4.9,5.7,4.9,1199394,826318320.0,14.21,-12.97,-0.73,8.35
2015-08-19,600210,4.55,5.02,5.1,4.25,943700,595267840.0,17.35,2.45,0.12,6.57
2015-08-20,600210,4.94,4.86,5.3,4.77,840017,562349200.0,10.56,-3.19,-0.16,5.85
2015-08-21,600210,4.65,4.39,4.77,4.26,665161,410671888.0,10.49,-9.67,-0.47,4.63
2015-08-24,600210,4.14,3.79,4.14,3.79,545830,299895408.0,7.97,-13.67,-0.6,3.8
2015-08-25,600210,3.26,3.25,3.49,3.25,500674,247936068.0,6.33,-14.25,-0.54,3.48
2015-08-26,600210,3.26,2.92,3.53,2.76,820382,397261312.0,23.69,-10.15,-0.33,5.71
2015-08-27,600210,3.15,3.31,3.32,2.86,599043,285898912.0,15.75,13.36,0.39,4.17
2015-08-28,600210,3.44,3.71,3.74,3.33,675916,348686528.0,12.39,12.08,0.4,4.7
2015-08-31,600210,3.69,3.46,3.69,3.4,487321,251466375.0,7.82,-6.74,-0.25,3.39
2015-09-01,600210,3.45,3.07,3.45,3.01,453731,219157354.0,12.72,-11.27,-0.39,3.16
2015-09-02,600210,2.75,2.91,3.28,2.75,470863,221280615.0,17.26,-5.21,-0.16,3.28
2015-09-07,600210,3.06,3.24,3.37,3.05,726390,357528256.0,11.0,11.34,0.33,5.06
2015-09-08,600210,3.15,3.63,3.7,3.08,688578,344494176.0,19.14,12.04,0.39,4.79
2015-09-09,600210,3.68,3.76,3.9,3.57,785788,424543200.0,9.09,3.58,0.13,5.47
2015-09-10,600210,3.64,3.56,3.74,3.5,437607,231400632.0,6.38,-5.32,-0.2,3.05
2015-09-11,600210,3.58,4.06,4.08,3.58,980561,537454336.0,14.04,14.04,0.5,6.82
2015-09-14,600210,3.93,3.49,4.03,3.49,894009,478433824.0,13.3,-14.04,-0.57,6.22
2015-09-15,600210,3.23,3.02,3.41,2.98,536008,259038065.0,12.32,-13.47,-0.47,3.73
2015-09-16,600210,3.14,3.49,3.49,3.07,768007,386642976.0,13.91,15.56,0.47,5.35
2015-09-17,600210,3.52,3.48,3.83,3.46,1006658,534808960.0,10.6,-0.29,-0.01,7.01
2015-09-18,600210,3.53,3.99,3.99,3.47,1271790,693386656.0,14.94,14.66,0.51,8.85
2015-09-21,600210,3.84,4.11,4.14,3.7,1197273,668524320.0,11.03,3.01,0.12,8.33
2015-09-22,600210,4.01,3.98,4.12,3.86,842254,475251408.0,6.33,-3.16,-0.13,5.86
2015-09-23,600210,3.86,4.54,4.54,3.86,1984187,1203022624.0,17.09,14.07,0.56,13.81
2015-09-24,600210,4.54,4.55,4.63,4.32,1589509,974295760.0,6.83,0.22,0.01,11.06
2015-09-25,600210,4.47,4.12,4.65,3.95,1059848,635960704.0,15.38,-9.45,-0.43,7.38
2015-09-28,600210,4.23,4.49,4.64,3.94,1061630,641009808.0,16.99,8.98,0.37,7.39
2015-09-29,600210,4.3,4.29,4.41,4.21,643646,383082304.0,4.45,-4.45,-0.2,4.48
2015-09-30,600210,4.32,4.3,4.45,4.22,422842,252889905.0,5.36,0.23,0.01,2.94
2015-10-08,600210,4.55,4.57,4.61,4.44,856819,529160048.0,3.95,6.28,0.27,5.96
2015-10-09,600210,4.72,4.57,4.73,4.48,800752,497746752.0,5.47,0.0,0.0,5.57
2015-10-12,600210,4.56,4.81,4.9,4.56,1140712,730460032.0,7.44,5.25,0.24,7.94
2015-10-13,600210,4.74,4.85,4.89,4.69,764296,490166288.0,4.16,0.83,0.04,5.32
2015-10-14,600210,4.77,4.72,5.02,4.66,822216,532104176.0,7.42,-2.68,-0.13,5.72
2015-10-15,600210,4.66,4.88,4.89,4.66,739606,475231744.0,4.87,3.39,0.16,5.15
2015-10-16,600210,4.91,5.21,5.35,4.85,1470406,986918624.0,10.25,6.76,0.33,10.23
2015-10-19,600210,5.35,5.78,5.9,5.3,2846957,2104351792.0,11.52,10.94,0.57,19.82
2015-10-20,600210,5.55,5.69,5.76,5.44,1629199,1179576640.0,5.54,-1.56,-0.09,11.34
2015-10-21,600210,5.65,4.96,5.73,4.96,1357020,941365152.0,13.53,-12.83,-0.73,9.45
2015-10-22,600210,4.88,5.08,5.22,4.74,1306508,862106128.0,9.68,2.42,0.12,9.09
2015-10-23,600210,5.04,5.26,5.5,5.01,1189695,820948064.0,9.65,3.54,0.18,8.28
2015-10-26,600210,5.27,5.25,5.5,5.12,929719,646842432.0,7.22,-0.19,-0.01,6.47
2015-10-27,600210,5.18,5.14,5.2,4.71,769223,510789040.0,9.33,-2.1,-0.11,5.35
2015-10-28,600210,5.05,4.84,5.22,4.77,602286,401274352.0,8.75,-5.84,-0.3,4.19
2015-10-29,600210,4.9,5.06,5.14,4.86,593932,395825328.0,5.79,4.55,0.22,4.13
2015-10-30,600210,4.99,4.91,5.08,4.78,489276,322223360.0,5.93,-2.96,-0.15,3.41
2015-11-02,600210,4.75,4.9,5.17,4.67,580787,386030432.0,10.18,-0.2,-0.01,4.04
2015-11-03,600210,4.94,5.03,5.3,4.74,672298,447949968.0,11.43,2.65,0.13,4.68
2015-11-04,600210,4.97,5.35,5.4,4.97,934434,641555024.0,8.55,6.36,0.32,6.5
2015-11-05,600210,5.33,5.24,5.41,5.15,873999,605689296.0,4.86,-2.06,-0.11,6.08
2015-11-06,600210,5.25,5.32,5.37,5.19,698996,485014448.0,3.44,1.53,0.08,4.87
2015-11-09,600210,6.02,6.02,6.02,5.87,853913,654353824.0,2.82,13.16,0.7,5.94
2015-11-10,600210,6.05,5.94,6.32,5.91,2379457,1846193552.0,6.81,-1.33,-0.08,16.56
2015-11-11,600210,5.75,5.89,6.03,5.65,1212635,901875632.0,6.4,-0.84,-0.05,8.44
2015-11-12,600210,5.89,5.67,5.92,5.6,897027,660598304.0,5.43,-3.74,-0.22,6.24
2015-11-13,600210,5.55,5.95,6.25,5.52,1616991,1224674176.0,12.87,4.94,0.28,11.25
2015-11-16,600210,5.75,6.1,6.28,5.71,1177326,907939104.0,9.58,2.52,0.15,8.19
2015-11-17,600210,6.14,6.01,6.4,5.99,1215732,952185440.0,6.72,-1.48,-0.09,8.46
2015-11-18,600210,5.96,5.64,6.02,5.62,810820,604955104.0,6.66,-6.16,-0.37,5.64
2015-11-19,600210,5.7,5.85,5.92,5.67,530179,395015136.0,4.43,3.72,0.21,3.69
2015-11-20,600210,5.86,5.9,6.09,5.78,679176,514956112.0,5.3,0.85,0.05,4.73
2015-11-23,600210,6.15,6.07,6.63,5.97,1333352,1055117152.0,11.19,2.88,0.17,9.28
2015-11-24,600210,5.95,6.02,6.04,5.79,624821,471659072.0,4.12,-0.82,-0.05,4.35
2015-11-25,600210,5.98,6.13,6.23,5.94,719981,560539008.0,4.82,1.83,0.11,5.01
2015-11-26,600210,6.17,5.9,6.22,5.87,652488,499293984.0,5.71,-3.75,-0.23,4.54
2015-11-27,600210,5.83,5.19,5.97,5.15,779635,560157776.0,13.9,-12.03,-0.71,5.43
2015-11-30,600210,5.23,5.21,5.34,4.75,592380,399951280.0,11.37,0.39,0.02,4.12
2015-12-01,600210,5.2,5.26,5.33,5.03,446186,306043792.0,5.76,0.96,0.05,3.11
2015-12-02,600210,5.24,5.27,5.35,5.04,407682,279888032.0,5.89,0.19,0.01,2.84
2015-12-03,600210,5.25,5.4,5.4,5.22,421703,293259632.0,3.42,2.47,0.13,2.94
2015-12-04,600210,5.33,5.31,5.53,5.26,472149,331650304.0,5.0,-1.67,-0.09,3.29
2015-12-07,600210,5.32,6.01,6.01,5.27,1377558,1021166352.0,13.94,13.18,0.7,9.59
2015-12-08,600210,5.9,5.87,6.24,5.72,1706916,1302604912.0,8.65,-2.33,-0.14,11.88
2015-12-09,600210,5.73,6.13,6.2,5.68,1184276,898156160.0,8.86,4.43,0.26,8.24
2015-12-10,600210,6.05,6.3,6.82,5.91,1908771,1528117056.0,14.85,2.77,0.17,13.29
2015-12-11,600210,6.13,6.18,6.79,6.06,1454262,1174366032.0,11.59,-1.9,-0.12,10.12
2015-12-14,600210,5.95,6.38,6.45,5.87,1022884,798667888.0,9.39,3.24,0.2,7.12
2015-12-15,600210,6.36,6.91,7.18,6.32,2493305,2151601392.0,13.48,8.31,0.53,17.35
2015-12-16,600210,6.8,6.75,7.0,6.73,1668938,1417300560.0,3.91,-2.32,-0.16,11.62
2015-12-17,600210,6.89,7.12,7.24,6.78,1579909,1367555200.0,6.81,5.48,0.37,11.0
2015-12-18,600210,7.1,6.96,7.12,6.85,977206,842581216.0,3.79,-2.25,-0.16,6.8
2015-12-21,600210,6.87,6.86,7.02,6.71,915529,777017296.0,4.45,-1.44,-0.1,6.37
2015-12-22,600210,6.87,7.04,7.08,6.75,943887,807574528.0,4.81,2.62,0.18,6.57
2015-12-23,600210,7.04,6.73,7.28,6.66,1449324,1255189040.0,8.81,-4.4,-0.31,10.09
2015-12-24,600210,6.57,6.5,6.65,6.26,832027,674542976.0,5.79,-3.42,-0.23,5.79
2015-12-25,600210,6.53,6.54,6.7,6.48,519620,427280064.0,3.38,0.62,0.04,3.62
2015-12-28,600210,6.67,6.21,6.74,6.16,835809,677336512.0,8.87,-5.05,-0.33,5.82
2015-12-29,600210,6.21,6.31,6.33,6.11,443857,349900416.0,3.54,1.61,0.1,3.09
2015-12-30,600210,6.3,6.36,6.39,6.24,374811,298838256.0,2.38,0.79,0.05,2.61
2015-12-31,600210,6.36,6.15,6.38,6.13,350165,276949536.0,3.93,-3.3,-0.21,2.44
2016-01-04,600210,6.17,5.37,6.17,5.37,513323,376446768.0,13.01,-12.68,-0.78,3.57
2016-01-05,600210,5.05,5.17,5.41,4.8,593331,401411360.0,11.36,-3.72,-0.2,4.13
2016-01-06,600210,5.26,5.41,5.43,5.19,459289,319706144.0,4.64,4.64,0.24,3.2
2016-01-07,600210,5.25,4.7,5.25,4.7,136925,90023041.0,10.17,-13.12,-0.71,0.95
2016-01-08,600210,4.95,4.73,5.02,4.26,469148,300551152.0,16.17,0.64,0.03,3.27
2016-01-11,600210,4.58,4.09,4.64,4.09,580866,347198496.0,11.63,-13.53,-0.64,4.04
2016-01-12,600210,4.07,4.2,4.31,3.93,461580,266151284.0,9.29,2.69,0.11,3.21
2016-01-13,600210,4.18,3.94,4.31,3.93,354226,205842892.0,9.05,-6.19,-0.26,2.47
2016-01-14,600210,3.75,4.14,4.17,3.66,369851,207901310.0,12.94,5.08,0.2,2.57
2016-01-15,600210,4.09,3.88,4.17,3.75,349277,196050351.0,10.14,-6.28,-0.26,2.43
2016-01-18,600210,3.7,3.95,4.13,3.65,320033,178179941.0,12.37,1.8,0.07,2.23
2016-01-19,600210,3.94,4.2,4.21,3.91,427525,246227716.0,7.59,6.33,0.25,2.98
2016-01-20,600210,4.15,4.39,4.57,4.07,657327,389917440.0,11.9,4.52,0.19,4.58
2016-01-21,600210,4.21,3.97,4.35,3.94,463532,270448064.0,9.34,-9.57,-0.42,3.23
2016-01-22,600210,4.09,4.07,4.12,3.83,291018,164801034.0,7.3,2.52,0.1,2.03
2016-01-25,600210,4.15,4.17,4.26,4.07,243212,141418611.0,4.67,2.46,0.1,1.69
2016-01-26,600210,4.08,3.59,4.12,3.59,367239,201088639.0,12.71,-13.91,-0.58,2.56
2016-01-27,600210,3.61,3.47,3.69,3.16,371277,187983954.0,14.76,-3.34,-0.12,2.58
2016-01-28,600210,3.36,3.14,3.53,3.08,291326,145486882.0,12.97,-9.51,-0.33,2.03
2016-01-29,600210,3.15,3.36,3.43,3.14,278209,137816615.0,9.24,7.01,0.22,1.94
2016-02-01,600210,3.38,3.33,3.43,3.25,207759,103881653.0,5.36,-0.89,-0.03,1.45
2016-02-02,600210,3.34,3.48,3.54,3.32,221287,113217240.0,6.61,4.5,0.15,1.54
2016-02-03,600210,3.39,3.51,3.52,3.34,202880,102856387.0,5.17,0.86,0.03,1.41
2016-02-04,600210,3.56,3.61,3.68,3.53,252078,132635049.0,4.27,2.85,0.1,1.75
2016-02-05,600210,3.63,3.53,3.64,3.52,176821,92324914.0,3.32,-2.22,-0.08,1.23
2016-02-15,600210,3.35,3.44,3.5,3.3,160582,81009990.0,5.67,-2.55,-0.09,1.12
2016-02-16,600210,3.46,3.68,3.72,3.46,354124,186770392.0,7.56,6.98,0.24,2.46
2016-02-17,600210,3.68,3.82,3.86,3.66,412288,223550287.0,5.43,3.8,0.14,2.87
2016-02-18,600210,3.87,3.77,3.91,3.75,378485,206852297.0,4.19,-1.31,-0.05,2.63
2016-02-19,600210,3.75,3.81,3.93,3.66,370858,201739995.0,7.16,1.06,0.04,2.58
2016-02-22,600210,3.86,3.93,3.97,3.82,400144,221900089.0,3.94,3.15,0.12,2.79
2016-02-23,600210,3.93,3.83,3.94,3.7,352633,192468932.0,6.11,-2.54,-0.1,2.45
2016-02-24,600210,3.84,4.06,4.14,3.73,538464,299362048.0,10.7,6.01,0.23,3.75
2016-02-25,600210,3.99,3.49,4.0,3.49,627041,338910176.0,12.56,-14.04,-0.57,4.36
2016-02-26,600210,3.56,3.54,3.63,3.4,338416,175530537.0,6.59,1.43,0.05,2.36
2016-02-29,600210,3.51,3.15,3.51,3.05,360668,174608221.0,12.99,-11.02,-0.39,2.51
2016-03-01,600210,3.21,3.25,3.3,3.08,240227,116703804.0,6.98,3.17,0.1,1.67
2016-03-02,600210,3.26,3.5,3.53,3.25,352541,178454253.0,8.62,7.69,0.25,2.45
2016-03-03,600210,3.5,3.59,3.78,3.48,480390,254154002.0,8.57,2.57,0.09,3.34
2016-03-04,600210,3.52,3.39,3.61,3.26,371936,189992168.0,9.75,-5.57,-0.2,2.59
2016-03-07,600210,3.47,3.5,3.54,3.43,225995,116035879.0,3.24,3.24,0.11,1.57
2016-03-08,600210,3.46,3.51,3.52,3.25,280847,141855006.0,7.71,0.29,0.01,1.95
2016-03-09,600210,3.42,3.39,3.49,3.34,188847,95455648.0,4.27,-3.42,-0.12,1.31
2016-03-10,600210,3.39,3.32,3.46,3.31,180481,90722492.0,4.42,-2.06,-0.07,1.26
2016-03-11,600210,3.29,3.3,3.34,3.23,142707,70465770.0,3.31,-0.6,-0.02,0.99
2016-03-14,600210,3.35,3.46,3.52,3.34,252257,128650297.0,5.45,4.85,0.16,1.76
2016-03-15,600210,3.46,3.39,3.48,3.37,167934,85112267.0,3.18,-2.02,-0.07,1.17
2016-03-16,600210,3.39,3.31,3.43,3.31,169995,85121598.0,3.54,-2.36,-0.08,1.18
2016-03-17,600210,3.4,3.44,3.46,3.32,238563,120666008.0,4.23,3.93,0.13,1.66
2016-03-18,600210,3.46,3.61,3.65,3.44,452015,235627860.0,6.1,4.94,0.17,3.15
2016-03-21,600210,3.65,3.85,3.95,3.65,629648,343206112.0,8.31,6.65,0.24,4.38
2016-03-22,600210,3.78,3.74,3.81,3.71,385761,208851669.0,2.6,-2.86,-0.11,2.68
2016-03-23,600210,3.74,3.79,3.83,3.7,273240,147957380.0,3.48,1.34,0.05,1.9
2016-03-24,600210,3.75,3.62,3.76,3.6,377172,201252841.0,4.22,-4.49,-0.17,2.63
2016-03-25,600210,3.61,3.76,3.77,3.55,360597,191181931.0,6.08,3.87,0.14,2.51
2016-03-28,600210,3.8,3.82,3.9,3.72,573470,312677872.0,4.79,1.6,0.06,3.99
2016-03-29,600210,3.81,3.8,3.9,3.7,484986,263953624.0,5.24,-0.52,-0.02,3.38
2016-03-30,600210,3.85,4.0,4.01,3.78,684608,380181728.0,6.05,5.26,0.2,4.77
2016-03-31,600210,3.95,3.91,3.97,3.86,588198,327417568.0,2.75,-2.25,-0.09,4.09
2016-04-01,600210,3.88,3.81,3.89,3.7,328729,178799039.0,4.86,-2.56,-0.1,2.29
2016-04-05,600210,3.81,3.92,3.96,3.78,345948,191728771.0,4.72,2.89,0.11,2.41
2016-04-06,600210,3.88,4.08,4.2,3.87,710586,408141184.0,8.42,4.08,0.16,4.95
2016-04-07,600210,4.13,3.96,4.13,3.91,544566,308085840.0,5.39,-2.94,-0.12,3.79
2016-04-08,600210,3.88,3.85,3.92,3.77,292425,160599567.0,3.79,-2.78,-0.11,2.04
2016-04-11,600210,3.9,3.97,4.01,3.87,344364,193079490.0,3.64,3.12,0.12,2.4
2016-04-12,600210,3.94,3.88,3.96,3.81,231881,127990264.0,3.78,-2.27,-0.09,1.61
2016-04-13,600210,3.89,4.04,4.1,3.89,617254,348569312.0,5.41,4.12,0.16,4.3
2016-04-14,600210,4.0,4.06,4.08,3.94,459173,260141714.0,3.47,0.5,0.02,3.2
2016-04-15,600210,4.05,3.99,4.06,3.96,297418,167883413.0,2.46,-1.72,-0.07,2.07
2016-04-18,600210,3.95,3.87,3.96,3.83,272387,150444287.0,3.26,-3.01,-0.12,1.9
2016-04-19,600210,3.9,3.91,3.96,3.83,241494,133826265.0,3.36,1.03,0.04,1.68
2016-04-20,600210,3.89,3.51,3.91,3.42,490364,259718504.0,12.53,-10.23,-0.4,3.41
2016-04-21,600210,3.53,3.46,3.58,3.44,191809,99158060.0,3.99,-1.42,-0.05,1.34
2016-04-22,600210,3.41,3.47,3.48,3.39,180893,92079367.0,2.6,0.29,0.01,1.26
2016-04-25,600210,3.46,3.43,3.46,3.37,121564,61564770.0,2.59,-1.15,-0.04,0.85
2016-04-26,600210,3.42,3.47,3.48,3.41,155467,79177620.0,2.04,1.17,0.04,1.08
2016-04-27,600210,3.48,3.46,3.53,3.45,149599,76820882.0,2.31,-0.29,-0.01,1.04
2016-04-28,600210,3.48,3.43,3.48,3.35,151054,76421131.0,3.76,-0.87,-0.03,1.05
2016-04-29,600210,3.41,3.41,3.45,3.35,108615,54984305.0,2.92,-0.58,-0.02,0.76
2016-05-03,600210,3.44,3.55,3.56,3.38,221635,114431738.0,5.28,4.11,0.14,1.54
2016-05-04,600210,3.55,3.56,3.61,3.51,237797,123866637.0,2.82,0.28,0.01,1.66
2016-05-05,600210,3.54,3.6,3.62,3.52,233016,121995693.0,2.81,1.12,0.04,1.62
2016-05-06,600210,3.58,3.37,3.6,3.36,321651,164250066.0,6.67,-6.39,-0.23,2.24
2016-05-09,600210,3.35,3.18,3.36,3.16,269889,132146211.0,5.93,-5.64,-0.19,1.88
2016-05-10,600210,3.19,3.23,3.25,3.18,125380,61048822.0,2.2,1.57,0.05,0.87
2016-05-11,600210,3.25,3.16,3.27,3.16,115080,55971347.0,3.41,-2.17,-0.07,0.8
2016-05-12,600210,3.1,3.14,3.15,3.03,121862,57805558.0,3.8,-0.63,-0.02,0.85
2016-05-13,600210,3.14,3.16,3.23,3.13,103764,50161572.0,3.18,0.64,0.02,0.72
2016-05-16,600210,3.16,3.27,3.32,3.12,179378,87375568.0,6.33,3.48,0.11,1.25
2016-05-17,600210,3.26,3.24,3.29,3.21,129842,63660849.0,2.45,-0.92,-0.03,0.9
2016-05-18,600210,3.2,3.08,3.22,3.03,210335,99919764.0,5.86,-4.94,-0.16,1.46
2016-05-19,600210,3.08,3.1,3.15,3.06,125386,59697106.0,2.92,0.65,0.02,0.87
2016-05-20,600210,3.06,3.14,3.16,3.03,117195,55683458.0,4.19,1.29,0.04,0.82
2016-05-23,600210,3.14,3.2,3.21,3.13,174498,84183155.0,2.55,1.91,0.06,1.21
2016-05-24,600210,3.19,3.11,3.19,3.08,115624,55189793.0,3.44,-2.81,-0.09,0.8
2016-05-25,600210,3.16,3.33,3.52,3.14,585892,293490944.0,12.22,7.07,0.22,4.08
2016-05-26,600210,3.24,3.28,3.3,3.09,330884,160816559.0,6.31,-1.5,-0.05,2.3
2016-05-27,600210,3.25,3.24,3.31,3.22,222679,109433349.0,2.74,-1.22,-0.04,1.55
2016-05-30,600210,3.26,3.24,3.29,3.17,138738,67806929.0,3.7,0.0,0.0,0.97
2016-05-31,600210,3.24,3.4,3.41,3.24,326840,163579142.0,5.25,4.94,0.16,2.27
2016-06-01,600210,3.41,3.43,3.47,3.35,342165,173301130.0,3.53,0.88,0.03,2.38
2016-06-02,600210,3.42,3.47,3.5,3.39,277156,141329472.0,3.21,1.17,0.04,1.93
2016-06-03,600210,3.47,3.46,3.49,3.39,287223,146259540.0,2.88,-0.29,-0.01,2.0
2016-06-06,600210,3.47,3.45,3.52,3.41,228157,116552167.0,3.18,-0.29,-0.01,1.59
2016-06-07,600210,3.45,3.55,3.8,3.4,554798,291472448.0,11.59,2.9,0.1,3.86
2016-06-08,600210,3.51,3.54,3.62,3.48,364119,189165361.0,3.94,-0.28,-0.01,2.53
2016-06-13,600210,3.45,3.24,3.5,3.23,335712,169122912.0,7.63,-8.47,-0.3,2.34
2016-06-14,600210,3.18,3.27,3.32,3.18,178308,87037288.0,4.32,0.93,0.03,1.24
2016-06-15,600210,3.6,3.76,3.76,3.6,406111,219456860.0,4.89,14.98,0.49,2.83
2016-06-16,600210,4.3,4.3,4.3,4.3,284507,169281564.0,0.0,14.36,0.54,1.98
2016-06-17,600210,4.89,4.83,4.9,4.58,3348904,2164313440.0,7.44,12.33,0.53,23.31
2016-06-20,600210,4.65,4.52,4.77,4.48,1572551,981137200.0,6.0,-6.42,-0.31,10.95
2016-06-21,600210,4.55,4.29,4.63,4.21,1570029,953001088.0,9.29,-5.09,-0.23,10.93
2016-06-22,600210,4.25,4.34,4.38,4.21,1009969,600508624.0,3.96,1.17,0.05,7.03
2016-06-23,600210,4.35,4.23,4.42,4.22,1222532,729705712.0,4.61,-2.53,-0.11,8.51
2016-06-24,600210,4.18,4.02,4.27,3.78,1058023,603886864.0,11.58,-4.96,-0.21,7.36
2016-06-27,600210,3.98,4.18,4.18,3.98,662354,379569008.0,4.98,3.98,0.16,4.61
2016-06-28,600210,4.12,4.16,4.17,4.03,626456,360244272.0,3.35,-0.48,-0.02,4.36
2016-06-29,600210,4.16,4.2,4.32,4.12,761317,446146448.0,4.81,0.96,0.04,5.3
2016-06-30,600210,4.2,4.11,4.22,4.08,398407,230216619.0,3.33,-2.14,-0.09,2.77
2016-07-01,600210,4.14,4.11,4.18,4.08,412653,238255165.0,2.43,0.0,0.0,2.87
2016-07-04,600210,4.01,4.22,4.27,3.96,522832,304199904.0,7.54,2.68,0.11,3.64
2016-07-05,600210,4.24,4.3,4.41,4.17,727171,431757056.0,5.69,1.9,0.08,5.06
2016-07-06,600210,4.25,4.22,4.33,4.2,451295,266280443.0,3.02,-1.86,-0.08,3.14
2016-07-07,600210,4.2,4.27,4.31,4.13,540557,317987216.0,4.27,1.18,0.05,3.76
2016-07-08,600210,4.23,4.18,4.25,4.17,311042,182029695.0,1.87,-2.11,-0.09,2.16
2016-07-11,600210,4.17,4.11,4.23,4.11,359376,208982150.0,2.87,-1.67,-0.07,2.5
2016-07-12,600210,4.1,4.13,4.15,4.0,328548,188137700.0,3.65,0.49,0.02,2.29
2016-07-13,600210,4.14,4.18,4.21,4.09,381135,221051320.0,2.91,1.21,0.05,2.65
2016-07-14,600210,4.17,4.14,4.17,4.11,212294,122926968.0,1.44,-0.96,-0.04,1.48
2016-07-15,600210,4.19,4.12,4.22,4.11,240932,139727842.0,2.66,-0.48,-0.02,1.68
2016-07-18,600210,4.13,4.04,4.13,4.03,212347,120282713.0,2.43,-1.94,-0.08,1.48
2016-07-19,600210,4.03,4.11,4.11,4.03,163759,92864052.0,1.98,1.73,0.07,1.14
2016-07-20,600210,4.11,4.1,4.14,4.08,158533,90501091.0,1.46,-0.24,-0.01,1.1
2016-07-21,600210,4.1,4.11,4.16,4.08,202720,115864135.0,1.95,0.24,0.01,1.41
2016-07-22,600210,4.1,4.0,4.12,3.98,245249,138834762.0,3.41,-2.68,-0.11,1.71
2016-07-25,600210,4.01,4.02,4.05,3.98,149056,83730851.0,1.75,0.5,0.02,1.04
2016-07-26,600210,4.0,4.08,4.09,4.0,204468,115419507.0,2.24,1.49,0.06,1.42
2016-07-27,600210,4.07,3.81,4.09,3.72,361434,198468189.0,9.07,-6.62,-0.27,2.52
2016-07-28,600210,3.79,3.79,3.84,3.72,208714,112331177.0,3.15,-0.52,-0.02,1.45
2016-07-29,600210,3.8,3.8,3.86,3.76,165366,89471939.0,2.64,0.26,0.01,1.15
2016-08-01,600210,3.79,3.61,3.8,3.49,231140,120536607.0,8.16,-5.0,-0.19,1.61
2016-08-02,600210,3.58,3.68,3.69,3.58,126433,66346537.0,3.05,1.94,0.07,0.88
2016-08-03,600210,3.66,3.73,3.73,3.64,152976,80803017.0,2.45,1.36,0.05,1.06
2016-08-04,600210,3.71,3.71,3.74,3.64,147359,77933054.0,2.68,-0.54,-0.02,1.03
2016-08-05,600210,3.71,3.71,3.77,3.68,160177,85364248.0,2.43,0.0,0.0,1.11
2016-08-08,600210,3.7,3.76,3.76,3.67,136959,72980486.0,2.43,1.35,0.05,0.95
2016-08-09,600210,3.77,3.8,3.81,3.75,133551,71925043.0,1.6,1.06,0.04,0.93
2016-08-10,600210,3.79,3.76,3.83,3.76,133804,72081810.0,1.84,-1.05,-0.04,0.93
2016-08-11,600210,3.76,3.66,3.78,3.65,127737,67865608.0,3.46,-2.66,-0.1,0.89
2016-08-12,600210,3.66,3.73,3.74,3.64,102427,54228443.0,2.73,1.91,0.07,0.71
2016-08-15,600210,3.72,3.85,3.87,3.72,243328,131973099.0,4.02,3.22,0.12,1.69
2016-08-16,600210,3.86,3.85,3.88,3.82,191506,104407756.0,1.56,0.0,0.0,1.33
2016-08-17,600210,3.86,3.92,3.93,3.83,235012,129185206.0,2.6,1.82,0.07,1.64
2016-08-18,600210,3.91,3.91,4.01,3.89,264982,146739304.0,3.06,-0.26,-0.01,1.84
2016-08-19,600210,3.92,4.0,4.02,3.85,265038,147270367.0,4.35,2.3,0.09,1.84
2016-08-22,600210,4.03,3.95,4.09,3.94,292809,164389063.0,3.75,-1.25,-0.05,2.04
2016-08-23,600210,3.93,3.91,3.97,3.87,170105,93884341.0,2.53,-1.01,-0.04,1.18
2016-08-24,600210,3.91,3.9,3.94,3.88,106374,58642722.0,1.53,-0.26,-0.01,0.74
2016-08-25,600210,3.88,3.82,3.88,3.77,173337,93868298.0,2.82,-2.05,-0.08,1.21
2016-08-26,600210,3.84,3.85,3.89,3.82,140939,76908949.0,1.83,0.79,0.03,0.98
2016-08-29,600210,3.83,3.84,3.87,3.8,122520,66663556.0,1.82,-0.26,-0.01,0.85
2016-08-30,600210,3.83,3.97,4.06,3.83,403119,225138248.0,5.99,3.39,0.13,2.81
2016-08-31,600210,3.94,3.93,3.96,3.87,190470,104978035.0,2.27,-1.01,-0.04,1.33
2016-09-01,600210,3.93,3.87,3.94,3.86,154904,85176011.0,2.04,-1.53,-0.06,1.08
2016-09-02,600210,3.91,3.9,3.94,3.85,154114,84721986.0,2.33,0.78,0.03,1.07
2016-09-05,600210,3.92,3.95,3.99,3.89,175135,97142791.0,2.56,1.28,0.05,1.22
2016-09-06,600210,3.95,4.01,4.02,3.88,263117,146238993.0,3.54,1.52,0.06,1.83
2016-09-07,600210,4.29,4.13,4.38,4.08,714572,413434352.0,7.48,2.99,0.12,4.97
2016-09-08,600210,4.06,4.16,4.26,4.02,548218,315860944.0,5.81,0.73,0.03,3.82
2016-09-09,600210,4.1,4.02,4.16,4.01,319097,181052255.0,3.61,-3.37,-0.14,2.22
2016-09-12,600210,3.89,3.84,3.93,3.83,256124,140306826.0,2.49,-4.48,-0.18,1.78
2016-09-13,600210,3.87,3.88,3.9,3.83,157652,86087384.0,1.82,1.04,0.04,1.1
2016-09-14,600210,3.85,3.8,3.86,3.78,159514,86400929.0,2.06,-2.06,-0.08,1.11
2016-09-19,600210,3.82,3.87,3.89,3.82,107476,58697011.0,1.84,1.84,0.07,0.75
2016-09-20,600210,3.85,3.86,3.88,3.83,105724,57630707.0,1.29,-0.26,-0.01,0.74
2016-09-21,600210,3.88,3.9,3.95,3.87,172508,95002261.0,2.07,1.04,0.04,1.2
2016-09-22,600210,3.9,3.89,3.94,3.88,147269,81040651.0,1.54,-0.26,-0.01,1.03
2016-09-23,600210,3.91,3.84,3.91,3.83,129451,70716061.0,2.06,-1.29,-0.05,0.9
2016-09-26,600210,3.82,3.71,3.84,3.7,172037,92281912.0,3.65,-3.39,-0.13,1.2
2016-09-27,600210,3.7,3.75,3.75,3.69,95632,50887751.0,1.62,1.08,0.04,0.67
2016-09-28,600210,3.76,3.74,3.77,3.72,82905,44305335.0,1.33,-0.27,-0.01,0.58
2016-09-29,600210,3.75,3.76,3.77,3.73,137265,73538767.0,1.07,0.53,0.02,0.96
2016-09-30,600210,3.74,3.75,3.78,3.73,85759,45921631.0,1.33,-0.27,-0.01,0.6
2016-10-10,600210,3.79,3.84,3.85,3.78,163509,88671485.0,1.87,2.4,0.09,1.14
2016-10-11,600210,3.84,3.88,3.88,3.83,132665,72421339.0,1.3,1.04,0.04,0.92
2016-10-12,600210,3.86,3.84,3.87,3.81,124915,67866033.0,1.55,-1.03,-0.04,0.87
2016-10-13,600210,3.83,3.85,3.88,3.82,117990,64328287.0,1.56,0.26,0.01,0.82
2016-10-14,600210,3.85,3.85,3.86,3.81,122154,66358706.0,1.3,0.0,0.0,0.85
2016-10-17,600210,3.86,3.86,3.95,3.83,245459,134665797.0,3.12,0.26,0.01,1.71
2016-10-18,600210,3.85,3.93,3.94,3.84,219995,121051858.0,2.59,1.81,0.07,1.53
2016-10-19,600210,3.94,3.9,3.95,3.87,177193,97530457.0,2.04,-0.76,-0.03,1.23
2016-10-20,600210,3.96,3.92,4.01,3.91,240524,133442680.0,2.56,0.51,0.02,1.67
2016-10-21,600210,3.91,3.88,3.93,3.85,143562,78801023.0,2.04,-1.02,-0.04,1.0
2016-10-24,600210,3.87,3.94,3.96,3.87,203469,112502506.0,2.32,1.55,0.06,1.42
2016-10-25,600210,3.94,3.97,3.98,3.93,162894,90527541.0,1.27,0.76,0.03,1.13
2016-10-26,600210,3.97,3.94,3.99,3.91,161174,89320173.0,2.02,-0.76,-0.03,1.12
2016-10-27,600210,3.92,3.94,3.94,3.89,102912,56801444.0,1.27,0.0,0.0,0.72
2016-10-28,600210,3.91,3.88,3.94,3.87,137984,75955960.0,1.78,-1.52,-0.06,0.96
2016-10-31,600210,3.88,3.92,3.94,3.86,113212,62293417.0,2.06,1.03,0.04,0.79
2016-11-01,600210,3.92,3.95,3.95,3.91,108716,60129632.0,1.02,0.77,0.03,0.76
2016-11-02,600210,3.94,3.88,3.94,3.88,131088,72218032.0,1.52,-1.77,-0.07,0.91
2016-11-03,600210,3.89,3.93,3.95,3.84,202282,111458419.0,2.84,1.29,0.05,1.41
2016-11-04,600210,3.94,3.9,3.94,3.88,141440,77965693.0,1.53,-0.76,-0.03,0.98
2016-11-07,600210,3.89,3.9,3.92,3.87,102325,56244647.0,1.28,0.0,0.0,0.71
2016-11-08,600210,3.92,3.95,3.98,3.9,199081,110296480.0,2.05,1.28,0.05,1.39
2016-11-09,600210,3.94,3.98,4.02,3.89,350063,194625167.0,3.29,0.76,0.03,2.44
2016-11-10,600210,4.01,4.03,4.05,3.98,324445,182346050.0,1.76,1.26,0.05,2.26
2016-11-11,600210,4.03,4.04,4.06,4.0,246088,138487784.0,1.49,0.25,0.01,1.71
2016-11-14,600210,4.02,4.04,4.06,4.01,250763,141261872.0,1.24,0.0,0.0,1.75
2016-11-15,600210,4.05,4.05,4.05,3.99,170973,96078578.0,1.49,0.25,0.01,1.19
2016-11-16,600210,4.04,4.09,4.13,4.02,302110,171759434.0,2.72,0.99,0.04,2.1
2016-11-17,600210,4.07,4.11,4.12,4.04,223922,127255639.0,1.96,0.49,0.02,1.56
2016-11-18,600210,4.11,4.17,4.27,4.1,601776,348736496.0,4.14,1.46,0.06,4.19
2016-11-21,600210,4.31,4.14,4.33,4.11,424594,245633531.0,5.28,-0.72,-0.03,2.96
2016-11-22,600210,4.14,4.15,4.18,4.09,251479,144257607.0,2.17,0.24,0.01,1.75
2016-11-23,600210,4.16,4.1,4.18,4.09,209854,120340443.0,2.17,-1.2,-0.05,1.46
2016-11-24,600210,4.09,4.04,4.1,4.02,236167,133547792.0,1.95,-1.46,-0.06,1.64
2016-11-25,600210,4.03,4.11,4.12,3.94,266330,150430030.0,4.46,1.73,0.07,1.85
2016-11-28,600210,4.1,4.1,4.14,4.08,191768,109575021.0,1.46,-0.24,-0.01,1.33
2016-11-29,600210,4.08,4.03,4.1,4.01,187118,106101415.0,2.2,-1.71,-0.07,1.3
2016-11-30,600210,4.02,4.03,4.08,4.0,156017,88007444.0,1.99,0.0,0.0,1.09
2016-12-01,600210,4.03,4.03,4.06,3.97,139034,78201805.0,2.23,0.0,0.0,0.97
2016-12-02,600210,4.03,3.96,4.04,3.94,188729,105441021.0,2.48,-1.74,-0.07,1.31
2016-12-05,600210,3.93,3.93,3.96,3.9,111733,61849865.0,1.52,-0.76,-0.03,0.78
2016-12-06,600210,3.94,3.93,3.96,3.92,86671,48054770.0,1.02,0.0,0.0,0.6
2016-12-07,600210,3.93,3.99,4.0,3.91,136914,76108135.0,2.29,1.53,0.06,0.95
2016-12-08,600210,4.01,4.02,4.08,3.98,203324,114593739.0,2.51,0.75,0.03,1.42
2016-12-09,600210,4.03,3.99,4.04,3.98,108595,60925393.0,1.49,-0.75,-0.03,0.76
2016-12-12,600210,3.99,3.77,4.01,3.75,242141,132044109.0,6.52,-5.51,-0.22,1.69
2016-12-13,600210,3.76,3.77,3.79,3.69,131801,70332967.0,2.65,0.0,0.0,0.92
2016-12-14,600210,3.77,3.72,3.81,3.71,117760,63072321.0,2.65,-1.33,-0.05,0.82
2016-12-15,600210,3.72,3.76,3.79,3.69,128883,68907288.0,2.69,1.08,0.04,0.9
2016-12-16,600210,3.74,3.79,3.8,3.74,116168,62480126.0,1.6,0.8,0.03,0.81
2016-12-19,600210,3.78,3.79,3.81,3.76,98087,52845522.0,1.32,0.0,0.0,0.68
2016-12-20,600210,3.78,3.8,3.81,3.76,92634,49909478.0,1.32,0.26,0.01,0.64
2016-12-21,600210,3.8,3.83,3.84,3.8,98210,53231527.0,1.05,0.79,0.03,0.68
2016-12-22,600210,3.83,3.86,3.88,3.81,106092,57821021.0,1.83,0.78,0.03,0.74
2016-12-23,600210,3.86,3.8,3.86,3.78,89445,48397387.0,2.07,-1.55,-0.06,0.62
2016-12-26,600210,3.8,3.81,3.81,3.73,99943,53652087.0,2.11,0.26,0.01,0.7
2016-12-27,600210,3.8,3.89,3.94,3.77,105143,57003902.0,4.46,2.1,0.08,0.73
2016-12-28,600210,3.83,3.84,3.86,3.81,119342,64906427.0,1.29,-1.29,-0.05,0.83
2016-12-29,600210,3.81,3.81,3.85,3.8,81532,44206164.0,1.3,-0.78,-0.03,0.57
2016-12-30,600210,3.81,3.81,3.84,3.8,73754,39943152.0,1.05,0.0,0.0,0.51
2017-01-03,600210,3.81,3.88,3.89,3.81,110250,60240386.0,2.1,1.84,0.07,0.77
2017-01-04,600210,3.87,3.91,3.92,3.86,118178,64947790.0,1.55,0.77,0.03,0.82
2017-01-05,600210,3.91,3.89,3.92,3.87,94337,51823402.0,1.28,-0.51,-0.02,0.66
2017-01-06,600210,3.9,3.91,3.94,3.87,102920,56695442.0,1.8,0.51,0.02,0.72
2017-01-09,600210,3.9,3.98,3.98,3.89,130113,72180271.0,2.3,1.79,0.07,0.91
2017-01-10,600210,3.98,3.96,4.01,3.95,124253,69349091.0,1.51,-0.5,-0.02,0.86
2017-01-11,600210,3.97,3.93,4.03,3.93,123526,68955499.0,2.53,-0.76,-0.03,0.86
2017-01-12,600210,3.94,3.85,3.96,3.84,105957,58234894.0,3.05,-2.04,-0.08,0.74
2017-01-13,600210,3.85,3.77,3.86,3.75,124035,66975272.0,2.86,-2.08,-0.08,0.86
2017-01-16,600210,3.78,3.66,3.79,3.4,177313,93479991.0,10.34,-2.92,-0.11,1.23
2017-01-17,600210,3.65,3.7,3.72,3.59,88159,46404010.0,3.55,1.09,0.04,0.61
2017-01-18,600210,3.7,3.7,3.73,3.67,63065,33457605.0,1.62,0.0,0.0,0.44
2017-01-19,600210,3.7,3.74,3.81,3.68,102773,55127864.0,3.51,1.08,0.04,0.72
2017-01-20,600210,3.71,3.78,3.79,3.71,65775,35276914.0,2.14,1.07,0.04,0.46
2017-01-23,600210,3.78,3.81,3.83,3.72,71231,38457787.0,2.91,0.79,0.03,0.5
2017-01-24,600210,3.81,3.8,3.82,3.77,100933,54532228.0,1.31,-0.26,-0.01,0.7
2017-01-25,600210,3.82,3.8,3.82,3.76,90408,48736353.0,1.58,0.0,0.0,0.63
2017-01-26,600210,3.81,3.81,3.82,3.8,65929,35665800.0,0.53,0.26,0.01,0.46
2017-02-03,600210,3.8,3.8,3.83,3.78,63402,34257727.0,1.31,-0.26,-0.01,0.44
2017-02-06,600210,3.8,3.84,3.84,3.79,89690,48617019.0,1.32,1.05,0.04,0.62
2017-02-07,600210,3.83,3.83,3.85,3.81,77576,42124019.0,1.04,-0.26,-0.01,0.54
2017-02-08,600210,3.82,3.87,3.87,3.8,92552,50288608.0,1.83,1.04,0.04,0.64
2017-02-09,600210,3.86,3.87,3.89,3.85,113210,61932489.0,1.03,0.0,0.0,0.79
2017-02-10,600210,3.87,3.94,3.94,3.86,163678,90015824.0,2.07,1.81,0.07,1.14
2017-02-13,600210,3.93,3.94,3.95,3.89,112400,62180001.0,1.52,0.0,0.0,0.78
2017-02-14,600210,3.94,3.92,3.94,3.91,75614,41760294.0,0.76,-0.51,-0.02,0.53
2017-02-15,600210,3.92,3.91,3.97,3.89,145325,80528699.0,2.04,-0.26,-0.01,1.01
2017-02-16,600210,3.9,3.99,3.99,3.89,181352,100615271.0,2.56,2.05,0.08,1.26
2017-02-17,600210,3.98,3.87,3.98,3.86,192759,106463205.0,3.01,-3.01,-0.12,1.34
2017-02-20,600210,3.9,3.97,3.97,3.88,133956,74090729.0,2.33,2.58,0.1,0.93
2017-02-21,600210,3.96,3.98,3.99,3.95,142745,79521769.0,1.01,0.25,0.01,0.99
2017-02-22,600210,3.99,3.99,4.0,3.96,135559,75687342.0,1.01,0.25,0.01,0.94
2017-02-23,600210,3.99,3.96,4.0,3.91,136242,75657817.0,2.26,-0.75,-0.03,0.95
2017-02-24,600210,3.94,3.98,3.98,3.92,86593,48111377.0,1.52,0.51,0.02,0.6
2017-02-27,600210,3.99,3.93,4.02,3.92,156577,87290729.0,2.51,-1.26,-0.05,1.09
2017-02-28,600210,3.94,3.95,3.96,3.92,83726,46352637.0,1.02,0.51,0.02,0.58
2017-03-01,600210,3.94,4.01,4.02,3.92,194274,108573241.0,2.53,1.52,0.06,1.35
2017-03-02,600210,4.02,3.94,4.03,3.93,138653,77161778.0,2.49,-1.75,-0.07,0.97
2017-03-03,600210,3.92,3.95,3.99,3.9,112641,62544197.0,2.28,0.25,0.01,0.78
2017-03-06,600210,3.97,4.07,4.1,3.95,267060,150205595.0,3.8,3.04,0.12,1.86
2017-03-07,600210,4.1,4.04,4.11,4.01,227213,128280555.0,2.46,-0.74,-0.03,1.58
2017-03-08,600210,4.04,3.97,4.04,3.94,195516,109116085.0,2.48,-1.73,-0.07,1.36
2017-03-09,600210,3.97,4.09,4.13,3.91,438081,246930067.0,5.54,3.02,0.12,3.05
2017-03-10,600210,4.08,4.01,4.08,3.99,253143,142610882.0,2.2,-1.96,-0.08,1.76
2017-03-13,600210,4.02,4.05,4.06,3.95,218494,122647252.0,2.74,1.0,0.04,1.52
2017-03-14,600210,4.04,4.03,4.07,4.0,133108,74967832.0,1.73,-0.49,-0.02,0.93
2017-03-15,600210,4.03,3.96,4.03,3.95,139656,77870980.0,1.99,-1.74,-0.07,0.97
2017-03-16,600210,3.98,4.03,4.03,3.98,145095,81325315.0,1.26,1.77,0.07,1.01
2017-03-17,600210,4.04,3.94,4.06,3.94,163460,91739914.0,2.98,-2.23,-0.09,1.14
2017-03-20,600210,3.94,3.95,3.96,3.91,143423,79341560.0,1.27,0.25,0.01,1.0
2017-03-21,600210,3.95,3.93,3.97,3.89,146329,80804051.0,2.03,-0.51,-0.02,1.02
2017-03-22,600210,3.89,3.87,3.91,3.85,137164,75080732.0,1.53,-1.53,-0.06,0.95
2017-03-23,600210,3.87,3.86,3.92,3.82,115675,63272885.0,2.58,-0.26,-0.01,0.81
2017-03-24,600210,3.86,3.9,3.91,3.84,101269,55397565.0,1.81,1.04,0.04,0.7
2017-03-27,600210,3.89,3.88,3.9,3.86,85636,46947142.0,1.03,-0.51,-0.02,0.6
2017-03-28,600210,3.88,3.84,3.89,3.83,70274,38350771.0,1.55,-1.03,-0.04,0.49
2017-03-29,600210,3.86,3.83,3.87,3.81,101634,55332970.0,1.56,-0.26,-0.01,0.71
2017-03-30,600210,3.83,3.77,3.84,3.76,118678,64042413.0,2.09,-1.57,-0.06,0.83
2017-03-31,600210,3.77,3.8,3.82,3.77,78323,42291676.0,1.33,0.8,0.03,0.55
2017-04-05,600210,3.81,3.89,3.9,3.81,119651,65452535.0,2.37,2.37,0.09,0.83
2017-04-06,600210,3.88,3.9,3.94,3.86,151324,83215380.0,2.06,0.26,0.01,1.05
2017-04-07,600210,3.89,3.92,3.93,3.87,148242,81498242.0,1.54,0.51,0.02,1.03
2017-04-10,600210,3.92,3.89,3.95,3.86,101565,55840834.0,2.3,-0.77,-0.03,0.71
2017-04-11,600210,3.88,3.91,3.92,3.83,115405,63174671.0,2.31,0.51,0.02,0.8
2017-04-12,600210,3.91,3.92,3.94,3.88,143531,79162809.0,1.53,0.26,0.01,1.0
2017-04-13,600210,3.92,3.93,3.94,3.9,93600,51666672.0,1.02,0.26,0.01,0.65
2017-04-14,600210,3.91,3.83,3.93,3.81,118023,64381641.0,3.05,-2.54,-0.1,0.82
2017-04-17,600210,3.83,3.83,3.86,3.81,81605,44348224.0,1.31,0.0,0.0,0.57
2017-04-18,600210,3.83,3.78,3.84,3.77,97145,52533910.0,1.83,-1.31,-0.05,0.68
2017-04-19,600210,3.77,3.68,3.79,3.63,130928,69378178.0,4.23,-2.65,-0.1,0.91
2017-04-20,600210,3.68,3.59,3.72,3.57,116736,61029839.0,4.08,-2.45,-0.09,0.81
2017-04-21,600210,3.61,3.57,3.63,3.55,80611,41816779.0,2.23,-0.56,-0.02,0.56
2017-04-24,600210,3.58,3.47,3.58,3.44,120657,61376250.0,3.92,-2.8,-0.1,0.84
2017-04-25,600210,3.47,3.47,3.51,3.46,59238,30156442.0,1.44,0.0,0.0,0.41
2017-04-26,600210,3.47,3.49,3.51,3.47,65607,33410824.0,1.15,0.58,0.02,0.46
2017-04-27,600210,3.48,3.51,3.51,3.37,111152,56021140.0,4.01,0.57,0.02,0.77
2017-04-28,600210,3.51,3.58,3.58,3.48,68624,35114748.0,2.85,1.99,0.07,0.48
2017-05-02,600210,3.75,3.9,4.04,3.65,426154,233957277.0,10.89,8.94,0.32,2.97
2017-05-03,600210,3.91,3.93,3.99,3.85,274572,151611822.0,3.59,0.77,0.03,1.91
2017-05-04,600210,3.95,3.87,3.97,3.86,190384,105059106.0,2.8,-1.53,-0.06,1.33
2017-05-05,600210,3.88,3.88,3.95,3.83,184016,100965031.0,3.1,0.26,0.01,1.28
2017-05-08,600210,3.84,3.71,3.87,3.7,175086,94220558.0,4.38,-4.38,-0.17,1.22
2017-05-09,600210,3.69,3.75,3.76,3.67,97440,51933115.0,2.43,1.08,0.04,0.68
2017-05-10,600210,3.75,3.77,3.92,3.74,234259,127153351.0,4.8,0.53,0.02,1.63
2017-05-11,600210,3.72,3.7,3.77,3.54,197322,103940985.0,6.1,-1.86,-0.07,1.37
2017-05-12,600210,3.69,3.78,3.82,3.66,173737,92948174.0,4.32,2.16,0.08,1.21
2017-05-15,600210,3.81,3.83,3.91,3.78,195468,106488403.0,3.44,1.32,0.05,1.36
2017-05-16,600210,3.82,4.14,4.27,3.8,658826,372512928.0,12.27,8.09,0.31,4.59
2017-05-17,600210,4.09,4.09,4.17,4.03,388810,221399246.0,3.38,-1.21,-0.05,2.71
2017-05-18,600210,4.04,4.08,4.16,4.01,270891,154094494.0,3.67,-0.24,-0.01,1.89
2017-05-19,600210,4.1,3.99,4.11,3.96,225767,126760110.0,3.68,-2.21,-0.09,1.57
2017-05-22,600210,3.98,3.9,4.03,3.89,199764,110886900.0,3.51,-2.26,-0.09,1.39
2017-05-23,600210,3.9,3.92,3.97,3.84,228553,126061142.0,3.33,0.51,0.02,1.59
2017-05-24,600210,3.88,3.83,3.89,3.64,354518,190172650.0,6.38,-2.3,-0.09,2.47
2017-05-25,600210,3.79,4.0,4.02,3.72,337509,185093182.0,7.83,4.44,0.17,2.35
2017-05-26,600210,3.98,3.94,4.02,3.93,220397,122848214.0,2.25,-1.5,-0.06,1.53
2017-05-31,600210,3.99,3.91,4.06,3.9,273819,153105985.0,4.06,-0.76,-0.03,1.91
2017-06-01,600210,3.93,3.74,3.93,3.72,248044,134171986.0,5.37,-4.35,-0.17,1.73
2017-06-02,600210,3.71,3.79,3.83,3.67,181006,96709668.0,4.28,1.34,0.05,1.26
2017-06-05,600210,3.79,3.87,3.88,3.79,180939,98567164.0,2.37,2.11,0.08,1.26
2017-06-06,600210,3.88,3.88,3.88,3.83,119165,64967497.0,1.29,0.26,0.01,0.83
2017-06-07,600210,3.88,4.05,4.06,3.83,430554,240204572.0,5.93,4.38,0.17,3.0
2017-06-08,600210,4.03,4.01,4.08,3.98,228934,128729053.0,2.47,-0.99,-0.04,1.59
2017-06-09,600210,4.02,4.11,4.14,3.97,383581,217664854.0,4.24,2.49,0.1,2.67
2017-06-12,600210,4.1,4.07,4.13,4.03,258434,146652290.0,2.43,-0.97,-0.04,1.8
2017-06-13,600210,4.05,4.06,4.13,4.03,214883,122056490.0,2.46,-0.25,-0.01,1.5
2017-06-14,600210,4.06,4.02,4.07,4.01,148344,83590706.0,1.48,-0.99,-0.04,1.03
2017-06-15,600210,4.01,4.07,4.1,4.01,183909,104177710.0,2.24,1.24,0.05,1.28
2017-06-16,600210,4.06,4.07,4.12,4.03,192636,109393481.0,2.21,0.0,0.0,1.34
2017-06-19,600210,4.07,4.29,4.38,4.06,722014,422763312.0,7.86,5.41,0.22,5.03
2017-06-20,600210,4.29,4.26,4.34,4.22,365225,213896907.0,2.8,-0.7,-0.03,2.54
2017-06-21,600210,4.25,4.27,4.28,4.2,235959,137680691.0,1.88,0.23,0.01,1.64
2017-06-22,600210,4.26,4.13,4.26,4.09,348454,201493087.0,3.98,-3.28,-0.14,2.43
2017-06-23,600210,4.1,4.15,4.16,4.03,253424,144182128.0,3.15,0.48,0.02,1.76
2017-06-26,600210,4.12,4.27,4.27,4.11,320215,186360091.0,3.86,2.89,0.12,2.23
2017-06-27,600210,4.26,4.29,4.37,4.23,351824,207867985.0,3.28,0.47,0.02,2.45
2017-06-28,600210,4.26,4.41,4.53,4.25,694114,418352896.0,6.53,2.8,0.12,4.83
2017-06-29,600210,4.42,4.41,4.47,4.38,345191,207741975.0,2.04,0.0,0.0,2.4
2017-06-30,600210,4.38,4.54,4.59,4.37,445526,272591216.0,4.99,2.95,0.13,3.1
2017-07-03,600210,4.54,4.55,4.58,4.49,299060,183455010.0,1.98,0.22,0.01,2.08
2017-07-04,600210,4.55,4.49,4.65,4.46,353262,216585055.0,4.18,-1.32,-0.06,2.46
2017-07-05,600210,4.46,4.54,4.55,4.42,298193,181348222.0,2.9,1.11,0.05,2.08
2017-07-06,600210,4.55,4.54,4.55,4.44,288282,175870487.0,2.42,0.0,0.0,2.01
2017-07-07,600210,4.51,4.67,4.68,4.48,405260,250617499.0,4.41,2.86,0.13,2.82
2017-07-10,600210,4.65,4.63,4.69,4.59,282391,176123282.0,2.14,-0.86,-0.04,1.97
2017-07-11,600210,4.61,4.5,4.62,4.47,303964,186858968.0,3.24,-2.81,-0.13,2.12
2017-07-12,600210,4.47,4.49,4.52,4.34,315128,190087087.0,4.0,-0.22,-0.01,2.19
2017-07-13,600210,4.47,4.54,4.61,4.46,244815,150334195.0,3.34,1.11,0.05,1.7
2017-07-14,600210,4.53,4.45,4.55,4.43,199917,121384109.0,2.64,-1.98,-0.09,1.39
2017-07-17,600210,4.43,4.15,4.47,4.1,462315,269918480.0,8.31,-6.74,-0.3,3.22
2017-07-18,600210,4.17,4.27,4.28,4.15,280903,163485228.0,3.13,2.89,0.12,1.96
2017-07-19,600210,4.26,4.5,4.52,4.23,420496,251982994.0,6.79,5.39,0.23,2.93
2017-07-20,600210,4.5,4.7,4.84,4.46,712423,444817648.0,8.44,4.44,0.2,4.96
2017-07-21,600210,4.58,5.08,5.31,4.52,1566384,1026355792.0,16.81,8.09,0.38,10.9
2017-07-24,600210,5.0,5.33,5.66,4.96,1657592,1149180592.0,13.78,4.92,0.25,11.54
2017-07-25,600210,5.23,5.29,5.35,5.12,796300,542311616.0,4.32,-0.75,-0.04,5.54
2017-07-26,600210,5.26,5.5,5.56,5.13,1204445,838467536.0,8.13,3.97,0.21,8.38
2017-07-27,600210,5.41,5.2,5.54,5.1,946691,654533344.0,8.0,-5.45,-0.3,6.59
2017-07-28,600210,5.15,5.2,5.26,5.08,591295,400213072.0,3.46,0.0,0.0,4.12
2017-07-31,600210,5.2,5.33,5.38,5.12,638141,437119856.0,5.0,2.5,0.13,4.44
2017-08-01,600210,5.29,5.17,5.34,5.13,481663,327320976.0,3.94,-3.0,-0.16,3.35
2017-08-02,600210,5.16,5.06,5.16,4.98,512917,341549984.0,3.48,-2.13,-0.11,3.57
2017-08-03,600210,5.05,5.01,5.1,4.98,346864,230462030.0,2.37,-0.99,-0.05,2.41
2017-08-04,600210,5.02,5.0,5.12,5.0,439849,292850320.0,2.4,-0.2,-0.01,3.06
2017-08-07,600210,4.96,5.16,5.19,4.9,497293,331413232.0,5.8,3.2,0.16,3.46
2017-08-08,600210,5.13,5.15,5.19,5.07,346487,232583706.0,2.33,-0.19,-0.01,2.41
2017-08-09,600210,5.13,5.07,5.14,4.98,338462,225087775.0,3.11,-1.55,-0.08,2.36
2017-08-10,600210,5.02,4.86,5.06,4.83,445838,291153824.0,4.54,-4.14,-0.21,3.1
2017-08-11,600210,4.83,4.54,4.83,4.52,562729,351696320.0,6.38,-6.58,-0.32,3.92
2017-08-14,600210,4.52,4.68,4.7,4.51,227802,142260508.0,4.19,3.08,0.14,1.59
2017-08-15,600210,4.69,4.7,4.78,4.63,245677,155285766.0,3.21,0.43,0.02,1.71
2017-08-16,600210,4.7,4.66,4.72,4.59,179108,111881648.0,2.77,-0.85,-0.04,1.25
2017-08-17,600210,4.66,4.76,4.78,4.66,222674,140464944.0,2.58,2.15,0.1,1.55
2017-08-18,600210,4.74,4.69,4.76,4.66,178305,110639186.0,2.1,-1.47,-0.07,1.24
2017-08-21,600210,4.72,4.77,4.77,4.64,229186,142123559.0,2.77,1.71,0.08,1.6
2017-08-22,600210,4.75,4.69,4.75,4.67,163918,101778845.0,1.68,-1.68,-0.08,1.14
2017-08-23,600210,4.67,4.69,4.77,4.64,198841,123348153.0,2.77,0.0,0.0,1.38
2017-08-24,600210,4.67,4.58,4.7,4.55,187658,115054543.0,3.2,-2.35,-0.11,1.31
2017-08-25,600210,4.58,4.66,4.68,4.56,190237,116686220.0,2.62,1.75,0.08,1.32
2017-08-28,600210,4.67,4.72,4.74,4.65,198278,123177028.0,1.93,1.29,0.06,1.38
2017-08-29,600210,4.72,4.75,4.77,4.69,210198,131046596.0,1.69,0.64,0.03,1.46
2017-08-30,600210,4.78,4.76,4.81,4.73,232020,145389405.0,1.68,0.21,0.01,1.61
2017-08-31,600210,4.75,4.75,4.8,4.72,215095,134521238.0,1.68,-0.21,-0.01,1.5
2017-09-01,600210,4.74,4.74,4.77,4.68,234092,145491675.0,1.89,-0.21,-0.01,1.63
2017-09-04,600210,4.73,4.92,4.94,4.7,518325,328662832.0,5.06,3.8,0.18,3.61
2017-09-05,600210,4.93,4.85,4.94,4.82,279761,177977639.0,2.44,-1.42,-0.07,1.95
2017-09-06,600210,4.82,5.0,5.04,4.81,465196,300912464.0,4.74,3.09,0.15,3.24
2017-09-07,600210,5.0,4.93,5.05,4.91,300388,194325374.0,2.8,-1.4,-0.07,2.09
2017-09-08,600210,4.92,4.87,4.97,4.83,217822,139468096.0,2.84,-1.22,-0.06,1.52
2017-09-11,600210,4.88,5.07,5.08,4.88,413881,269107760.0,4.11,4.11,0.2,2.88
2017-09-12,600210,5.06,5.07,5.16,5.01,502131,330106288.0,2.96,0.0,0.0,3.49
2017-09-13,600210,5.03,5.0,5.06,4.95,251561,163183699.0,2.17,-1.38,-0.07,1.75
2017-09-14,600210,5.01,4.92,5.02,4.88,250204,161053312.0,2.8,-1.6,-0.08,1.74
2017-09-15,600210,4.9,4.87,4.94,4.86,169440,108274655.0,1.63,-1.02,-0.05,1.18
2017-09-18,600210,4.89,4.92,4.94,4.87,149179,95565857.0,1.44,1.03,0.05,1.04
2017-09-19,600210,4.92,4.75,4.94,4.73,289173,182839139.0,4.27,-3.46,-0.17,2.01
2017-09-20,600210,4.72,4.78,4.82,4.71,157731,98847633.0,2.32,0.63,0.03,1.1
2017-09-21,600210,4.78,4.63,4.81,4.62,289533,179594341.0,3.97,-3.14,-0.15,2.02
2017-09-22,600210,4.63,4.63,4.66,4.61,145650,89280097.0,1.08,0.0,0.0,1.01
2017-09-25,600210,4.63,4.49,4.63,4.46,203391,122815796.0,3.67,-3.02,-0.14,1.42
2017-09-26,600210,4.48,4.52,4.54,4.46,98045,58863139.0,1.78,0.67,0.03,0.68
2017-09-27,600210,4.52,4.63,4.64,4.49,142263,86807411.0,3.32,2.43,0.11,0.99
2017-09-28,600210,4.62,4.62,4.65,4.57,96839,59205670.0,1.73,-0.22,-0.01,0.67
2017-09-29,600210,4.62,4.7,4.7,4.62,158679,97944983.0,1.73,1.73,0.08,1.1
2017-10-09,600210,4.76,4.71,4.79,4.67,187626,116433936.0,2.55,0.21,0.01,1.31
2017-10-10,600210,4.7,4.69,4.71,4.64,153784,94834191.0,1.49,-0.42,-0.02,1.07
2017-10-11,600210,4.69,4.65,4.69,4.63,130267,80113872.0,1.28,-0.85,-0.04,0.91
2017-10-12,600210,4.66,4.56,4.66,4.51,216895,131677511.0,3.23,-1.94,-0.09,1.51
2017-10-13,600210,4.55,4.59,4.6,4.54,107218,65144225.0,1.32,0.66,0.03,0.75
2017-10-16,600210,4.59,4.5,4.59,4.48,159392,95930540.0,2.4,-1.96,-0.09,1.11
2017-10-17,600210,4.5,4.5,4.54,4.47,81907,49166764.0,1.56,0.0,0.0,0.57
2017-10-18,600210,4.5,4.46,4.54,4.46,92276,55363771.0,1.78,-0.89,-0.04,0.64
2017-10-19,600210,4.46,4.29,4.48,4.26,188368,109883421.0,4.93,-3.81,-0.17,1.31
2017-10-20,600210,4.28,4.38,4.39,4.27,102559,60063178.0,2.8,2.1,0.09,0.71
2017-10-23,600210,4.39,4.44,4.45,4.36,76675,45396976.0,2.05,1.37,0.06,0.53
2017-10-24,600210,4.43,4.37,4.43,4.32,76588,44947635.0,2.48,-1.58,-0.07,0.53
2017-10-25,600210,4.35,4.41,4.43,4.34,71241,42024197.0,2.06,0.92,0.04,0.5
2017-10-26,600210,4.4,4.42,4.44,4.38,93865,55580419.0,1.36,0.23,0.01,0.65
2017-10-27,600210,4.42,4.36,4.44,4.35,96590,56932272.0,2.04,-1.36,-0.06,0.67
2017-10-30,600210,4.36,4.19,4.38,4.17,178588,102409490.0,4.82,-3.9,-0.17,1.24
2017-10-31,600210,4.21,4.28,4.29,4.2,114083,65616034.0,2.15,2.15,0.09,0.79
2017-11-01,600210,4.24,4.28,4.33,4.24,97900,56677360.0,2.1,0.0,0.0,0.68
2017-11-02,600210,4.29,4.19,4.3,4.18,106580,60831504.0,2.8,-2.1,-0.09,0.74
2017-11-03,600210,4.2,4.09,4.21,4.03,133209,74901354.0,4.3,-2.39,-0.1,0.93
2017-11-06,600210,4.08,4.09,4.1,4.01,107386,59581548.0,2.2,0.0,0.0,0.75
2017-11-07,600210,4.09,4.08,4.1,4.03,114272,63558939.0,1.71,-0.24,-0.01,0.8
2017-11-08,600210,4.07,4.12,4.16,4.05,124571,70103024.0,2.7,0.98,0.04,0.87
2017-11-09,600210,4.12,4.16,4.17,4.1,79131,44610192.0,1.7,0.97,0.04,0.55
2017-11-10,600210,4.15,4.1,4.15,4.08,98071,54962587.0,1.68,-1.44,-0.06,0.68
2017-11-13,600210,3.98,3.78,3.98,3.71,502758,266571508.0,6.59,-7.8,-0.32,3.5
2017-11-14,600210,3.78,3.72,3.79,3.68,195354,101758112.0,2.91,-1.59,-0.06,1.36
2017-11-15,600210,3.72,3.73,3.75,3.7,113758,59488885.0,1.34,0.27,0.01,0.79
2017-11-16,600210,3.74,3.69,3.75,3.68,92329,48029409.0,1.88,-1.07,-0.04,0.64
2017-11-17,600210,3.68,3.52,3.69,3.51,188836,95668620.0,4.88,-4.61,-0.17,1.31
2017-11-20,600210,3.52,3.5,3.52,3.39,169544,83776499.0,3.69,-0.57,-0.02,1.18
2017-11-21,600210,3.45,3.5,3.55,3.45,116898,58517055.0,2.86,0.0,0.0,0.81
2017-11-22,600210,3.52,3.53,3.57,3.51,121872,61389494.0,1.71,0.86,0.03,0.85
2017-11-23,600210,3.51,3.5,3.61,3.49,148850,75067348.0,3.4,-0.85,-0.03,1.04
2017-11-24,600210,3.47,3.52,3.54,3.47,65205,32700293.0,2.0,0.57,0.02,0.45
2017-11-27,600210,3.51,3.5,3.54,3.49,68977,34591924.0,1.42,-0.57,-0.02,0.48
2017-11-28,600210,3.5,3.54,3.55,3.49,77259,38800521.0,1.71,1.14,0.04,0.54
2017-11-29,600210,3.56,3.59,3.59,3.49,118237,59671884.0,2.82,1.41,0.05,0.82
2017-11-30,600210,3.58,3.56,3.61,3.55,87337,44300735.0,1.67,-0.84,-0.03,0.61
2017-12-01,600210,3.56,3.61,3.61,3.55,75808,38504397.0,1.69,1.4,0.05,0.53
2017-12-04,600210,3.59,3.5,3.61,3.49,109290,54989842.0,3.32,-3.05,-0.11,0.76
2017-12-05,600210,3.49,3.36,3.51,3.32,136394,67093575.0,5.43,-4.0,-0.14,0.95
2017-12-06,600210,3.34,3.39,3.4,3.29,104685,50727051.0,3.27,0.89,0.03,0.73
2017-12-07,600210,3.39,3.36,3.41,3.34,96579,47072716.0,2.06,-0.88,-0.03,0.67
2017-12-08,600210,3.35,3.37,3.4,3.33,82784,40353874.0,2.08,0.3,0.01,0.58
2017-12-11,600210,3.37,3.43,3.45,3.35,111786,54825800.0,2.97,1.78,0.06,0.78
2017-12-12,600210,3.44,3.34,3.44,3.33,112030,54623553.0,3.21,-2.62,-0.09,0.78
2017-12-13,600210,3.35,3.35,3.36,3.31,81191,39264270.0,1.5,0.3,0.01,0.57
2017-12-14,600210,3.33,3.33,3.35,3.31,73054,35231349.0,1.19,-0.6,-0.02,0.51
2017-12-15,600210,3.32,3.3,3.34,3.29,88654,42635102.0,1.5,-0.9,-0.03,0.62
2017-12-18,600210,3.3,3.31,3.33,3.29,69975,33625773.0,1.21,0.3,0.01,0.49
2017-12-19,600210,3.31,3.33,3.34,3.3,72969,35225679.0,1.21,0.6,0.02,0.51
2017-12-20,600210,3.32,3.27,3.33,3.26,82771,39653453.0,2.1,-1.8,-0.06,0.58
2017-12-21,600210,3.25,3.25,3.28,3.18,102199,48358082.0,3.06,-0.61,-0.02,0.71
2017-12-22,600210,3.23,3.23,3.27,3.22,68576,32522692.0,1.54,-0.62,-0.02,0.48
2017-12-25,600210,3.22,3.11,3.24,3.1,143268,66765800.0,4.33,-3.72,-0.12,1.0
2017-12-26,600210,3.13,3.14,3.14,3.09,81852,37865370.0,1.61,0.96,0.03,0.57
2017-12-27,600210,3.14,3.22,3.29,3.1,193654,91471773.0,6.05,2.55,0.08,1.35
2017-12-28,600210,3.19,3.2,3.25,3.17,105264,49658728.0,2.48,-0.62,-0.02,0.73
2017-12-29,600210,3.2,3.26,3.29,3.17,139002,66096475.0,3.75,1.88,0.06,0.97
2018-01-02,600210,3.28,3.32,3.33,3.25,154994,74206632.0,2.45,1.84,0.06,1.08
2018-01-03,600210,3.32,3.33,3.35,3.3,132566,64002149.0,1.51,0.3,0.01,0.92
2018-01-04,600210,3.32,3.37,3.38,3.3,151926,73641985.0,2.4,1.2,0.04,1.06
2018-01-05,600210,3.36,3.46,3.55,3.34,298753,148222340.0,6.23,2.67,0.09,2.08
2018-01-08,600210,3.43,3.45,3.47,3.4,141779,69939778.0,2.02,-0.29,-0.01,0.99
2018-01-09,600210,3.45,3.43,3.45,3.39,122670,60261102.0,1.74,-0.58,-0.02,0.85
2018-01-10,600210,3.4,3.37,3.43,3.34,139483,67924236.0,2.62,-1.75,-0.06,0.97
2018-01-11,600210,3.35,3.41,3.42,3.32,113118,55187902.0,2.97,1.19,0.04,0.79
2018-01-12,600210,3.39,3.39,3.44,3.38,74748,36647661.0,1.76,-0.59,-0.02,0.52
2018-01-15,600210,3.38,3.23,3.38,3.2,157025,75266875.0,5.31,-4.72,-0.16,1.09
2018-01-16,600210,3.2,3.46,3.58,3.2,318348,157542495.0,11.76,7.12,0.23,2.1
2018-01-17,600210,3.46,3.46,3.53,3.42,188021,93448133.0,3.18,0.0,0.0,1.24
2018-01-18,600210,3.45,3.49,3.49,3.43,120383,59822807.0,1.73,0.87,0.03,0.79
2018-01-19,600210,3.5,3.5,3.54,3.48,150979,75593470.0,1.72,0.29,0.01,1.0
2018-01-22,600210,3.48,3.64,3.66,3.45,288608,147192595.0,6.0,4.0,0.14,1.9
2018-01-23,600210,3.64,3.64,3.66,3.57,187494,95928443.0,2.47,0.0,0.0,1.24
2018-01-24,600210,3.63,3.61,3.64,3.56,150653,76756257.0,2.2,-0.82,-0.03,0.99
2018-01-25,600210,3.62,3.64,3.74,3.62,242525,125688537.0,3.32,0.83,0.03,1.6
2018-01-26,600210,3.64,3.58,3.64,3.58,133638,68126394.0,1.65,-1.65,-0.06,0.88
2018-01-29,600210,3.58,3.51,3.61,3.48,198390,99968558.0,3.63,-1.96,-0.07,1.31
2018-01-30,600210,3.5,3.53,3.57,3.49,115356,58035824.0,2.28,0.57,0.02,0.76
2018-01-31,600210,3.5,3.48,3.53,3.45,151319,75548503.0,2.27,-1.42,-0.05,1.0
2018-02-01,600210,3.47,3.2,3.5,3.17,295906,142003779.0,9.48,-8.05,-0.28,1.95
2018-02-02,600210,3.19,3.21,3.22,2.94,143817,66911006.0,8.75,0.31,0.01,0.95
2018-02-05,600210,3.17,3.22,3.24,3.09,96142,45122610.0,4.67,0.31,0.01,0.63
2018-02-06,600210,3.15,2.97,3.18,2.94,180693,82493368.0,7.45,-7.76,-0.25,1.19
2018-02-07,600210,3.04,3.07,3.1,2.93,132859,60345671.0,5.72,3.37,0.1,0.88
2018-02-08,600210,3.05,3.12,3.14,3.04,86411,39776500.0,3.26,1.63,0.05,0.57
2018-02-09,600210,3.01,2.93,3.03,2.9,174628,77873619.0,4.17,-6.09,-0.19,1.15
2018-02-12,600210,2.96,3.01,3.03,2.94,91362,41043508.0,3.07,2.73,0.08,0.6
2018-02-13,600210,3.03,3.03,3.08,3.01,76527,34777570.0,2.33,0.66,0.02,0.5
2018-02-14,600210,3.04,3.04,3.06,3.0,57353,25975888.0,1.98,0.33,0.01,0.38
2018-02-22,600210,3.07,3.09,3.11,3.06,66337,30430147.0,1.64,1.64,0.05,0.44
2018-02-23,600210,3.1,3.12,3.13,3.07,75693,34783522.0,1.94,0.97,0.03,0.5
2018-02-26,600210,3.13,3.19,3.19,3.1,114813,53441113.0,2.88,2.24,0.07,0.76
2018-02-27,600210,3.19,3.17,3.19,3.14,90233,42076759.0,1.57,-0.63,-0.02,0.59
2018-02-28,600210,3.15,3.15,3.18,3.12,68897,32054387.0,1.89,-0.63,-0.02,0.45
2018-03-01,600210,3.13,3.2,3.23,3.12,105992,49807483.0,3.49,1.59,0.05,0.7
2018-03-02,600210,3.16,3.2,3.22,3.14,90677,42574832.0,2.5,0.0,0.0,0.6
2018-03-05,600210,3.22,3.38,3.54,3.19,313096,152730887.0,10.94,5.63,0.18,2.06
2018-03-06,600210,3.33,3.36,3.36,3.28,198023,95424682.0,2.37,-0.59,-0.02,1.31
2018-03-07,600210,3.35,3.29,3.35,3.29,93130,44884418.0,1.79,-2.08,-0.07,0.61
2018-03-08,600210,3.28,3.29,3.3,3.26,81281,38825906.0,1.22,0.0,0.0,0.54
2018-03-09,600210,3.3,3.38,3.46,3.28,170255,82919330.0,5.47,2.74,0.09,1.12
2018-03-12,600210,3.39,3.42,3.43,3.36,147410,72152808.0,2.07,1.18,0.04,0.97
2018-03-13,600210,3.41,3.33,3.41,3.3,134778,65496893.0,3.22,-2.63,-0.09,0.89
2018-03-14,600210,3.32,3.36,3.38,3.31,107276,52086934.0,2.1,0.9,0.03,0.71
2018-03-15,600210,3.33,3.28,3.35,3.26,97818,46955473.0,2.68,-2.38,-0.08,0.64
2018-03-16,600210,3.28,3.43,3.5,3.28,381614,188248448.0,6.71,4.57,0.15,2.52
2018-03-19,600210,3.38,3.38,3.42,3.34,196849,95903280.0,2.33,-1.46,-0.05,1.3
2018-03-20,600210,3.34,3.36,3.37,3.3,129001,62282740.0,2.07,-0.59,-0.02,0.85
2018-03-21,600210,3.38,3.46,3.52,3.37,334860,165768057.0,4.46,2.98,0.1,2.21
2018-03-22,600210,3.4,3.42,3.45,3.34,220787,108240990.0,3.18,-1.16,-0.04,1.46
2018-03-23,600210,3.3,3.1,3.33,3.0,286706,134658626.0,9.65,-9.36,-0.32,1.89
2018-03-26,600210,3.07,3.1,3.11,2.88,132985,60120144.0,7.42,0.0,0.0,0.88
2018-03-27,600210,3.15,3.17,3.21,3.13,125602,58531189.0,2.58,2.26,0.07,0.83
2018-03-28,600210,3.1,3.08,3.14,3.07,128597,59128812.0,2.21,-2.84,-0.09,0.85
2018-03-29,600210,3.07,3.14,3.15,3.07,88416,40772563.0,2.6,1.95,0.06,0.58
2018-03-30,600210,3.16,3.16,3.17,3.13,81430,37855088.0,1.27,0.64,0.02,0.54
2018-04-02,600210,3.18,3.19,3.21,3.15,95504,44771545.0,1.9,0.95,0.03,0.63
2018-04-03,600210,3.13,3.11,3.15,3.09,68486,31594342.0,1.88,-2.51,-0.08,0.45
2018-04-04,600210,3.12,3.08,3.14,3.06,83173,38309293.0,2.57,-0.96,-0.03,0.55
2018-04-09,600210,3.06,3.11,3.11,3.02,98243,44879847.0,2.92,0.97,0.03,0.65
2018-04-10,600210,3.11,3.16,3.16,3.07,91091,42245133.0,2.89,1.61,0.05,0.6
2018-04-11,600210,3.18,3.17,3.2,3.16,100077,46789355.0,1.27,0.32,0.01,0.66
2018-04-12,600210,3.18,3.17,3.2,3.15,84785,39689005.0,1.58,0.0,0.0,0.56
2018-04-13,600210,3.19,3.15,3.21,3.15,69017,32216933.0,1.89,-0.63,-0.02,0.46
2018-04-16,600210,3.02,3.0,3.06,2.98,151718,68659323.0,2.54,-4.76,-0.15,1.0
2018-04-17,600210,3.01,2.93,3.03,2.93,75888,33968494.0,3.33,-2.33,-0.07,0.5
2018-04-18,600210,2.98,2.94,3.0,2.9,72475,32136147.0,3.41,0.34,0.01,0.48
2018-04-19,600210,2.95,2.97,2.99,2.91,105672,47027779.0,2.72,1.02,0.03,0.7
2018-04-20,600210,2.95,2.81,2.96,2.78,103906,45432834.0,6.06,-5.39,-0.16,0.69
2018-04-23,600210,2.81,2.77,2.85,2.74,70187,30125101.0,3.91,-1.42,-0.04,0.46
2018-04-24,600210,2.8,2.8,2.83,2.77,108130,46491371.0,2.17,1.08,0.03,0.71
2018-04-25,600210,2.78,2.77,2.79,2.75,74579,31825185.0,1.43,-1.07,-0.03,0.49
2018-04-26,600210,2.77,2.65,2.78,2.65,118987,49764478.0,4.69,-4.33,-0.12,0.78
2018-04-27,600210,2.65,2.56,2.69,2.47,127314,52290597.0,8.3,-3.4,-0.09,0.84
2018-05-02,600210,2.57,2.5,2.6,2.49,89421,36179874.0,4.3,-2.34,-0.06,0.59
2018-05-03,600210,2.5,2.56,2.56,2.47,66200,26603316.0,3.6,2.4,0.06,0.44
2018-05-04,600210,2.56,2.55,2.58,2.54,48175,19535820.0,1.56,-0.39,-0.01,0.32
2018-05-07,600210,2.56,2.61,2.61,2.55,56363,23084266.0,2.35,2.35,0.06,0.37
2018-05-08,600210,2.61,2.63,2.64,2.59,65831,27091698.0,1.92,0.77,0.02,0.43
2018-05-09,600210,2.64,2.62,2.64,2.6,46536,19191297.0,1.52,-0.38,-0.01,0.31
2018-05-10,600210,2.63,2.62,2.65,2.61,58145,24012223.0,1.53,0.0,0.0,0.38
2018-05-11,600210,2.63,2.6,2.64,2.59,51067,20990831.0,1.91,-0.76,-0.02,0.34
2018-05-14,600210,2.6,2.6,2.62,2.58,42831,17548787.0,1.54,0.0,0.0,0.28
2018-05-15,600210,2.6,2.57,2.6,2.5,70194,28396620.0,3.85,-1.15,-0.03,0.46
2018-05-16,600210,2.56,2.56,2.59,2.53,45633,18592314.0,2.33,-0.39,-0.01,0.3
2018-05-17,600210,2.56,2.6,2.62,2.56,57153,23436636.0,2.34,1.56,0.04,0.38
2018-05-18,600210,2.6,2.61,2.61,2.55,49662,20233135.0,2.31,0.38,0.01,0.33
2018-05-21,600210,2.63,2.66,2.67,2.63,68244,28348700.0,1.53,1.92,0.05,0.45
2018-05-22,600210,2.65,2.7,2.72,2.65,78336,32892516.0,2.63,1.5,0.04,0.52
2018-05-23,600210,2.69,2.66,2.7,2.65,46773,19511191.0,1.85,-1.48,-0.04,0.31
2018-05-24,600210,2.66,2.69,2.7,2.65,58524,24462320.0,1.88,1.13,0.03,0.39
2018-05-25,600210,3.01,2.85,3.1,2.84,483150,215247842.0,9.67,5.95,0.16,3.19
2018-05-28,600210,2.77,2.67,2.8,2.66,208850,87735763.0,4.91,-6.32,-0.18,1.38
2018-05-29,600210,2.66,2.61,2.67,2.6,102450,42227564.0,2.62,-2.25,-0.06,0.68
2018-05-30,600210,2.58,2.53,2.59,2.52,92224,37353955.0,2.68,-3.07,-0.08,0.61
2018-05-31,600210,2.58,2.6,2.61,2.56,62699,25629339.0,1.98,2.77,0.07,0.41
2018-06-01,600210,2.59,2.6,2.62,2.56,47635,19486953.0,2.31,0.0,0.0,0.31
2018-06-04,600210,2.6,2.61,2.62,2.58,42110,17283766.0,1.54,0.38,0.01,0.28
2018-06-05,600210,2.6,2.64,2.65,2.59,49411,20365417.0,2.3,1.15,0.03,0.33
2018-06-06,600210,2.64,2.71,2.72,2.63,67811,28388410.0,3.41,2.65,0.07,0.45
2018-06-07,600210,2.69,2.66,2.72,2.66,40617,16995220.0,2.21,-1.85,-0.05,0.27
2018-06-08,600210,2.65,2.58,2.67,2.56,60734,24880007.0,4.14,-3.01,-0.08,0.4
2018-06-11,600210,2.56,2.57,2.59,2.55,29162,11854278.0,1.55,-0.39,-0.01,0.19
2018-06-12,600210,2.56,2.59,2.6,2.55,34420,14030797.0,1.95,0.78,0.02,0.23
2018-06-13,600210,2.58,2.52,2.59,2.52,49098,19894260.0,2.7,-2.7,-0.07,0.32
2018-06-14,600210,2.5,2.49,2.54,2.47,50519,20203568.0,2.78,-1.19,-0.03,0.33
2018-06-15,600210,2.49,2.38,2.5,2.37,83233,32590819.0,5.22,-4.42,-0.11,0.55
2018-06-19,600210,2.35,2.0,2.37,1.99,168849,61564744.0,15.97,-15.97,-0.38,1.11
2018-06-20,600210,2.0,2.01,2.04,1.92,102689,35854588.0,6.0,0.5,0.01,0.68
2018-06-21,600210,2.01,1.94,2.04,1.93,80402,28037066.0,5.47,-3.48,-0.07,0.53
2018-06-22,600210,1.94,2.0,2.01,1.89,83294,28840127.0,6.19,3.09,0.06,0.55
2018-06-25,600210,2.04,1.98,2.05,1.96,81748,27407028.0,4.5,-1.0,-0.02,0.54
2018-06-26,600210,1.95,2.0,2.01,1.93,58746,19578936.0,4.04,1.01,0.02,0.39
2018-06-27,600210,2.0,1.99,2.01,1.97,57466,19192385.0,2.0,-0.5,-0.01,0.38
2018-06-28,600210,2.0,1.97,2.01,1.96,41266,13746224.0,2.51,-1.01,-0.02,0.27
2018-06-29,600210,1.97,2.02,2.03,1.94,68103,22812777.0,4.57,2.54,0.05,0.45
2018-07-02,600210,2.02,1.96,2.04,1.95,57880,19304797.0,4.46,-2.97,-0.06,0.38
2018-07-03,600210,1.95,1.99,1.99,1.91,53879,17853270.0,4.08,1.53,0.03,0.36
2018-07-04,600210,1.99,1.94,1.99,1.93,42041,13886101.0,3.02,-2.51,-0.05,0.28
2018-07-05,600210,1.93,1.81,1.96,1.8,77750,24981752.0,8.25,-6.7,-0.13,0.51
2018-07-06,600210,1.82,1.78,1.85,1.66,69184,21635718.0,10.5,-1.66,-0.03,0.46
2018-07-09,600210,1.78,1.87,1.87,1.78,56889,18174406.0,5.06,5.06,0.09,0.38
2018-07-10,600210,1.86,1.9,1.91,1.85,37823,12231867.0,3.21,1.6,0.03,0.25
2018-07-11,600210,1.88,1.83,1.88,1.81,49378,15770214.0,3.68,-3.68,-0.07,0.33
2018-07-12,600210,1.83,1.9,1.92,1.83,48426,15695588.0,4.92,3.83,0.07,0.32
2018-07-13,600210,1.91,1.89,1.92,1.88,29791,9671948.0,2.11,-0.53,-0.01,0.2
2018-07-16,600210,1.9,1.88,1.91,1.86,27925,9022277.0,2.65,-0.53,-0.01,0.18
2018-07-17,600210,1.88,1.89,1.89,1.85,29435,9456921.0,2.13,0.53,0.01,0.19
2018-07-18,600210,1.88,1.9,1.93,1.88,38073,12406115.0,2.65,0.53,0.01,0.25
2018-07-19,600210,1.9,1.92,1.93,1.87,54000,17564394.0,3.16,1.05,0.02,0.36
2018-07-20,600210,1.92,1.94,1.95,1.88,50166,16414070.0,3.65,1.04,0.02,0.33
2018-07-23,600210,1.92,1.96,1.96,1.9,61057,20074085.0,3.09,1.03,0.02,0.4
2018-07-24,600210,1.96,2.03,2.03,1.96,104041,34941607.0,3.57,3.57,0.07,0.69
2018-07-25,600210,2.04,2.03,2.06,2.01,63095,21329520.0,2.46,0.0,0.0,0.42
2018-07-26,600210,2.03,2.08,2.12,2.03,122550,42065596.0,4.43,2.46,0.05,0.81
2018-07-27,600210,2.07,2.07,2.1,2.05,67339,23062425.0,2.4,-0.48,-0.01,0.44
2018-07-30,600210,2.08,2.0,2.09,1.98,75739,25533633.0,5.31,-3.38,-0.07,0.5
2018-07-31,600210,1.99,2.03,2.03,1.98,41032,13820049.0,2.5,1.5,0.03,0.27
2018-08-01,600210,2.03,1.97,2.06,1.97,56428,19009990.0,4.43,-2.96,-0.06,0.37
2018-08-02,600210,1.98,1.87,1.98,1.79,86193,27714488.0,9.64,-5.08,-0.1,0.57
2018-08-03,600210,1.84,1.85,1.88,1.84,36429,11700038.0,2.14,-1.07,-0.02,0.24
2018-08-06,600210,1.85,1.78,1.86,1.76,53210,16774390.0,5.41,-3.78,-0.07,0.35
2018-08-07,600210,1.8,1.85,1.86,1.75,59017,18691781.0,6.18,3.93,0.07,0.39
2018-08-08,600210,1.84,1.81,1.85,1.79,41691,13222647.0,3.24,-2.16,-0.04,0.27
2018-08-09,600210,1.81,1.86,1.88,1.79,52869,16924077.0,4.97,2.76,0.05,0.35
2018-08-10,600210,1.84,1.88,1.88,1.84,38299,12306923.0,2.15,1.08,0.02,0.25
2018-08-13,600210,1.84,1.88,1.88,1.81,43665,13925975.0,3.72,0.0,0.0,0.29
2018-08-14,600210,1.88,1.86,1.88,1.84,33137,10614511.0,2.13,-1.06,-0.02,0.22
2018-08-15,600210,1.85,1.8,1.85,1.78,43872,13877790.0,3.76,-3.23,-0.06,0.29
2018-08-16,600210,1.77,1.75,1.8,1.73,53731,16725785.0,3.89,-2.78,-0.05,0.35
2018-08-17,600210,1.78,1.71,1.79,1.7,40389,12480269.0,5.14,-2.29,-0.04,0.27
2018-08-20,600210,1.7,1.7,1.73,1.67,54494,16583514.0,3.51,-0.58,-0.01,0.36
2018-08-21,600210,1.7,1.75,1.79,1.7,47905,14829422.0,5.29,2.94,0.05,0.32
2018-08-22,600210,1.77,1.73,1.77,1.72,25161,7761317.0,2.86,-1.14,-0.02,0.17
2018-08-23,600210,1.73,1.72,1.76,1.7,32240,9938263.0,3.47,-0.58,-0.01,0.21
2018-08-24,600210,1.71,1.73,1.76,1.71,27704,8545623.0,2.91,0.58,0.01,0.18
2018-08-27,600210,1.73,1.77,1.79,1.73,36110,11244475.0,3.47,2.31,0.04,0.24
2018-08-28,600210,1.78,1.77,1.79,1.76,38832,12144011.0,1.69,0.0,0.0,0.26
2018-08-29,600210,1.76,1.76,1.79,1.75,22385,6979792.0,2.26,-0.56,-0.01,0.15
2018-08-30,600210,1.77,1.79,1.83,1.77,91814,28979295.0,3.41,1.7,0.03,0.61
2018-08-31,600210,1.76,1.82,1.84,1.76,76438,24132856.0,4.47,1.68,0.03,0.5
2018-09-03,600210,1.82,1.83,1.84,1.78,56491,17811815.0,3.3,0.55,0.01,0.37
2018-09-04,600210,1.82,1.87,1.89,1.81,72703,23349159.0,4.37,2.19,0.04,0.48
2018-09-05,600210,1.88,1.84,1.91,1.84,60671,19543801.0,3.74,-1.6,-0.03,0.4
2018-09-06,600210,1.84,1.82,1.87,1.8,37991,12090982.0,3.8,-1.09,-0.02,0.25
2018-09-07,600210,1.83,1.84,1.88,1.81,41923,13370300.0,3.85,1.1,0.02,0.28
2018-09-10,600210,1.84,1.81,1.85,1.8,40711,12920656.0,2.72,-1.63,-0.03,0.27
2018-09-11,600210,1.8,1.79,1.83,1.77,42806,13449551.0,3.31,-1.1,-0.02,0.28
2018-09-12,600210,1.79,1.82,1.82,1.79,26347,8320905.0,1.68,1.68,0.03,0.17
2018-09-13,600210,1.83,1.86,1.88,1.81,51062,16285064.0,3.85,2.2,0.04,0.34
2018-09-14,600210,1.86,1.84,1.88,1.82,51572,16531241.0,3.23,-1.08,-0.02,0.34
2018-09-17,600210,1.84,1.81,1.84,1.79,39242,12427654.0,2.72,-1.63,-0.03,0.26
2018-09-18,600210,1.8,1.86,1.87,1.8,53443,17040833.0,3.87,2.76,0.05,0.35
2018-09-19,600210,1.86,1.89,1.9,1.85,58036,18731177.0,2.69,1.61,0.03,0.38
2018-09-20,600210,1.88,1.87,1.91,1.85,39324,12677344.0,3.17,-1.06,-0.02,0.26
2018-09-21,600210,1.88,1.92,1.94,1.87,69422,22609848.0,3.74,2.67,0.05,0.46
2018-09-25,600210,1.89,1.93,1.94,1.87,57511,18788792.0,3.65,0.52,0.01,0.38
2018-09-26,600210,1.92,1.93,1.95,1.92,62870,20636287.0,1.55,0.0,0.0,0.41
2018-09-27,600210,1.93,1.87,1.93,1.87,55543,17988598.0,3.11,-3.11,-0.06,0.37
2018-09-28,600210,1.88,1.91,1.91,1.87,50748,16447007.0,2.14,2.14,0.04,0.33
2018-10-08,600210,1.87,1.81,1.88,1.81,67305,21541853.0,3.66,-5.24,-0.1,0.44
2018-10-09,600210,1.81,1.83,1.85,1.81,39385,12534602.0,2.21,1.1,0.02,0.26
2018-10-10,600210,1.83,1.83,1.85,1.81,25684,8160416.0,2.19,0.0,0.0,0.17
2018-10-11,600210,1.78,1.53,1.78,1.51,171658,51073040.0,14.75,-16.39,-0.3,1.13
2018-10-12,600210,1.5,1.47,1.53,1.33,109421,30672704.0,13.07,-3.92,-0.06,0.72
2018-10-15,600210,1.48,1.43,1.51,1.43,58967,16676447.0,5.44,-2.72,-0.04,0.39
2018-10-16,600210,1.45,1.42,1.48,1.38,57718,16074351.0,6.99,-0.7,-0.01,0.38
2018-10-17,600210,1.45,1.46,1.47,1.41,52190,14571386.0,4.23,2.82,0.04,0.34
2018-10-18,600210,1.45,1.42,1.45,1.4,49918,13858231.0,3.42,-2.74,-0.04,0.33
2018-10-19,600210,1.35,1.49,1.51,1.32,89238,24853737.0,13.38,4.93,0.07,0.59
2018-10-22,600210,1.49,1.6,1.65,1.49,117989,34605674.0,10.74,7.38,0.11,0.78
2018-10-23,600210,1.6,1.55,1.61,1.54,72576,21175860.0,4.38,-3.13,-0.05,0.48
2018-10-24,600210,1.54,1.58,1.6,1.53,60426,17673451.0,4.52,1.94,0.03,0.4
2018-10-25,600210,1.52,1.6,1.6,1.5,64898,18868535.0,6.33,1.27,0.02,0.43
2018-10-26,600210,1.62,1.62,1.67,1.58,76168,22651376.0,5.63,1.25,0.02,0.5
2018-10-29,600210,1.61,1.59,1.63,1.56,50525,14873810.0,4.32,-1.85,-0.03,0.33
2018-10-30,600210,1.59,1.61,1.62,1.56,54571,16096920.0,3.77,1.26,0.02,0.36
2018-10-31,600210,1.62,1.61,1.64,1.59,77152,22873636.0,3.11,0.0,0.0,0.51
2018-11-01,600210,1.63,1.62,1.66,1.62,77949,23339625.0,2.48,0.62,0.01,0.51
2018-11-02,600210,1.66,1.67,1.68,1.64,95181,28658181.0,2.47,3.09,0.05,0.63
2018-11-05,600210,1.67,1.97,1.97,1.65,332464,107428767.0,19.16,17.96,0.3,2.19
2018-11-06,600210,2.3,2.3,2.3,2.3,99123,36179786.0,0.0,16.75,0.33,0.65
2018-11-07,600210,2.67,2.37,2.67,2.35,1453491,562145264.0,13.91,3.04,0.07,9.58
2018-11-08,600210,2.28,2.55,2.69,2.18,1362356,515393536.0,21.52,7.59,0.18,8.98
2018-11-09,600210,2.4,2.51,2.68,2.37,1045219,403020368.0,12.16,-1.57,-0.04,6.89
2018-11-12,600210,2.57,2.73,2.9,2.46,1332688,539627440.0,17.53,8.76,0.22,8.79
2018-11-13,600210,2.58,2.64,2.83,2.58,1305082,526905264.0,9.16,-3.3,-0.09,8.6
2018-11-14,600210,2.59,2.77,3.0,2.58,1397813,575811248.0,15.91,4.92,0.13,9.22
2018-11-15,600210,2.79,3.17,3.18,2.74,1801779,779084816.0,15.88,14.44,0.4,11.88
2018-11-16,600210,3.05,3.49,3.6,3.0,1784148,829293216.0,18.93,10.09,0.32,11.76
2018-11-19,600210,3.49,3.41,3.87,3.35,1754429,866436304.0,14.9,-2.29,-0.08,11.57
2018-11-20,600210,3.25,3.03,3.28,3.02,1050914,472533216.0,7.62,-11.14,-0.38,6.93
2018-11-21,600210,3.04,3.47,3.47,3.04,2127412,1005260368.0,14.19,14.52,0.44,14.03
2018-11-22,600210,3.45,3.3,3.45,3.22,1381457,646104000.0,6.63,-4.9,-0.17,9.11
2018-11-23,600210,3.07,2.86,3.1,2.84,1241139,531091232.0,7.88,-13.33,-0.44,8.18
2018-11-26,600210,2.92,2.94,2.99,2.83,763735,325282368.0,5.59,2.8,0.08,5.04
2018-11-27,600210,3.04,2.94,3.07,2.78,759062,322876336.0,9.86,0.0,0.0,5.0
2018-11-28,600210,2.94,2.87,2.96,2.7,673468,280892592.0,8.84,-2.38,-0.07,4.44
2018-11-29,600210,2.86,2.6,2.91,2.6,604556,250468614.0,10.8,-9.41,-0.27,3.99
2018-11-30,600210,2.64,2.55,2.66,2.43,643514,250837371.0,8.85,-1.92,-0.05,4.24
2018-12-03,600210,2.66,2.62,2.75,2.61,648743,260894824.0,5.49,2.75,0.07,4.28
2018-12-04,600210,2.62,2.77,2.87,2.61,756210,310869888.0,9.92,5.73,0.15,4.99
2018-12-05,600210,2.54,2.46,2.55,2.43,732353,280445408.0,4.33,-11.19,-0.31,4.83
2018-12-06,600210,2.48,2.42,2.5,2.38,288218,109454082.0,4.88,-1.63,-0.04,1.9
2018-12-07,600210,2.46,2.39,2.48,2.37,224243,84667969.0,4.55,-1.24,-0.03,1.48
2018-12-10,600210,2.4,2.4,2.46,2.37,251108,94565979.0,3.77,0.42,0.01,1.66
2018-12-11,600210,2.41,2.41,2.43,2.33,228625,85252833.0,4.17,0.42,0.01,1.51
2018-12-12,600210,2.42,2.46,2.49,2.38,322295,122270282.0,4.56,2.07,0.05,2.12
2018-12-13,600210,2.48,2.44,2.48,2.42,232217,88264681.0,2.44,-0.81,-0.02,1.53
2018-12-14,600210,2.43,2.23,2.46,2.2,346123,126568323.0,10.66,-8.61,-0.21,2.28
2018-12-17,600210,2.23,2.35,2.4,2.22,354352,130139261.0,8.07,5.38,0.12,2.34
2018-12-18,600210,2.33,2.33,2.4,2.27,275492,101518691.0,5.53,-0.85,-0.02,1.82
2018-12-19,600210,2.35,2.39,2.47,2.3,386541,144985144.0,7.3,2.58,0.06,2.55
2018-12-20,600210,2.36,2.49,2.54,2.36,433089,165709883.0,7.53,4.18,0.1,2.86
2018-12-21,600210,2.46,2.37,2.49,2.33,284789,107011550.0,6.43,-4.82,-0.12,1.88
2018-12-24,600210,2.41,2.35,2.42,2.31,183517,67876998.0,4.64,-0.84,-0.02,1.21
2018-12-25,600210,2.31,2.41,2.49,2.26,329626,121878105.0,9.79,2.55,0.06,2.17
2018-12-26,600210,2.41,2.56,2.62,2.37,599269,230010434.0,10.37,6.22,0.15,3.95
2018-12-27,600210,2.52,2.32,2.53,2.32,465571,177433106.0,8.2,-9.38,-0.24,3.07
2018-12-28,600210,2.33,2.29,2.39,2.26,264756,97330112.0,5.6,-1.29,-0.03,1.75
2019-01-02,600210,2.33,2.33,2.39,2.27,237988,87794755.0,5.24,1.75,0.04,1.57
2019-01-03,600210,2.31,2.11,2.35,2.07,436007,154478862.0,12.02,-9.44,-0.22,2.87
2019-01-04,600210,2.05,2.2,2.23,2.03,276261,96861180.0,9.48,4.27,0.09,1.82
2019-01-07,600210,2.23,2.27,2.31,2.22,306816,111097981.0,4.09,3.18,0.07,2.02
2019-01-08,600210,2.31,2.28,2.37,2.27,254018,93199974.0,4.41,0.44,0.01,1.67
2019-01-09,600210,2.31,2.33,2.43,2.26,376956,139653806.0,7.46,2.19,0.05,2.49
2019-01-10,600210,2.32,2.28,2.37,2.26,244438,89502435.0,4.72,-2.15,-0.05,1.61
2019-01-11,600210,2.29,2.29,2.34,2.24,247099,89876311.0,4.39,0.44,0.01,1.63
2019-01-14,600210,2.28,2.3,2.36,2.27,201174,73733092.0,3.93,0.44,0.01,1.33
2019-01-15,600210,2.28,2.27,2.29,2.18,235232,84426407.0,4.78,-1.3,-0.03,1.55
2019-01-16,600210,2.28,2.29,2.38,2.26,294992,108109514.0,5.29,0.88,0.02,1.94
2019-01-17,600210,2.26,2.4,2.43,2.26,572656,212117964.0,7.42,4.8,0.11,3.78
2019-01-18,600210,2.36,2.3,2.37,2.25,406217,148215686.0,5.0,-4.17,-0.1,2.68
2019-01-21,600210,2.29,2.28,2.31,2.27,179634,65236880.0,1.74,-0.87,-0.02,1.18
2019-01-22,600210,2.27,2.3,2.39,2.26,316225,116018795.0,5.7,0.88,0.02,2.08
2019-01-23,600210,2.28,2.36,2.37,2.25,330537,120973233.0,5.22,2.61,0.06,2.18
2019-01-24,600210,2.37,2.31,2.37,2.28,293858,108031189.0,3.81,-2.12,-0.05,1.94
2019-01-25,600210,2.28,2.23,2.31,2.23,213947,77458139.0,3.46,-3.46,-0.08,1.41
2019-01-28,600210,2.25,2.22,2.28,2.21,130563,46926650.0,3.14,-0.45,-0.01,0.86
2019-01-29,600210,2.2,2.08,2.22,2.01,174437,60267516.0,9.46,-6.31,-0.14,1.15
2019-01-30,600210,2.05,1.99,2.09,1.99,108207,36725213.0,4.81,-4.33,-0.09,0.71
2019-01-31,600210,2.02,1.9,2.03,1.84,174791,57700373.0,9.55,-4.52,-0.09,1.15
2019-02-01,600210,1.92,1.98,2.0,1.89,101741,33676361.0,5.79,4.21,0.08,0.67
2019-02-11,600210,2.01,2.09,2.09,2.0,138758,47352347.0,4.55,5.56,0.11,0.91
2019-02-12,600210,2.1,2.13,2.15,2.08,140291,48620595.0,3.35,1.91,0.04,0.92
2019-02-13,600210,2.15,2.24,2.27,2.14,255539,91123273.0,6.1,5.16,0.11,1.68
2019-02-14,600210,2.25,2.31,2.4,2.23,355123,130906814.0,7.59,3.13,0.07,2.34
2019-02-15,600210,2.29,2.31,2.33,2.25,246028,89782116.0,3.46,0.0,0.0,1.62
2019-02-18,600210,2.33,2.39,2.4,2.31,311919,116035808.0,3.9,3.46,0.08,2.06
2019-02-19,600210,2.41,2.44,2.5,2.37,427297,161685192.0,5.44,2.09,0.05,2.82
2019-02-20,600210,2.42,2.41,2.45,2.37,224173,84145287.0,3.28,-1.23,-0.03,1.48
2019-02-21,600210,2.41,2.43,2.57,2.4,459230,175702591.0,7.05,0.83,0.02,3.03
2019-02-22,600210,2.41,2.66,2.7,2.4,696318,273562384.0,12.35,9.47,0.23,4.59
2019-02-25,600210,2.92,3.05,3.06,2.75,1072597,461445440.0,11.65,14.66,0.39,7.07
2019-02-26,600210,3.01,2.83,3.11,2.82,1020727,439873056.0,9.51,-7.21,-0.22,6.73
2019-02-27,600210,2.9,2.98,3.01,2.82,735587,314599856.0,6.71,5.3,0.15,4.85
2019-02-28,600210,2.9,2.74,2.9,2.72,663821,275674640.0,6.04,-8.05,-0.24,4.38
2019-03-01,600210,2.72,2.75,2.8,2.7,331287,135749682.0,3.65,0.36,0.01,2.18
2019-03-04,600210,2.89,2.85,2.93,2.82,664242,281140608.0,4.0,3.64,0.1,4.38
2019-03-05,600210,2.83,3.25,3.27,2.78,1199806,535156992.0,17.19,14.04,0.4,7.91
2019-03-06,600210,3.21,3.18,3.3,3.06,967087,436188448.0,7.38,-2.15,-0.07,6.38
2019-03-07,600210,3.1,3.21,3.28,3.06,808302,368701008.0,6.92,0.94,0.03,5.33
2019-03-08,600210,3.07,2.85,3.17,2.85,689931,301712320.0,9.97,-11.21,-0.36,4.55
2019-03-11,600210,2.88,3.19,3.24,2.88,678351,301587536.0,12.63,11.93,0.34,4.47
2019-03-12,600210,3.19,3.64,3.64,3.17,1744415,847742672.0,14.73,14.11,0.45,11.5
2019-03-13,600210,3.75,3.54,4.0,3.52,1798813,914232800.0,13.19,-2.75,-0.1,11.86
2019-03-14,600210,3.45,3.25,3.62,3.14,1093779,512958688.0,13.56,-8.19,-0.29,7.21
2019-03-15,600210,3.37,3.61,3.71,3.28,1548962,765810560.0,13.23,11.08,0.36,10.21
2019-03-18,600210,3.55,3.41,3.55,3.11,1224981,571732912.0,12.19,-5.54,-0.2,8.08
2019-03-19,600210,3.36,3.43,3.55,3.28,742767,354136624.0,7.92,0.59,0.02,4.9
2019-03-20,600210,3.38,3.46,3.55,3.35,597845,287031744.0,5.83,0.87,0.03,3.94
2019-03-21,600210,3.48,3.57,3.75,3.41,962505,475955600.0,9.83,3.18,0.11,6.35
2019-03-22,600210,3.59,3.81,3.9,3.5,1120404,564796736.0,11.2,6.72,0.24,7.39
2019-03-25,600210,3.62,3.58,3.82,3.56,835845,419893760.0,6.82,-6.04,-0.23,5.51
2019-03-26,600210,3.6,3.36,3.65,3.32,631095,302531424.0,9.22,-6.15,-0.22,4.16
2019-03-27,600210,3.41,3.34,3.43,3.22,339812,158653543.0,6.25,-0.6,-0.02,2.24
2019-03-28,600210,3.3,3.17,3.39,3.16,394236,181964193.0,6.89,-5.09,-0.17,2.6
2019-03-29,600210,3.17,3.27,3.29,3.05,400783,182145129.0,7.57,3.15,0.1,2.64
2019-04-01,600210,3.3,3.49,3.56,3.3,495127,236933124.0,7.95,6.73,0.22,3.26
2019-04-02,600210,3.51,3.44,3.61,3.41,544036,264495582.0,5.73,-1.43,-0.05,3.59
2019-04-03,600210,3.41,3.48,3.49,3.37,390630,187151467.0,3.49,1.16,0.04,2.58
2019-04-04,600210,3.5,3.5,3.59,3.45,415495,201496708.0,4.02,0.57,0.02,2.74
2019-04-08,600210,3.55,3.43,3.59,3.32,474522,227812101.0,7.71,-2.0,-0.07,3.13
2019-04-09,600210,3.4,3.43,3.46,3.33,253920,121005769.0,3.79,0.0,0.0,1.67
2019-04-10,600210,3.34,3.39,3.45,3.32,282510,133617645.0,3.79,-1.17,-0.04,1.86
2019-04-11,600210,3.38,3.24,3.4,3.24,326791,152415594.0,4.72,-4.42,-0.15,2.15
2019-04-12,600210,3.24,3.23,3.27,3.19,195183,89366019.0,2.47,-0.31,-0.01,1.29
2019-04-15,600210,3.27,3.18,3.33,3.16,220633,101902816.0,5.26,-1.55,-0.05,1.45
2019-04-16,600210,3.17,3.27,3.28,3.05,219958,99482856.0,7.23,2.83,0.09,1.45
2019-04-17,600210,3.26,3.36,3.43,3.25,282359,132656445.0,5.5,2.75,0.09,1.86
2019-04-18,600210,3.36,3.3,3.38,3.27,144678,67552006.0,3.27,-1.79,-0.06,0.95
2019-04-19,600210,3.32,3.31,3.33,3.23,158617,73457981.0,3.03,0.3,0.01,1.05
2019-04-22,600210,3.33,3.32,3.46,3.27,276609,130564637.0,5.74,0.3,0.01,1.82
2019-04-23,600210,3.31,3.4,3.47,3.27,462022,219721061.0,6.02,2.41,0.08,3.05
2019-04-24,600210,3.4,3.27,3.4,3.18,307454,141909730.0,6.47,-3.82,-0.13,2.03
2019-04-25,600210,3.24,3.05,3.29,3.03,224784,101624610.0,7.95,-6.73,-0.22,1.48
2019-04-26,600210,3.04,2.93,3.07,2.93,174264,75622766.0,4.59,-3.93,-0.12,1.15
2019-04-29,600210,2.93,2.78,2.96,2.7,220558,91635010.0,8.87,-5.12,-0.15,1.45
2019-04-30,600210,2.75,2.9,2.95,2.75,190122,80609641.0,7.19,4.32,0.12,1.25
2019-05-06,600210,2.78,2.61,2.8,2.58,251655,101687778.0,7.59,-10.0,-0.29,1.66
2019-05-07,600210,2.62,2.61,2.7,2.54,147060,58398493.0,6.13,0.0,0.0,0.97
2019-05-08,600210,2.53,2.56,2.64,2.49,117819,46341596.0,5.75,-1.92,-0.05,0.78
2019-05-09,600210,2.53,2.54,2.58,2.52,108435,42286066.0,2.34,-0.78,-0.02,0.71
2019-05-10,600210,2.56,2.69,2.69,2.48,178642,70715700.0,8.27,5.91,0.15,1.18
2019-05-13,600210,2.63,2.64,2.67,2.61,96310,38480415.0,2.23,-1.86,-0.05,0.63
2019-05-14,600210,2.6,2.69,2.75,2.58,155501,62874947.0,6.44,1.89,0.05,1.03
2019-05-15,600210,2.72,2.74,2.77,2.7,114213,46631546.0,2.6,1.86,0.05,0.75
2019-05-16,600210,2.73,2.77,2.81,2.72,111769,45962273.0,3.28,1.09,0.03,0.74
2019-05-17,600210,2.78,2.58,2.79,2.5,168031,67332962.0,10.47,-6.86,-0.19,1.11
2019-05-20,600210,2.59,2.59,2.6,2.51,80509,31463286.0,3.49,0.39,0.01,0.53
2019-05-21,600210,2.59,2.68,2.72,2.58,105804,42558150.0,5.41,3.47,0.09,0.7
2019-05-22,600210,2.69,2.64,2.72,2.62,93339,37461877.0,3.73,-1.49,-0.04,0.62
2019-05-23,600210,2.67,2.64,2.74,2.57,146231,58723550.0,6.44,0.0,0.0,0.96
2019-05-24,600210,2.63,2.58,2.65,2.57,88747,35103235.0,3.03,-2.27,-0.06,0.59
2019-05-27,600210,2.6,2.68,2.69,2.57,85359,34083525.0,4.65,3.88,0.1,0.56
2019-05-28,600210,2.71,2.82,2.98,2.71,319023,134059314.0,10.07,5.22,0.14,2.1
2019-05-29,600210,2.82,2.79,2.86,2.76,148269,61691260.0,3.55,-1.06,-0.03,0.98
2019-05-30,600210,2.78,2.82,2.89,2.75,163487,68405082.0,5.02,1.08,0.03,1.08
2019-05-31,600210,2.83,2.8,2.87,2.76,102998,42842027.0,3.9,-0.71,-0.02,0.68
2019-06-03,600210,2.79,2.81,2.85,2.77,115898,48148287.0,2.86,0.36,0.01,0.76
2019-06-04,600210,2.8,2.71,2.81,2.68,99340,40524658.0,4.63,-3.56,-0.1,0.65
2019-06-05,600210,2.76,2.68,2.77,2.68,60689,24665800.0,3.32,-1.11,-0.03,0.4
2019-06-06,600210,2.66,2.61,2.69,2.6,90857,36274021.0,3.36,-2.61,-0.07,0.6
2019-06-10,600210,2.64,2.65,2.7,2.6,60359,24094703.0,3.83,1.53,0.04,0.4
2019-06-11,600210,2.65,2.8,2.82,2.64,148525,60868680.0,6.79,5.66,0.15,0.98
2019-06-12,600210,2.8,2.77,2.82,2.75,90283,37285509.0,2.5,-1.07,-0.03,0.6
2019-06-13,600210,2.76,2.78,2.81,2.73,93358,38475232.0,2.89,0.36,0.01,0.62
2019-06-14,600210,2.8,2.67,2.8,2.67,102171,41611645.0,4.68,-3.96,-0.11,0.67
2019-06-17,600210,2.67,2.67,2.71,2.66,35296,14230146.0,1.87,0.0,0.0,0.23
2019-06-18,600210,2.66,2.65,2.68,2.63,41575,16651605.0,1.87,-0.75,-0.02,0.27
2019-06-19,600210,2.7,2.68,2.75,2.68,70159,28505591.0,2.64,1.13,0.03,0.46
2019-06-20,600210,2.65,2.75,2.77,2.65,95688,38966747.0,4.48,2.61,0.07,0.63
2019-06-21,600210,2.76,2.78,2.81,2.74,119168,49180103.0,2.55,1.09,0.03,0.79
2019-06-24,600210,2.78,2.79,2.82,2.75,78021,32277934.0,2.52,0.36,0.01,0.51
2019-06-25,600210,2.79,2.78,2.79,2.69,96063,39334055.0,3.58,-0.36,-0.01,0.63
2019-06-26,600210,2.75,2.73,2.77,2.72,64825,26524821.0,1.8,-1.8,-0.05,0.43
2019-06-27,600210,2.72,2.74,2.78,2.72,59868,24564356.0,2.2,0.37,0.01,0.39
2019-06-28,600210,2.73,2.7,2.74,2.66,87949,35570756.0,2.92,-1.46,-0.04,0.58
2019-07-01,600210,2.75,2.77,2.79,2.74,106623,43884490.0,1.85,2.59,0.07,0.7
2019-07-02,600210,2.76,2.77,2.8,2.76,97012,40095048.0,1.44,0.0,0.0,0.64
2019-07-03,600210,2.78,2.78,2.8,2.75,85737,35397170.0,1.81,0.36,0.01,0.57
2019-07-04,600210,2.79,2.75,2.8,2.73,79057,32583898.0,2.52,-1.08,-0.03,0.52
2019-07-05,600210,2.77,2.78,2.79,2.74,57018,23482584.0,1.82,1.09,0.03,0.38
2019-07-08,600210,2.76,2.65,2.77,2.64,114378,46174084.0,4.68,-4.68,-0.13,0.75
2019-07-09,600210,2.65,2.62,2.66,2.58,69937,27754782.0,3.02,-1.13,-0.03,0.46
2019-07-10,600210,2.62,2.57,2.63,2.55,54641,21506912.0,3.05,-1.91,-0.05,0.36
2019-07-11,600210,2.57,2.6,2.64,2.57,59570,23567977.0,2.72,1.17,0.03,0.39
2019-07-12,600210,2.6,2.64,2.65,2.6,40568,16136011.0,1.92,1.54,0.04,0.27
2019-07-15,600210,2.61,2.69,2.69,2.6,64777,25972217.0,3.41,1.89,0.05,0.43
2019-07-16,600210,2.69,2.69,2.71,2.68,79370,32111624.0,1.12,0.0,0.0,0.52
2019-07-17,600210,2.7,2.72,2.74,2.68,68562,26844822.0,2.23,1.12,0.03,0.45
2019-07-18,600210,2.72,2.64,2.72,2.62,65836,25359993.0,3.68,-2.94,-0.08,0.43
2019-07-19,600210,2.65,2.65,2.7,2.63,46359,17912187.0,2.65,0.38,0.01,0.31
2019-07-22,600210,2.66,2.5,2.69,2.49,112148,41775800.0,7.55,-5.66,-0.15,0.74
2019-07-23,600210,2.5,2.52,2.53,2.48,45223,16773185.0,2.0,0.8,0.02,0.3
2019-07-24,600210,2.53,2.54,2.57,2.51,43076,16139966.0,2.38,0.79,0.02,0.28
2019-07-25,600210,2.54,2.53,2.55,2.52,30968,11556747.0,1.18,-0.39,-0.01,0.2
2019-07-26,600210,2.53,2.54,2.55,2.52,34583,12917774.0,1.19,0.4,0.01,0.23
2019-07-29,600210,2.54,2.54,2.55,2.52,26668,9962600.0,1.18,0.0,0.0,0.18
2019-07-30,600210,2.53,2.54,2.58,2.52,40855,15343366.0,2.36,0.0,0.0,0.27
2019-07-31,600210,2.53,2.5,2.54,2.49,41052,15224992.0,1.97,-1.57,-0.04,0.27
2019-08-01,600210,2.49,2.47,2.5,2.45,43477,15984030.0,2.0,-1.2,-0.03,0.29
2019-08-02,600210,2.42,2.34,2.42,2.3,100347,35625808.0,4.86,-5.26,-0.13,0.66
2019-08-05,600210,2.33,2.28,2.34,2.27,62714,21993626.0,2.99,-2.56,-0.06,0.41
2019-08-06,600210,2.22,2.17,2.22,2.1,84305,28292614.0,5.26,-4.82,-0.11,0.56
2019-08-07,600210,2.19,2.16,2.2,2.16,40852,13802143.0,1.84,-0.46,-0.01,0.27
2019-08-08,600210,2.18,2.19,2.21,2.17,38250,12955366.0,1.85,1.39,0.03,0.25
2019-08-09,600210,2.2,2.14,2.21,2.13,42158,14188035.0,3.65,-2.28,-0.05,0.28
2019-08-12,600210,2.1,2.17,2.17,2.1,31455,10546771.0,3.27,1.4,0.03,0.21
2019-08-13,600210,2.15,2.16,2.16,2.14,21116,7072369.0,0.92,-0.46,-0.01,0.14
2019-08-14,600210,2.19,2.18,2.21,2.18,40811,13850357.0,1.39,0.93,0.02,0.27
2019-08-15,600210,2.13,2.18,2.19,2.1,46214,15442224.0,4.13,0.0,0.0,0.3
2019-08-16,600210,2.18,2.17,2.2,2.17,40018,13563847.0,1.38,-0.46,-0.01,0.26
2019-08-19,600210,2.18,2.25,2.26,2.18,63332,21712802.0,3.69,3.69,0.08,0.42
2019-08-20,600210,2.27,2.26,2.32,2.24,58476,20405017.0,3.56,0.44,0.01,0.39
2019-08-21,600210,2.25,2.34,2.44,2.25,120705,42986906.0,8.41,3.54,0.08,0.8
2019-08-22,600210,2.35,2.33,2.37,2.3,54419,19207495.0,2.99,-0.43,-0.01,0.36
2019-08-23,600210,2.31,2.33,2.37,2.31,46980,16624004.0,2.58,0.0,0.0,0.31
2019-08-26,600210,2.27,2.27,2.29,2.24,55980,19417695.0,2.15,-2.58,-0.06,0.37
2019-08-27,600210,2.27,2.34,2.36,2.27,56372,19921817.0,3.96,3.08,0.07,0.37
2019-08-28,600210,2.34,2.34,2.35,2.32,32524,11497922.0,1.28,0.0,0.0,0.21
2019-08-29,600210,2.34,2.33,2.35,2.31,40103,14170446.0,1.71,-0.43,-0.01,0.26
2019-08-30,600210,2.34,2.28,2.35,2.26,57452,20164932.0,3.86,-2.15,-0.05,0.38
2019-09-02,600210,2.37,2.42,2.45,2.37,120582,43544185.0,3.51,6.14,0.14,0.8
2019-09-03,600210,2.42,2.41,2.42,2.39,73116,26350092.0,1.24,-0.41,-0.01,0.48
2019-09-04,600210,2.41,2.44,2.45,2.39,67936,24654800.0,2.49,1.24,0.03,0.45
2019-09-05,600210,2.45,2.47,2.53,2.44,100100,36980433.0,3.69,1.23,0.03,0.66
2019-09-06,600210,2.48,2.48,2.51,2.46,50566,18602551.0,2.02,0.4,0.01,0.33
2019-09-09,600210,2.52,2.58,2.59,2.5,103617,38751130.0,3.63,4.03,0.1,0.68
2019-09-10,600210,2.58,2.62,2.65,2.55,99464,37803907.0,3.88,1.55,0.04,0.66
2019-09-11,600210,2.63,2.66,2.68,2.63,115088,44421602.0,1.91,1.53,0.04,0.76
2019-09-12,600210,2.66,2.66,2.67,2.6,82467,31592612.0,2.63,0.0,0.0,0.54
2019-09-16,600210,2.66,2.64,2.68,2.63,66607,25719770.0,1.88,-0.75,-0.02,0.44
2019-09-17,600210,2.65,2.57,2.66,2.55,106270,40344124.0,4.17,-2.65,-0.07,0.7
2019-09-18,600210,2.57,2.6,2.61,2.57,61547,23358360.0,1.56,1.17,0.03,0.41
2019-09-19,600210,2.59,2.58,2.61,2.55,59474,22443930.0,2.31,-0.77,-0.02,0.39
2019-09-20,600210,2.59,2.56,2.6,2.54,58085,21895403.0,2.33,-0.78,-0.02,0.38
2019-09-23,600210,2.54,2.48,2.56,2.45,62658,23081753.0,4.3,-3.13,-0.08,0.41
2019-09-24,600210,2.49,2.45,2.5,2.45,54716,20121297.0,2.02,-1.21,-0.03,0.36
2019-09-25,600210,2.45,2.35,2.46,2.34,81828,29296989.0,4.9,-4.08,-0.1,0.54
2019-09-26,600210,2.36,2.29,2.38,2.26,66598,23395745.0,5.11,-2.55,-0.06,0.44
2019-09-27,600210,2.28,2.3,2.31,2.27,46037,16098770.0,1.75,0.44,0.01,0.3
2019-09-30,600210,2.31,2.26,2.31,2.23,55512,19225511.0,3.48,-1.74,-0.04,0.37
2019-10-08,600210,2.25,2.22,2.29,2.21,60891,21023432.0,3.54,-1.77,-0.04,0.4
2019-10-09,600210,2.23,2.26,2.26,2.19,56455,19357876.0,3.15,1.8,0.04,0.37
2019-10-10,600210,2.27,2.34,2.35,2.25,65669,22974593.0,4.42,3.54,0.08,0.43
2019-10-11,600210,2.36,2.41,2.42,2.34,87021,31193474.0,3.42,2.99,0.07,0.57
2019-10-14,600210,2.42,2.49,2.51,2.41,80607,29571018.0,4.15,3.32,0.08,0.53
2019-10-15,600210,2.46,2.5,2.51,2.46,70034,25820851.0,2.01,0.4,0.01,0.46
2019-10-16,600210,2.48,2.46,2.53,2.45,69525,25581027.0,3.2,-1.6,-0.04,0.46
2019-10-17,600210,2.44,2.47,2.52,2.44,63574,23392436.0,3.25,0.41,0.01,0.42
2019-10-18,600210,2.46,2.4,2.49,2.39,62492,22714274.0,4.05,-2.83,-0.07,0.41
2019-10-21,600210,2.43,2.43,2.48,2.37,56515,20430086.0,4.58,1.25,0.03,0.37
2019-10-22,600210,2.41,2.4,2.44,2.37,45982,16559165.0,2.88,-1.23,-0.03,0.3
2019-10-23,600210,2.4,2.39,2.41,2.37,35788,12856452.0,1.67,-0.42,-0.01,0.24
2019-10-24,600210,2.37,2.41,2.42,2.33,63714,22822744.0,3.77,0.84,0.02,0.42
2019-10-25,600210,2.41,2.51,2.52,2.39,106951,39228181.0,5.39,4.15,0.1,0.71
2019-10-28,600210,2.51,2.54,2.57,2.5,79637,29793857.0,2.79,1.2,0.03,0.53
2019-10-29,600210,2.54,2.59,2.73,2.52,231306,88737753.0,8.27,1.97,0.05,1.53
2019-10-30,600210,2.58,2.43,2.6,2.41,142484,52500006.0,7.34,-6.18,-0.16,0.94
2019-10-31,600210,2.44,2.45,2.52,2.39,105442,38575087.0,5.35,0.82,0.02,0.7
2019-11-01,600210,2.48,2.53,2.56,2.43,112459,41622319.0,5.31,3.27,0.08,0.74
2019-11-04,600210,2.51,2.53,2.56,2.51,68234,25489631.0,1.98,0.0,0.0,0.45
2019-11-05,600210,2.54,2.51,2.57,2.5,82410,30711265.0,2.77,-0.79,-0.02,0.54
2019-11-06,600210,2.51,2.46,2.55,2.44,68652,25356022.0,4.38,-1.99,-0.05,0.45
2019-11-07,600210,2.47,2.48,2.49,2.45,39129,14382241.0,1.63,0.81,0.02,0.26
2019-11-08,600210,2.49,2.46,2.5,2.43,53575,19653753.0,2.82,-0.81,-0.02,0.35
2019-11-11,600210,2.43,2.32,2.43,2.31,76232,27048905.0,4.88,-5.69,-0.14,0.5
2019-11-12,600210,2.32,2.34,2.35,2.27,66657,23345630.0,3.45,0.86,0.02,0.44
2019-11-13,600210,2.33,2.32,2.36,2.31,37211,13157162.0,2.14,-0.85,-0.02,0.25
2019-11-14,600210,2.32,2.32,2.34,2.29,44882,15779262.0,2.16,0.0,0.0,0.3
2019-11-15,600210,2.32,2.25,2.32,2.25,53925,18751915.0,3.02,-3.02,-0.07,0.36
2019-11-18,600210,2.24,2.27,2.28,2.23,43556,15047986.0,2.22,0.89,0.02,0.29
2019-11-19,600210,2.26,2.34,2.34,2.24,64821,22702284.0,4.41,3.08,0.07,0.43
2019-11-20,600210,2.32,2.3,2.34,2.29,53006,18666935.0,2.14,-1.71,-0.04,0.35
2019-11-21,600210,2.29,2.29,2.32,2.27,35458,12385303.0,2.17,-0.43,-0.01,0.23
2019-11-22,600210,2.29,2.27,2.35,2.25,45294,15802333.0,4.37,-0.87,-0.02,0.3
2019-11-25,600210,2.28,2.29,2.31,2.25,45762,15926075.0,2.64,0.88,0.02,0.3
2019-11-26,600210,2.3,2.31,2.34,2.28,32682,11475079.0,2.62,0.87,0.02,0.22
2019-11-27,600210,2.32,2.3,2.32,2.28,24679,8636087.0,1.73,-0.43,-0.01,0.16
2019-11-28,600210,2.29,2.26,2.31,2.26,29986,10423390.0,2.17,-1.74,-0.04,0.2
2019-11-29,600210,2.27,2.27,2.29,2.25,29153,10105786.0,1.77,0.44,0.01,0.19
2019-12-02,600210,2.27,2.31,2.32,2.27,46604,16331224.0,2.2,1.76,0.04,0.31
2019-12-03,600210,2.31,2.34,2.34,2.29,44115,15519697.0,2.16,1.3,0.03,0.29
2019-12-04,600210,2.32,2.33,2.34,2.31,24876,8768610.0,1.28,-0.43,-0.01,0.16
2019-12-05,600210,2.33,2.34,2.35,2.32,44479,15726877.0,1.29,0.43,0.01,0.29
2019-12-06,600210,2.34,2.34,2.35,2.32,55320,19536809.0,1.28,0.0,0.0,0.36
2019-12-09,600210,2.33,2.33,2.35,2.32,58901,20826952.0,1.28,-0.43,-0.01,0.39
2019-12-10,600210,2.33,2.33,2.34,2.31,39730,13994433.0,1.29,0.0,0.0,0.26
2019-12-11,600210,2.33,2.33,2.35,2.32,44768,15827747.0,1.29,0.0,0.0,0.3
2019-12-12,600210,2.33,2.33,2.34,2.31,40633,14338137.0,1.29,0.0,0.0,0.27
2019-12-13,600210,2.35,2.36,2.38,2.3,97288,34457516.0,3.43,1.29,0.03,0.64
2019-12-16,600210,2.37,2.46,2.46,2.36,104525,37910095.0,4.24,4.24,0.1,0.69
2019-12-17,600210,2.46,2.54,2.57,2.44,156232,58330247.0,5.28,3.25,0.08,1.03
2019-12-18,600210,2.55,2.54,2.71,2.53,287293,109831403.0,7.09,0.0,0.0,1.89
2019-12-19,600210,2.57,2.58,2.6,2.55,85973,32452721.0,1.97,1.57,0.04,0.57
2019-12-20,600210,2.57,2.54,2.6,2.54,91837,34559231.0,2.33,-1.55,-0.04,0.61
2019-12-23,600210,2.53,2.46,2.57,2.45,81352,30138559.0,4.72,-3.15,-0.08,0.54
2019-12-24,600210,2.49,2.49,2.5,2.45,54774,20132303.0,2.03,1.22,0.03,0.36
2019-12-25,600210,2.49,2.47,2.49,2.46,41351,15203686.0,1.2,-0.8,-0.02,0.27
2019-12-26,600210,2.46,2.49,2.5,2.46,44106,16236369.0,1.62,0.81,0.02,0.29
2019-12-27,600210,2.5,2.48,2.53,2.48,72768,26984433.0,2.01,-0.4,-0.01,0.48
2019-12-30,600210,2.51,2.56,2.56,2.5,95898,35798835.0,2.42,3.23,0.08,0.63
2019-12-31,600210,2.54,2.57,2.62,2.53,89309,33711291.0,3.52,0.39,0.01,0.59
2020-01-02,600210,2.58,2.62,2.64,2.58,100519,38382447.0,2.33,1.95,0.05,0.66
2020-01-03,600210,2.61,2.62,2.65,2.6,69057,26386230.0,1.91,0.0,0.0,0.46
2020-01-06,600210,2.59,2.63,2.7,2.58,151425,58153082.0,4.58,0.38,0.01,1.0
2020-01-07,600210,2.64,2.8,2.8,2.64,277451,109171792.0,6.08,6.46,0.17,1.83
2020-01-08,600210,2.79,2.68,2.79,2.66,219622,86045587.0,4.64,-4.29,-0.12,1.45
2020-01-09,600210,2.72,2.73,2.75,2.72,108213,42579394.0,1.12,1.87,0.05,0.71
2020-01-10,600210,2.75,2.73,2.77,2.72,56618,22293813.0,1.83,0.0,0.0,0.37
2020-01-13,600210,2.71,2.74,2.75,2.67,80034,31354178.0,2.93,0.37,0.01,0.53
2020-01-14,600210,2.76,2.72,2.76,2.72,79003,31129990.0,1.46,-0.73,-0.02,0.52
2020-01-15,600210,2.72,2.68,2.73,2.64,84146,32557750.0,3.31,-1.47,-0.04,0.55
2020-01-16,600210,2.68,2.64,2.69,2.63,57519,22147122.0,2.24,-1.49,-0.04,0.38
2020-01-17,600210,2.64,2.65,2.67,2.64,54020,20804757.0,1.14,0.38,0.01,0.36
2020-01-20,600210,2.65,2.69,2.71,2.64,43779,16978669.0,2.64,1.51,0.04,0.29
2020-01-21,600210,2.7,2.66,2.72,2.65,52627,20427350.0,2.6,-1.12,-0.03,0.35
2020-01-22,600210,2.65,2.67,2.68,2.56,90388,34530752.0,4.51,0.38,0.01,0.6
2020-01-23,600210,2.63,2.53,2.64,2.5,91647,34535477.0,5.24,-5.24,-0.14,0.6
2020-02-03,600210,2.16,2.16,2.16,2.16,81293,27314448.0,0.0,-14.62,-0.37,0.54
2020-02-04,600210,1.97,2.15,2.2,1.97,172380,57311314.0,10.65,-0.46,-0.01,1.14
2020-02-05,600210,2.15,2.2,2.25,2.14,117781,40061291.0,5.12,2.33,0.05,0.78
2020-02-06,600210,2.2,2.26,2.28,2.15,116355,39861254.0,5.91,2.73,0.06,0.77
2020-02-07,600210,2.26,2.24,2.28,2.19,92670,31767529.0,3.98,-0.88,-0.02,0.61
2020-02-10,600210,2.23,2.31,2.31,2.21,98552,34217117.0,4.46,3.13,0.07,0.65
2020-02-11,600210,2.3,2.3,2.34,2.28,83668,29365295.0,2.6,-0.43,-0.01,0.55
2020-02-12,600210,2.31,2.32,2.33,2.28,75144,26303422.0,2.17,0.87,0.02,0.5
2020-02-13,600210,2.32,2.26,2.36,2.24,97794,34142946.0,5.17,-2.59,-0.06,0.64
2020-02-14,600210,2.25,2.26,2.28,2.23,79771,27520506.0,2.21,0.0,0.0,0.53
2020-02-17,600210,2.28,2.39,2.41,2.26,153824,54717292.0,6.64,5.75,0.13,1.01
2020-02-18,600210,2.43,2.5,2.52,2.4,168238,61725189.0,5.02,4.6,0.11,1.11
2020-02-19,600210,2.48,2.44,2.56,2.42,180963,66860105.0,5.6,-2.4,-0.06,1.19
2020-02-20,600210,2.46,2.55,2.56,2.44,145489,53782577.0,4.92,4.51,0.11,0.96
2020-02-21,600210,2.93,2.93,2.93,2.93,109441,45199059.0,0.0,14.9,0.38,0.72
2020-02-24,600210,3.34,3.34,3.34,3.34,62074,28181623.0,0.0,13.99,0.41,0.41
2020-02-25,600210,3.78,3.79,3.79,3.58,2099999,1037424800.0,6.29,13.47,0.45,13.85
2020-02-26,600210,3.91,4.29,4.29,3.91,1429290,772913088.0,10.03,13.19,0.5,9.42
2020-02-27,600210,4.5,3.74,4.67,3.74,1838741,956015744.0,21.68,-12.82,-0.55,12.12
2020-02-28,600210,3.5,3.29,3.63,3.25,1465087,664160608.0,10.16,-12.03,-0.45,9.66
2020-03-02,600210,3.34,3.46,3.54,3.26,1019490,471963952.0,8.51,5.17,0.17,6.72
2020-03-03,600210,3.54,3.33,3.6,3.31,913323,423342464.0,8.38,-3.76,-0.13,6.02
2020-03-04,600210,3.14,3.23,3.3,3.09,560963,247199561.0,6.31,-3.0,-0.1,3.7
2020-03-05,600210,3.3,3.43,3.45,3.25,691778,315679840.0,6.19,6.19,0.2,4.56
2020-03-06,600210,3.34,3.29,3.4,3.27,438322,198898099.0,3.79,-4.08,-0.14,2.89
2020-03-09,600210,3.27,3.4,3.52,3.27,738588,341097360.0,7.6,3.34,0.11,4.87
2020-03-10,600210,3.23,3.38,3.41,3.14,575075,256938809.0,7.94,-0.59,-0.02,3.79
2020-03-11,600210,3.39,3.38,3.64,3.36,673690,315939408.0,8.28,0.0,0.0,4.44
2020-03-12,600210,3.25,3.42,3.42,3.21,362060,163658164.0,6.21,1.18,0.04,2.39
2020-03-13,600210,3.22,3.39,3.4,3.15,394187,177229973.0,7.31,-0.88,-0.03,2.6
2020-03-16,600210,3.41,3.02,3.43,2.98,501466,222092307.0,13.27,-10.91,-0.37,3.31
2020-03-17,600210,3.06,2.89,3.14,2.72,482675,197901211.0,13.91,-4.3,-0.13,3.18
2020-03-18,600210,2.93,2.8,2.98,2.78,308063,126156209.0,6.92,-3.11,-0.09,2.03
2020-03-19,600210,2.83,2.87,2.91,2.72,267647,107302943.0,6.79,2.5,0.07,1.76
2020-03-20,600210,2.91,2.88,2.94,2.82,170478,69481439.0,4.18,0.35,0.01,1.12
2020-03-23,600210,2.77,2.77,2.88,2.74,177433,71263733.0,4.86,-3.82,-0.11,1.17
2020-03-24,600210,2.86,2.91,2.91,2.81,205379,83606588.0,3.61,5.05,0.14,1.35
2020-03-25,600210,3.01,2.97,3.01,2.93,210034,87477740.0,2.75,2.06,0.06,1.38
2020-03-26,600210,2.93,2.91,2.99,2.9,164539,68164711.0,3.03,-2.02,-0.06,1.08
2020-03-27,600210,3.05,3.09,3.32,2.99,508258,221452216.0,11.34,6.19,0.18,3.35
2020-03-30,600210,3.0,2.98,3.03,2.91,211622,88297306.0,3.88,-3.56,-0.11,1.4
2020-03-31,600210,3.01,2.99,3.04,2.95,128587,53905550.0,3.02,0.34,0.01,0.85
2020-04-01,600210,2.99,2.92,3.03,2.92,149910,62472280.0,3.68,-2.34,-0.07,0.99
2020-04-02,600210,2.86,3.03,3.03,2.85,182888,75800848.0,6.16,3.77,0.11,1.21
2020-04-03,600210,3.0,2.97,3.03,2.93,136578,57074233.0,3.3,-1.98,-0.06,0.9
2020-04-07,600210,3.03,3.08,3.09,3.0,229861,97564215.0,3.03,3.7,0.11,1.52
2020-04-08,600210,3.04,3.16,3.24,3.02,294214,128016971.0,7.14,2.6,0.08,1.94
2020-04-09,600210,3.18,3.14,3.19,3.12,148520,64590485.0,2.22,-0.63,-0.02,0.98
2020-04-10,600210,3.14,3.18,3.29,3.12,280551,123665624.0,5.41,1.27,0.04,1.85
2020-04-13,600210,3.21,3.19,3.29,3.13,171309,75575760.0,5.03,0.31,0.01,1.13
2020-04-14,600210,3.2,3.2,3.2,3.13,146043,63796825.0,2.19,0.31,0.01,0.96
2020-04-15,600210,3.2,3.13,3.21,3.1,129768,56469032.0,3.44,-2.19,-0.07,0.86
2020-04-16,600210,3.11,3.13,3.14,3.08,101690,43849075.0,1.92,0.0,0.0,0.67
2020-04-17,600210,3.14,3.13,3.18,3.1,130466,56610803.0,2.56,0.0,0.0,0.86
2020-04-20,600210,3.13,3.12,3.15,3.07,101085,43500812.0,2.56,-0.32,-0.01,0.67
2020-04-21,600210,3.1,3.22,3.24,3.07,215774,94297208.0,5.45,3.21,0.1,1.42
2020-04-22,600210,3.2,3.22,3.28,3.17,172175,76119876.0,3.42,0.0,0.0,1.14
2020-04-23,600210,3.22,3.09,3.22,3.08,199924,86854712.0,4.35,-4.04,-0.13,1.32
2020-04-24,600210,3.06,2.99,3.11,2.97,151444,63973324.0,4.53,-3.24,-0.1,1.0
2020-04-27,600210,2.98,3.08,3.21,2.97,209009,90006233.0,8.03,3.01,0.09,1.38
2020-04-28,600210,3.28,3.19,3.38,3.13,519217,230848601.0,8.12,3.57,0.11,3.42
2020-04-29,600210,3.08,3.04,3.14,3.02,264964,113169196.0,3.76,-4.7,-0.15,1.75
2020-04-30,600210,3.08,3.12,3.19,3.06,256614,111468235.0,4.28,2.63,0.08,1.69
2020-05-06,600210,3.06,3.19,3.21,3.05,210846,91629173.0,5.13,2.24,0.07,1.39
2020-05-07,600210,3.17,3.21,3.27,3.16,190666,84152785.0,3.45,0.63,0.02,1.26
2020-05-08,600210,3.22,3.21,3.25,3.18,187956,82993177.0,2.18,0.0,0.0,1.24
2020-05-11,600210,3.22,3.15,3.24,3.12,141954,62086823.0,3.74,-1.87,-0.06,0.94
2020-05-12,600210,3.13,3.14,3.16,3.09,103199,44627561.0,2.22,-0.32,-0.01,0.68
2020-05-13,600210,3.12,3.12,3.13,3.09,85812,37003175.0,1.27,-0.64,-0.02,0.57
2020-05-14,600210,3.1,3.02,3.1,3.01,169620,72013635.0,2.88,-3.21,-0.1,1.12
2020-05-15,600210,3.03,3.01,3.05,2.99,74958,31631473.0,1.99,-0.33,-0.01,0.49
2020-05-18,600210,3.02,3.03,3.07,2.99,68631,29003119.0,2.66,0.66,0.02,0.45
2020-05-19,600210,3.05,3.08,3.09,3.05,75700,32327214.0,1.32,1.65,0.05,0.5
2020-05-20,600210,3.06,3.01,3.08,2.99,88802,37533544.0,2.92,-2.27,-0.07,0.59
2020-05-21,600210,3.04,3.04,3.1,3.0,117075,49896142.0,3.32,1.0,0.03,0.77
2020-05-22,600210,3.03,2.98,3.04,2.96,95999,40316757.0,2.63,-1.97,-0.06,0.63
2020-05-25,600210,2.97,2.99,3.01,2.96,60294,25207253.0,1.68,0.34,0.01,0.4
2020-05-26,600210,2.99,3.03,3.04,2.99,61078,25723758.0,1.67,1.34,0.04,0.4
2020-05-27,600210,3.03,3.03,3.06,3.01,60979,25840944.0,1.65,0.0,0.0,0.4
2020-05-28,600210,3.03,3.01,3.06,2.98,60567,25521707.0,2.64,-0.66,-0.02,0.4
2020-05-29,600210,3.0,3.02,3.03,2.98,54235,22847906.0,1.66,0.33,0.01,0.36
2020-06-01,600210,3.03,3.1,3.11,3.03,132032,56583756.0,2.65,2.65,0.08,0.87
2020-06-02,600210,3.11,3.13,3.18,3.09,128233,55552645.0,2.9,0.97,0.03,0.85
2020-06-03,600210,3.15,3.12,3.18,3.11,121293,52678818.0,2.24,-0.32,-0.01,0.8
2020-06-04,600210,3.15,3.18,3.22,3.12,155531,68139762.0,3.21,1.92,0.06,1.03
2020-06-05,600210,3.19,3.15,3.2,3.12,103240,44838828.0,2.52,-0.94,-0.03,0.68
2020-06-08,600210,3.17,3.16,3.22,3.14,96487,42254499.0,2.54,0.32,0.01,0.64
2020-06-09,600210,3.17,3.18,3.18,3.12,89668,39014176.0,1.9,0.63,0.02,0.59
2020-06-10,600210,3.17,3.14,3.17,3.12,66860,29007432.0,1.57,-1.26,-0.04,0.44
2020-06-11,600210,3.13,3.11,3.2,3.11,108677,47225526.0,2.87,-0.96,-0.03,0.72
2020-06-12,600210,3.08,3.1,3.11,3.04,91329,39000164.0,2.25,-0.32,-0.01,0.6
2020-06-15,600210,3.1,3.12,3.2,3.1,130272,56790350.0,3.23,0.65,0.02,0.86
2020-06-16,600210,3.15,3.2,3.2,3.13,127040,55498497.0,2.24,2.56,0.08,0.84
2020-06-17,600210,3.21,3.18,3.22,3.14,104052,45467490.0,2.5,-0.63,-0.02,0.69
2020-06-18,600210,3.18,3.16,3.19,3.14,71757,31351556.0,1.57,-0.63,-0.02,0.47
2020-06-19,600210,3.18,3.21,3.22,3.16,116654,51181342.0,1.9,1.58,0.05,0.77
2020-06-22,600210,3.23,3.14,3.24,3.14,125840,55174523.0,3.12,-2.18,-0.07,0.83
2020-06-23,600210,3.15,3.11,3.17,3.1,98609,42692436.0,2.23,-0.96,-0.03,0.65
2020-06-24,600210,3.12,3.13,3.15,3.1,70177,30365684.0,1.61,0.64,0.02,0.46
2020-06-29,600210,3.11,3.06,3.12,3.05,100443,43011609.0,2.24,-2.24,-0.07,0.66
2020-06-30,600210,3.07,3.09,3.1,3.07,78859,33807094.0,0.98,0.98,0.03,0.52
2020-07-01,600210,3.1,3.08,3.1,3.06,78112,33417405.0,1.29,-0.32,-0.01,0.52
2020-07-02,600210,3.08,3.19,3.19,3.07,174938,75876972.0,3.9,3.57,0.11,1.15
2020-07-03,600210,3.19,3.23,3.24,3.19,217054,95914643.0,1.57,1.25,0.04,1.43
2020-07-06,600210,3.27,3.45,3.52,3.26,368489,169398090.0,8.05,6.81,0.22,2.43
2020-07-07,600210,3.56,3.42,3.59,3.42,334258,156146961.0,4.93,-0.87,-0.03,2.2
2020-07-08,600210,3.43,3.59,3.64,3.41,332067,157414871.0,6.73,4.97,0.17,2.19
2020-07-09,600210,3.57,3.63,3.65,3.52,317899,152444224.0,3.62,1.11,0.04,2.1
2020-07-10,600210,3.62,3.71,3.85,3.57,450580,221844428.0,7.71,2.2,0.08,2.97
2020-07-13,600210,3.71,3.96,4.05,3.71,388317,200024098.0,9.16,6.74,0.25,2.56
2020-07-14,600210,3.96,4.01,4.17,3.86,502310,262146591.0,7.83,1.26,0.05,3.31
2020-07-15,600210,4.01,3.75,4.05,3.75,365891,185203564.0,7.48,-6.48,-0.26,2.41
2020-07-16,600210,3.85,3.7,3.97,3.67,324984,163179055.0,8.0,-1.33,-0.05,2.14
2020-07-17,600210,3.7,3.7,3.77,3.64,243400,119468860.0,3.51,0.0,0.0,1.6
2020-07-20,600210,3.77,3.91,3.94,3.77,284822,144884458.0,4.59,5.68,0.21,1.88
2020-07-21,600210,3.92,3.94,4.0,3.9,276346,142226616.0,2.56,0.77,0.03,1.82
2020-07-22,600210,3.96,4.2,4.22,3.8,622782,315378704.0,10.66,6.6,0.26,4.11
2020-07-23,600210,4.15,4.0,4.2,3.92,552583,278875680.0,6.67,-4.76,-0.2,3.64
2020-07-24,600210,3.94,3.55,3.95,3.54,524314,248208853.0,10.25,-11.25,-0.45,3.46
2020-07-27,600210,3.55,3.53,3.62,3.49,162992,73840362.0,3.66,-0.56,-0.02,1.07
2020-07-28,600210,3.53,3.59,3.63,3.52,142220,65068616.0,3.12,1.7,0.06,0.94
2020-07-29,600210,3.56,3.7,3.72,3.52,165311,76536248.0,5.57,3.06,0.11,1.09
2020-07-30,600210,3.7,3.66,3.74,3.66,142363,66820312.0,2.16,-1.08,-0.04,0.94
2020-07-31,600210,3.64,3.67,3.72,3.63,130390,60923206.0,2.46,0.27,0.01,0.86
2020-08-03,600210,3.69,3.75,3.78,3.66,173413,82124009.0,3.27,2.18,0.08,1.14
2020-08-04,600210,3.77,3.76,3.8,3.72,150610,71684179.0,2.13,0.27,0.01,0.99
2020-08-05,600210,3.77,3.7,3.77,3.64,189943,89011617.0,3.46,-1.6,-0.06,1.25
2020-08-06,600210,3.71,3.68,3.73,3.61,154531,72133420.0,3.24,-0.54,-0.02,1.02
2020-08-07,600210,3.69,3.54,3.69,3.49,241091,109913923.0,5.43,-3.8,-0.14,1.59
2020-08-10,600210,3.54,3.59,3.64,3.5,164484,75475498.0,3.95,1.41,0.05,1.08
2020-08-11,600210,3.63,3.48,3.64,3.46,161183,73113274.0,5.01,-3.06,-0.11,1.06
2020-08-12,600210,3.46,3.42,3.51,3.35,168793,74308360.0,4.6,-1.72,-0.06,1.11
2020-08-13,600210,3.44,3.51,3.56,3.43,136326,61342924.0,3.8,2.63,0.09,0.9
2020-08-14,600210,3.5,3.55,3.55,3.43,114920,51595846.0,3.42,1.14,0.04,0.76
2020-08-17,600210,3.55,3.6,3.63,3.53,140801,64534177.0,2.82,1.41,0.05,0.93
2020-08-18,600210,3.63,3.59,3.63,3.57,102728,47230979.0,1.67,-0.28,-0.01,0.68
2020-08-19,600210,3.61,3.58,3.72,3.57,196198,91220203.0,4.18,-0.28,-0.01,1.29
2020-08-20,600210,3.58,3.49,3.58,3.48,113451,51185248.0,2.79,-2.51,-0.09,0.75
2020-08-21,600210,3.5,3.52,3.54,3.48,78144,35248646.0,1.72,0.86,0.03,0.52
2020-08-24,600210,3.52,3.52,3.53,3.47,61489,27722724.0,1.7,0.0,0.0,0.41
2020-08-25,600210,3.52,3.46,3.53,3.45,80022,35914500.0,2.27,-1.7,-0.06,0.53
2020-08-26,600210,3.49,3.37,3.49,3.34,135278,59586793.0,4.34,-2.6,-0.09,0.89
2020-08-27,600210,3.38,3.4,3.41,3.33,85070,37166329.0,2.37,0.89,0.03,0.56
2020-08-28,600210,3.44,3.48,3.49,3.42,92811,41393231.0,2.06,2.35,0.08,0.61
2020-08-31,600210,3.52,3.51,3.57,3.51,108140,49013311.0,1.72,0.86,0.03,0.71
2020-09-01,600210,3.52,3.58,3.62,3.51,115136,52568273.0,3.13,1.99,0.07,0.76
2020-09-02,600210,3.57,3.53,3.58,3.48,105692,47840844.0,2.79,-1.4,-0.05,0.7
2020-09-03,600210,3.54,3.54,3.6,3.52,87638,39936334.0,2.27,0.28,0.01,0.58
2020-09-04,600210,3.48,3.51,3.54,3.44,77062,34624387.0,2.82,-0.85,-0.03,0.51
2020-09-07,600210,3.51,3.47,3.57,3.45,77036,34717423.0,3.42,-1.14,-0.04,0.51
2020-09-08,600210,3.48,3.55,3.56,3.44,86236,38743562.0,3.46,2.31,0.08,0.57
2020-09-09,600210,3.51,3.52,3.57,3.46,143080,64699714.0,3.1,-0.85,-0.03,0.94
2020-09-10,600210,3.57,3.39,3.58,3.37,143739,64265130.0,5.97,-3.69,-0.13,0.95
2020-09-11,600210,3.37,3.43,3.45,3.36,66063,29110301.0,2.65,1.18,0.04,0.44
2020-09-14,600210,3.43,3.41,3.45,3.39,78350,34603861.0,1.75,-0.58,-0.02,0.52
2020-09-15,600210,3.41,3.36,3.42,3.33,97349,42459733.0,2.64,-1.47,-0.05,0.64
2020-09-16,600210,3.34,3.33,3.39,3.31,58479,25407204.0,2.38,-0.89,-0.03,0.39
2020-09-17,600210,3.34,3.3,3.34,3.28,77956,33565228.0,1.8,-0.9,-0.03,0.51
2020-09-18,600210,3.3,3.38,3.38,3.29,68868,29839680.0,2.73,2.42,0.08,0.45
2020-09-21,600210,3.37,3.35,3.39,3.34,47416,20674141.0,1.48,-0.89,-0.03,0.31
2020-09-22,600210,3.31,3.3,3.35,3.29,49225,21270747.0,1.79,-1.49,-0.05,0.32
2020-09-23,600210,3.32,3.3,3.33,3.29,56005,24095279.0,1.21,0.0,0.0,0.37
2020-09-24,600210,3.29,3.21,3.29,3.19,82378,34860487.0,3.03,-2.73,-0.09,0.54
2020-09-25,600210,3.23,3.17,3.23,3.14,55904,23320035.0,2.8,-1.25,-0.04,0.37
2020-09-28,600210,3.35,3.59,3.59,3.35,191762,86847978.0,7.57,13.25,0.42,1.26
2020-09-29,600210,3.81,3.46,3.81,3.45,400173,184640126.0,10.03,-3.62,-0.13,2.64
2020-09-30,600210,3.55,3.37,3.59,3.36,178395,78689988.0,6.65,-2.6,-0.09,1.18
2020-10-09,600210,3.42,3.43,3.47,3.4,122210,54160991.0,2.08,1.78,0.06,0.81
2020-10-12,600210,3.45,3.51,3.54,3.43,138233,62154266.0,3.21,2.33,0.08,0.91
2020-10-13,600210,3.52,3.46,3.52,3.45,101922,45551479.0,1.99,-1.42,-0.05,0.67
2020-10-14,600210,3.48,3.45,3.49,3.44,73015,32566025.0,1.45,-0.29,-0.01,0.48
2020-10-15,600210,3.46,3.38,3.47,3.36,92040,40492055.0,3.19,-2.03,-0.07,0.61
2020-10-16,600210,3.37,3.4,3.41,3.35,51625,22620011.0,1.78,0.59,0.02,0.34
2020-10-19,600210,3.4,3.37,3.43,3.36,49633,21805740.0,2.06,-0.88,-0.03,0.33
2020-10-20,600210,3.36,3.39,3.39,3.34,42212,18422735.0,1.48,0.59,0.02,0.28
2020-10-21,600210,3.37,3.34,3.38,3.32,39426,17146627.0,1.77,-1.47,-0.05,0.26
2020-10-22,600210,3.33,3.32,3.33,3.27,46269,19876341.0,1.8,-0.6,-0.02,0.31
2020-10-23,600210,3.32,3.27,3.34,3.25,47044,20184606.0,2.71,-1.51,-0.05,0.31
2020-10-26,600210,3.27,3.24,3.27,3.21,44607,18901294.0,1.83,-0.92,-0.03,0.29
2020-10-27,600210,3.21,3.25,3.27,3.21,38949,16526087.0,1.85,0.31,0.01,0.26
2020-10-28,600210,3.25,3.27,3.3,3.21,44482,18888367.0,2.77,0.62,0.02,0.29
2020-10-29,600210,3.21,3.22,3.24,3.2,49913,21057247.0,1.22,-1.53,-0.05,0.33
2020-10-30,600210,3.22,3.19,3.26,3.18,57167,24149345.0,2.48,-0.93,-0.03,0.38
2020-11-02,600210,3.27,3.31,3.37,3.23,113773,49041205.0,4.39,3.76,0.12,0.75
2020-11-03,600210,3.32,3.37,3.37,3.3,70283,30579234.0,2.11,1.81,0.06,0.46
2020-11-04,600210,3.37,3.36,3.38,3.32,46207,20105652.0,1.78,-0.3,-0.01,0.3
2020-11-05,600210,3.37,3.45,3.46,3.37,98181,43460655.0,2.68,2.68,0.09,0.65
2020-11-06,600210,3.45,3.45,3.54,3.43,91445,41023165.0,3.19,0.0,0.0,0.6
2020-11-09,600210,3.46,3.51,3.55,3.46,94963,42804818.0,2.61,1.74,0.06,0.63
2020-11-10,600210,3.52,3.47,3.52,3.43,80299,35871270.0,2.56,-1.14,-0.04,0.53
2020-11-11,600210,3.46,3.44,3.48,3.42,54705,24319409.0,1.73,-0.86,-0.03,0.36
2020-11-12,600210,3.46,3.46,3.47,3.42,57017,25361401.0,1.45,0.58,0.02,0.38
2020-11-13,600210,3.46,3.44,3.46,3.39,54345,24006283.0,2.02,-0.58,-0.02,0.36
2020-11-16,600210,3.44,3.52,3.53,3.43,92602,41681405.0,2.91,2.33,0.08,0.61
2020-11-17,600210,3.53,3.51,3.54,3.49,81827,36973110.0,1.42,-0.28,-0.01,0.54
2020-11-18,600210,3.51,3.52,3.58,3.5,116344,52846467.0,2.28,0.28,0.01,0.77
2020-11-19,600210,3.5,3.56,3.56,3.5,104933,47572710.0,1.7,1.14,0.04,0.69
2020-11-20,600210,3.59,3.57,3.59,3.53,94383,43107281.0,1.69,0.28,0.01,0.62
2020-11-23,600210,3.58,3.64,3.65,3.56,144309,66845498.0,2.52,1.96,0.07,0.95
2020-11-24,600210,3.64,3.62,3.65,3.59,72444,33432956.0,1.65,-0.55,-0.02,0.48
2020-11-25,600210,3.62,3.51,3.64,3.5,113134,51535750.0,3.87,-3.04,-0.11,0.75
2020-11-26,600210,3.49,3.48,3.52,3.46,71236,31931910.0,1.71,-0.85,-0.03,0.47
2020-11-27,600210,3.47,3.49,3.49,3.43,62439,27871327.0,1.72,0.29,0.01,0.41
2020-11-30,600210,3.48,3.48,3.56,3.46,89506,40411547.0,2.87,-0.29,-0.01,0.59
2020-12-01,600210,3.47,3.53,3.54,3.47,74284,33543746.0,2.01,1.44,0.05,0.49
2020-12-02,600210,3.53,3.55,3.57,3.52,70125,31887661.0,1.42,0.57,0.02,0.46
2020-12-03,600210,3.55,3.58,3.63,3.55,95881,44028802.0,2.25,0.85,0.03,0.63
2020-12-04,600210,3.56,3.57,3.61,3.56,69119,31656303.0,1.4,-0.28,-0.01,0.46
2020-12-07,600210,3.58,3.5,3.6,3.49,86572,39274750.0,3.08,-1.96,-0.07,0.57
2020-12-08,600210,3.51,3.46,3.51,3.45,72131,32327434.0,1.71,-1.14,-0.04,0.48
2020-12-09,600210,3.48,3.41,3.5,3.41,85290,37895532.0,2.6,-1.45,-0.05,0.56
2020-12-10,600210,3.39,3.35,3.44,3.34,94851,41514992.0,2.93,-1.76,-0.06,0.63
2020-12-11,600210,3.36,3.33,3.37,3.26,89635,38583186.0,3.28,-0.6,-0.02,0.59
2020-12-14,600210,3.29,3.32,3.35,3.26,58235,25095378.0,2.7,-0.3,-0.01,0.38
2020-12-15,600210,3.32,3.34,3.35,3.28,45836,19794416.0,2.11,0.6,0.02,0.3
2020-12-16,600210,3.35,3.31,3.36,3.3,47217,20400166.0,1.8,-0.9,-0.03,0.31
2020-12-17,600210,3.29,3.33,3.34,3.22,76412,32648930.0,3.63,0.6,0.02,0.5
2020-12-18,600210,3.32,3.35,3.4,3.31,75510,32984267.0,2.7,0.6,0.02,0.5
2020-12-21,600210,3.35,3.37,3.37,3.31,59997,26073289.0,1.79,0.6,0.02,0.4
2020-12-22,600210,3.35,3.27,3.36,3.25,79810,34346867.0,3.26,-2.97,-0.1,0.53
2020-12-23,600210,3.27,3.3,3.3,3.25,59428,25380850.0,1.53,0.92,0.03,0.39
2020-12-24,600210,3.28,3.23,3.29,3.23,47370,20117941.0,1.82,-2.12,-0.07,0.31
2020-12-25,600210,3.23,3.27,3.28,3.18,53351,22638067.0,3.1,1.24,0.04,0.35
2020-12-28,600210,3.26,3.35,3.43,3.23,133076,57944960.0,6.12,2.45,0.08,0.88
2020-12-29,600210,3.34,3.3,3.36,3.28,73519,31741555.0,2.39,-1.49,-0.05,0.48
2020-12-30,600210,3.28,3.31,3.33,3.27,45085,19397459.0,1.82,0.3,0.01,0.3
2020-12-31,600210,3.31,3.35,3.35,3.29,51270,22206766.0,1.81,1.21,0.04,0.34
2021-01-04,600210,3.36,3.39,3.4,3.33,91130,39803825.0,2.09,1.19,0.04,0.6
2021-01-05,600210,3.37,3.44,3.49,3.36,126041,55858608.0,3.83,1.47,0.05,0.83
2021-01-06,600210,3.44,3.47,3.47,3.4,118592,52649033.0,2.03,0.87,0.03,0.78
2021-01-07,600210,3.46,3.37,3.47,3.33,94317,41299740.0,4.03,-2.88,-0.1,0.62
2021-01-08,600210,3.37,3.32,3.4,3.26,86204,37366379.0,4.15,-1.48,-0.05,0.57
2021-01-11,600210,3.33,3.28,3.36,3.26,71283,30694866.0,3.01,-1.2,-0.04,0.47
2021-01-12,600210,3.28,3.35,3.37,3.26,71774,31003818.0,3.35,2.13,0.07,0.47
2021-01-13,600210,3.35,3.28,3.36,3.25,103361,44271512.0,3.28,-2.09,-0.07,0.68
2021-01-14,600210,3.28,3.29,3.33,3.26,61777,26521938.0,2.13,0.3,0.01,0.41
2021-01-15,600210,3.29,3.29,3.32,3.27,45951,19722863.0,1.52,0.0,0.0,0.3
2021-01-18,600210,3.28,3.37,3.39,3.28,94101,40858732.0,3.34,2.43,0.08,0.62
2021-01-19,600210,3.36,3.55,3.81,3.34,518439,241876039.0,13.95,5.34,0.18,3.42
2021-01-20,600210,3.51,3.46,3.56,3.41,281766,125771534.0,4.23,-2.54,-0.09,1.86
2021-01-21,600210,3.43,3.48,3.5,3.41,136802,61048788.0,2.6,0.58,0.02,0.9
2021-01-22,600210,3.45,3.4,3.46,3.38,108342,47829441.0,2.3,-2.3,-0.08,0.71
2021-01-25,600210,3.41,3.54,3.57,3.37,235275,105517856.0,5.88,4.12,0.14,1.55
2021-01-26,600210,3.51,3.47,3.54,3.43,110602,49430211.0,3.11,-1.98,-0.07,0.73
2021-01-27,600210,3.47,3.57,3.63,3.46,197988,90499596.0,4.9,2.88,0.1,1.31
2021-01-28,600210,3.52,3.54,3.65,3.51,190194,87247712.0,3.92,-0.84,-0.03,1.25
2021-01-29,600210,3.56,3.51,3.6,3.43,154870,69333552.0,4.8,-0.85,-0.03,1.02
2021-02-01,600210,3.45,3.54,3.54,3.41,140746,62960964.0,3.7,0.85,0.03,0.93
2021-02-02,600210,3.56,3.6,3.65,3.53,164019,75251360.0,3.39,1.69,0.06,1.08
2021-02-03,600210,3.59,3.48,3.59,3.47,136583,61736999.0,3.33,-3.33,-0.12,0.9
2021-02-04,600210,3.46,3.65,3.73,3.44,326824,150017561.0,8.33,4.89,0.17,2.15
2021-02-05,600210,3.6,3.52,3.72,3.51,249549,115336395.0,5.75,-3.56,-0.13,1.65
2021-02-08,600210,3.49,3.73,3.82,3.48,330606,155533051.0,9.66,5.97,0.21,2.18
2021-02-09,600210,3.7,3.75,3.77,3.65,252925,119107833.0,3.22,0.54,0.02,1.67
2021-02-10,600210,3.71,3.76,3.78,3.66,194037,91578236.0,3.2,0.27,0.01,1.28
2021-02-18,600210,3.81,3.82,3.94,3.77,304342,147635449.0,4.52,1.6,0.06,2.01
2021-02-19,600210,3.81,3.9,3.91,3.78,247928,120261250.0,3.4,2.09,0.08,1.63
2021-02-22,600210,3.9,3.74,3.95,3.73,357563,173491769.0,5.64,-4.1,-0.16,2.36
2021-02-23,600210,3.74,3.99,4.21,3.7,568520,281483392.0,13.64,6.68,0.25,3.75
2021-02-24,600210,3.97,3.92,4.05,3.86,284025,140321965.0,4.76,-1.75,-0.07,1.87
2021-02-25,600210,3.95,4.1,4.15,3.87,400562,201002756.0,7.14,4.59,0.18,2.64
2021-02-26,600210,4.03,4.04,4.12,3.98,248609,125136356.0,3.41,-1.46,-0.06,1.64
2021-03-01,600210,4.02,4.01,4.09,3.93,247373,123519506.0,3.96,-0.74,-0.03,1.63
2021-03-02,600210,3.99,3.83,4.01,3.83,246252,120378167.0,4.49,-4.49,-0.18,1.62
2021-03-03,600210,3.82,3.88,3.9,3.81,160801,78065061.0,2.35,1.31,0.05,1.06
2021-03-04,600210,3.85,3.82,3.86,3.78,169501,81773138.0,2.06,-1.55,-0.06,1.12
2021-03-05,600210,3.8,3.89,3.9,3.8,139131,67564448.0,2.62,1.83,0.07,0.92
2021-03-08,600210,3.9,3.81,3.94,3.81,138944,67692528.0,3.34,-2.06,-0.08,0.92
2021-03-09,600210,3.8,3.64,3.82,3.61,186361,87330315.0,5.51,-4.46,-0.17,1.23
2021-03-10,600210,3.62,3.61,3.67,3.6,83788,38836276.0,1.92,-0.82,-0.03,0.55
2021-03-11,600210,3.63,3.72,3.72,3.61,85976,40279048.0,3.05,3.05,0.11,0.57
2021-03-12,600210,3.7,3.74,3.75,3.68,87276,41231475.0,1.88,0.54,0.02,0.58
2021-03-15,600210,3.75,3.76,3.78,3.72,75947,36067687.0,1.6,0.53,0.02,0.5
2021-03-16,600210,3.75,3.78,3.8,3.73,56195,26815111.0,1.86,0.53,0.02,0.37
2021-03-17,600210,3.78,3.76,3.8,3.72,63536,30205228.0,2.12,-0.53,-0.02,0.42
2021-03-18,600210,3.76,3.88,3.93,3.76,168013,81709924.0,4.52,3.19,0.12,1.11
2021-03-19,600210,3.86,3.91,3.95,3.85,151869,74446230.0,2.58,0.77,0.03,1.0
2021-03-22,600210,3.94,4.15,4.16,3.9,422147,213432767.0,6.65,6.14,0.24,2.78
2021-03-23,600210,4.17,4.07,4.18,4.03,258948,132113800.0,3.61,-1.93,-0.08,1.71
2021-03-24,600210,4.05,3.95,4.09,3.95,212881,106567648.0,3.44,-2.95,-0.12,1.4
2021-03-25,600210,3.97,3.86,3.99,3.84,164828,80792662.0,3.8,-2.28,-0.09,1.09
2021-03-26,600210,3.86,3.87,3.91,3.83,135060,65767953.0,2.07,0.26,0.01,0.89
2021-03-29,600210,3.86,3.89,3.9,3.81,111789,54387074.0,2.33,0.52,0.02,0.74
2021-03-30,600210,3.87,3.79,3.89,3.76,125074,60015633.0,3.34,-2.57,-0.1,0.82
2021-03-31,600210,3.77,3.78,3.81,3.76,62644,29993238.0,1.32,-0.26,-0.01,0.41
2021-04-01,600210,3.8,3.79,3.82,3.77,69177,33127304.0,1.32,0.26,0.01,0.46
2021-04-02,600210,3.78,3.74,3.79,3.73,84453,40134277.0,1.58,-1.32,-0.05,0.56
2021-04-06,600210,3.74,3.77,3.79,3.74,49475,23577769.0,1.34,0.8,0.03,0.33
2021-04-07,600210,3.77,3.81,3.81,3.74,75231,35988744.0,1.86,1.06,0.04,0.5
2021-04-08,600210,3.79,3.76,3.82,3.75,75650,36086980.0,1.84,-1.31,-0.05,0.5
2021-04-09,600210,3.75,3.75,3.78,3.74,65300,31077604.0,1.06,-0.27,-0.01,0.43
2021-04-12,600210,3.75,3.83,3.84,3.73,129011,61841636.0,2.93,2.13,0.08,0.85
2021-04-13,600210,3.83,3.61,3.83,3.6,194548,91039567.0,6.01,-5.74,-0.22,1.28
2021-04-14,600210,3.61,3.64,3.67,3.58,70904,32799886.0,2.49,0.83,0.03,0.47
2021-04-15,600210,3.69,3.68,3.74,3.66,84150,39456487.0,2.2,1.1,0.04,0.55
2021-04-16,600210,3.69,3.71,3.72,3.68,63844,30022741.0,1.09,0.82,0.03,0.42
2021-04-19,600210,3.73,3.74,3.75,3.69,76462,36141685.0,1.62,0.81,0.03,0.5
2021-04-20,600210,3.74,3.74,3.75,3.71,60442,28602440.0,1.07,0.0,0.0,0.4
2021-04-21,600210,3.73,3.68,3.74,3.68,61849,29023501.0,1.6,-1.6,-0.06,0.41
2021-04-22,600210,3.69,3.73,3.74,3.67,63480,29931024.0,1.9,1.36,0.05,0.42
2021-04-23,600210,3.73,3.68,3.73,3.65,54281,25426286.0,2.14,-1.34,-0.05,0.36
2021-04-26,600210,3.67,3.66,3.7,3.65,54813,25623383.0,1.36,-0.54,-0.02,0.36
2021-04-27,600210,3.65,3.66,3.66,3.61,54846,25416974.0,1.37,0.0,0.0,0.36
2021-04-28,600210,3.65,3.67,3.69,3.65,49131,22958241.0,1.09,0.27,0.01,0.32
2021-04-29,600210,3.66,3.68,3.7,3.64,57755,26988311.0,1.63,0.27,0.01,0.38
2021-04-30,600210,3.68,3.76,3.77,3.65,110801,52272569.0,3.26,2.17,0.08,0.73
2021-05-06,600210,3.77,3.73,3.77,3.72,76704,36384244.0,1.33,-0.8,-0.03,0.51
2021-05-07,600210,3.74,3.75,3.77,3.73,67819,32210637.0,1.07,0.54,0.02,0.45
2021-05-10,600210,3.74,3.77,3.77,3.71,83141,39416903.0,1.6,0.53,0.02,0.55
2021-05-11,600210,3.74,3.87,3.87,3.73,152452,73222235.0,3.71,2.65,0.1,1.01
2021-05-12,600210,3.85,3.9,3.91,3.84,110474,53899072.0,1.81,0.78,0.03,0.73
2021-05-13,600210,3.86,3.84,3.9,3.84,74699,36295904.0,1.54,-1.54,-0.06,0.49
2021-05-14,600210,3.86,3.9,3.91,3.84,70224,34291208.0,1.82,1.56,0.06,0.46
2021-05-17,600210,3.9,3.87,3.92,3.86,67198,32867198.0,1.54,-0.77,-0.03,0.44
2021-05-18,600210,3.87,3.84,3.87,3.81,65184,31495666.0,1.55,-0.78,-0.03,0.43
2021-05-19,600210,3.84,3.82,3.84,3.8,45206,21785813.0,1.04,-0.52,-0.02,0.3
2021-05-20,600210,3.8,3.92,3.94,3.78,125921,61326246.0,4.19,2.62,0.1,0.83
2021-05-21,600210,3.92,3.93,3.94,3.88,89895,44227787.0,1.53,0.26,0.01,0.59
2021-05-24,600210,3.93,3.95,4.0,3.91,114489,56828812.0,2.29,0.51,0.02,0.75
2021-05-25,600210,3.95,3.96,3.97,3.9,85381,42175224.0,1.77,0.25,0.01,0.56
2021-05-26,600210,3.98,3.99,4.09,3.96,170460,85709613.0,3.28,0.76,0.03,1.12
2021-05-27,600210,4.0,4.0,4.06,3.98,104632,52395137.0,2.01,0.25,0.01,0.69
2021-05-28,600210,3.99,4.0,4.03,3.93,129622,64573978.0,2.5,0.0,0.0,0.85
2021-05-31,600210,3.98,4.05,4.05,3.97,115586,57969547.0,2.0,1.25,0.05,0.76
2021-06-01,600210,4.05,4.04,4.06,4.0,108413,54582504.0,1.48,-0.25,-0.01,0.71
2021-06-02,600210,4.03,4.14,4.17,4.01,284640,145543619.0,3.96,2.48,0.1,1.88
2021-06-03,600210,4.14,4.15,4.18,4.08,180369,92637308.0,2.42,0.24,0.01,1.19
2021-06-04,600210,4.14,4.12,4.18,4.08,165090,84579620.0,2.41,-0.72,-0.03,1.09
2021-06-07,600210,4.09,4.18,4.21,4.06,154487,79496050.0,3.64,1.46,0.06,1.02
2021-06-08,600210,4.19,4.1,4.2,4.08,130208,66663725.0,2.87,-1.91,-0.08,0.86
2021-06-09,600210,4.11,4.11,4.14,4.08,115645,59090749.0,1.46,0.24,0.01,0.76
2021-06-10,600210,4.11,3.93,4.12,3.92,276584,137806442.0,4.87,-4.38,-0.18,1.82
2021-06-11,600210,3.95,4.21,4.42,3.93,531253,277897520.0,12.47,7.12,0.28,3.5
2021-06-15,600210,4.24,4.22,4.38,4.2,413044,218246621.0,4.28,0.24,0.01,2.72
2021-06-16,600210,4.2,4.02,4.22,4.0,261532,132706456.0,5.21,-4.74,-0.2,1.72
2021-06-17,600210,4.04,3.97,4.04,3.96,149777,74726190.0,1.99,-1.24,-0.05,0.99
2021-06-18,600210,3.99,3.99,4.0,3.93,115629,57353754.0,1.76,0.5,0.02,0.76
2021-06-21,600210,3.99,3.89,4.0,3.89,133777,65931171.0,2.76,-2.51,-0.1,0.88
2021-06-22,600210,3.89,3.93,3.94,3.89,83123,40890018.0,1.29,1.03,0.04,0.55
2021-06-23,600210,3.91,3.91,3.94,3.87,89581,43879770.0,1.78,-0.51,-0.02,0.59
2021-06-24,600210,3.91,3.94,3.98,3.89,97225,48029689.0,2.3,0.77,0.03,0.64
2021-06-25,600210,3.94,3.95,3.96,3.92,89923,44435084.0,1.02,0.25,0.01,0.59
2021-06-28,600210,3.96,3.92,3.98,3.89,93310,45985676.0,2.28,-0.76,-0.03,0.62
2021-06-29,600210,3.92,3.81,3.93,3.79,118994,57641101.0,3.57,-2.81,-0.11,0.78
2021-06-30,600210,3.82,3.75,3.83,3.72,126554,60360252.0,2.89,-1.57,-0.06,0.83
2021-07-01,600210,3.76,3.77,3.81,3.72,72323,34569942.0,2.4,0.53,0.02,0.48
2021-07-02,600210,3.75,3.8,3.8,3.74,62820,29934536.0,1.59,0.8,0.03,0.41
2021-07-05,600210,3.8,3.81,3.81,3.77,52460,25134376.0,1.05,0.26,0.01,0.35
2021-07-06,600210,3.79,3.82,3.82,3.79,49639,23874703.0,0.79,0.26,0.01,0.33
2021-07-07,600210,3.81,3.86,3.87,3.77,68888,33173769.0,2.62,1.05,0.04,0.45
2021-07-08,600210,3.85,3.88,3.9,3.82,86979,42255204.0,2.07,0.52,0.02,0.57
2021-07-09,600210,3.86,4.13,4.24,3.84,420989,213960799.0,10.31,6.44,0.25,2.78
2021-07-12,600210,4.08,4.14,4.2,4.04,235790,121100969.0,3.87,0.24,0.01,1.55
2021-07-13,600210,4.14,4.35,4.45,4.11,655709,348775360.0,8.21,5.07,0.21,4.32
2021-07-14,600210,4.38,4.36,4.44,4.3,530934,285143520.0,3.22,0.23,0.01,3.5
2021-07-15,600210,4.35,4.52,4.59,4.31,609253,331617472.0,6.42,3.67,0.16,4.02
2021-07-16,600210,4.58,4.96,5.07,4.58,1503068,896741184.0,10.84,9.73,0.44,9.91
2021-07-19,600210,4.88,5.56,5.56,4.88,1432287,917595040.0,13.71,12.1,0.6,9.44
2021-07-20,600210,5.42,5.7,5.94,5.35,1819790,1206535648.0,10.61,2.52,0.14,12.0
2021-07-21,600210,5.8,6.06,6.24,5.69,1697467,1194027264.0,9.65,6.32,0.36,11.19
2021-07-22,600210,6.0,6.56,6.7,5.94,1136136,808104288.0,12.54,8.25,0.5,7.49
2021-07-23,600210,6.55,6.25,6.59,6.13,1157245,812903920.0,7.01,-4.73,-0.31,7.63
2021-07-26,600210,6.21,6.29,6.5,6.21,873215,616961888.0,4.64,0.64,0.04,5.76
2021-07-27,600210,6.36,6.29,6.98,6.28,1352356,991894672.0,11.13,0.0,0.0,8.92
2021-07-28,600210,6.29,6.4,6.6,5.91,1118739,791873200.0,10.97,1.75,0.11,7.38
2021-07-29,600210,6.55,6.77,6.81,6.29,916775,672304144.0,8.13,5.78,0.37,6.04
2021-07-30,600210,6.74,6.56,6.91,6.45,759695,561595936.0,6.79,-3.1,-0.21,5.01
2021-08-02,600210,6.55,6.96,7.23,6.52,867338,668816384.0,10.82,6.1,0.4,5.72
2021-08-03,600210,7.05,6.98,7.4,6.9,718854,566921632.0,7.18,0.29,0.02,4.74
2021-08-04,600210,6.96,7.75,7.75,6.92,775976,641298736.0,11.89,11.03,0.77,5.12
2021-08-05,600210,8.17,7.86,8.49,7.75,1084713,960000720.0,9.55,1.42,0.11,7.15
2021-08-06,600210,7.94,7.8,8.18,7.63,713605,615053088.0,7.0,-0.76,-0.06,4.7
2021-08-09,600210,7.84,7.38,7.9,7.23,718990,588607424.0,8.59,-5.38,-0.42,4.74
2021-08-10,600210,7.35,7.29,7.55,7.18,586242,473583472.0,5.01,-1.22,-0.09,3.87
2021-08-11,600210,7.25,7.6,8.03,7.23,882341,743939152.0,10.97,4.25,0.31,5.82
2021-08-12,600210,7.68,8.44,8.44,7.68,874852,786863552.0,10.0,11.05,0.84,5.77
2021-08-13,600210,8.5,8.49,8.8,8.05,870179,804243456.0,8.89,0.59,0.05,5.74
2021-08-16,600210,8.7,8.25,8.7,8.2,487747,444602832.0,5.89,-2.83,-0.24,3.22
2021-08-17,600210,8.15,8.25,8.75,8.13,589390,541525712.0,7.52,0.0,0.0,3.89
2021-08-18,600210,8.37,8.18,8.63,7.93,608176,543241824.0,8.48,-0.85,-0.07,4.01
2021-08-19,600210,8.18,8.43,8.51,7.81,459648,413181792.0,8.56,3.06,0.25,3.03
2021-08-20,600210,8.42,8.34,8.45,8.13,391985,353945952.0,3.8,-1.07,-0.09,2.58
2021-08-23,600210,8.31,8.37,8.52,7.96,612914,551494640.0,6.71,0.36,0.03,4.04
2021-08-24,600210,8.44,9.19,9.28,8.37,713695,687932640.0,10.87,9.8,0.82,4.71
2021-08-25,600210,9.03,8.2,9.03,8.2,767721,699165536.0,9.03,-10.77,-0.99,5.06
2021-08-26,600210,8.15,7.31,8.2,7.31,683071,563976752.0,10.85,-10.85,-0.89,4.5
2021-08-27,600210,6.96,7.65,8.0,6.64,1672562,1326565184.0,18.6,4.65,0.34,11.03
2021-08-30,600210,8.35,8.49,8.49,8.0,795471,725783280.0,6.41,10.98,0.84,5.24
2021-08-31,600210,8.8,8.83,9.13,8.46,1094985,1036859072.0,7.89,4.0,0.34,7.22
2021-09-01,600210,8.92,7.89,8.98,7.87,988186,880806912.0,12.57,-10.65,-0.94,6.52
2021-09-02,600210,7.81,8.21,8.32,7.62,878309,770886944.0,8.87,4.06,0.32,5.79
2021-09-03,600210,8.38,8.22,8.88,7.95,916367,833934512.0,11.33,0.12,0.01,6.04
2021-09-06,600210,8.06,7.84,8.24,7.42,718587,610053136.0,9.98,-4.62,-0.38,4.74
2021-09-07,600210,7.85,8.01,8.11,7.68,488564,424247504.0,5.48,2.17,0.17,3.22
2021-09-08,600210,8.14,8.16,8.36,7.92,532373,472175600.0,5.49,1.87,0.15,3.51
2021-09-09,600210,8.35,8.63,8.9,8.19,908801,848574928.0,8.7,5.76,0.47,5.99
2021-09-10,600210,8.53,8.38,8.63,8.32,506315,465346256.0,3.59,-2.9,-0.25,3.34
2021-09-13,600210,8.41,8.89,9.0,8.25,783885,738026208.0,8.95,6.09,0.51,5.17
2021-09-14,600210,8.72,9.4,9.85,8.65,1294282,1330241840.0,13.5,5.74,0.51,8.53
2021-09-15,600210,9.45,10.42,10.42,9.42,1229921,1318654176.0,10.64,10.85,1.02,8.11
2021-09-16,600210,10.51,10.28,10.89,10.14,1056811,1178285872.0,7.2,-1.34,-0.14,6.97
2021-09-17,600210,10.32,10.37,10.53,9.51,734377,795281696.0,9.92,0.88,0.09,4.84
2021-09-22,600210,10.23,10.2,10.35,9.9,419371,456706352.0,4.34,-1.64,-0.17,2.76
2021-09-23,600210,10.2,9.83,10.34,9.66,526178,560443264.0,6.67,-3.63,-0.37,3.47
2021-09-24,600210,9.87,9.47,10.01,9.28,513624,528915424.0,7.43,-3.66,-0.36,3.39
2021-09-27,600210,9.31,8.45,9.44,8.45,631339,597371072.0,10.45,-10.77,-1.02,4.16
2021-09-28,600210,8.18,8.13,8.45,8.05,389126,348585072.0,4.73,-3.79,-0.32,2.57
2021-09-29,600210,8.08,7.44,8.09,7.34,555556,463606928.0,9.23,-8.49,-0.69,3.66
2021-09-30,600210,7.44,8.1,8.19,7.34,576784,491042384.0,11.42,8.87,0.66,3.8
2021-10-08,600210,8.14,8.48,8.68,8.01,528482,482395584.0,8.27,4.69,0.38,3.48
2021-10-11,600210,8.38,8.35,8.79,8.25,256922,235568985.0,6.37,-1.53,-0.13,1.69
2021-10-12,600210,8.24,7.91,8.36,7.78,351730,306910240.0,6.95,-5.27,-0.44,2.32
2021-10-13,600210,7.98,7.93,8.05,7.74,413719,357470368.0,3.92,0.25,0.02,2.73
2021-10-14,600210,7.85,8.25,8.48,7.8,335229,301758288.0,8.58,4.04,0.32,2.21
2021-10-15,600210,8.21,8.48,8.53,7.97,496048,452545936.0,6.79,2.79,0.23,3.27
2021-10-18,600210,8.36,8.4,8.64,8.2,380392,347968160.0,5.19,-0.94,-0.08,2.51
2021-10-19,600210,8.37,8.58,8.74,8.3,418186,390286384.0,5.24,2.14,0.18,2.76
2021-10-20,600210,8.57,8.78,9.2,8.45,533601,515512240.0,8.74,2.33,0.2,3.52
2021-10-21,600210,8.71,8.25,8.85,8.25,510970,470720048.0,6.83,-6.04,-0.53,3.37
2021-10-22,600210,8.26,7.98,8.36,7.89,364519,322562592.0,5.7,-3.27,-0.27,2.4
2021-10-25,600210,7.97,8.36,8.64,7.94,587575,541087264.0,8.77,4.76,0.38,3.87
2021-10-26,600210,8.49,9.14,9.24,8.49,662227,646840608.0,8.97,9.33,0.78,4.37
2021-10-27,600210,9.14,9.03,9.63,8.94,589143,589119120.0,7.55,-1.2,-0.11,3.88
2021-10-28,600210,9.09,8.97,9.51,8.84,490954,489692720.0,7.42,-0.66,-0.06,3.24
2021-10-29,600210,8.97,8.94,9.08,8.45,421007,400602336.0,7.02,-0.33,-0.03,2.78
2021-11-01,600210,8.65,8.24,8.83,8.1,684342,624435344.0,8.17,-7.83,-0.7,4.51
2021-11-02,600210,8.18,7.35,8.3,7.34,902735,757926576.0,11.65,-10.8,-0.89,5.95
2021-11-03,600210,7.37,7.82,8.05,7.37,707030,603560608.0,9.25,6.39,0.47,4.66
2021-11-04,600210,7.86,8.21,8.45,7.61,585681,514465296.0,10.74,4.99,0.39,3.86
2021-11-05,600210,8.15,8.0,8.4,7.88,485804,432569104.0,6.33,-2.56,-0.21,3.2
2021-11-08,600210,8.39,8.88,8.88,8.35,1006065,961180064.0,6.63,11.0,0.88,6.63
2021-11-09,600210,8.79,8.55,8.83,8.39,911419,848349008.0,4.95,-3.72,-0.33,6.01
2021-11-10,600210,8.52,8.94,8.99,8.5,606167,574411664.0,5.73,4.56,0.39,4.0
2021-11-11,600210,8.84,9.18,9.45,8.84,526052,518813632.0,6.82,2.68,0.24,3.47
2021-11-12,600210,9.1,10.0,10.15,9.05,717825,757435600.0,11.98,8.93,0.82,4.73
2021-11-15,600210,10.06,9.28,10.13,9.0,730398,734092736.0,11.3,-7.2,-0.72,4.82
2021-11-16,600210,9.15,8.85,9.37,8.77,429095,421791120.0,6.47,-4.63,-0.43,2.83
2021-11-17,600210,8.86,8.93,9.14,8.82,314147,305759600.0,3.62,0.9,0.08,2.07
2021-11-18,600210,8.9,8.86,8.99,8.59,286829,273472544.0,4.48,-0.78,-0.07,1.89
2021-11-19,600210,9.11,9.07,9.2,8.75,294130,285925248.0,5.08,2.37,0.21,1.94
2021-11-22,600210,9.0,9.35,9.43,8.86,368037,367731056.0,6.28,3.09,0.28,2.43
2021-11-23,600210,9.27,8.93,9.35,8.68,550997,530582912.0,7.17,-4.49,-0.42,3.63
2021-11-24,600210,8.84,8.39,8.9,8.19,601079,553795680.0,7.95,-6.05,-0.54,3.96
2021-11-25,600210,8.26,8.47,8.57,8.23,259803,239118108.0,4.05,0.95,0.08,1.71
2021-11-26,600210,8.39,8.54,8.69,8.31,284857,263106965.0,4.49,0.83,0.07,1.88
2021-11-29,600210,8.33,8.45,8.67,8.25,253533,234663725.0,4.92,-1.05,-0.09,1.67
2021-11-30,600210,8.49,8.35,8.55,8.32,313991,287432208.0,2.72,-1.18,-0.1,2.07
2021-12-01,600210,8.44,8.35,8.57,8.22,342443,311409040.0,4.19,0.0,0.0,2.26
2021-12-02,600210,8.33,8.14,8.44,8.13,291762,262316829.0,3.71,-2.51,-0.21,1.92
2021-12-03,600210,8.14,8.12,8.18,7.97,279139,246217367.0,2.58,-0.25,-0.02,1.84
2021-12-06,600210,8.16,8.12,8.5,8.08,368506,332905888.0,5.17,0.0,0.0,2.43
2021-12-07,600210,8.22,7.93,8.31,7.85,243386,212651499.0,5.67,-2.34,-0.19,1.6
2021-12-08,600210,7.97,8.09,8.14,7.92,197972,174180176.0,2.77,2.02,0.16,1.31
2021-12-09,600210,8.22,8.13,8.24,7.97,217372,192452343.0,3.34,0.49,0.04,1.43
2021-12-10,600210,8.07,8.14,8.41,8.05,277830,249732881.0,4.43,0.12,0.01,1.83
2021-12-13,600210,8.22,8.0,8.22,7.92,231019,202533956.0,3.69,-1.72,-0.14,1.52
2021-12-14,600210,7.95,7.8,8.03,7.61,417647,354920128.0,5.25,-2.5,-0.2,2.75
2021-12-15,600210,7.75,7.78,7.87,7.68,186651,159359057.0,2.44,-0.26,-0.02,1.23
2021-12-16,600210,7.78,7.8,7.83,7.68,142698,121293665.0,1.93,0.26,0.02,0.94
2021-12-17,600210,7.8,7.56,7.8,7.55,184698,155105432.0,3.21,-3.08,-0.24,1.22
2021-12-20,600210,7.55,7.42,7.64,7.4,187111,154494375.0,3.17,-1.85,-0.14,1.23
2021-12-21,600210,7.42,7.48,7.61,7.39,115392,95006168.0,2.96,0.81,0.06,0.76
2021-12-22,600210,7.54,8.3,8.3,7.51,621322,548243872.0,10.56,10.96,0.82,4.1
2021-12-23,600210,8.3,8.7,9.06,8.26,1034068,974588880.0,9.64,4.82,0.4,6.82
2021-12-24,600210,8.7,8.45,8.71,8.27,370597,340490304.0,5.06,-2.87,-0.25,2.44
2021-12-27,600210,8.41,8.25,8.5,8.21,217630,197294119.0,3.43,-2.37,-0.2,1.43
2021-12-28,600210,8.27,8.27,8.36,8.13,206186,185484714.0,2.79,0.24,0.02,1.36
2021-12-29,600210,8.27,8.07,8.33,7.96,200155,177279407.0,4.47,-2.42,-0.2,1.32
2021-12-30,600210,8.02,8.05,8.17,7.92,185304,163201530.0,3.1,-0.25,-0.02,1.22
2021-12-31,600210,8.05,8.43,8.58,8.02,403565,370045264.0,6.96,4.72,0.38,2.66
2022-01-04,600210,8.45,8.23,8.5,8.1,288311,258859916.0,4.74,-2.37,-0.2,1.9
2022-01-05,600210,8.14,7.74,8.19,7.56,372804,318226816.0,7.65,-5.95,-0.49,2.46
2022-01-06,600210,7.72,7.57,7.73,7.51,301610,252021157.0,2.84,-2.2,-0.17,1.99
2022-01-07,600210,7.59,7.33,7.65,7.3,342299,279043728.0,4.62,-3.17,-0.24,2.26
2022-01-10,600210,7.32,7.33,7.4,7.12,192548,154923854.0,3.82,0.0,0.0,1.27
2022-01-11,600210,7.3,7.25,7.43,7.22,248781,200366101.0,2.86,-1.09,-0.08,1.64
2022-01-12,600210,7.39,7.31,7.39,7.23,220456,177341744.0,2.21,0.83,0.06,1.45
2022-01-13,600210,7.38,6.93,7.39,6.93,363846,283882608.0,6.29,-5.2,-0.38,2.4
2022-01-14,600210,6.87,6.96,7.08,6.83,184250,142366088.0,3.61,0.43,0.03,1.21
2022-01-17,600210,7.0,7.3,7.38,7.0,247327,197577492.0,5.46,4.89,0.34,1.63
2022-01-18,600210,7.37,7.24,7.4,7.18,151662,121432860.0,3.01,-0.82,-0.06,1.0
2022-01-19,600210,7.15,7.17,7.24,7.03,127596,100202519.0,2.9,-0.97,-0.07,0.84
2022-01-20,600210,7.07,7.25,7.39,7.02,196600,156788317.0,5.16,1.12,0.08,1.3
2022-01-21,600210,7.21,6.94,7.23,6.91,199858,155075496.0,4.41,-4.28,-0.31,1.32
2022-01-24,600210,6.93,6.76,6.93,6.74,132398,100155647.0,2.74,-2.59,-0.18,0.87
2022-01-25,600210,6.74,6.62,6.94,6.61,133795,100576408.0,4.88,-2.07,-0.14,0.88
2022-01-26,600210,6.69,6.49,6.71,6.35,227114,164958969.0,5.44,-1.96,-0.13,1.5
2022-01-27,600210,6.52,6.18,6.58,6.15,235535,166615555.0,6.63,-4.78,-0.31,1.55
2022-01-28,600210,6.33,6.08,6.35,5.98,310754,214025068.0,5.99,-1.62,-0.1,2.05
2022-02-07,600210,6.27,6.33,6.44,6.23,174192,123402078.0,3.45,4.11,0.25,1.15
2022-02-08,600210,6.36,6.29,6.39,6.13,184798,129301239.0,4.11,-0.63,-0.04,1.22
2022-02-09,600210,6.32,6.25,6.33,6.21,170611,119471918.0,1.91,-0.64,-0.04,1.12
2022-02-10,600210,6.25,6.14,6.27,6.09,235835,162761551.0,2.88,-1.76,-0.11,1.55
2022-02-11,600210,6.05,5.91,6.14,5.86,236901,159073631.0,4.56,-3.75,-0.23,1.56
2022-02-14,600210,5.85,5.82,6.0,5.77,202738,134429821.0,3.89,-1.52,-0.09,1.34
2022-02-15,600210,5.85,5.93,6.04,5.82,194341,129481145.0,3.78,1.89,0.11,1.28
2022-02-16,600210,6.0,5.96,6.07,5.94,164815,111089182.0,2.19,0.51,0.03,1.09
2022-02-17,600210,5.98,6.1,6.29,5.91,326190,223592165.0,6.38,2.35,0.14,2.15
2022-02-18,600210,6.01,6.1,6.1,5.96,200416,135823353.0,2.3,0.0,0.0,1.32
2022-02-21,600210,6.05,6.17,6.18,6.04,187323,128552979.0,2.3,1.15,0.07,1.24
2022-02-22,600210,6.1,6.02,6.13,5.96,152528,103193241.0,2.76,-2.43,-0.15,1.01
2022-02-23,600210,6.02,6.3,6.32,6.02,301011,209291554.0,4.98,4.65,0.28,1.98
2022-02-24,600210,6.29,6.07,6.44,5.96,286796,199227426.0,7.62,-3.65,-0.23,1.89
2022-02-25,600210,6.14,6.18,6.36,6.11,235759,164493184.0,4.12,1.81,0.11,1.55
2022-02-28,600210,6.22,6.2,6.27,6.05,176915,121954334.0,3.56,0.32,0.02,1.17
2022-03-01,600210,6.2,6.3,6.53,6.19,331120,235570367.0,5.48,1.61,0.1,2.18
2022-03-02,600210,6.28,6.28,6.33,6.18,187687,131491307.0,2.38,-0.32,-0.02,1.24
2022-03-03,600210,6.3,6.29,6.53,6.28,298331,213169393.0,3.98,0.16,0.01,1.97
2022-03-04,600210,6.27,6.11,6.29,6.1,204528,141938198.0,3.02,-2.86,-0.18,1.35
2022-03-07,600210,6.07,5.91,6.14,5.83,232889,156356295.0,5.07,-3.27,-0.2,1.54
2022-03-08,600210,5.89,5.41,5.96,5.3,339719,215177061.0,11.17,-8.46,-0.5,2.24
2022-03-09,600210,5.44,5.26,5.5,5.0,334928,201294482.0,9.24,-2.77,-0.15,2.21
2022-03-10,600210,5.51,5.62,5.69,5.41,331920,209876110.0,5.32,6.84,0.36,2.19
2022-03-11,600210,5.52,5.58,5.6,5.39,249176,155862620.0,3.74,-0.71,-0.04,1.64
2022-03-14,600210,5.56,5.37,5.57,5.36,197148,122481293.0,3.76,-3.76,-0.21,1.3
2022-03-15,600210,5.36,5.03,5.4,5.0,242351,144127119.0,7.45,-6.33,-0.34,1.6
2022-03-16,600210,5.15,5.23,5.25,4.87,262441,153489568.0,7.55,3.98,0.2,1.73
2022-03-17,600210,5.29,5.38,5.53,5.29,215049,132852877.0,4.59,2.87,0.15,1.42
2022-03-18,600210,5.39,5.47,5.48,5.35,150613,93093684.0,2.42,1.67,0.09,0.99
2022-03-21,600210,5.52,5.52,5.83,5.42,376976,238804507.0,7.5,0.91,0.05,2.49
2022-03-22,600210,5.52,5.46,5.57,5.43,202198,125890025.0,2.54,-1.09,-0.06,1.33
2022-03-23,600210,5.46,5.4,5.48,5.34,187607,115517425.0,2.56,-1.1,-0.06,1.24
2022-03-24,600210,5.4,5.33,5.41,5.27,179838,109391013.0,2.59,-1.3,-0.07,1.19
2022-03-25,600210,5.36,5.23,5.41,5.22,189571,114877791.0,3.56,-1.88,-0.1,1.25
2022-03-28,600210,5.27,5.21,5.29,5.1,198202,117559084.0,3.63,-0.38,-0.02,1.31
2022-03-29,600210,5.21,5.12,5.27,5.08,212782,126155502.0,3.65,-1.73,-0.09,1.4
2022-03-30,600210,5.16,5.28,5.3,5.11,222663,132688351.0,3.71,3.13,0.16,1.47
2022-03-31,600210,5.25,5.19,5.28,5.13,216363,128495053.0,2.84,-1.7,-0.09,1.43
2022-04-01,600210,5.14,5.16,5.2,5.06,230548,135402270.0,2.7,-0.58,-0.03,1.52
2022-04-06,600210,5.15,5.18,5.21,5.1,252775,149223013.0,2.13,0.39,0.02,1.67
2022-04-07,600210,5.14,4.98,5.17,4.97,209888,121777429.0,3.86,-3.86,-0.2,1.38
2022-04-08,600210,4.92,4.95,5.07,4.85,233875,133094339.0,4.42,-0.6,-0.03,1.54
2022-04-11,600210,4.91,4.71,4.97,4.65,256247,142118612.0,6.46,-4.85,-0.24,1.69
2022-04-12,600210,4.7,4.86,4.87,4.62,251697,138314957.0,5.31,3.18,0.15,1.66
2022-04-13,600210,4.88,4.71,4.88,4.7,199577,109772107.0,3.7,-3.09,-0.15,1.32
2022-04-14,600210,4.74,4.71,4.77,4.69,122964,67370182.0,1.7,0.0,0.0,0.81
2022-04-15,600210,4.65,4.56,4.67,4.55,152390,81435123.0,2.55,-3.18,-0.15,1.0
2022-04-18,600210,4.58,4.58,4.58,4.42,157964,83023785.0,3.51,0.44,0.02,1.04
2022-04-19,600210,4.68,4.6,4.78,4.58,209636,113294405.0,4.37,0.44,0.02,1.38
2022-04-20,600210,4.65,4.53,4.71,4.5,256012,137504423.0,4.57,-1.52,-0.07,1.69
2022-04-21,600210,4.51,4.24,4.53,4.19,333080,169356474.0,7.51,-6.4,-0.29,2.2
2022-04-22,600210,4.15,4.21,4.29,4.1,269411,133017417.0,4.48,-0.71,-0.03,1.78
2022-04-25,600210,4.13,3.75,4.13,3.75,430923,200669014.0,9.03,-10.93,-0.46,2.84
2022-04-26,600210,3.78,3.52,3.8,3.47,356496,156976171.0,8.8,-6.13,-0.23,2.35
2022-04-27,600210,3.46,3.81,3.85,3.44,446381,195732803.0,11.65,8.24,0.29,2.94
2022-04-28,600210,3.8,3.76,3.87,3.68,334365,151396990.0,4.99,-1.31,-0.05,2.2
2022-04-29,600210,3.82,3.94,3.96,3.75,340819,157202916.0,5.59,4.79,0.18,2.25
2022-05-05,600210,3.92,4.03,4.06,3.88,255820,121289799.0,4.57,2.28,0.09,1.69
2022-05-06,600210,3.93,3.88,3.95,3.85,171373,79738360.0,2.48,-3.72,-0.15,1.13
2022-05-09,600210,3.88,3.94,3.99,3.84,154198,72427519.0,3.87,1.55,0.06,1.02
2022-05-10,600210,3.89,4.08,4.11,3.85,247337,117750744.0,6.6,3.55,0.14,1.63
2022-05-11,600210,4.15,4.15,4.35,4.12,298617,148564605.0,5.64,1.72,0.07,1.97
2022-05-12,600210,4.1,4.13,4.19,4.05,188387,91804467.0,3.37,-0.48,-0.02,1.24
2022-05-13,600210,4.15,4.11,4.18,4.05,171455,83198202.0,3.15,-0.48,-0.02,1.13
2022-05-16,600210,4.18,4.13,4.27,4.11,237502,117053229.0,3.89,0.49,0.02,1.57
2022-05-17,600210,4.12,4.21,4.24,4.04,325476,158603054.0,4.84,1.94,0.08,2.15
2022-05-18,600210,4.2,4.15,4.24,4.1,227948,112043628.0,3.33,-1.43,-0.06,1.5
2022-05-19,600210,4.09,4.33,4.41,4.06,453207,227729599.0,8.43,4.34,0.18,2.99
2022-05-20,600210,4.3,4.44,4.55,4.25,512082,263844969.0,6.93,2.54,0.11,3.38
2022-05-23,600210,4.96,4.96,4.96,4.96,140925,80468158.0,0.0,11.71,0.52,0.93
2022-05-24,600210,5.53,5.12,5.53,4.96,2425149,1475461936.0,11.49,3.23,0.16,15.99
2022-05-25,600210,4.83,4.8,4.95,4.56,1790160,983933792.0,7.62,-6.25,-0.32,11.8
2022-05-26,600210,4.78,5.11,5.13,4.59,1556704,876985152.0,11.25,6.46,0.31,10.26
2022-05-27,600210,4.98,4.81,5.43,4.8,1245484,717730480.0,12.33,-5.87,-0.3,8.21
2022-05-30,600210,4.86,4.76,4.9,4.66,830408,457935168.0,4.99,-1.04,-0.05,5.47
2022-05-31,600210,4.73,4.75,4.86,4.67,534509,293469984.0,3.99,-0.21,-0.01,3.52
2022-06-01,600210,4.78,4.67,4.82,4.61,601020,327538736.0,4.42,-1.68,-0.08,3.96
2022-06-02,600210,4.61,5.04,5.14,4.58,1157954,655261840.0,11.99,7.92,0.37,7.63
2022-06-06,600210,5.02,5.31,5.35,4.91,1100523,649767680.0,8.73,5.36,0.27,7.26
2022-06-07,600210,5.25,5.19,5.35,5.06,902678,535394384.0,5.46,-2.26,-0.12,5.95
2022-06-08,600210,5.15,5.61,5.75,5.07,1430777,879873120.0,13.1,8.09,0.42,9.43
2022-06-09,600210,5.52,5.39,5.55,5.27,1023197,628471680.0,4.99,-3.92,-0.22,6.75
2022-06-10,600210,5.23,5.6,5.69,5.16,1086059,679995232.0,9.83,3.9,0.21,7.16
2022-06-13,600210,5.58,5.67,5.81,5.47,1091862,697637200.0,6.07,1.25,0.07,7.2
2022-06-14,600210,5.47,5.5,5.53,5.31,825657,509570224.0,3.88,-3.0,-0.17,5.44
2022-06-15,600210,5.51,5.32,5.58,5.31,750886,464097440.0,4.91,-3.27,-0.18,4.95
2022-06-16,600210,5.34,5.21,5.37,5.17,482383,289442528.0,3.76,-2.07,-0.11,3.18
2022-06-17,600210,5.15,5.41,5.52,5.15,552082,337160768.0,7.1,3.84,0.2,3.64
2022-06-20,600210,5.41,5.4,5.49,5.33,455782,279901024.0,2.96,-0.18,-0.01,3.01
2022-06-21,600210,5.37,5.26,5.4,5.2,369263,222539790.0,3.7,-2.59,-0.14,2.43
2022-06-22,600210,5.26,5.07,5.32,5.05,375511,222991312.0,5.13,-3.61,-0.19,2.48
2022-06-23,600210,5.07,5.36,5.38,5.03,592263,354907840.0,6.9,5.72,0.29,3.9
2022-06-24,600210,5.65,5.97,5.97,5.65,735296,490580752.0,5.97,11.38,0.61,4.85
2022-06-27,600210,6.02,6.11,6.53,5.84,1792452,1250976432.0,11.56,2.35,0.14,11.82
2022-06-28,600210,6.11,6.14,6.3,5.95,827112,566797760.0,5.73,0.49,0.03,5.45
2022-06-29,600210,6.12,5.65,6.2,5.65,893254,588335824.0,8.96,-7.98,-0.49,5.89
2022-06-30,600210,5.65,5.64,5.77,5.55,421017,268964592.0,3.89,-0.18,-0.01,2.78
2022-07-01,600210,5.63,5.63,5.71,5.56,293760,187480251.0,2.66,-0.18,-0.01,1.94
2022-07-04,600210,5.84,5.82,5.97,5.55,788437,513363008.0,7.46,3.37,0.19,5.2
2022-07-05,600210,5.78,5.7,5.89,5.63,572904,372675024.0,4.47,-2.06,-0.12,3.78
2022-07-06,600210,5.58,5.58,5.69,5.46,395864,250185174.0,4.04,-2.11,-0.12,2.61
2022-07-07,600210,5.53,5.78,5.89,5.49,501408,325269744.0,7.17,3.58,0.2,3.31
2022-07-08,600210,5.76,5.56,5.81,5.51,395773,252448779.0,5.19,-3.81,-0.22,2.61
2022-07-11,600210,5.55,5.28,5.55,5.22,432789,262801024.0,5.94,-5.04,-0.28,2.85
2022-07-12,600210,5.24,5.14,5.35,5.11,387280,230681036.0,4.55,-2.65,-0.14,2.55
2022-07-13,600210,5.15,5.23,5.28,5.13,198096,118080551.0,2.92,1.75,0.09,1.31
2022-07-14,600210,5.24,5.34,5.38,5.2,258435,156447673.0,3.44,2.1,0.11,1.7
2022-07-15,600210,5.33,5.25,5.46,5.25,296900,180671573.0,3.93,-1.69,-0.09,1.96
2022-07-18,600210,5.26,5.39,5.41,5.23,276778,168048123.0,3.43,2.67,0.14,1.82
2022-07-19,600210,5.38,5.32,5.42,5.28,216066,131865002.0,2.6,-1.3,-0.07,1.42
2022-07-20,600210,5.35,5.25,5.36,5.22,305017,183895633.0,2.63,-1.32,-0.07,2.01
2022-07-21,600210,5.24,5.2,5.26,5.15,260900,155165739.0,2.1,-0.95,-0.05,1.72
2022-07-22,600210,5.17,5.14,5.24,5.04,268497,157783272.0,3.85,-1.15,-0.06,1.77
2022-07-25,600210,5.13,4.94,5.18,4.93,310468,179664724.0,4.86,-3.89,-0.2,2.05
2022-07-26,600210,4.93,5.11,5.12,4.91,232776,134752807.0,4.25,3.44,0.17,1.53
2022-07-27,600210,5.13,5.13,5.16,5.07,193354,113359309.0,1.76,0.39,0.02,1.27
2022-07-28,600210,5.16,5.26,5.36,5.13,343790,206249416.0,4.48,2.53,0.13,2.27
2022-07-29,600210,5.29,5.21,5.29,5.15,249969,149032769.0,2.66,-0.95,-0.05,1.65
2022-08-01,600210,5.18,5.19,5.23,5.13,170538,100977324.0,1.92,-0.38,-0.02,1.12
2022-08-02,600210,5.14,4.92,5.14,4.76,403554,228410412.0,7.32,-5.2,-0.27,2.66
2022-08-03,600210,4.93,4.8,5.11,4.76,277239,158171589.0,7.11,-2.44,-0.12,1.83
2022-08-04,600210,4.84,4.91,4.92,4.78,199149,111696352.0,2.92,2.29,0.11,1.31
2022-08-05,600210,4.93,4.95,4.97,4.81,177443,100100087.0,3.26,0.81,0.04,1.17
2022-08-08,600210,4.97,4.96,5.0,4.91,150016,85599078.0,1.82,0.2,0.01,0.99
2022-08-09,600210,4.95,5.01,5.05,4.93,181934,104789755.0,2.42,1.01,0.05,1.2
2022-08-10,600210,5.0,5.12,5.21,4.98,245534,144019777.0,4.59,2.2,0.11,1.62
2022-08-11,600210,5.15,5.47,5.53,5.15,536488,329888705.0,7.42,6.84,0.35,3.54
2022-08-12,600210,5.45,5.44,5.55,5.4,335038,208840004.0,2.74,-0.55,-0.03,2.21
2022-08-15,600210,5.43,5.4,5.48,5.38,230853,142219987.0,1.84,-0.74,-0.04,1.52
2022-08-16,600210,5.42,5.52,5.53,5.39,294143,183047126.0,2.59,2.22,0.12,1.94
2022-08-17,600210,5.52,5.48,5.55,5.43,276119,171948473.0,2.17,-0.72,-0.04,1.82
2022-08-18,600210,5.48,5.37,5.49,5.23,512703,299034860.0,4.74,-2.01,-0.11,3.38
2022-08-19,600210,5.36,5.31,5.48,5.3,281494,165134640.0,3.35,-1.12,-0.06,1.86
2022-08-22,600210,5.29,5.29,5.37,5.25,220103,127678176.0,2.26,-0.38,-0.02,1.45
2022-08-23,600210,5.28,5.54,5.6,5.28,467229,280627055.0,6.05,4.73,0.25,3.08
2022-08-24,600210,5.56,5.25,5.56,5.21,436393,254678804.0,6.32,-5.23,-0.29,2.88
2022-08-25,600210,5.28,5.15,5.31,5.04,234214,132041382.0,5.14,-1.9,-0.1,1.54
2022-08-26,600210,5.18,5.1,5.2,5.05,135328,76244691.0,2.91,-0.97,-0.05,0.89
2022-08-29,600210,5.01,5.08,5.09,4.93,128927,71258135.0,3.14,-0.39,-0.02,0.85
2022-08-30,600210,5.1,5.0,5.14,4.97,160214,88473513.0,3.35,-1.57,-0.08,1.06
2022-08-31,600210,4.98,4.73,4.98,4.68,357826,189166953.0,6.0,-5.4,-0.27,2.36
2022-09-01,600210,4.75,4.65,4.8,4.64,268759,139590593.0,3.38,-1.69,-0.08,1.77
2022-09-02,600210,4.65,4.72,4.73,4.64,148604,77189719.0,1.94,1.51,0.07,0.98
2022-09-05,600210,4.72,4.73,4.75,4.66,124763,65000891.0,1.91,0.21,0.01,0.82
2022-09-06,600210,4.74,4.84,4.85,4.73,152138,80690875.0,2.54,2.33,0.11,1.0
2022-09-07,600210,4.82,4.87,4.91,4.78,128006,68562024.0,2.69,0.62,0.03,0.84
2022-09-08,600210,4.9,4.81,4.9,4.8,108886,58148263.0,2.05,-1.23,-0.06,0.72
2022-09-09,600210,4.8,4.78,4.82,4.74,114386,60398373.0,1.66,-0.62,-0.03,0.75
2022-09-13,600210,4.8,4.76,4.82,4.75,97641,51583017.0,1.46,-0.42,-0.02,0.64
2022-09-14,600210,4.66,4.69,4.73,4.64,91454,47490752.0,1.89,-1.47,-0.07,0.6
2022-09-15,600210,4.72,4.56,4.76,4.48,205685,104664100.0,5.97,-2.77,-0.13,1.36
2022-09-16,600210,4.56,4.43,4.58,4.41,144522,72074548.0,3.73,-2.85,-0.13,0.95
2022-09-19,600210,4.43,4.36,4.47,4.33,132112,64507049.0,3.16,-1.58,-0.07,0.87
2022-09-20,600210,4.39,4.39,4.44,4.37,92068,45156202.0,1.61,0.69,0.03,0.61
2022-09-21,600210,4.39,4.45,4.47,4.29,102451,50130747.0,4.1,1.37,0.06,0.68
2022-09-22,600210,4.42,4.39,4.46,4.39,83024,40866937.0,1.57,-1.35,-0.06,0.55
2022-09-23,600210,4.38,4.33,4.4,4.29,110442,53492334.0,2.51,-1.37,-0.06,0.73
2022-09-26,600210,4.29,4.22,4.31,4.18,137602,65353500.0,3.0,-2.54,-0.11,0.91
2022-09-27,600210,4.23,4.34,4.35,4.22,122736,58784798.0,3.08,2.84,0.12,0.81
2022-09-28,600210,4.34,4.2,4.34,4.2,111025,52912781.0,3.23,-3.23,-0.14,0.73
2022-09-29,600210,4.24,4.15,4.28,4.13,107134,50355919.0,3.57,-1.19,-0.05,0.71
2022-09-30,600210,4.17,4.17,4.2,4.14,86084,40183115.0,1.45,0.48,0.02,0.57
2022-10-10,600210,4.18,4.09,4.25,4.06,103773,48284204.0,4.56,-1.92,-0.08,0.68
2022-10-11,600210,4.11,4.1,4.15,4.03,60306,27696414.0,2.93,0.24,0.01,0.4
2022-10-12,600210,4.13,4.29,4.29,4.07,122353,57278860.0,5.37,4.63,0.19,0.81
2022-10-13,600210,4.25,4.29,4.35,4.24,136153,65245353.0,2.56,0.0,0.0,0.9
2022-10-14,600210,4.34,4.44,4.46,4.3,145600,71257959.0,3.73,3.5,0.15,0.96
2022-10-17,600210,4.39,4.44,4.45,4.37,120450,59202191.0,1.8,0.0,0.0,0.79
2022-10-18,600210,4.48,4.43,4.5,4.42,89002,44049960.0,1.8,-0.23,-0.01,0.59
2022-10-19,600210,4.43,4.45,4.53,4.42,149941,74776331.0,2.48,0.45,0.02,0.99
2022-10-20,600210,4.44,4.4,4.48,4.36,115814,56877325.0,2.7,-1.12,-0.05,0.76
2022-10-21,600210,4.45,4.4,4.49,4.38,81956,40358598.0,2.5,0.0,0.0,0.54
2022-10-24,600210,4.39,4.34,4.5,4.28,130122,63627798.0,5.0,-1.36,-0.06,0.86
2022-10-25,600210,4.32,4.34,4.39,4.2,114084,54848552.0,4.38,0.0,0.0,0.75
2022-10-26,600210,4.34,4.46,4.47,4.34,143207,70536157.0,3.0,2.76,0.12,0.94
2022-10-27,600210,4.46,4.51,4.63,4.45,205183,103718688.0,4.04,1.12,0.05,1.35
2022-10-28,600210,4.58,4.53,4.68,4.52,477009,243864850.0,3.55,0.44,0.02,3.14
2022-10-31,600210,4.57,4.49,4.6,4.46,208338,104522955.0,3.09,-0.88,-0.04,1.37
2022-11-01,600210,4.51,4.61,4.61,4.51,162263,82288035.0,2.23,2.67,0.12,1.07
2022-11-02,600210,4.6,4.63,4.68,4.58,216444,111178249.0,2.17,0.43,0.02,1.43
2022-11-03,600210,4.59,4.69,4.8,4.58,218889,113966733.0,4.75,1.3,0.06,1.44
2022-11-04,600210,4.69,4.87,4.87,4.67,243960,129707102.0,4.26,3.84,0.18,1.61
2022-11-07,600210,4.87,4.85,4.92,4.82,140027,75003623.0,2.05,-0.41,-0.02,0.92
2022-11-08,600210,4.85,4.81,4.87,4.76,122279,64855786.0,2.27,-0.82,-0.04,0.81
2022-11-09,600210,4.84,4.8,4.85,4.77,83971,44589967.0,1.66,-0.21,-0.01,0.55
2022-11-10,600210,4.79,4.79,4.82,4.74,101401,53575986.0,1.67,-0.21,-0.01,0.67
2022-11-11,600210,4.9,4.83,4.93,4.82,132329,70911463.0,2.3,0.84,0.04,0.87
2022-11-14,600210,4.82,4.79,4.9,4.78,132287,70591424.0,2.48,-0.83,-0.04,0.87
2022-11-15,600210,4.82,4.87,4.9,4.8,125184,67067938.0,2.09,1.67,0.08,0.83
2022-11-16,600210,4.88,4.82,4.89,4.82,89775,47974428.0,1.44,-1.03,-0.05,0.59
2022-11-17,600210,4.81,4.79,4.84,4.75,127588,67427133.0,1.87,-0.62,-0.03,0.84
2022-11-18,600210,4.8,4.74,4.82,4.74,104592,55151364.0,1.67,-1.04,-0.05,0.69
2022-11-21,600210,4.73,4.8,4.81,4.67,97820,51302176.0,2.95,1.27,0.06,0.64
2022-11-22,600210,4.8,4.75,4.84,4.73,106306,56179968.0,2.29,-1.04,-0.05,0.7
2022-11-23,600210,4.72,4.73,4.78,4.65,109884,57208945.0,2.74,-0.42,-0.02,0.72
2022-11-24,600210,4.74,4.72,4.77,4.7,74693,39080940.0,1.48,-0.21,-0.01,0.49
2022-11-25,600210,4.73,4.73,4.75,4.68,82545,43096845.0,1.48,0.21,0.01,0.54
2022-11-28,600210,4.67,4.67,4.69,4.58,126883,65232502.0,2.33,-1.27,-0.06,0.84
2022-11-29,600210,4.66,4.78,4.79,4.66,126162,66181032.0,2.78,2.36,0.11,0.83
2022-11-30,600210,4.79,4.76,4.82,4.74,103101,54384855.0,1.67,-0.42,-0.02,0.68
2022-12-01,600210,4.79,4.8,4.85,4.78,131743,70076862.0,1.47,0.84,0.04,0.87
2022-12-02,600210,4.79,4.86,4.86,4.78,116695,62311928.0,1.67,1.25,0.06,0.77
2022-12-05,600210,4.87,4.91,4.93,4.84,164095,88542748.0,1.85,1.03,0.05,1.08
2022-12-06,600210,4.9,4.86,4.92,4.83,119919,64419789.0,1.83,-1.02,-0.05,0.79
2022-12-07,600210,4.84,4.83,4.89,4.82,92764,49582999.0,1.44,-0.62,-0.03,0.61
2022-12-08,600210,4.83,4.8,4.85,4.79,84414,44858783.0,1.24,-0.62,-0.03,0.56
2022-12-09,600210,4.78,4.81,4.85,4.77,80147,42468209.0,1.67,0.21,0.01,0.53
2022-12-12,600210,4.82,4.74,4.82,4.71,104017,54692988.0,2.29,-1.46,-0.07,0.69
2022-12-13,600210,4.74,4.72,4.76,4.7,91199,47608265.0,1.27,-0.42,-0.02,0.6
2022-12-14,600210,4.72,4.68,4.75,4.66,94087,48893837.0,1.91,-0.85,-0.04,0.62
2022-12-15,600210,4.68,4.68,4.75,4.66,76158,39544486.0,1.92,0.0,0.0,0.5
2022-12-16,600210,4.66,4.65,4.72,4.63,91595,47315418.0,1.92,-0.64,-0.03,0.6
2022-12-19,600210,4.65,4.54,4.71,4.51,106662,54253154.0,4.3,-2.37,-0.11,0.7
2022-12-20,600210,4.51,4.5,4.57,4.47,102135,51194183.0,2.2,-0.88,-0.04,0.67
2022-12-21,600210,4.5,4.48,4.52,4.45,89841,44772030.0,1.56,-0.44,-0.02,0.59
2022-12-22,600210,4.52,4.42,4.54,4.4,87172,43476243.0,3.13,-1.34,-0.06,0.57
2022-12-23,600210,4.41,4.44,4.48,4.38,81552,40211193.0,2.26,0.45,0.02,0.54
2022-12-26,600210,4.41,4.47,4.49,4.41,100330,49678762.0,1.8,0.68,0.03,0.66
2022-12-27,600210,4.49,4.53,4.55,4.43,90117,45024404.0,2.68,1.34,0.06,0.59
2022-12-28,600210,4.52,4.5,4.55,4.47,70810,35347479.0,1.77,-0.66,-0.03,0.47
2022-12-29,600210,4.52,4.49,4.55,4.43,108591,54264337.0,2.67,-0.22,-0.01,0.72
2022-12-30,600210,4.5,4.5,4.53,4.48,66418,33206924.0,1.11,0.22,0.01,0.44
2023-01-03,600210,4.51,4.58,4.62,4.49,134438,68062506.0,2.89,1.78,0.08,0.89
2023-01-04,600210,4.57,4.65,4.68,4.57,126271,64954993.0,2.4,1.53,0.07,0.83
2023-01-05,600210,4.69,4.66,4.69,4.63,83273,42958588.0,1.29,0.22,0.01,0.55
2023-01-06,600210,4.68,4.68,4.74,4.66,93562,48651717.0,1.72,0.43,0.02,0.62
2023-01-09,600210,4.72,4.71,4.8,4.69,136951,71930558.0,2.35,0.64,0.03,0.9
2023-01-10,600210,4.75,4.7,4.75,4.67,95836,49825154.0,1.7,-0.21,-0.01,0.63
2023-01-11,600210,4.69,4.63,4.72,4.63,91307,47210353.0,1.91,-1.49,-0.07,0.6
2023-01-12,600210,4.64,4.64,4.73,4.63,88989,46009437.0,2.16,0.22,0.01,0.59
2023-01-13,600210,4.68,4.69,4.69,4.64,73556,37974254.0,1.08,1.08,0.05,0.48
2023-01-16,600210,4.68,4.72,4.75,4.67,93678,48926384.0,1.71,0.64,0.03,0.62
2023-01-17,600210,4.73,4.73,4.76,4.71,68435,35782336.0,1.06,0.21,0.01,0.45
2023-01-18,600210,4.71,4.72,4.74,4.69,83393,43532695.0,1.06,-0.21,-0.01,0.55
2023-01-19,600210,4.73,4.8,4.88,4.72,154046,81601069.0,3.39,1.69,0.08,1.02
2023-01-20,600210,4.8,4.81,4.83,4.78,120545,63995705.0,1.04,0.21,0.01,0.79
2023-01-30,600210,4.9,4.91,4.96,4.87,210200,114087795.0,1.87,2.08,0.1,1.39
2023-01-31,600210,4.89,4.97,4.99,4.88,153048,83335063.0,2.24,1.22,0.06,1.01
2023-02-01,600210,4.98,5.06,5.06,4.93,193528,106715678.0,2.62,1.81,0.09,1.28
2023-02-02,600210,5.12,5.06,5.14,5.03,175188,97670023.0,2.17,0.0,0.0,1.16
2023-02-03,600210,5.03,5.02,5.08,4.95,194906,107152934.0,2.57,-0.79,-0.04,1.29
2023-02-06,600210,4.98,4.95,4.99,4.92,131860,71856432.0,1.39,-1.39,-0.07,0.87
2023-02-07,600210,4.98,5.08,5.08,4.94,181012,99867098.0,2.83,2.63,0.13,1.19
2023-02-08,600210,5.1,5.37,5.48,5.08,601167,352008665.0,7.87,5.71,0.29,3.96
2023-02-09,600210,5.34,5.32,5.38,5.25,390160,226468114.0,2.42,-0.93,-0.05,2.57
2023-02-10,600210,5.3,5.31,5.49,5.28,344717,202341452.0,3.95,-0.19,-0.01,2.27
2023-02-13,600210,5.31,5.39,5.46,5.31,354894,209252097.0,2.82,1.51,0.08,2.34
2023-02-14,600210,5.39,5.65,5.68,5.37,637222,386866021.0,5.75,4.82,0.26,4.2
2023-02-15,600210,5.63,5.62,5.64,5.54,386258,235033854.0,1.77,-0.53,-0.03,2.55
2023-02-16,600210,5.58,5.45,5.68,5.42,473101,286561165.0,4.63,-3.02,-0.17,3.12
2023-02-17,600210,5.45,5.42,5.54,5.36,325952,193524736.0,3.3,-0.55,-0.03,2.15
2023-02-20,600210,5.42,5.47,5.47,5.36,217213,128600811.0,2.03,0.92,0.05,1.43
2023-02-21,600210,5.52,5.48,5.55,5.43,208045,124522923.0,2.19,0.18,0.01,1.37
2023-02-22,600210,5.49,5.44,5.5,5.4,276826,164390912.0,1.82,-0.73,-0.04,1.83
2023-02-23,600210,5.45,5.38,5.46,5.32,220274,129629522.0,2.57,-1.1,-0.06,1.45
2023-02-24,600210,5.4,5.39,5.42,5.33,161170,94760387.0,1.67,0.19,0.01,1.06
2023-02-27,600210,5.37,5.3,5.37,5.29,151450,88255381.0,1.48,-1.67,-0.09,1.0
2023-02-28,600210,5.31,5.36,5.39,5.29,148416,86764657.0,1.89,1.13,0.06,0.98
2023-03-01,600210,5.35,5.35,5.39,5.32,136329,79762742.0,1.31,-0.19,-0.01,0.9
2023-03-02,600210,5.33,5.26,5.36,5.23,212917,123196897.0,2.43,-1.68,-0.09,1.4
2023-03-03,600210,5.27,5.26,5.31,5.22,148001,85368912.0,1.71,0.0,0.0,0.98
2023-03-06,600210,5.28,5.23,5.29,5.21,130832,75116169.0,1.52,-0.57,-0.03,0.86
2023-03-07,600210,5.23,5.11,5.26,5.1,182594,103619166.0,3.06,-2.29,-0.12,1.2
2023-03-08,600210,5.09,5.13,5.14,5.06,116683,65370400.0,1.57,0.39,0.02,0.77
2023-03-09,600210,5.15,5.1,5.15,5.07,99882,56059971.0,1.56,-0.58,-0.03,0.66
2023-03-10,600210,5.07,5.02,5.09,4.99,130677,72277413.0,1.96,-1.57,-0.08,0.86
2023-03-13,600210,4.99,4.99,5.03,4.93,138851,75983744.0,1.99,-0.6,-0.03,0.92
2023-03-14,600210,5.01,4.89,5.01,4.85,132968,71987010.0,3.21,-2.0,-0.1,0.88
2023-03-15,600210,4.93,4.97,5.02,4.89,112813,61810036.0,2.66,1.64,0.08,0.74
2023-03-16,600210,4.95,4.92,5.0,4.9,128447,69895769.0,2.01,-1.01,-0.05,0.85
2023-03-17,600210,4.94,4.93,4.99,4.92,118326,64577283.0,1.42,0.2,0.01,0.78
2023-03-20,600210,4.95,5.03,5.11,4.91,203446,112337166.0,4.06,2.03,0.1,1.34
2023-03-21,600210,5.05,5.06,5.07,5.01,134411,74525893.0,1.19,0.6,0.03,0.89
2023-03-22,600210,5.16,5.18,5.35,5.15,381094,218141495.0,3.95,2.37,0.12,2.51
2023-03-23,600210,5.19,5.19,5.22,5.12,187813,106642706.0,1.93,0.19,0.01,1.24
2023-03-24,600210,5.22,5.27,5.31,5.2,242630,139638609.0,2.12,1.54,0.08,1.6
2023-03-27,600210,5.28,5.19,5.29,5.14,195910,111621214.0,2.85,-1.52,-0.08,1.29
2023-03-28,600210,5.21,5.13,5.22,5.11,125003,70673441.0,2.12,-1.16,-0.06,0.82
2023-03-29,600210,5.12,5.09,5.16,5.06,107264,60053970.0,1.95,-0.78,-0.04,0.71
2023-03-30,600210,5.08,5.12,5.13,5.04,111085,62059906.0,1.77,0.59,0.03,0.73
2023-03-31,600210,5.08,5.17,5.18,5.08,117199,66262364.0,1.95,0.98,0.05,0.77
2023-04-03,600210,5.18,5.17,5.2,5.15,123162,69813881.0,0.97,0.0,0.0,0.81
2023-04-04,600210,5.17,5.09,5.18,5.05,157910,88479524.0,2.51,-1.55,-0.08,1.04
2023-04-06,600210,5.05,4.99,5.07,4.98,136790,75327272.0,1.77,-1.96,-0.1,0.9
2023-04-07,600210,4.99,5.05,5.08,4.97,101809,56428312.0,2.2,1.2,0.06,0.67
2023-04-10,600210,5.04,4.92,5.04,4.89,203204,110380698.0,2.97,-2.57,-0.13,1.34
2023-04-11,600210,4.9,4.94,4.94,4.85,128124,69152086.0,1.83,0.41,0.02,0.84
2023-04-12,600210,4.95,4.97,5.02,4.94,120471,65963200.0,1.62,0.61,0.03,0.79
2023-04-13,600210,4.96,4.97,5.02,4.96,105966,58121233.0,1.21,0.0,0.0,0.7
2023-04-14,600210,4.99,5.08,5.11,4.96,183320,101639893.0,3.02,2.21,0.11,1.21
2023-04-17,600210,5.06,5.09,5.1,5.03,131537,73139014.0,1.38,0.2,0.01,0.87
2023-04-18,600210,5.1,5.05,5.11,5.04,83298,46274702.0,1.38,-0.79,-0.04,0.55
2023-04-19,600210,5.07,5.02,5.08,4.99,111218,61490948.0,1.78,-0.59,-0.03,0.73
2023-04-20,600210,5.02,5.07,5.07,4.96,117715,64926328.0,2.19,1.0,0.05,0.78
2023-04-21,600210,5.07,4.92,5.07,4.92,137944,75536436.0,2.96,-2.96,-0.15,0.91
2023-04-24,600210,4.92,4.88,4.95,4.86,114842,62032538.0,1.83,-0.81,-0.04,0.76
2023-04-25,600210,4.89,4.77,4.92,4.67,202930,107061327.0,5.12,-2.25,-0.11,1.34
2023-04-26,600210,4.76,4.86,4.88,4.75,110522,58781237.0,2.73,1.89,0.09,0.73
2023-04-27,600210,4.87,4.86,4.9,4.81,94103,50449817.0,1.85,0.0,0.0,0.62
2023-04-28,600210,4.85,4.82,4.92,4.8,163698,87504992.0,2.47,-0.82,-0.04,1.08
2023-05-04,600210,4.82,4.82,4.88,4.78,159686,85039468.0,2.07,0.0,0.0,1.05
2023-05-05,600210,4.81,4.68,4.82,4.68,162738,84920954.0,2.9,-2.9,-0.14,1.07
2023-05-08,600210,4.68,4.74,4.75,4.67,128166,66843469.0,1.71,1.28,0.06,0.85
2023-05-09,600210,4.73,4.7,4.79,4.68,125840,65811455.0,2.32,-0.84,-0.04,0.83
2023-05-10,600210,4.68,4.7,4.74,4.68,110390,57440235.0,1.28,0.0,0.0,0.73
2023-05-11,600210,4.71,4.71,4.74,4.69,81698,42590466.0,1.06,0.21,0.01,0.54
2023-05-12,600210,4.71,4.65,4.73,4.64,96603,50055235.0,1.91,-1.27,-0.06,0.64
2023-05-15,600210,4.67,4.73,4.74,4.65,95390,49530097.0,1.94,1.72,0.08,0.63
2023-05-16,600210,4.74,4.65,4.75,4.64,119754,62019001.0,2.33,-1.69,-0.08,0.79
2023-05-17,600210,4.67,4.79,4.79,4.65,165158,86644883.0,3.01,3.01,0.14,1.09
2023-05-18,600210,4.76,4.75,4.8,4.73,119175,62656689.0,1.46,-0.84,-0.04,0.79
2023-05-19,600210,4.76,4.75,4.78,4.71,89788,47066573.0,1.47,0.0,0.0,0.59
2023-05-22,600210,4.75,4.72,4.77,4.72,88691,46439148.0,1.05,-0.63,-0.03,0.58
2023-05-23,600210,4.74,4.68,4.76,4.67,102052,53122612.0,1.91,-0.85,-0.04,0.67
2023-05-24,600210,4.67,4.66,4.71,4.66,80138,41547034.0,1.07,-0.43,-0.02,0.53
2023-05-25,600210,4.65,4.61,4.68,4.55,145239,74140699.0,2.79,-1.07,-0.05,0.96
2023-05-26,600210,4.6,4.64,4.65,4.55,105587,53942073.0,2.17,0.65,0.03,0.7
2023-05-29,600210,4.68,4.65,4.77,4.62,129662,67117564.0,3.23,0.22,0.01,0.85
2023-05-30,600210,4.65,4.64,4.68,4.58,105698,54200725.0,2.15,-0.22,-0.01,0.7
2023-05-31,600210,4.62,4.58,4.63,4.56,109647,55742492.0,1.51,-1.29,-0.06,0.72
2023-06-01,600210,4.56,4.66,4.69,4.55,142871,73508593.0,3.06,1.75,0.08,0.94
2023-06-02,600210,4.65,4.68,4.69,4.64,87923,45486408.0,1.07,0.43,0.02,0.58
2023-06-05,600210,4.68,4.72,4.74,4.67,100768,52498400.0,1.5,0.85,0.04,0.66
2023-06-06,600210,4.73,4.64,4.73,4.63,85954,44554656.0,2.12,-1.69,-0.08,0.57
2023-06-07,600210,4.64,4.63,4.67,4.62,68198,35086434.0,1.08,-0.22,-0.01,0.45
2023-06-08,600210,4.63,4.65,4.65,4.59,85686,43882950.0,1.3,0.43,0.02,0.56
2023-06-09,600210,4.62,4.6,4.64,4.58,108489,55376573.0,1.29,-1.08,-0.05,0.72
2023-06-12,600210,4.59,4.63,4.67,4.56,102747,52583197.0,2.39,0.65,0.03,0.68
2023-06-13,600210,4.64,4.66,4.69,4.6,94418,48736822.0,1.94,0.65,0.03,0.62
2023-06-14,600210,4.66,4.64,4.67,4.62,62762,32265603.0,1.07,-0.43,-0.02,0.41
2023-06-15,600210,4.64,4.67,4.68,4.62,72536,37348728.0,1.29,0.65,0.03,0.48
2023-06-16,600210,4.66,4.7,4.73,4.65,107707,56004794.0,1.71,0.64,0.03,0.71
2023-06-19,600210,4.7,4.64,4.73,4.64,96179,49724928.0,1.91,-1.28,-0.06,0.63
2023-06-20,600210,4.66,4.6,4.66,4.6,76011,38893269.0,1.29,-0.86,-0.04,0.5
2023-06-21,600210,4.6,4.54,4.63,4.53,104009,52835127.0,2.17,-1.3,-0.06,0.69
2023-06-26,600210,4.54,4.5,4.56,4.49,100727,50518202.0,1.54,-0.88,-0.04,0.66
2023-06-27,600210,4.51,4.55,4.58,4.5,67662,34169003.0,1.78,1.11,0.05,0.45
2023-06-28,600210,4.55,4.59,4.6,4.5,87810,44366618.0,2.2,0.88,0.04,0.58
2023-06-29,600210,4.57,4.62,4.63,4.57,73806,37700196.0,1.31,0.65,0.03,0.49
2023-06-30,600210,4.61,4.82,4.85,4.6,316329,166515405.0,5.41,4.33,0.2,2.09
2023-07-03,600210,4.83,4.84,4.89,4.81,237988,127218314.0,1.66,0.41,0.02,1.57
2023-07-04,600210,4.85,4.88,4.94,4.84,196355,105820716.0,2.07,0.83,0.04,1.29
2023-07-05,600210,4.89,4.89,4.93,4.86,155575,84027351.0,1.43,0.2,0.01,1.03
2023-07-06,600210,4.9,4.98,5.03,4.88,227940,124882965.0,3.07,1.84,0.09,1.5
2023-07-07,600210,4.98,5.03,5.05,4.95,162894,89791378.0,2.01,1.0,0.05,1.07
2023-07-10,600210,5.04,5.0,5.06,4.96,141582,77838961.0,1.99,-0.6,-0.03,0.93
2023-07-11,600210,5.02,5.01,5.02,4.96,115325,63395577.0,1.2,0.2,0.01,0.76
2023-07-12,600210,4.99,4.93,5.02,4.91,187921,102798833.0,2.2,-1.6,-0.08,1.24
2023-07-13,600210,4.96,4.99,5.01,4.93,144199,79007623.0,1.62,1.22,0.06,0.95
2023-07-14,600210,4.99,4.96,5.02,4.95,104544,57385999.0,1.4,-0.6,-0.03,0.69
2023-07-17,600210,4.95,4.97,4.98,4.92,97610,53188745.0,1.21,0.2,0.01,0.64
2023-07-18,600210,4.94,4.98,5.0,4.94,66394,36324252.0,1.21,0.2,0.01,0.44
2023-07-19,600210,5.03,5.01,5.04,4.98,94494,52026391.0,1.2,0.6,0.03,0.62
2023-07-20,600210,5.0,4.96,5.03,4.94,111886,61387875.0,1.8,-1.0,-0.05,0.74
2023-07-21,600210,4.95,4.95,4.98,4.92,80352,43782293.0,1.21,-0.2,-0.01,0.53
2023-07-24,600210,4.93,4.94,4.97,4.91,75467,41046306.0,1.21,-0.2,-0.01,0.5
2023-07-25,600210,4.96,4.98,5.0,4.95,130689,71582277.0,1.01,0.81,0.04,0.86
2023-07-26,600210,5.02,4.98,5.02,4.96,115278,60379767.0,1.2,0.0,0.0,0.76
2023-07-27,600210,5.0,4.96,5.02,4.94,95338,49929931.0,1.61,-0.4,-0.02,0.63
2023-07-28,600210,4.94,4.99,5.01,4.93,89853,47036079.0,1.61,0.6,0.03,0.59
2023-07-31,600210,5.01,5.08,5.1,5.0,145031,77008144.0,2.0,1.8,0.09,0.96
2023-08-01,600210,5.08,5.05,5.1,5.05,100956,53686250.0,0.98,-0.59,-0.03,0.67
2023-08-02,600210,5.05,5.06,5.07,5.03,73676,39048145.0,0.79,0.2,0.01,0.49
2023-08-03,600210,5.04,5.08,5.11,5.02,93946,49948578.0,1.78,0.4,0.02,0.62
2023-08-04,600210,5.07,5.08,5.17,5.07,128289,68842312.0,1.97,0.0,0.0,0.85
2023-08-07,600210,5.06,5.03,5.09,5.03,81151,42995555.0,1.18,-0.98,-0.05,0.54
2023-08-08,600210,5.06,4.98,5.06,4.95,87059,45578406.0,2.19,-0.99,-0.05,0.57
2023-08-09,600210,4.98,4.96,4.99,4.94,62758,32720345.0,1.0,-0.4,-0.02,0.41
2023-08-10,600210,4.95,4.97,4.99,4.93,65816,34307934.0,1.21,0.2,0.01,0.43
2023-08-11,600210,4.98,4.87,4.98,4.87,87230,45079431.0,2.21,-2.01,-0.1,0.58
2023-08-14,600210,4.86,4.88,4.88,4.81,76303,38863151.0,1.44,0.21,0.01,0.5
2023-08-15,600210,4.87,4.84,4.9,4.82,65271,33314285.0,1.64,-0.82,-0.04,0.43
2023-08-16,600210,4.83,4.8,4.86,4.79,68562,34758361.0,1.45,-0.83,-0.04,0.45
2023-08-17,600210,4.8,4.89,4.91,4.75,90084,45713983.0,3.33,1.88,0.09,0.59
2023-08-18,600210,4.89,4.81,4.89,4.8,69400,35413980.0,1.84,-1.64,-0.08,0.46
2023-08-21,600210,4.82,4.74,4.82,4.74,87777,44126735.0,1.66,-1.46,-0.07,0.58
2023-08-22,600210,4.75,4.74,4.8,4.71,99501,49708573.0,1.9,0.0,0.0,0.66
2023-08-23,600210,4.75,4.69,4.76,4.69,80089,39726897.0,1.48,-1.05,-0.05,0.53
2023-08-24,600210,4.68,4.69,4.73,4.66,78297,38759889.0,1.49,0.0,0.0,0.52
2023-08-25,600210,4.7,4.66,4.75,4.64,85537,42211430.0,2.35,-0.64,-0.03,0.56
2023-08-28,600210,4.86,4.76,4.92,4.75,184779,94138100.0,3.65,2.15,0.1,1.22
2023-08-29,600210,4.75,4.77,4.81,4.74,143626,72146980.0,1.47,0.21,0.01,0.95
2023-08-30,600210,4.91,5.03,5.13,4.89,489369,258657810.0,5.03,5.45,0.26,3.23
2023-08-31,600210,5.02,5.2,5.22,5.0,464094,251073096.0,4.37,3.38,0.17,3.06
2023-09-01,600210,5.22,5.23,5.24,5.1,266872,145081436.0,2.69,0.58,0.03,1.76
2023-09-04,600210,5.24,5.27,5.3,5.21,222694,122758776.0,1.72,0.76,0.04,1.47
2023-09-05,600210,5.25,5.28,5.3,5.23,216188,119464116.0,1.33,0.19,0.01,1.43
2023-09-06,600210,5.29,5.25,5.29,5.21,147490,81215760.0,1.52,-0.57,-0.03,0.97
2023-09-07,600210,5.25,5.18,5.28,5.17,179095,97861557.0,2.1,-1.33,-0.07,1.18
2023-09-08,600210,5.18,5.21,5.24,5.16,105595,57581792.0,1.54,0.58,0.03,0.7
2023-09-11,600210,5.2,5.22,5.25,5.17,115575,63265419.0,1.54,0.19,0.01,0.76
2023-09-12,600210,5.24,5.23,5.24,5.19,76783,41988175.0,0.96,0.19,0.01,0.51
2023-09-13,600210,5.23,5.19,5.25,5.15,98118,53382878.0,1.91,-0.76,-0.04,0.65
2023-09-14,600210,5.19,5.17,5.2,5.11,88004,47591716.0,1.73,-0.39,-0.02,0.58
2023-09-15,600210,5.17,5.17,5.21,5.15,91530,49669334.0,1.16,0.0,0.0,0.6
2023-09-18,600210,5.19,5.24,5.25,5.15,113796,62104884.0,1.93,1.35,0.07,0.75
2023-09-19,600210,5.22,5.17,5.23,5.15,110144,59749323.0,1.53,-1.34,-0.07,0.73
2023-09-20,600210,5.17,5.14,5.2,5.13,75675,41002911.0,1.35,-0.58,-0.03,0.5
2023-09-21,600210,5.16,5.12,5.17,5.1,94337,50787586.0,1.36,-0.39,-0.02,0.62
2023-09-22,600210,5.15,5.14,5.16,5.09,104196,56080342.0,1.37,0.39,0.02,0.69
2023-09-25,600210,5.12,5.14,5.17,5.12,101507,54675839.0,0.97,0.0,0.0,0.67
2023-09-26,600210,5.12,5.09,5.15,5.08,80540,43189791.0,1.36,-0.97,-0.05,0.53
2023-09-27,600210,5.12,5.09,5.12,5.05,90930,48604761.0,1.38,0.0,0.0,0.6
2023-09-28,600210,5.1,5.12,5.16,5.09,99491,53462508.0,1.38,0.59,0.03,0.66
2023-10-09,600210,5.1,5.1,5.14,5.03,154329,82276068.0,2.15,-0.39,-0.02,1.02
2023-10-10,600210,5.09,5.06,5.12,5.05,121754,64944492.0,1.37,-0.78,-0.04,0.8
2023-10-11,600210,5.07,5.04,5.1,5.03,93140,49487590.0,1.38,-0.4,-0.02,0.61
2023-10-12,600210,5.06,5.09,5.11,5.03,81668,43517817.0,1.59,0.99,0.05,0.54
2023-10-13,600210,5.08,5.05,5.09,5.02,83477,44217811.0,1.38,-0.79,-0.04,0.55
2023-10-16,600210,5.06,5.02,5.06,4.96,116707,61333463.0,1.98,-0.59,-0.03,0.77
2023-10-17,600210,5.01,5.05,5.09,5.0,111266,58940837.0,1.79,0.6,0.03,0.73
2023-10-18,600210,5.03,4.95,5.06,4.94,86290,45078776.0,2.38,-1.98,-0.1,0.57
2023-10-19,600210,4.95,4.95,5.02,4.93,96085,50229100.0,1.82,0.0,0.0,0.63
2023-10-20,600210,4.94,4.94,4.98,4.91,86163,44771831.0,1.41,-0.2,-0.01,0.57
2023-10-23,600210,4.93,4.81,4.94,4.77,108881,55426984.0,3.44,-2.63,-0.13,0.72
2023-10-24,600210,4.79,4.92,4.93,4.79,105756,54263296.0,2.91,2.29,0.11,0.7
2023-10-25,600210,4.99,4.93,5.03,4.93,72830,37981776.0,2.03,0.2,0.01,0.48
2023-10-26,600210,4.91,4.98,5.01,4.89,84962,44088961.0,2.43,1.01,0.05,0.56
2023-10-27,600210,4.95,5.04,5.05,4.94,91044,47906973.0,2.21,1.2,0.06,0.6
2023-10-30,600210,5.0,5.06,5.07,5.0,94551,50081951.0,1.39,0.4,0.02,0.62
2023-10-31,600210,5.02,4.63,5.04,4.55,835270,410545823.0,9.68,-8.5,-0.43,5.51
2023-11-01,600210,4.65,4.59,4.66,4.57,374551,181169849.0,1.94,-0.86,-0.04,2.47
2023-11-02,600210,4.58,4.58,4.61,4.55,267352,128855855.0,1.31,-0.22,-0.01,1.76
2023-11-03,600210,4.57,4.63,4.67,4.57,271210,132207942.0,2.18,1.09,0.05,1.79
2023-11-06,600210,4.61,4.67,4.67,4.6,255678,124868456.0,1.51,0.86,0.04,1.69
2023-11-07,600210,4.65,4.69,4.71,4.64,199948,98506133.0,1.5,0.43,0.02,1.32
2023-11-08,600210,4.69,4.67,4.7,4.65,161576,79478955.0,1.07,-0.43,-0.02,1.07
2023-11-09,600210,4.66,4.65,4.69,4.64,128000,62828987.0,1.07,-0.43,-0.02,0.84
2023-11-10,600210,4.65,4.65,4.65,4.61,94878,46340301.0,0.86,0.0,0.0,0.63
2023-11-13,600210,4.67,4.72,4.72,4.66,202569,100060310.0,1.29,1.51,0.07,1.34
2023-11-14,600210,4.69,4.72,4.77,4.69,143021,71116242.0,1.69,0.0,0.0,0.94
2023-11-15,600210,4.75,4.72,4.75,4.7,118766,58976857.0,1.06,0.0,0.0,0.78
2023-11-16,600210,4.71,4.68,4.73,4.68,95037,46979251.0,1.06,-0.85,-0.04,0.63
2023-11-17,600210,4.67,4.69,4.7,4.65,105634,52043895.0,1.07,0.21,0.01,0.7
2023-11-20,600210,4.69,4.71,4.72,4.67,97809,48375378.0,1.07,0.43,0.02,0.64
2023-11-21,600210,4.7,4.7,4.73,4.7,133075,66111228.0,0.64,-0.21,-0.01,0.88
2023-11-22,600210,4.7,4.66,4.71,4.66,115779,57114823.0,1.06,-0.85,-0.04,0.76
2023-11-23,600210,4.66,4.69,4.71,4.63,103032,50795373.0,1.72,0.64,0.03,0.68
2023-11-24,600210,4.7,4.66,4.71,4.65,102704,50561128.0,1.28,-0.64,-0.03,0.68
2023-11-27,600210,4.65,4.64,4.65,4.6,134432,65484002.0,1.07,-0.43,-0.02,0.89
2023-11-28,600210,4.62,4.66,4.67,4.6,120598,58965182.0,1.51,0.43,0.02,0.8
2023-11-29,600210,4.65,4.63,4.67,4.61,105797,51669475.0,1.29,-0.64,-0.03,0.7
2023-11-30,600210,4.64,4.61,4.64,4.57,104889,50878722.0,1.51,-0.43,-0.02,0.69
2023-12-01,600210,4.6,4.6,4.62,4.58,102743,49838225.0,0.87,-0.22,-0.01,0.68
2023-12-04,600210,4.61,4.57,4.62,4.57,139503,67404778.0,1.09,-0.65,-0.03,0.92
2023-12-05,600210,4.57,4.48,4.58,4.48,136613,65301281.0,2.19,-1.97,-0.09,0.9
2023-12-06,600210,4.48,4.5,4.53,4.45,101533,48265934.0,1.79,0.45,0.02,0.67
2023-12-07,600210,4.5,4.55,4.58,4.48,207051,99414999.0,2.22,1.11,0.05,1.37
2023-12-08,600210,4.56,4.54,4.59,4.53,201509,97003907.0,1.32,-0.22,-0.01,1.33
2023-12-11,600210,4.53,4.57,4.57,4.45,163130,77737897.0,2.64,0.66,0.03,1.08
2023-12-12,600210,4.56,4.56,4.57,4.53,57297,27493152.0,0.88,-0.22,-0.01,0.38
2023-12-13,600210,4.56,4.52,4.57,4.52,79479,38080474.0,1.1,-0.88,-0.04,0.52
2023-12-14,600210,4.54,4.5,4.55,4.5,60891,29076645.0,1.11,-0.44,-0.02,0.4
2023-12-15,600210,4.5,4.5,4.53,4.48,74942,35610271.0,1.11,0.0,0.0,0.49
2023-12-18,600210,4.49,4.43,4.5,4.42,96581,45457389.0,1.78,-1.56,-0.07,0.64
2023-12-19,600210,4.43,4.42,4.43,4.38,91649,42660334.0,1.13,-0.23,-0.01,0.6
2023-12-20,600210,4.42,4.34,4.44,4.33,86465,40047205.0,2.49,-1.81,-0.08,0.57
2023-12-21,600210,4.32,4.36,4.39,4.26,106051,48545070.0,3.0,0.46,0.02,0.7
2023-12-22,600210,4.37,4.34,4.37,4.31,109141,50000112.0,1.38,-0.46,-0.02,0.72
2023-12-25,600210,4.32,4.35,4.41,4.25,166119,75825790.0,3.69,0.23,0.01,1.1
2023-12-26,600210,4.35,4.3,4.36,4.28,76723,35046259.0,1.84,-1.15,-0.05,0.51
2023-12-27,600210,4.28,4.3,4.32,4.27,56213,25532471.0,1.16,0.0,0.0,0.37
2023-12-28,600210,4.3,4.43,4.44,4.28,132111,61206550.0,3.72,3.02,0.13,0.87
2023-12-29,600210,4.42,4.45,4.46,4.4,113117,53025774.0,1.35,0.45,0.02,0.75
2024-01-02,600210,4.43,4.46,4.49,4.42,77501,36540568.0,1.57,0.22,0.01,0.51
2024-01-03,600210,4.45,4.47,4.48,4.43,72514,34146773.0,1.12,0.22,0.01,0.48
2024-01-04,600210,4.47,4.46,4.48,4.42,62784,29477969.0,1.34,-0.22,-0.01,0.41
2024-01-05,600210,4.48,4.44,4.61,4.43,133304,63487529.0,4.04,-0.45,-0.02,0.88
2024-01-08,600210,4.44,4.33,4.44,4.33,113867,52705170.0,2.48,-2.48,-0.11,0.75
2024-01-09,600210,4.34,4.35,4.4,4.32,71377,32897699.0,1.85,0.46,0.02,0.47
2024-01-10,600210,4.35,4.38,4.42,4.3,84019,38861886.0,2.76,0.69,0.03,0.55
2024-01-11,600210,4.37,4.41,4.43,4.35,76232,35389394.0,1.83,0.68,0.03,0.5
2024-01-12,600210,4.4,4.41,4.46,4.39,74133,34662685.0,1.59,0.0,0.0,0.49
2024-01-15,600210,4.4,4.41,4.44,4.37,72485,33807007.0,1.59,0.0,0.0,0.48
2024-01-16,600210,4.41,4.39,4.42,4.34,74832,34653712.0,1.81,-0.45,-0.02,0.49
2024-01-17,600210,4.39,4.32,4.4,4.31,61286,28237860.0,2.05,-1.59,-0.07,0.4
2024-01-18,600210,4.31,4.28,4.32,4.14,158917,71020396.0,4.17,-0.93,-0.04,1.05
2024-01-19,600210,4.27,4.24,4.3,4.22,67191,30249777.0,1.87,-0.93,-0.04,0.44
2024-01-22,600210,4.24,4.03,4.24,4.0,126324,55145938.0,5.66,-4.95,-0.21,0.83
2024-01-23,600210,3.99,4.08,4.13,3.93,112394,47979153.0,4.96,1.24,0.05,0.74
2024-01-24,600210,4.09,4.18,4.19,4.03,111232,48659324.0,3.92,2.45,0.1,0.73
2024-01-25,600210,4.2,4.4,4.4,4.18,154427,70103620.0,5.26,5.26,0.22,1.02
2024-01-26,600210,4.39,4.37,4.54,4.34,192792,89899634.0,4.55,-0.68,-0.03,1.27
2024-01-29,600210,4.35,4.23,4.35,4.22,145856,65993888.0,2.97,-3.2,-0.14,0.96
2024-01-30,600210,4.25,4.13,4.27,4.12,85225,37931461.0,3.55,-2.36,-0.1,0.56
2024-01-31,600210,4.14,4.03,4.15,4.01,112517,48619468.0,3.39,-2.42,-0.1,0.74
2024-02-01,600210,4.01,3.99,4.08,3.95,108932,46345695.0,3.23,-0.99,-0.04,0.72
2024-02-02,600210,4.0,3.88,4.03,3.74,168788,70072112.0,7.27,-2.76,-0.11,1.11
2024-02-05,600210,3.82,3.75,3.9,3.58,234273,93415745.0,8.25,-3.35,-0.13,1.54
2024-02-06,600210,3.72,4.05,4.1,3.68,217804,91206541.0,11.2,8.0,0.3,1.44
2024-02-07,600210,4.05,4.3,4.33,4.03,296616,133495431.0,7.41,6.17,0.25,1.96
2024-02-08,600210,4.35,4.39,4.5,4.35,265197,124256986.0,3.49,2.09,0.09,1.75
2024-02-19,600210,4.4,4.43,4.48,4.37,190106,89003587.0,2.51,0.91,0.04,1.25
2024-02-20,600210,4.42,4.45,4.47,4.36,147498,69314426.0,2.48,0.45,0.02,0.97
2024-02-21,600210,4.45,4.43,4.53,4.42,149348,70627050.0,2.47,-0.45,-0.02,0.98
2024-02-22,600210,4.44,4.43,4.48,4.38,135778,63454490.0,2.26,0.0,0.0,0.9
2024-02-23,600210,4.45,4.46,4.47,4.36,154395,72166475.0,2.48,0.68,0.03,1.02
2024-02-26,600210,4.46,4.45,4.5,4.42,133778,63050693.0,1.79,-0.22,-0.01,0.88
2024-02-27,600210,4.43,4.5,4.5,4.42,99791,47076702.0,1.8,1.12,0.05,0.66
2024-02-28,600210,4.48,4.41,4.58,4.4,180168,85489280.0,4.0,-2.0,-0.09,1.19
2024-02-29,600210,4.43,4.49,4.5,4.4,112723,53157585.0,2.27,1.81,0.08,0.74
2024-03-01,600210,4.49,4.51,4.53,4.47,129464,61567958.0,1.34,0.45,0.02,0.85
2024-03-04,600210,4.53,4.5,4.54,4.44,104600,49578719.0,2.22,-0.22,-0.01,0.69
2024-03-05,600210,4.48,4.48,4.5,4.44,75384,35605672.0,1.33,-0.44,-0.02,0.5
2024-03-06,600210,4.46,4.52,4.55,4.45,97410,46376159.0,2.23,0.89,0.04,0.64
2024-03-07,600210,4.5,4.54,4.57,4.5,137302,65787706.0,1.55,0.44,0.02,0.91
2024-03-08,600210,4.54,4.65,4.66,4.52,155087,75046228.0,3.08,2.42,0.11,1.02
2024-03-11,600210,4.65,4.68,4.71,4.59,162774,79677970.0,2.58,0.65,0.03,1.07
2024-03-12,600210,4.67,4.64,4.68,4.61,117251,57211404.0,1.5,-0.85,-0.04,0.77
2024-03-13,600210,4.64,4.62,4.66,4.61,80205,39143485.0,1.08,-0.43,-0.02,0.53
2024-03-14,600210,4.61,4.62,4.65,4.57,83956,40846657.0,1.73,0.0,0.0,0.55
2024-03-15,600210,4.62,4.66,4.67,4.59,79692,38850515.0,1.73,0.87,0.04,0.53
2024-03-18,600210,4.67,4.69,4.69,4.62,102448,50287371.0,1.5,0.64,0.03,0.68
2024-03-19,600210,4.67,4.66,4.69,4.65,68824,33858124.0,0.85,-0.64,-0.03,0.45
2024-03-20,600210,4.67,4.7,4.72,4.64,91507,45166374.0,1.72,0.86,0.04,0.6
2024-03-21,600210,4.68,4.89,4.91,4.68,282887,143433824.0,4.89,4.04,0.19,1.87
2024-03-22,600210,4.85,4.81,4.9,4.72,258926,130899788.0,3.68,-1.64,-0.08,1.71
2024-03-25,600210,4.78,4.8,4.87,4.77,155008,78860715.0,2.08,-0.21,-0.01,1.02
2024-03-26,600210,4.79,5.07,5.13,4.78,367951,191373397.0,7.29,5.63,0.27,2.43
2024-03-27,600210,5.01,4.76,5.03,4.76,384526,195801109.0,5.33,-6.11,-0.31,2.54
2024-03-28,600210,4.71,4.96,5.01,4.71,357090,184620530.0,6.3,4.2,0.2,2.35
2024-03-29,600210,4.91,4.95,4.97,4.84,249159,128664312.0,2.62,-0.2,-0.01,1.64
2024-04-01,600210,4.91,5.0,5.0,4.87,359306,186248036.0,2.63,1.01,0.05,2.37
2024-04-02,600210,4.99,5.16,5.2,4.95,534368,286028640.0,5.0,3.2,0.16,3.52
2024-04-03,600210,5.2,5.23,5.3,5.11,550317,300141527.0,3.68,1.36,0.07,3.63
2024-04-08,600210,5.34,5.27,5.78,5.22,890559,512351466.0,10.71,0.76,0.04,5.87
2024-04-09,600210,5.24,5.82,5.82,5.21,896925,527952872.0,11.57,10.44,0.55,5.91
2024-04-10,600210,6.11,6.27,6.43,5.97,2442059,1580827404.0,7.9,7.73,0.45,16.1
2024-04-11,600210,5.9,5.76,6.07,5.62,1687446,1018043836.0,7.18,-8.13,-0.51,11.13
2024-04-12,600210,5.62,5.38,5.69,5.36,1083420,623907335.0,5.73,-6.6,-0.38,7.14
2024-04-15,600210,5.36,5.51,5.58,5.34,849963,484425830.0,4.46,2.42,0.13,5.6
2024-04-16,600210,5.4,5.13,5.44,5.1,705528,390034193.0,6.17,-6.9,-0.38,4.65
2024-04-17,600210,5.3,5.67,5.67,5.3,1234603,722844082.0,7.21,10.53,0.54,8.14
2024-04-18,600210,5.72,5.89,6.14,5.68,1721160,1059581502.0,8.11,3.88,0.22,11.35
2024-04-19,600210,5.78,6.24,6.34,5.78,1518482,957690582.0,9.51,5.94,0.35,10.01
2024-04-22,600210,6.13,5.74,6.13,5.72,1128705,687295928.0,6.57,-8.01,-0.5,7.44
2024-04-23,600210,5.74,5.71,5.99,5.7,851195,518470890.0,5.05,-0.52,-0.03,5.61
2024-04-24,600210,5.71,5.89,5.95,5.61,885468,539357544.0,5.95,3.15,0.18,5.84
2024-04-25,600210,5.77,5.82,6.03,5.74,734117,448894813.0,4.92,-1.19,-0.07,4.84
2024-04-26,600210,5.84,5.76,5.95,5.71,805169,489189898.0,4.12,-1.03,-0.06,5.31
2024-04-29,600210,5.82,5.75,5.88,5.66,747716,448669833.0,3.82,-0.17,-0.01,4.93
2024-04-30,600210,5.91,5.88,6.03,5.8,875501,538660082.0,4.0,2.26,0.13,5.77
2024-05-06,600210,5.9,6.18,6.19,5.9,990999,625588753.0,4.93,5.1,0.3,6.53
2024-05-07,600210,6.12,6.05,6.17,6.01,670229,423779428.0,2.59,-2.1,-0.13,4.42
2024-05-08,600210,6.01,5.88,6.01,5.85,524696,323795199.0,2.64,-2.81,-0.17,3.46
2024-05-09,600210,5.85,6.07,6.07,5.83,595333,372579708.0,4.08,3.23,0.19,3.93
2024-05-10,600210,6.03,5.89,6.04,5.87,451708,278695043.0,2.8,-2.97,-0.18,2.98
2024-05-13,600210,5.82,5.68,5.82,5.66,545478,325154152.0,2.72,-3.57,-0.21,3.6
2024-05-14,600210,5.7,5.66,5.75,5.61,309498,183293034.0,2.46,-0.35,-0.02,2.04
2024-05-15,600210,5.65,5.62,5.74,5.6,232089,137270010.0,2.47,-0.71,-0.04,1.53
2024-05-16,600210,5.63,5.63,5.76,5.62,294659,174954639.0,2.49,0.18,0.01,1.94
2024-05-17,600210,5.65,5.82,5.82,5.65,416693,249802357.0,3.02,3.37,0.19,2.75
2024-05-20,600210,5.82,5.74,5.9,5.72,354313,213902267.0,3.09,-1.37,-0.08,2.34
2024-05-21,600210,5.74,5.61,5.74,5.6,280128,165198336.0,2.44,-2.26,-0.13,1.85
2024-05-22,600210,5.62,5.64,5.66,5.59,176188,103529144.0,1.25,0.53,0.03,1.16
2024-05-23,600210,5.65,5.48,5.65,5.45,304822,175591346.0,3.55,-2.84,-0.16,2.01
2024-05-24,600210,5.46,5.45,5.55,5.44,208577,119773413.0,2.01,-0.55,-0.03,1.38
2024-05-27,600210,5.47,5.54,5.54,5.42,176738,101373231.0,2.2,1.65,0.09,1.17
2024-05-28,600210,5.54,5.44,5.54,5.4,204547,116771118.0,2.53,-1.81,-0.1,1.35
2024-05-29,600210,5.42,5.48,5.54,5.4,200984,114690551.0,2.57,0.74,0.04,1.33
2024-05-30,600210,5.49,5.41,5.54,5.39,176850,100947007.0,2.74,-1.28,-0.07,1.17
2024-05-31,600210,5.43,5.43,5.47,5.4,123598,70280548.0,1.29,0.37,0.02,0.81
2024-06-03,600210,5.45,5.37,5.45,5.32,183459,103409139.0,2.39,-1.1,-0.06,1.21
2024-06-04,600210,5.35,5.44,5.44,5.32,172654,97562475.0,2.23,1.3,0.07,1.14
2024-06-05,600210,5.42,5.34,5.44,5.33,124764,70206792.0,2.02,-1.84,-0.1,0.82
2024-06-06,600210,5.32,5.23,5.37,5.16,261708,143615852.0,3.93,-2.06,-0.11,1.73
2024-06-07,600210,5.27,5.3,5.32,5.21,163943,90568758.0,2.1,1.34,0.07,1.08
2024-06-11,600210,5.29,5.34,5.37,5.22,176669,98065574.0,2.83,0.75,0.04,1.16
2024-06-12,600210,5.33,5.25,5.35,5.23,225192,124395203.0,2.25,-1.69,-0.09,1.48
2024-06-13,600210,5.24,5.19,5.27,5.14,215449,117321212.0,2.48,-1.14,-0.06,1.42
2024-06-14,600210,5.18,5.21,5.21,5.1,247591,133882295.0,2.12,0.39,0.02,1.63
2024-06-17,600210,5.18,5.2,5.25,5.16,185358,101244477.0,1.73,-0.19,-0.01,1.22
2024-06-18,600210,5.23,5.29,5.33,5.21,187302,103676823.0,2.31,1.73,0.09,1.23
2024-06-19,600210,5.31,5.25,5.31,5.23,135496,74830960.0,1.51,-0.76,-0.04,0.89
2024-06-20,600210,5.25,5.09,5.27,5.07,183838,99056907.0,3.81,-3.05,-0.16,1.21
2024-06-21,600210,5.07,5.08,5.15,5.05,128898,68960348.0,1.96,-0.2,-0.01,0.85
2024-06-24,600210,5.05,4.94,5.08,4.91,193544,101257485.0,3.35,-2.76,-0.14,1.28
2024-06-25,600210,4.94,4.97,5.04,4.93,139837,73253354.0,2.23,0.61,0.03,0.92
2024-06-26,600210,4.99,5.14,5.15,4.97,159917,84769561.0,3.62,3.42,0.17,1.05
2024-06-27,600210,5.12,4.98,5.14,4.98,151801,80218804.0,3.11,-3.11,-0.16,1.0
2024-06-28,600210,4.98,5.07,5.12,4.97,154867,82547192.0,3.01,1.81,0.09,1.02
2024-07-01,600210,5.03,5.18,5.18,5.03,172550,92736337.0,2.96,2.17,0.11,1.14
2024-07-02,600210,5.18,5.14,5.18,5.09,181227,97532535.0,1.74,-0.77,-0.04,1.19
2024-07-03,600210,5.14,5.1,5.14,5.06,171348,87315643.0,1.56,-0.78,-0.04,1.13
2024-07-04,600210,5.1,5.04,5.16,5.02,142886,72731019.0,2.75,-1.18,-0.06,0.94
2024-07-05,600210,5.06,5.04,5.06,4.97,103498,51893299.0,1.79,0.0,0.0,0.68
2024-07-08,600210,5.06,4.95,5.06,4.93,141188,70366131.0,2.58,-1.79,-0.09,0.93
2024-07-09,600210,4.93,5.08,5.09,4.88,150983,75322971.0,4.24,2.63,0.13,1.0
2024-07-10,600210,5.07,5.02,5.12,5.01,113154,57326260.0,2.17,-1.18,-0.06,0.75
2024-07-11,600210,5.08,5.17,5.18,5.08,144503,74279056.0,1.99,2.99,0.15,0.95
2024-07-12,600210,5.16,5.12,5.19,5.1,106755,54821106.0,1.74,-0.97,-0.05,0.7
2024-07-15,600210,5.12,5.11,5.16,5.09,102231,52346805.0,1.37,-0.2,-0.01,0.67
2024-07-16,600210,5.09,5.02,5.1,5.0,116190,58561643.0,1.96,-1.76,-0.09,0.77
2024-07-17,600210,5.01,4.96,5.04,4.95,109953,54659735.0,1.79,-1.2,-0.06,0.72
2024-07-18,600210,4.95,4.96,4.96,4.87,120547,59286224.0,1.81,0.0,0.0,0.79
2024-07-19,600210,4.95,4.89,4.97,4.88,157261,77351376.0,1.81,-1.41,-0.07,1.04
2024-07-22,600210,4.89,4.81,4.9,4.78,153255,73842088.0,2.45,-1.64,-0.08,1.01
2024-07-23,600210,4.81,4.73,4.83,4.73,96976,46329247.0,2.08,-1.66,-0.08,0.64
2024-07-24,600210,4.72,4.72,4.81,4.69,128962,61039374.0,2.54,-0.21,-0.01,0.85
2024-07-25,600210,4.7,4.73,4.79,4.68,89964,42645428.0,2.33,0.21,0.01,0.59
2024-07-26,600210,4.72,4.87,4.88,4.72,130475,63024156.0,3.38,2.96,0.14,0.86
2024-07-29,600210,4.87,4.85,4.89,4.8,83065,40221285.0,1.85,-0.41,-0.02,0.55
2024-07-30,600210,4.82,4.81,4.84,4.78,93250,44855253.0,1.24,-0.82,-0.04,0.61
2024-07-31,600210,4.8,4.99,4.99,4.8,200925,99285657.0,3.95,3.74,0.18,1.32
2024-08-01,600210,5.02,5.04,5.07,4.99,156859,78856935.0,1.6,1.0,0.05,1.03
2024-08-02,600210,5.03,5.02,5.13,4.99,180616,91468171.0,2.78,-0.4,-0.02,1.19
2024-08-05,600210,5.01,4.89,5.07,4.88,184330,91545751.0,3.78,-2.59,-0.13,1.22
2024-08-06,600210,4.94,4.94,4.99,4.89,117248,57768228.0,2.04,1.02,0.05,0.77
2024-08-07,600210,4.93,4.89,4.94,4.89,82698,40584839.0,1.01,-1.01,-0.05,0.55
2024-08-08,600210,4.87,4.9,4.93,4.84,86601,42296430.0,1.84,0.2,0.01,0.57
2024-08-09,600210,4.92,4.89,4.97,4.88,80380,39562141.0,1.84,-0.2,-0.01,0.53
2024-08-12,600210,4.89,4.9,4.92,4.84,89475,43691716.0,1.64,0.2,0.01,0.59
2024-08-13,600210,4.91,4.9,4.91,4.85,61836,30166547.0,1.22,0.0,0.0,0.41
2024-08-14,600210,4.9,4.86,4.94,4.85,81299,39688686.0,1.84,-0.82,-0.04,0.54
2024-08-15,600210,4.86,4.93,4.96,4.83,118084,58076503.0,2.67,1.44,0.07,0.78
2024-08-16,600210,4.93,4.87,4.95,4.87,71718,35142834.0,1.62,-1.22,-0.06,0.47
2024-08-19,600210,4.88,4.89,4.94,4.86,77628,38120288.0,1.64,0.41,0.02,0.51
2024-08-20,600210,4.91,4.8,4.93,4.79,94865,45884262.0,2.86,-1.84,-0.09,0.63
2024-08-21,600210,4.8,4.83,4.84,4.78,71528,34435027.0,1.25,0.63,0.03,0.47
2024-08-22,600210,4.81,4.84,4.88,4.78,95703,46249428.0,2.07,0.21,0.01,0.63
2024-08-23,600210,4.85,4.8,4.86,4.78,83971,40350061.0,1.65,-0.83,-0.04,0.55
2024-08-26,600210,4.8,4.96,4.96,4.8,147655,72509241.0,3.33,3.33,0.16,0.97
2024-08-27,600210,4.96,4.87,4.98,4.84,125794,61295806.0,2.82,-1.81,-0.09,0.83
2024-08-28,600210,4.9,4.88,4.92,4.84,130507,63644128.0,1.64,0.21,0.01,0.86
2024-08-29,600210,4.85,5.08,5.1,4.84,245509,122697301.0,5.33,4.1,0.2,1.62
2024-08-30,600210,5.06,5.08,5.13,5.02,232656,118490522.0,2.17,0.0,0.0,1.53
2024-09-02,600210,5.08,5.09,5.15,5.05,210654,107682070.0,1.97,0.2,0.01,1.39
2024-09-03,600210,5.1,5.12,5.16,5.07,141019,72192589.0,1.77,0.59,0.03,0.93
2024-09-04,600210,5.12,5.16,5.19,5.09,163890,84521959.0,1.95,0.78,0.04,1.08
2024-09-05,600210,5.13,5.14,5.18,5.11,134738,69306574.0,1.36,-0.39,-0.02,0.89
2024-09-06,600210,5.15,5.09,5.16,5.09,120977,61845467.0,1.36,-0.97,-0.05,0.8
2024-09-09,600210,5.07,5.06,5.11,5.05,102061,51807999.0,1.18,-0.59,-0.03,0.67
2024-09-10,600210,5.08,4.98,5.09,4.89,172696,85660229.0,3.95,-1.58,-0.08,1.14
2024-09-11,600210,4.95,4.97,5.02,4.93,93877,46704117.0,1.81,-0.2,-0.01,0.62
2024-09-12,600210,4.98,4.99,5.08,4.96,116036,58202235.0,2.41,0.4,0.02,0.77
2024-09-13,600210,5.0,4.91,5.0,4.9,102122,50339451.0,2.0,-1.6,-0.08,0.67
2024-09-18,600210,4.9,4.87,4.92,4.8,97855,47483564.0,2.44,-0.81,-0.04,0.65
2024-09-19,600210,4.89,4.97,5.05,4.88,137169,68142598.0,3.49,2.05,0.1,0.9
2024-09-20,600210,4.95,4.92,4.97,4.87,99667,48971538.0,2.01,-1.01,-0.05,0.66
2024-09-23,600210,4.9,4.93,4.98,4.89,77546,38269869.0,1.83,0.2,0.01,0.51
2024-09-24,600210,4.96,5.19,5.19,4.95,291829,148508485.0,4.87,5.27,0.26,1.92
2024-09-25,600210,5.24,5.25,5.36,5.23,277565,146843794.0,2.5,1.16,0.06,1.83
2024-09-26,600210,5.24,5.48,5.49,5.22,274625,147168281.0,5.14,4.38,0.23,1.81
2024-09-27,600210,5.56,5.62,5.66,5.5,215776,120270053.0,2.92,2.55,0.14,1.42
2024-09-30,600210,5.75,5.99,6.07,5.68,730219,429964315.0,6.94,6.58,0.37,4.81
2024-10-08,600210,6.58,6.18,6.58,5.93,804813,501522897.0,10.85,3.17,0.19,5.31
2024-10-09,600210,6.1,5.66,6.1,5.62,519252,303015197.0,7.77,-8.41,-0.52,3.42
2024-10-10,600210,5.71,5.68,5.87,5.59,325396,186458596.0,4.95,0.35,0.02,2.15
2024-10-11,600210,5.68,5.56,5.72,5.5,260473,146122753.0,3.87,-2.11,-0.12,1.72
2024-10-14,600210,5.61,5.67,5.71,5.51,248793,139681299.0,3.6,1.98,0.11,1.64
2024-10-15,600210,5.64,5.55,5.68,5.55,217621,122136091.0,2.29,-2.12,-0.12,1.43
2024-10-16,600210,5.51,5.58,5.63,5.5,171021,95243406.0,2.34,0.54,0.03,1.13
2024-10-17,600210,5.6,5.5,5.62,5.49,187263,104113114.0,2.33,-1.43,-0.08,1.23
2024-10-18,600210,5.53,5.56,5.64,5.47,300146,167111245.0,3.09,1.09,0.06,1.98
2024-10-21,600210,5.57,5.55,5.62,5.53,299865,166933800.0,1.62,-0.18,-0.01,1.98
2024-10-22,600210,5.56,5.63,5.66,5.54,262107,146817212.0,2.16,1.44,0.08,1.73
2024-10-23,600210,5.62,5.65,5.69,5.59,226528,128005090.0,1.78,0.36,0.02,1.49
2024-10-24,600210,5.66,5.67,5.72,5.57,221207,124715936.0,2.65,0.35,0.02,1.46
2024-10-25,600210,5.7,5.82,5.82,5.69,323258,186496729.0,2.29,2.65,0.15,2.13
2024-10-28,600210,5.85,5.92,5.93,5.83,309532,182277157.0,1.72,1.72,0.1,2.04
2024-10-29,600210,5.92,5.77,5.94,5.73,305727,177899433.0,3.55,-2.53,-0.15,2.02
2024-10-30,600210,5.81,5.95,6.01,5.78,482516,286045042.0,3.99,3.12,0.18,3.18
2024-10-31,600210,5.93,6.08,6.1,5.88,463887,279056810.0,3.7,2.18,0.13,3.06
