日期,股票代码,开盘,收盘,最高,最低,成交量,成交额,振幅,涨跌幅,涨跌额,换手率
2008-01-02,600809,-0.38,-0.15,-0.03,-0.44,16264,60191010.0,-146.43,46.43,0.13,1.07
2008-01-03,600809,-0.17,-0.07,0.01,-0.28,17209,64177107.0,-193.33,53.33,0.08,1.13
2008-01-04,600809,-0.01,-0.27,0.01,-0.39,25578,93867353.0,-571.43,-285.71,-0.2,1.69
2008-01-07,600809,-0.29,-0.49,-0.13,-0.63,35619,128963083.0,-185.19,-81.48,-0.22,2.35
2008-01-08,600809,-0.45,-0.47,-0.21,-0.63,32369,117483680.0,-85.71,4.08,0.02,2.13
2008-01-09,600809,-0.51,-0.35,-0.34,-0.6,25026,90770288.0,-55.32,25.53,0.12,1.65
2008-01-10,600809,-0.31,-0.03,0.15,-0.31,40191,150757519.0,-131.43,91.43,0.32,2.65
2008-01-11,600809,0.01,0.05,0.21,-0.2,23399,88188570.0,-1366.67,266.67,0.08,1.54
2008-01-14,600809,0.26,0.27,0.57,0.22,32366,125032481.0,700.0,440.0,0.22,2.13
2008-01-15,600809,0.31,-0.03,0.42,-0.2,18546,70012605.0,229.63,-111.11,-0.3,1.22
2008-01-16,600809,-0.12,-0.6,-0.12,-0.63,22269,81040482.0,-1700.0,-1900.0,-0.57,1.47
2008-01-17,600809,-0.74,-1.22,-0.49,-1.52,27338,94656590.0,-171.67,-103.33,-0.62,1.8
2008-01-18,600809,-1.21,-0.96,-0.94,-1.28,13357,46142184.0,-27.87,21.31,0.26,0.88
2008-01-21,600809,-0.96,-1.33,-0.96,-1.44,19259,65614055.0,-50.0,-38.54,-0.37,1.27
2008-01-22,600809,-1.63,-2.05,-1.12,-2.54,28377,90991398.0,-106.77,-54.14,-0.72,1.87
2008-01-23,600809,-1.81,-1.28,-1.24,-2.52,20907,69024251.0,-62.44,37.56,0.77,1.38
2008-01-24,600809,-1.17,-1.26,-0.92,-1.38,18271,62622692.0,-35.94,1.56,0.02,1.2
2008-01-25,600809,-1.33,-1.39,-1.11,-1.45,14055,47601287.0,-26.98,-10.32,-0.13,0.93
2008-01-28,600809,-1.38,-2.31,-1.37,-2.45,14496,45753571.0,-77.7,-66.19,-0.92,0.96
2008-01-29,600809,-2.31,-2.27,-2.0,-2.43,6793,21234719.0,-18.61,1.73,0.04,0.45
2008-01-30,600809,-2.22,-2.38,-2.06,-2.65,8344,25946568.0,-25.99,-4.85,-0.11,0.55
2008-01-31,600809,-2.3,-2.95,-2.3,-3.1,11969,35866169.0,-33.61,-23.95,-0.57,0.79
2008-02-01,600809,-2.89,-3.35,-2.75,-3.92,25896,72381561.0,-39.66,-13.56,-0.4,1.71
2008-02-04,600809,-3.06,-2.35,-2.35,-3.24,16838,50187270.0,-26.57,29.85,1.0,1.11
2008-02-05,600809,-2.35,-2.31,-2.17,-2.7,12824,39649646.0,-22.55,1.7,0.04,0.85
2008-02-13,600809,-2.7,-2.8,-2.35,-2.85,8628,25945489.0,-21.65,-21.21,-0.49,0.57
2008-02-14,600809,-2.62,-2.77,-2.49,-2.85,5282,15782439.0,-12.86,1.07,0.03,0.35
2008-02-15,600809,-2.83,-2.94,-2.83,-3.0,7128,20894310.0,-6.14,-6.14,-0.17,0.47
2008-02-18,600809,-2.73,-2.81,-2.54,-2.89,15309,45602303.0,-11.9,4.42,0.13,1.01
2008-02-19,600809,-2.71,-2.5,-2.5,-2.84,13892,41895540.0,-12.1,11.03,0.31,0.92
2008-02-20,600809,-2.45,-2.51,-2.2,-2.53,13457,41419832.0,-13.2,-0.4,-0.01,0.89
2008-02-21,600809,-2.56,-2.62,-2.46,-2.85,9858,29683625.0,-15.54,-4.38,-0.11,0.65
2008-02-22,600809,-2.62,-3.11,-2.62,-3.35,10691,31149489.0,-27.86,-18.7,-0.49,0.71
2008-02-25,600809,-3.1,-3.49,-2.84,-3.49,8874,25222961.0,-20.9,-12.22,-0.38,0.59
2008-02-26,600809,-3.22,-3.49,-2.96,-3.81,8531,23669360.0,-24.36,0.0,0.0,0.56
2008-02-27,600809,-3.42,-3.19,-3.17,-3.59,6456,18233787.0,-12.03,8.6,0.3,0.43
2008-02-28,600809,-3.18,-3.38,-3.13,-3.45,7472,21117416.0,-10.03,-5.96,-0.19,0.49
2008-02-29,600809,-3.37,-3.07,-3.06,-3.38,11929,34120505.0,-9.47,9.17,0.31,0.79
2008-03-03,600809,-3.12,-2.49,-2.38,-3.24,28370,86013446.0,-28.01,18.89,0.58,1.87
2008-03-04,600809,-2.45,-2.39,-2.0,-2.45,29233,91429911.0,-18.07,4.02,0.1,1.93
2008-03-05,600809,-2.52,-2.5,-2.18,-2.63,13831,42635515.0,-18.83,-4.6,-0.11,0.91
2008-03-06,600809,-2.42,-2.6,-2.35,-2.7,11260,34336313.0,-14.0,-4.0,-0.1,0.74
2008-03-07,600809,-2.7,-2.54,-2.06,-2.9,11348,34150446.0,-32.31,2.31,0.06,0.75
2008-03-10,600809,-2.67,-2.82,-2.42,-2.83,9898,29897631.0,-16.14,-11.02,-0.28,0.65
2008-03-11,600809,-2.88,-2.99,-2.82,-3.34,11124,32135514.0,-18.44,-6.03,-0.17,0.73
2008-03-12,600809,-2.65,-2.97,-1.95,-3.02,42938,132868734.0,-35.79,0.67,0.02,2.83
2008-03-13,600809,-3.18,-3.43,-2.92,-3.52,17624,50217867.0,-20.2,-15.49,-0.46,1.16
2008-03-14,600809,-3.43,-3.58,-3.31,-3.74,10074,27684124.0,-12.54,-4.37,-0.15,0.66
2008-03-17,600809,-3.53,-4.51,-3.53,-4.56,12696,33263082.0,-28.77,-25.98,-0.93,0.84
2008-03-19,600809,-5.13,-4.57,-4.21,-5.13,84369,206367094.0,-20.4,-1.33,-0.06,5.56
2008-03-20,600809,-4.87,-4.4,-4.31,-5.45,109961,257016115.0,-24.95,3.72,0.17,7.25
2008-03-21,600809,-4.72,-4.63,-4.33,-4.85,51830,128411487.0,-11.82,-5.23,-0.23,3.42
2008-03-24,600809,-4.54,-5.24,-4.5,-5.3,40487,96592041.0,-17.28,-13.17,-0.61,2.67
2008-03-25,600809,-5.43,-5.64,-5.38,-5.98,41668,90623007.0,-11.45,-7.63,-0.4,2.75
2008-03-26,600809,-5.56,-5.7,-5.39,-5.78,27071,59511713.0,-6.91,-1.06,-0.06,1.79
2008-03-27,600809,-5.72,-6.2,-5.72,-6.23,27043,55908108.0,-8.95,-8.77,-0.5,1.78
2008-03-28,600809,-6.31,-5.97,-5.92,-6.43,39546,79871603.0,-8.23,3.71,0.23,2.61
2008-03-31,600809,-6.28,-6.3,-6.03,-6.38,19188,38741755.0,-5.86,-5.53,-0.33,1.27
2008-04-01,600809,-6.35,-7.01,-6.2,-7.01,53178,98424867.0,-12.86,-11.27,-0.71,3.51
2008-04-02,600809,-6.91,-7.28,-6.86,-7.43,35670,62472440.0,-8.13,-3.85,-0.27,2.35
2008-04-03,600809,-7.26,-7.0,-6.87,-7.45,29529,52250543.0,-7.97,3.85,0.28,1.95
2008-04-07,600809,-7.18,-6.36,-6.36,-7.27,52636,100831388.0,-13.0,9.14,0.64,3.47
2008-04-08,600809,-6.29,-6.33,-6.07,-6.38,62809,126230755.0,-4.87,0.47,0.03,4.14
2008-04-09,600809,-5.92,-6.45,-5.92,-6.52,82165,166927953.0,-9.48,-1.9,-0.12,5.42
2008-04-10,600809,-6.78,-6.49,-6.45,-6.95,73085,136747161.0,-7.75,-0.62,-0.04,4.82
2008-04-11,600809,-6.79,-6.7,-6.56,-6.95,86518,160713075.0,-6.01,-3.24,-0.21,5.71
2008-04-14,600809,-6.93,-7.36,-6.9,-7.37,53886,93969189.0,-7.01,-9.85,-0.66,3.55
2008-04-15,600809,-7.45,-7.47,-7.39,-7.72,55176,90447783.0,-4.48,-1.49,-0.11,3.64
2008-04-16,600809,-7.38,-7.36,-7.0,-7.45,54980,94870871.0,-6.02,1.47,0.11,3.63
2008-04-17,600809,-7.35,-7.61,-7.24,-7.69,28937,48063754.0,-6.11,-3.4,-0.25,1.91
2008-04-18,600809,-7.57,-7.95,-7.57,-7.98,27998,43545545.0,-5.39,-4.47,-0.34,1.85
2008-04-21,600809,-7.45,-7.92,-7.45,-8.06,33221,52555837.0,-7.67,0.38,0.03,2.19
2008-04-22,600809,-8.2,-8.19,-8.1,-8.42,32078,46158085.0,-4.04,-3.41,-0.27,2.12
2008-04-23,600809,-8.28,-7.91,-7.81,-8.37,45565,68352551.0,-6.84,3.42,0.28,3.0
2008-04-24,600809,-7.45,-7.36,-7.36,-7.7,92373,153830448.0,-4.3,6.95,0.55,6.09
2008-04-25,600809,-7.43,-7.3,-7.1,-7.56,79589,135826071.0,-6.25,0.82,0.06,5.25
2008-04-28,600809,-7.39,-7.05,-6.93,-7.6,81771,142027922.0,-9.18,3.42,0.25,5.39
2008-04-29,600809,-7.02,-6.56,-6.55,-7.02,116326,215292666.0,-6.67,6.95,0.49,7.67
2008-04-30,600809,-6.55,-6.36,-6.23,-6.74,84241,164946534.0,-7.77,3.05,0.2,5.56
2008-05-05,600809,-6.18,-6.32,-6.18,-6.49,55459,109816118.0,-4.87,0.63,0.04,3.66
2008-05-06,600809,-6.38,-6.5,-6.38,-6.57,47320,92018156.0,-3.01,-2.85,-0.18,3.12
2008-05-07,600809,-6.54,-7.03,-6.54,-7.04,73431,136308291.0,-7.69,-8.15,-0.53,4.84
2008-05-08,600809,-7.17,-6.98,-6.93,-7.28,54465,96027965.0,-4.98,0.71,0.05,3.59
2008-05-09,600809,-6.95,-6.62,-6.5,-7.15,79476,146297047.0,-9.31,5.16,0.36,5.24
2008-05-12,600809,-6.78,-5.94,-5.94,-6.84,107889,217779232.0,-13.6,10.27,0.68,6.23
2008-05-13,600809,-6.1,-6.22,-5.75,-6.37,86693,177796065.0,-10.44,-4.71,-0.28,5.0
2008-05-14,600809,-6.26,-6.17,-6.09,-6.31,43004,87358716.0,-3.54,0.8,0.05,2.48
2008-05-15,600809,-6.06,-6.17,-5.88,-6.21,61234,126642113.0,-5.35,0.0,0.0,3.53
2008-05-16,600809,-6.17,-6.42,-6.1,-6.58,47226,92706716.0,-7.78,-4.05,-0.25,2.73
2008-05-19,600809,-6.47,-6.57,-6.4,-6.57,15132,29336688.0,-2.65,-2.34,-0.15,0.87
2008-05-20,600809,-6.61,-7.12,-6.49,-7.16,30338,56790419.0,-10.2,-8.37,-0.55,1.75
2008-05-21,600809,-7.17,-7.02,-6.95,-7.5,36122,62676295.0,-7.72,1.4,0.1,2.08
2008-05-22,600809,-7.1,-7.17,-6.99,-7.27,22503,39509265.0,-3.99,-2.14,-0.15,1.3
2008-05-23,600809,-7.22,-7.39,-7.13,-7.46,21900,37369769.0,-4.6,-3.07,-0.22,1.26
2008-05-26,600809,-7.39,-7.33,-7.25,-7.64,24667,41558774.0,-5.28,0.81,0.06,1.42
2008-05-27,600809,-7.39,-7.33,-7.25,-7.42,11672,19862946.0,-2.32,0.0,0.0,0.67
2008-05-28,600809,-7.31,-7.08,-6.99,-7.39,23135,40390130.0,-5.46,3.41,0.25,1.34
2008-05-29,600809,-7.18,-7.19,-7.08,-7.28,14859,25912857.0,-2.82,-1.55,-0.11,0.86
2008-05-30,600809,-7.31,-7.36,-7.1,-7.45,21079,36261677.0,-4.87,-2.36,-0.17,1.22
2008-06-02,600809,-7.38,-7.3,-7.27,-7.42,10295,17593103.0,-2.04,0.82,0.06,0.59
2008-06-03,600809,-7.28,-7.39,-7.28,-7.51,21241,35605728.0,-3.15,-1.23,-0.09,1.23
2008-06-04,600809,-7.49,-7.57,-7.35,-7.64,14485,23742895.0,-3.92,-2.44,-0.18,0.84
2008-06-05,600809,-7.56,-7.62,-7.53,-7.65,8069,13171057.0,-1.59,-0.66,-0.05,0.47
2008-06-06,600809,-7.57,-7.45,-7.43,-7.63,13041,21638420.0,-2.62,2.23,0.17,0.75
2008-06-10,600809,-7.51,-7.95,-7.51,-8.05,30762,47382817.0,-7.25,-6.71,-0.5,1.78
2008-06-11,600809,-7.95,-8.03,-7.89,-8.08,20481,30935813.0,-2.39,-1.01,-0.08,1.18
2008-06-12,600809,-8.13,-8.14,-8.0,-8.3,11800,17470190.0,-3.74,-1.37,-0.11,0.68
2008-06-13,600809,-8.13,-8.34,-8.07,-8.37,10106,14755837.0,-3.69,-2.46,-0.2,0.58
2008-06-16,600809,-8.29,-8.49,-8.29,-8.57,10961,15223523.0,-3.36,-1.8,-0.15,0.63
2008-06-17,600809,-8.56,-8.82,-8.45,-8.85,14858,19851284.0,-4.71,-3.89,-0.33,0.86
2008-06-18,600809,-8.94,-8.63,-8.53,-9.12,21871,28478096.0,-6.69,2.15,0.19,1.26
2008-06-19,600809,-8.64,-9.05,-8.64,-9.07,17381,21938275.0,-4.98,-4.87,-0.42,1.0
2008-06-20,600809,-9.05,-8.99,-8.7,-9.24,13367,16800369.0,-5.97,0.66,0.06,0.77
2008-06-23,600809,-9.13,-9.06,-8.87,-9.13,7287,9047327.0,-2.89,-0.78,-0.07,0.42
2008-06-24,600809,-9.06,-8.88,-8.83,-9.06,9779,12333200.0,-2.54,1.99,0.18,0.56
2008-06-25,600809,-8.86,-8.46,-8.45,-8.86,28726,38844138.0,-4.62,4.73,0.42,1.66
2008-06-26,600809,-8.48,-8.35,-8.34,-8.59,19511,27161091.0,-2.96,1.3,0.11,1.13
2008-06-27,600809,-8.56,-8.77,-8.55,-8.83,16325,21559622.0,-3.35,-5.03,-0.42,0.94
2008-07-01,600809,-8.67,-8.87,-8.65,-8.89,25292,33119946.0,-2.74,-1.14,-0.1,1.46
2008-07-02,600809,-8.94,-8.78,-8.72,-8.94,21337,27441694.0,-2.48,1.01,0.09,1.23
2008-07-03,600809,-8.83,-8.65,-8.54,-8.95,24315,32029002.0,-4.67,1.48,0.13,1.4
2008-07-04,600809,-8.63,-8.79,-8.63,-8.84,17156,22399571.0,-2.43,-1.62,-0.14,0.99
2008-07-07,600809,-8.74,-8.5,-8.49,-8.8,20191,27218200.0,-3.53,3.3,0.29,1.17
2008-07-08,600809,-8.49,-8.35,-8.32,-8.57,36946,51835176.0,-2.94,1.76,0.15,2.13
2008-07-09,600809,-8.32,-8.23,-8.13,-8.44,42608,60926886.0,-3.71,1.44,0.12,2.46
2008-07-10,600809,-8.29,-8.43,-8.23,-8.44,28596,40644173.0,-2.55,-2.43,-0.2,1.65
2008-07-11,600809,-8.6,-8.56,-8.54,-8.76,49532,66050243.0,-2.61,-1.54,-0.13,2.86
2008-07-14,600809,-8.67,-8.58,-8.43,-8.72,26856,36122145.0,-3.39,-0.23,-0.02,1.55
2008-07-15,600809,-8.6,-8.65,-8.5,-8.83,29827,39372040.0,-3.85,-0.82,-0.07,1.72
2008-07-16,600809,-8.7,-8.71,-8.67,-8.92,26037,33816962.0,-2.89,-0.69,-0.06,1.5
2008-07-17,600809,-8.67,-8.62,-8.54,-8.78,33833,45396616.0,-2.76,1.03,0.09,1.95
2008-07-18,600809,-8.58,-8.49,-8.49,-8.78,33559,45286989.0,-3.36,1.51,0.13,1.94
2008-07-21,600809,-8.53,-8.11,-8.06,-8.57,67968,97489543.0,-6.01,4.48,0.38,3.92
2008-07-22,600809,-8.11,-8.2,-7.95,-8.2,67981,101178922.0,-3.08,-1.11,-0.09,3.92
2008-07-23,600809,-8.24,-8.18,-8.12,-8.29,38340,55733747.0,-2.07,0.24,0.02,2.21
2008-07-24,600809,-8.2,-8.09,-8.0,-8.2,37346,55332466.0,-2.44,1.1,0.09,2.16
2008-07-25,600809,-8.17,-8.3,-8.17,-8.31,32817,47374243.0,-1.73,-2.6,-0.21,1.89
2008-07-28,600809,-8.31,-8.3,-8.24,-8.35,26631,38198176.0,-1.33,0.0,0.0,1.54
2008-07-29,600809,-8.38,-8.51,-8.38,-8.53,18594,25771006.0,-1.81,-2.53,-0.21,1.07
2008-07-30,600809,-8.43,-8.54,-8.39,-8.6,12213,16811294.0,-2.47,-0.35,-0.03,0.7
2008-07-31,600809,-8.53,-8.72,-8.47,-8.74,11838,15823455.0,-3.16,-2.11,-0.18,0.68
2008-08-01,600809,-8.74,-8.68,-8.64,-8.85,14892,19473021.0,-2.41,0.46,0.04,0.86
2008-08-04,600809,-8.69,-8.72,-8.57,-8.77,11727,15631864.0,-2.3,-0.46,-0.04,0.68
2008-08-05,600809,-8.7,-8.92,-8.68,-8.95,10262,13227020.0,-3.1,-2.29,-0.2,0.59
2008-08-06,600809,-8.87,-8.88,-8.82,-8.99,10918,13828916.0,-1.91,0.45,0.04,0.63
2008-08-07,600809,-8.9,-8.9,-8.83,-9.01,9181,11529224.0,-2.03,-0.23,-0.02,0.53
2008-08-08,600809,-8.89,-9.17,-8.88,-9.17,17868,21776024.0,-3.26,-3.03,-0.27,1.03
2008-08-11,600809,-9.1,-9.45,-9.1,-9.49,21967,25719814.0,-4.25,-3.05,-0.28,1.27
2008-08-12,600809,-9.43,-9.44,-9.36,-9.5,9005,9921972.0,-1.48,0.11,0.01,0.52
2008-08-13,600809,-9.43,-9.42,-9.38,-9.59,7545,8192745.0,-2.22,0.21,0.02,0.44
2008-08-14,600809,-9.42,-9.42,-9.38,-9.45,7812,8636145.0,-0.74,0.0,0.0,0.45
2008-08-15,600809,-9.42,-9.39,-9.34,-9.47,7376,8220935.0,-1.38,0.32,0.03,0.43
2008-08-18,600809,-9.34,-9.44,-9.33,-9.54,14894,16303696.0,-2.24,-0.53,-0.05,0.86
2008-08-19,600809,-9.48,-9.34,-9.31,-9.54,13380,14935646.0,-2.44,1.06,0.1,0.77
2008-08-20,600809,-9.47,-9.05,-9.01,-9.5,23332,27298957.0,-5.25,3.1,0.29,1.35
2008-08-21,600809,-9.2,-9.19,-9.08,-9.22,15750,18506902.0,-1.55,-1.55,-0.14,0.91
2008-08-22,600809,-9.25,-9.25,-9.17,-9.31,9224,10652202.0,-1.52,-0.65,-0.06,0.53
2008-08-25,600809,-9.2,-9.27,-9.18,-9.31,4610,5329462.0,-1.41,-0.22,-0.02,0.27
2008-08-26,600809,-9.29,-9.61,-9.29,-9.62,10261,11059676.0,-3.56,-3.67,-0.34,0.59
2008-08-27,600809,-9.61,-9.69,-9.58,-9.76,7609,7840462.0,-1.87,-0.83,-0.08,0.44
2008-08-28,600809,-9.69,-9.61,-9.6,-9.69,9378,9759373.0,-0.93,0.83,0.08,0.54
2008-08-29,600809,-9.66,-9.57,-9.5,-9.66,19875,21123699.0,-1.66,0.42,0.04,1.15
2008-09-01,600809,-9.49,-9.65,-9.49,-9.65,12806,13570210.0,-1.67,-0.84,-0.08,0.74
2008-09-02,600809,-9.68,-9.61,-9.57,-9.7,8209,8533250.0,-1.35,0.41,0.04,0.47
2008-09-03,600809,-9.63,-9.61,-9.58,-9.79,10208,10537394.0,-2.19,0.0,0.0,0.59
2008-09-04,600809,-9.61,-9.54,-9.53,-9.66,9745,10334706.0,-1.35,0.73,0.07,0.56
2008-09-05,600809,-9.61,-9.67,-9.6,-9.68,4994,5186689.0,-0.84,-1.36,-0.13,0.29
2008-09-08,600809,-9.67,-9.76,-9.63,-9.78,10029,10279915.0,-1.55,-0.93,-0.09,0.58
2008-09-09,600809,-9.74,-9.75,-9.73,-9.79,4627,4658095.0,-0.61,0.1,0.01,0.27
2008-09-10,600809,-9.79,-9.79,-9.65,-9.93,7425,7359319.0,-2.87,-0.41,-0.04,0.43
2008-09-11,600809,-9.82,-9.96,-9.79,-9.99,6682,6506644.0,-2.04,-1.74,-0.17,0.39
2008-09-12,600809,-9.93,-9.92,-9.92,-9.99,5421,5181943.0,-0.7,0.4,0.04,0.31
2008-09-16,600809,-9.93,-9.9,-9.88,-10.04,11983,11535182.0,-1.61,0.2,0.02,0.69
2008-09-17,600809,-9.9,-9.9,-9.85,-9.92,6175,6006031.0,-0.71,0.0,0.0,0.36
2008-09-18,600809,-10.04,-9.96,-9.86,-10.18,14330,13411145.0,-3.23,-0.61,-0.06,0.83
2008-09-19,600809,-9.65,-9.62,-9.62,-9.77,56883,59365234.0,-1.51,3.41,0.34,3.28
2008-09-22,600809,-9.5,-9.5,-9.25,-9.68,36269,39735676.0,-4.47,1.25,0.12,2.09
2008-09-23,600809,-9.58,-9.89,-9.58,-9.89,15786,15964040.0,-3.26,-4.11,-0.39,0.91
2008-09-24,600809,-10.01,-9.9,-9.88,-10.11,23283,22126723.0,-2.33,-0.1,-0.01,1.34
2008-09-25,600809,-9.9,-9.86,-9.76,-9.9,24478,24256906.0,-1.41,0.4,0.04,1.41
2008-09-26,600809,-9.83,-9.74,-9.7,-9.87,22960,22971294.0,-1.72,1.22,0.12,1.32
2008-10-06,600809,-9.79,-9.85,-9.73,-9.86,14612,14583424.0,-1.33,-1.13,-0.11,0.84
2008-10-07,600809,-9.95,-9.84,-9.76,-9.95,9801,9612248.0,-1.93,0.1,0.01,0.57
2008-10-08,600809,-9.88,-9.98,-9.86,-9.99,7625,7304011.0,-1.32,-1.42,-0.14,0.44
2008-10-09,600809,-9.97,-10.04,-9.89,-10.04,8368,7958390.0,-1.5,-0.6,-0.06,0.48
2008-10-10,600809,-10.15,-10.21,-10.15,-10.35,11880,10313218.0,-1.99,-1.69,-0.17,0.69
2008-10-13,600809,-10.29,-10.15,-10.14,-10.32,11766,10295358.0,-1.76,0.59,0.06,0.68
2008-10-14,600809,-10.08,-10.21,-10.0,-10.22,10084,9242485.0,-2.17,-0.59,-0.06,0.58
2008-10-15,600809,-10.25,-10.27,-10.19,-10.31,5806,5026640.0,-1.18,-0.59,-0.06,0.34
2008-10-16,600809,-10.42,-10.35,-10.26,-10.42,7875,6696755.0,-1.56,-0.78,-0.08,0.45
2008-10-17,600809,-10.35,-10.32,-10.27,-10.38,3690,3120586.0,-1.06,0.29,0.03,0.21
2008-10-20,600809,-10.27,-10.16,-10.15,-10.43,7172,6337443.0,-2.71,1.55,0.16,0.41
2008-10-21,600809,-10.14,-10.12,-10.06,-10.17,12943,11843384.0,-1.08,0.39,0.04,0.75
2008-10-22,600809,-10.06,-9.79,-9.79,-10.06,100730,99840148.0,-2.67,3.26,0.33,5.81
2008-10-23,600809,-9.86,-9.65,-9.64,-9.93,66686,67219745.0,-2.96,1.43,0.14,3.85
2008-10-24,600809,-9.65,-9.68,-9.65,-9.81,34272,34882078.0,-1.66,-0.31,-0.03,1.98
2008-10-27,600809,-9.75,-9.79,-9.71,-9.88,41812,41979478.0,-1.76,-1.14,-0.11,2.41
2008-10-28,600809,-9.86,-9.48,-9.44,-9.88,47482,49656231.0,-4.49,3.17,0.31,2.74
2008-10-29,600809,-9.51,-9.49,-9.39,-9.63,31020,33599349.0,-2.53,-0.11,-0.01,1.79
2008-10-30,600809,-9.47,-9.56,-9.35,-9.68,36009,39116224.0,-3.48,-0.74,-0.07,2.08
2008-10-31,600809,-9.58,-9.58,-9.48,-9.67,30898,33009258.0,-1.99,-0.21,-0.02,1.78
2008-11-03,600809,-9.58,-9.5,-9.42,-9.61,29018,31362683.0,-1.98,0.84,0.08,1.67
2008-11-04,600809,-9.53,-9.68,-9.53,-9.8,23029,23811544.0,-2.84,-1.89,-0.18,1.33
2008-11-05,600809,-9.63,-9.42,-9.41,-9.68,23584,25352263.0,-2.79,2.69,0.26,1.36
2008-11-06,600809,-9.56,-9.51,-9.38,-9.59,16007,17440916.0,-2.23,-0.96,-0.09,0.92
2008-11-07,600809,-9.6,-9.56,-9.47,-9.68,19749,20803121.0,-2.21,-0.53,-0.05,1.14
2008-11-10,600809,-9.56,-9.25,-9.18,-9.59,45296,50544397.0,-4.29,3.24,0.31,2.61
2008-11-11,600809,-9.29,-9.39,-9.25,-9.41,32006,36056136.0,-1.73,-1.51,-0.14,1.85
2008-11-12,600809,-9.46,-9.41,-9.34,-9.56,17225,18815423.0,-2.34,-0.21,-0.02,0.99
2008-11-13,600809,-9.48,-9.32,-9.23,-9.55,39965,44414560.0,-3.4,0.96,0.09,2.31
2008-11-14,600809,-9.31,-9.01,-8.94,-9.33,68269,81525931.0,-4.18,3.33,0.31,3.94
2008-11-17,600809,-9.05,-8.83,-8.77,-9.08,70900,89026675.0,-3.44,2.0,0.18,4.09
2008-11-18,600809,-8.9,-9.24,-8.87,-9.27,39892,47785826.0,-4.53,-4.64,-0.41,2.3
2008-11-19,600809,-9.24,-8.93,-8.92,-9.25,30439,36582089.0,-3.57,3.35,0.31,1.76
2008-11-20,600809,-8.97,-8.92,-8.77,-9.17,46307,57101428.0,-4.48,0.11,0.01,2.67
2008-11-21,600809,-9.07,-9.03,-8.88,-9.18,29763,36057103.0,-3.36,-1.23,-0.11,1.72
2008-11-24,600809,-9.04,-9.15,-8.83,-9.16,27020,33048687.0,-3.65,-1.33,-0.12,1.56
2008-11-25,600809,-9.06,-9.37,-9.01,-9.41,22029,25343942.0,-4.37,-2.4,-0.22,1.27
2008-11-26,600809,-9.41,-9.44,-9.33,-9.55,18118,19963484.0,-2.35,-0.75,-0.07,1.05
2008-11-27,600809,-9.17,-9.44,-9.17,-9.47,28748,32666595.0,-3.18,0.0,0.0,1.66
2008-11-28,600809,-9.48,-9.45,-9.31,-9.61,27950,30668952.0,-3.18,-0.11,-0.01,1.61
2008-12-01,600809,-9.48,-9.37,-9.34,-9.55,29479,32361569.0,-2.22,0.85,0.08,1.7
2008-12-02,600809,-9.43,-9.28,-9.25,-9.5,35387,39913021.0,-2.67,0.96,0.09,2.04
2008-12-03,600809,-9.26,-9.06,-9.04,-9.27,35616,42253941.0,-2.48,2.37,0.22,2.06
2008-12-04,600809,-9.0,-9.11,-8.87,-9.12,55151,67375058.0,-2.76,-0.55,-0.05,3.18
2008-12-05,600809,-9.13,-9.05,-9.0,-9.18,30681,36909977.0,-1.98,0.66,0.06,1.77
2008-12-08,600809,-8.97,-8.89,-8.84,-9.0,37119,46182909.0,-1.77,1.77,0.16,2.14
2008-12-09,600809,-8.84,-8.98,-8.84,-9.0,26575,33057054.0,-1.8,-1.01,-0.09,1.53
2008-12-10,600809,-9.02,-8.9,-8.9,-9.03,23373,28730205.0,-1.45,0.89,0.08,1.35
2008-12-11,600809,-8.9,-8.89,-8.75,-8.93,39730,50177012.0,-2.02,0.11,0.01,2.29
2008-12-12,600809,-8.91,-9.18,-8.91,-9.23,27529,32737266.0,-3.6,-3.26,-0.29,1.59
2008-12-15,600809,-9.12,-9.16,-9.09,-9.23,13574,15929614.0,-1.53,0.22,0.02,0.78
2008-12-16,600809,-9.2,-9.15,-9.12,-9.32,10692,12317853.0,-2.18,0.11,0.01,0.62
2008-12-17,600809,-9.11,-9.11,-9.0,-9.16,16474,19832832.0,-1.75,0.44,0.04,0.95
2008-12-18,600809,-9.11,-8.9,-8.9,-9.15,20223,24675626.0,-2.74,2.31,0.21,1.17
2008-12-19,600809,-8.9,-8.73,-8.7,-8.92,44157,56847195.0,-2.47,1.91,0.17,2.55
2008-12-22,600809,-8.74,-8.74,-8.7,-8.85,16889,21669995.0,-1.72,-0.11,-0.01,0.97
2008-12-23,600809,-8.72,-9.12,-8.72,-9.13,29917,36713574.0,-4.69,-4.35,-0.38,1.73
2008-12-24,600809,-9.11,-9.04,-8.98,-9.42,32138,37993420.0,-4.82,0.88,0.08,1.85
2008-12-25,600809,-9.06,-9.17,-9.01,-9.24,13781,16324909.0,-2.54,-1.44,-0.13,0.8
2008-12-26,600809,-9.18,-9.19,-9.1,-9.22,9415,11017227.0,-1.31,-0.22,-0.02,0.54
2008-12-29,600809,-9.25,-9.28,-9.18,-9.34,12616,14351669.0,-1.74,-0.98,-0.09,0.73
2008-12-30,600809,-9.27,-9.37,-9.24,-9.4,18204,20657739.0,-1.72,-0.97,-0.09,1.05
2008-12-31,600809,-9.34,-9.49,-9.33,-9.51,20633,22666933.0,-1.92,-1.28,-0.12,1.19
2009-01-05,600809,-9.4,-9.32,-9.32,-9.44,17331,19237791.0,-1.26,1.79,0.17,1.0
2009-01-06,600809,-9.36,-9.18,-9.18,-9.37,27926,31969440.0,-2.04,1.5,0.14,1.61
2009-01-07,600809,-9.19,-9.25,-9.14,-9.26,19697,22861616.0,-1.31,-0.76,-0.07,1.14
2009-01-08,600809,-9.33,-9.33,-9.29,-9.38,16328,18445475.0,-0.97,-0.86,-0.08,0.94
2009-01-09,600809,-9.25,-9.2,-9.19,-9.33,18706,21557840.0,-1.5,1.39,0.13,1.08
2009-01-12,600809,-9.22,-9.14,-9.09,-9.25,23674,27812476.0,-1.74,0.65,0.06,1.37
2009-01-13,600809,-9.18,-9.32,-9.18,-9.33,13607,15670028.0,-1.64,-1.97,-0.18,0.79
2009-01-14,600809,-9.29,-9.15,-9.12,-9.32,15164,17696518.0,-2.15,1.82,0.17,0.88
2009-01-15,600809,-9.17,-9.2,-9.14,-9.25,25018,29245460.0,-1.2,-0.55,-0.05,1.44
2009-01-16,600809,-9.2,-8.89,-8.8,-9.2,56502,69220859.0,-4.35,3.37,0.31,3.26
2009-01-19,600809,-8.9,-8.98,-8.85,-9.03,31531,38985041.0,-2.02,-1.01,-0.09,1.82
2009-01-20,600809,-8.99,-8.93,-8.88,-9.02,16208,20036249.0,-1.56,0.56,0.05,0.94
2009-01-21,600809,-9.0,-9.05,-8.99,-9.11,23616,28510469.0,-1.34,-1.34,-0.12,1.36
2009-01-22,600809,-9.01,-8.93,-8.92,-9.04,28210,34660427.0,-1.33,1.33,0.12,1.63
2009-01-23,600809,-8.99,-9.07,-8.92,-9.08,23017,27956050.0,-1.79,-1.57,-0.14,1.33
2009-02-02,600809,-9.0,-9.07,-9.0,-9.17,20634,24590650.0,-1.87,0.0,0.0,1.19
2009-02-03,600809,-9.08,-8.9,-8.83,-9.1,38685,48089622.0,-2.98,1.87,0.17,2.23
2009-02-04,600809,-8.92,-8.8,-8.79,-8.94,57509,72193782.0,-1.69,1.12,0.1,3.32
2009-02-05,600809,-8.84,-8.93,-8.76,-8.97,49558,62626486.0,-2.39,-1.48,-0.13,2.86
2009-02-06,600809,-8.92,-8.72,-8.67,-8.92,75346,96925894.0,-2.8,2.35,0.21,4.35
2009-02-09,600809,-8.65,-8.48,-8.33,-8.65,96844,132826267.0,-3.67,2.75,0.24,5.59
2009-02-10,600809,-8.5,-8.37,-8.35,-8.53,55566,76867658.0,-2.12,1.3,0.11,3.21
2009-02-11,600809,-8.47,-8.23,-7.95,-8.49,82541,119059459.0,-6.45,1.67,0.14,4.76
2009-02-12,600809,-8.24,-8.23,-8.14,-8.47,45870,65362661.0,-4.01,0.0,0.0,2.65
2009-02-13,600809,-8.25,-8.11,-8.08,-8.3,42432,61462820.0,-2.67,1.46,0.12,2.45
2009-02-16,600809,-8.04,-7.98,-7.95,-8.15,53688,79816650.0,-2.47,1.6,0.13,3.1
2009-02-17,600809,-7.99,-8.14,-7.82,-8.16,61905,94030033.0,-4.26,-2.01,-0.16,3.57
2009-02-18,600809,-8.24,-8.46,-8.19,-8.49,33830,47637555.0,-3.69,-3.93,-0.32,1.95
2009-02-19,600809,-8.38,-8.4,-8.26,-8.45,27084,37913956.0,-2.25,0.71,0.06,1.56
2009-02-20,600809,-8.39,-8.1,-8.08,-8.4,40984,59037287.0,-3.81,3.57,0.3,2.37
2009-02-23,600809,-8.05,-7.58,-7.58,-8.05,110684,175925008.0,-5.8,6.42,0.52,6.39
2009-02-24,600809,-7.58,-7.64,-7.26,-7.65,107351,177745948.0,-5.15,-0.79,-0.06,6.2
2009-02-25,600809,-7.49,-7.7,-7.47,-7.9,49343,78135282.0,-5.63,-0.79,-0.06,2.85
2009-02-26,600809,-7.78,-7.83,-7.54,-8.18,33038,52318422.0,-8.31,-1.69,-0.13,1.91
2009-02-27,600809,-7.93,-7.85,-7.65,-8.0,41086,64070776.0,-4.47,-0.26,-0.02,2.37
2009-03-02,600809,-7.89,-7.7,-7.59,-7.89,21793,34604589.0,-3.82,1.91,0.15,1.26
2009-03-03,600809,-7.83,-7.52,-7.44,-7.91,38024,61569291.0,-6.1,2.34,0.18,2.19
2009-03-04,600809,-7.47,-7.18,-7.08,-7.58,47102,79884324.0,-6.65,4.52,0.34,2.72
2009-03-05,600809,-7.09,-7.15,-7.09,-7.36,45425,78125769.0,-3.76,0.42,0.03,2.62
2009-03-06,600809,-7.25,-7.33,-7.18,-7.35,46514,79069846.0,-2.38,-2.52,-0.18,2.68
2009-03-09,600809,-7.36,-7.33,-7.26,-7.39,28814,48750719.0,-1.77,0.0,0.0,1.66
2009-03-10,600809,-7.38,-7.46,-7.33,-7.74,42148,68051398.0,-5.59,-1.77,-0.13,2.43
2009-03-11,600809,-7.42,-7.39,-7.3,-7.64,28156,46194959.0,-4.56,0.94,0.07,1.62
2009-03-12,600809,-7.42,-7.62,-7.31,-7.68,24021,38951515.0,-5.01,-3.11,-0.23,1.39
2009-03-13,600809,-7.62,-7.64,-7.58,-7.68,15931,25573724.0,-1.31,-0.26,-0.02,0.92
2009-03-16,600809,-7.66,-7.62,-7.47,-7.68,13875,22473202.0,-2.75,0.26,0.02,0.8
2009-03-17,600809,-7.64,-7.5,-7.48,-7.64,17627,28692112.0,-2.1,1.57,0.12,1.02
2009-03-18,600809,-7.5,-7.57,-7.49,-7.58,28627,46713106.0,-1.2,-0.93,-0.07,1.65
2009-03-19,600809,-7.57,-7.54,-7.5,-7.72,41622,66849249.0,-2.91,0.4,0.03,2.4
2009-03-20,600809,-7.59,-7.68,-7.53,-7.71,38187,61118999.0,-2.39,-1.86,-0.14,2.2
2009-03-23,600809,-7.7,-7.54,-7.54,-7.7,34496,55611053.0,-2.08,1.82,0.14,1.99
2009-03-24,600809,-7.43,-7.29,-7.23,-7.47,60002,100872301.0,-3.18,3.32,0.25,3.46
2009-03-25,600809,-7.29,-7.3,-7.17,-7.44,35210,59741242.0,-3.7,-0.14,-0.01,2.03
2009-03-26,600809,-7.34,-7.3,-7.25,-7.4,25776,43530077.0,-2.05,0.0,0.0,1.49
2009-03-27,600809,-7.29,-7.42,-7.18,-7.45,20766,34792053.0,-3.7,-1.64,-0.12,1.2
2009-03-30,600809,-7.47,-7.5,-7.38,-7.54,21767,35928007.0,-2.16,-1.08,-0.08,1.26
2009-03-31,600809,-7.55,-7.51,-7.5,-7.69,28695,46102983.0,-2.53,-0.13,-0.01,1.66
2009-04-01,600809,-7.49,-7.29,-7.29,-7.54,25943,43307695.0,-3.33,2.93,0.22,1.5
2009-04-02,600809,-7.25,-7.22,-6.93,-7.25,77709,135699422.0,-4.39,0.96,0.07,4.48
2009-04-03,600809,-7.22,-6.94,-6.92,-7.29,42816,75422635.0,-5.12,3.88,0.28,2.47
2009-04-07,600809,-6.93,-6.87,-6.74,-6.98,29937,54363479.0,-3.46,1.01,0.07,1.73
2009-04-08,600809,-6.81,-7.18,-6.69,-7.19,40864,73593441.0,-7.28,-4.51,-0.31,2.36
2009-04-09,600809,-7.18,-7.12,-7.09,-7.24,17456,30265053.0,-2.09,0.84,0.06,1.01
2009-04-10,600809,-7.07,-6.84,-6.72,-7.12,62910,114974987.0,-5.62,3.93,0.28,3.63
2009-04-13,600809,-6.83,-6.62,-6.36,-6.83,46561,88848140.0,-6.87,3.22,0.22,2.69
2009-04-14,600809,-6.66,-6.63,-6.53,-6.79,25883,48387984.0,-3.93,-0.15,-0.01,1.49
2009-04-15,600809,-6.63,-6.76,-6.63,-6.86,26795,49435595.0,-3.47,-1.96,-0.13,1.55
2009-04-16,600809,-6.75,-6.59,-6.51,-6.84,24471,45716548.0,-4.88,2.51,0.17,1.41
2009-04-17,600809,-6.63,-6.44,-6.35,-6.73,33025,63360675.0,-5.77,2.28,0.15,1.91
2009-04-20,600809,-6.44,-6.07,-5.96,-6.5,52571,104738897.0,-8.39,5.75,0.37,3.03
2009-04-21,600809,-5.99,-5.97,-5.65,-6.04,51916,108605538.0,-6.43,1.65,0.1,3.0
2009-04-22,600809,-5.96,-6.34,-5.76,-6.57,50573,102775294.0,-13.57,-6.2,-0.37,2.92
2009-04-23,600809,-6.36,-6.39,-6.26,-6.55,34284,66373780.0,-4.57,-0.79,-0.05,1.98
2009-04-24,600809,-6.31,-5.9,-5.77,-6.44,70703,144734603.0,-10.49,7.67,0.49,4.08
2009-04-27,600809,-5.98,-6.41,-5.98,-6.59,60173,118546775.0,-10.34,-8.64,-0.51,3.47
2009-04-28,600809,-6.58,-6.78,-6.47,-6.88,80576,149190553.0,-6.4,-5.77,-0.37,4.65
2009-04-29,600809,-6.79,-6.65,-6.54,-6.79,38344,71764010.0,-3.69,1.92,0.13,2.21
2009-04-30,600809,-6.61,-6.63,-6.47,-6.72,43096,81672656.0,-3.76,0.3,0.02,2.49
2009-05-04,600809,-6.61,-6.44,-6.4,-6.72,79893,152434172.0,-4.83,2.87,0.19,4.61
2009-05-05,600809,-6.43,-6.46,-6.42,-6.58,59994,115243125.0,-2.48,-0.31,-0.02,3.46
2009-05-06,600809,-6.5,-6.2,-6.18,-6.54,84463,165550192.0,-5.57,4.02,0.26,4.87
2009-05-07,600809,-6.2,-6.45,-6.15,-6.65,68079,132519995.0,-8.06,-4.03,-0.25,3.93
2009-05-08,600809,-6.54,-6.41,-6.4,-6.65,45329,86563471.0,-3.88,0.62,0.04,2.62
2009-05-11,600809,-6.4,-6.58,-6.31,-6.59,37071,71291621.0,-4.37,-2.65,-0.17,0.86
2009-05-12,600809,-6.71,-6.51,-6.49,-6.71,23423,44245741.0,-3.34,1.06,0.07,0.54
2009-05-13,600809,-6.58,-6.47,-6.4,-6.61,24267,46607811.0,-3.23,0.61,0.04,0.56
2009-05-14,600809,-6.55,-6.43,-6.4,-6.57,25740,49862857.0,-2.63,0.62,0.04,0.59
2009-05-15,600809,-6.42,-6.29,-6.15,-6.42,34561,68602508.0,-4.2,2.18,0.14,0.8
2009-05-18,600809,-6.29,-5.87,-5.76,-6.29,88429,182610042.0,-8.43,6.68,0.42,2.04
2009-05-19,600809,-5.83,-5.7,-5.62,-6.01,76654,161804107.0,-6.64,2.9,0.17,1.77
2009-05-20,600809,-5.69,-5.88,-5.61,-5.91,42757,90487032.0,-5.26,-3.16,-0.18,0.99
2009-05-21,600809,-5.92,-6.09,-5.9,-6.22,36224,73886886.0,-5.44,-3.57,-0.21,0.84
2009-05-22,600809,-6.09,-6.14,-5.98,-6.22,21929,44463938.0,-3.94,-0.82,-0.05,0.51
2009-05-25,600809,-6.29,-6.26,-6.18,-6.45,39779,78095595.0,-4.4,-1.95,-0.12,0.92
2009-05-26,600809,-6.3,-6.23,-6.0,-6.3,30666,62002527.0,-4.79,0.48,0.03,0.71
2009-05-27,600809,-6.24,-6.06,-6.0,-6.24,20428,41593674.0,-3.85,2.73,0.17,0.47
2009-06-01,600809,-6.05,-5.99,-5.81,-6.08,35610,73299097.0,-4.46,1.16,0.07,0.82
2009-06-02,600809,-5.92,-5.92,-5.79,-6.02,38157,79866859.0,-3.84,1.17,0.07,0.88
2009-06-03,600809,-5.88,-5.97,-5.88,-6.12,33683,69042543.0,-4.05,-0.84,-0.05,0.78
2009-06-04,600809,-5.98,-6.23,-5.97,-6.36,54590,108958665.0,-6.53,-4.36,-0.26,1.26
2009-06-05,600809,-6.27,-5.85,-5.68,-6.29,89936,187210508.0,-9.79,6.1,0.38,2.08
2009-06-08,600809,-5.86,-5.94,-5.8,-6.18,42091,87361990.0,-6.5,-1.54,-0.09,0.97
2009-06-09,600809,-5.94,-5.54,-5.33,-6.0,95530,206956930.0,-11.28,6.73,0.4,2.21
2009-06-10,600809,-5.51,-5.43,-5.19,-5.68,67870,150230931.0,-8.84,1.99,0.11,1.57
2009-06-11,600809,-5.51,-5.17,-4.9,-5.57,84588,194880663.0,-12.34,4.79,0.26,1.95
2009-06-12,600809,-5.17,-5.54,-5.0,-5.61,56943,127752518.0,-11.8,-7.16,-0.37,1.32
2009-06-15,600809,-5.58,-4.98,-4.93,-5.75,71630,164061793.0,-14.8,10.11,0.56,1.65
2009-06-16,600809,-5.15,-4.98,-4.78,-5.22,46348,108890962.0,-8.84,0.0,0.0,1.07
2009-06-17,600809,-4.98,-5.12,-4.86,-5.29,40869,94441183.0,-8.63,-2.81,-0.14,0.94
2009-06-18,600809,-5.12,-5.11,-4.93,-5.28,42962,99126191.0,-6.84,0.2,0.01,0.99
2009-06-19,600809,-5.15,-5.22,-5.12,-5.33,30052,68265354.0,-4.11,-2.15,-0.11,0.69
2009-06-22,600809,-5.22,-5.41,-5.15,-5.52,36022,80463315.0,-7.09,-3.64,-0.19,0.83
2009-06-23,600809,-5.57,-5.54,-5.36,-5.63,35197,77503188.0,-4.99,-2.4,-0.13,0.81
2009-06-24,600809,-5.48,-5.4,-5.37,-5.53,26070,57826886.0,-2.89,2.53,0.14,0.6
2009-06-25,600809,-5.36,-5.3,-5.19,-5.47,37991,85760587.0,-5.19,1.85,0.1,0.88
2009-06-26,600809,-5.29,-4.82,-4.7,-5.29,102175,242220415.0,-11.13,9.06,0.48,2.36
2009-06-30,600809,-3.97,-3.97,-3.97,-4.11,184443,484393887.0,-2.9,17.63,0.85,4.26
2009-07-01,600809,-3.95,-3.68,-3.56,-4.06,104017,278439017.0,-12.59,7.3,0.29,2.4
2009-07-02,600809,-3.61,-3.75,-3.61,-3.91,60574,161939376.0,-8.15,-1.9,-0.07,1.4
2009-07-03,600809,-3.83,-3.34,-3.06,-3.83,67521,190887319.0,-20.53,10.93,0.41,1.56
2009-07-06,600809,-3.33,-3.14,-2.92,-3.54,55052,156334305.0,-18.56,5.99,0.2,1.27
2009-07-07,600809,-3.0,-2.6,-2.29,-3.0,80699,241611095.0,-22.61,17.2,0.54,1.86
2009-07-08,600809,-3.0,-2.59,-2.47,-3.05,64685,190634891.0,-22.31,0.38,0.01,1.49
2009-07-09,600809,-2.37,-2.17,-1.97,-2.4,63600,198992449.0,-16.6,16.22,0.42,1.47
2009-07-10,600809,-2.02,-2.12,-2.02,-2.41,58714,182897414.0,-17.97,2.3,0.05,1.36
2009-07-13,600809,-2.15,-2.29,-1.84,-2.37,55235,172709677.0,-25.0,-8.02,-0.17,1.28
2009-07-14,600809,-2.25,-2.3,-2.19,-2.52,50113,153969780.0,-14.41,-0.44,-0.01,1.16
2009-07-15,600809,-2.38,-2.29,-2.18,-2.47,48160,148543108.0,-12.61,0.43,0.01,1.11
2009-07-16,600809,-2.25,-2.37,-2.2,-2.43,46669,144262624.0,-10.04,-3.49,-0.08,1.08
2009-07-17,600809,-2.43,-2.4,-2.25,-2.48,37891,116951818.0,-9.7,-1.27,-0.03,0.88
2009-07-20,600809,-2.38,-2.39,-2.32,-2.62,41881,128002781.0,-12.5,0.42,0.01,0.97
2009-07-21,600809,-2.4,-1.69,-1.48,-2.47,99025,318924608.0,-41.42,29.29,0.7,2.29
2009-07-22,600809,-1.79,-1.82,-1.77,-2.29,51623,164653332.0,-30.77,-7.69,-0.13,1.19
2009-07-23,600809,-1.87,-1.96,-1.76,-2.11,29285,93315802.0,-19.23,-7.69,-0.14,0.68
2009-07-24,600809,-1.98,-1.89,-1.83,-2.15,50083,159157887.0,-16.33,3.57,0.07,1.16
2009-07-27,600809,-2.15,-1.32,-1.11,-2.15,77757,257948411.0,-55.03,30.16,0.57,1.8
2009-07-28,600809,-1.31,-0.98,-0.75,-1.57,50575,175056066.0,-62.12,25.76,0.34,1.17
2009-07-29,600809,-1.06,-1.77,-0.72,-2.21,41617,139177346.0,-152.04,-80.61,-0.79,0.96
2009-07-30,600809,-1.63,-1.86,-1.3,-2.33,32892,105918702.0,-58.19,-5.08,-0.09,0.76
2009-07-31,600809,-1.65,-1.53,-1.5,-1.75,24842,81747868.0,-13.44,17.74,0.33,0.57
2009-08-03,600809,-1.45,-0.79,-0.45,-1.45,52001,182661328.0,-65.36,48.37,0.74,1.2
2009-08-04,600809,-0.71,-1.01,-0.69,-1.34,35884,122868030.0,-82.28,-27.85,-0.22,0.83
2009-08-05,600809,-1.0,-0.68,-0.55,-1.0,49602,175432283.0,-44.55,32.67,0.33,1.15
2009-08-06,600809,-0.72,-0.92,-0.54,-1.13,21956,75759526.0,-86.76,-35.29,-0.24,0.51
2009-08-07,600809,-0.86,-1.47,-0.63,-1.53,25104,85325443.0,-97.83,-59.78,-0.55,0.58
2009-08-10,600809,-1.36,-2.01,-1.19,-2.05,37726,120512883.0,-58.5,-36.73,-0.54,0.87
2009-08-11,600809,-1.95,-1.62,-1.59,-2.5,59668,188997529.0,-45.27,19.4,0.39,1.38
2009-08-12,600809,-1.7,-2.11,-1.51,-2.37,30087,95028669.0,-53.09,-30.25,-0.49,0.69
2009-08-13,600809,-2.11,-2.29,-2.11,-2.5,24410,74576591.0,-18.48,-8.53,-0.18,0.56
2009-08-14,600809,-2.29,-2.86,-2.19,-2.93,37330,110268359.0,-32.31,-24.89,-0.57,0.86
2009-08-17,600809,-3.0,-3.22,-2.92,-3.57,38456,107200303.0,-22.73,-12.59,-0.36,0.89
2009-08-18,600809,-3.13,-2.78,-2.5,-3.22,44566,128195856.0,-22.36,13.66,0.44,1.03
2009-08-19,600809,-2.83,-2.77,-2.16,-2.93,48431,143887604.0,-27.7,0.36,0.01,1.12
2009-08-20,600809,-2.9,-2.48,-2.43,-2.9,40547,120479929.0,-16.97,10.47,0.29,0.94
2009-08-21,600809,-2.4,-2.42,-2.2,-2.63,44203,133651262.0,-17.34,2.42,0.06,1.02
2009-08-24,600809,-2.4,-2.32,-2.31,-2.6,41598,125285391.0,-11.98,4.13,0.1,0.96
2009-08-25,600809,-2.32,-2.42,-2.32,-2.72,43053,128649005.0,-17.24,-4.31,-0.1,0.99
2009-08-26,600809,-2.37,-2.07,-1.95,-2.64,34341,105818612.0,-28.51,14.46,0.35,0.79
2009-08-27,600809,-2.15,-2.03,-1.76,-2.24,27624,86866063.0,-23.19,1.93,0.04,0.64
2009-08-28,600809,-2.08,-2.47,-2.0,-2.53,31462,95751488.0,-26.11,-21.67,-0.44,0.73
2009-08-31,600809,-2.68,-3.41,-2.68,-3.54,33995,95930386.0,-34.82,-38.06,-0.94,0.79
2009-09-01,600809,-3.57,-3.54,-3.18,-3.79,29373,80129968.0,-17.89,-3.81,-0.13,0.68
2009-09-02,600809,-3.7,-3.76,-3.48,-3.93,18814,50126223.0,-12.71,-6.21,-0.22,0.43
2009-09-03,600809,-3.7,-3.18,-3.15,-3.71,26564,73325493.0,-14.89,15.43,0.58,0.61
2009-09-04,600809,-3.18,-2.87,-2.83,-3.25,25659,72993977.0,-13.21,9.75,0.31,0.59
2009-09-07,600809,-2.86,-2.04,-1.83,-2.86,55269,170788468.0,-35.89,28.92,0.83,1.28
2009-09-08,600809,-2.05,-1.93,-1.43,-2.36,47234,150799786.0,-45.59,5.39,0.11,1.09
2009-09-09,600809,-1.98,-1.85,-1.72,-2.22,31449,98945867.0,-25.91,4.15,0.08,0.73
2009-09-10,600809,-2.01,-1.83,-1.72,-2.1,19481,62109775.0,-20.54,1.08,0.02,0.45
2009-09-11,600809,-1.94,-1.72,-1.7,-2.04,21587,69050972.0,-18.58,6.01,0.11,0.5
2009-09-14,600809,-1.7,-1.43,-1.28,-1.7,23034,75587211.0,-24.42,16.86,0.29,0.53
2009-09-15,600809,-1.4,-1.49,-1.33,-1.6,16249,53385852.0,-18.88,-4.2,-0.06,0.38
2009-09-16,600809,-1.51,-1.82,-1.51,-2.08,20515,65575158.0,-38.26,-22.15,-0.33,0.47
2009-09-17,600809,-1.75,-1.75,-1.65,-1.86,16150,51941891.0,-11.54,3.85,0.07,0.37
2009-09-18,600809,-1.77,-2.08,-1.69,-2.27,16444,51964371.0,-33.14,-18.86,-0.33,0.38
2009-09-21,600809,-2.22,-2.04,-2.03,-2.61,32079,97484266.0,-27.88,1.92,0.04,0.74
2009-09-22,600809,-2.08,-1.83,-1.68,-2.29,34678,110700502.0,-29.9,10.29,0.21,0.8
2009-09-23,600809,-1.86,-1.84,-1.56,-1.97,26633,85514106.0,-22.4,-0.55,-0.01,0.62
2009-09-24,600809,-1.86,-1.96,-1.79,-2.39,31911,98014894.0,-32.61,-6.52,-0.12,0.74
2009-09-25,600809,-2.13,-1.87,-1.8,-2.13,13542,42785024.0,-16.84,4.59,0.09,0.31
2009-09-28,600809,-1.87,-2.22,-1.76,-2.27,12027,37480670.0,-27.27,-18.72,-0.35,0.28
2009-09-29,600809,-2.42,-2.63,-2.22,-2.75,12733,38019869.0,-23.87,-18.47,-0.41,0.29
2009-09-30,600809,-2.4,-2.5,-2.33,-2.59,6467,19503299.0,-9.89,4.94,0.13,0.15
2009-10-09,600809,-2.4,-2.08,-2.04,-2.4,12319,38047479.0,-14.4,16.8,0.42,0.28
2009-10-12,600809,-2.01,-1.83,-1.66,-2.01,20307,64880641.0,-16.83,12.02,0.25,0.47
2009-10-13,600809,-1.83,-1.79,-1.69,-1.9,11988,38325602.0,-11.48,2.19,0.04,0.28
2009-10-15,600809,-1.63,-2.24,-1.63,-2.26,26629,83859508.0,-35.2,-25.14,-0.45,0.62
2009-10-16,600809,-2.21,-2.11,-2.08,-2.43,24248,74061587.0,-15.63,5.8,0.13,0.56
2009-10-19,600809,-2.11,-1.98,-1.86,-2.28,40187,125280168.0,-19.91,6.16,0.13,0.93
2009-10-20,600809,-1.96,-1.13,-0.99,-2.07,54582,178750960.0,-54.55,42.93,0.85,1.26
2009-10-21,600809,-1.11,-1.39,-1.08,-1.42,38437,128657507.0,-30.09,-23.01,-0.26,0.89
2009-10-22,600809,-1.38,-1.38,-1.22,-1.55,19958,66056427.0,-23.74,0.72,0.01,0.46
2009-10-23,600809,-1.33,-1.14,-1.08,-1.43,30964,104244442.0,-25.36,17.39,0.24,0.72
2009-10-26,600809,-1.07,-1.32,-0.98,-1.51,20628,68545927.0,-46.49,-15.79,-0.18,0.48
2009-10-27,600809,-1.43,-1.33,-1.23,-1.79,23167,76582784.0,-42.42,-0.76,-0.01,0.54
2009-10-28,600809,-1.4,-1.31,-1.23,-1.55,15530,51369562.0,-24.06,1.5,0.02,0.36
2009-10-29,600809,-1.43,-1.43,-1.38,-1.61,14451,47445128.0,-17.56,-9.16,-0.12,0.33
2009-10-30,600809,-1.38,-1.34,-1.12,-1.43,13527,45200301.0,-21.68,6.29,0.09,0.31
2009-11-02,600809,-1.61,-0.98,-0.92,-1.75,27459,93328705.0,-61.94,26.87,0.36,0.63
2009-11-03,600809,-0.98,-0.74,-0.13,-0.98,43190,154968629.0,-86.73,24.49,0.24,1.0
2009-11-04,600809,-0.68,-0.67,-0.45,-0.86,24690,87293331.0,-55.41,9.46,0.07,0.57
2009-11-05,600809,-0.61,-0.61,-0.58,-0.78,13168,46128489.0,-29.85,8.96,0.06,0.3
2009-11-06,600809,-0.5,-0.46,-0.29,-0.5,17252,61751463.0,-34.43,24.59,0.15,0.4
2009-11-09,600809,-0.37,-0.54,-0.37,-0.72,13906,49328844.0,-76.09,-17.39,-0.08,0.32
2009-11-10,600809,-0.47,-0.3,-0.29,-0.61,20852,74939704.0,-59.26,44.44,0.24,0.48
2009-11-11,600809,-0.38,-0.01,0.05,-0.42,23278,85528746.0,-156.67,96.67,0.29,0.54
2009-11-12,600809,0.04,0.64,0.75,-0.07,36522,139949443.0,-8200.0,6500.0,0.65,0.84
2009-11-13,600809,0.71,0.65,0.99,0.41,28696,111758480.0,90.63,1.56,0.01,0.66
2009-11-16,600809,0.71,1.1,1.6,0.71,41522,166979978.0,136.92,69.23,0.45,0.96
2009-11-17,600809,1.17,1.47,1.66,0.72,34964,140124688.0,85.45,33.64,0.37,0.81
2009-11-18,600809,1.42,1.22,1.78,1.19,16764,68384455.0,40.14,-17.01,-0.25,0.39
2009-11-19,600809,1.23,0.97,1.38,0.92,18901,75214352.0,37.7,-20.49,-0.25,0.44
2009-11-20,600809,1.0,1.03,1.26,0.85,14409,57535148.0,42.27,6.19,0.06,0.33
2009-11-23,600809,0.89,1.32,1.65,0.89,35255,142889967.0,73.79,28.16,0.29,0.81
2009-11-24,600809,1.32,0.68,1.54,0.21,30704,123443093.0,100.76,-48.48,-0.64,0.71
2009-11-25,600809,0.35,1.43,1.67,0.35,32263,129582355.0,194.12,110.29,0.75,0.75
2009-11-26,600809,1.42,0.64,1.55,0.35,25198,100182551.0,83.92,-55.24,-0.79,0.58
2009-11-27,600809,0.5,0.54,1.0,0.28,19602,75849288.0,112.5,-15.63,-0.1,0.45
2009-11-30,600809,0.59,1.91,1.91,0.59,39684,162694393.0,244.44,253.7,1.37,0.92
2009-12-01,600809,1.91,2.21,2.49,1.42,33849,143722021.0,56.02,15.71,0.3,0.78
2009-12-02,600809,2.06,2.12,2.14,1.89,19188,81707804.0,11.31,-4.07,-0.09,0.44
2009-12-03,600809,2.05,1.78,2.05,1.59,21903,91974593.0,21.7,-16.04,-0.34,0.51
2009-12-04,600809,1.74,1.42,1.85,1.09,19381,79576800.0,42.7,-20.22,-0.36,0.45
2009-12-07,600809,1.7,1.74,1.88,1.52,19389,81106937.0,25.35,22.54,0.32,0.45
2009-12-08,600809,1.74,1.39,1.78,1.3,16769,68761764.0,27.59,-20.11,-0.35,0.39
2009-12-09,600809,1.38,1.04,1.41,0.96,13466,54198170.0,32.37,-25.18,-0.35,0.31
2009-12-10,600809,1.14,2.15,2.19,1.09,47947,201391132.0,105.77,106.73,1.11,1.11
2009-12-11,600809,2.15,1.98,2.28,1.9,21096,90434481.0,17.67,-7.91,-0.17,0.49
2009-12-14,600809,1.98,2.13,2.32,1.55,19530,83209986.0,38.89,7.58,0.15,0.45
2009-12-15,600809,2.1,2.16,2.32,1.99,9610,41396956.0,15.49,1.41,0.03,0.22
2009-12-16,600809,2.1,2.02,2.31,1.96,9316,39992682.0,16.2,-6.48,-0.14,0.22
2009-12-17,600809,1.92,1.46,2.01,1.25,15822,65297711.0,37.62,-27.72,-0.56,0.37
2009-12-18,600809,1.25,1.24,1.42,0.91,14747,59573346.0,34.93,-15.07,-0.22,0.34
2009-12-21,600809,1.29,2.2,2.46,1.17,34297,145012840.0,104.03,77.42,0.96,0.79
2009-12-23,600809,1.91,2.27,2.31,1.39,26539,111067897.0,41.82,3.18,0.07,0.61
2009-12-24,600809,2.0,2.63,3.1,2.0,28803,128073618.0,48.46,15.86,0.36,0.67
2009-12-25,600809,2.51,2.65,2.85,2.42,16696,74050833.0,16.35,0.76,0.02,0.39
2009-12-28,600809,2.74,2.52,2.74,2.25,23560,103383274.0,18.49,-4.91,-0.13,0.54
2009-12-29,600809,2.49,2.38,2.49,2.17,16675,72462044.0,12.7,-5.56,-0.14,0.39
2009-12-30,600809,2.37,1.89,2.37,1.8,34094,144873492.0,23.95,-20.59,-0.49,0.79
2009-12-31,600809,1.95,2.11,2.42,1.89,28020,119963439.0,28.04,11.64,0.22,0.65
2010-01-04,600809,2.12,1.92,2.15,1.79,16912,72041027.0,17.06,-9.0,-0.19,0.39
2010-01-05,600809,1.94,1.94,2.1,1.77,21697,91826554.0,17.19,1.04,0.02,0.5
2010-01-06,600809,1.87,1.67,1.94,1.62,35437,148118066.0,16.49,-13.92,-0.27,0.82
2010-01-07,600809,1.51,0.93,1.51,0.91,70895,283782892.0,35.93,-44.31,-0.74,1.64
2010-01-08,600809,0.91,0.64,0.91,0.26,101521,388650831.0,69.89,-31.18,-0.29,2.35
2010-01-11,600809,0.71,0.57,0.75,0.39,47828,184208963.0,56.25,-10.94,-0.07,1.1
2010-01-12,600809,0.57,1.13,1.14,0.53,46862,185304424.0,107.02,98.25,0.56,1.08
2010-01-13,600809,0.85,0.87,1.34,0.46,28706,114466777.0,77.88,-23.01,-0.26,0.66
2010-01-14,600809,0.87,1.44,1.61,0.87,47194,193041987.0,85.06,65.52,0.57,1.09
2010-01-15,600809,1.5,1.4,1.67,1.25,30853,126689528.0,29.17,-2.78,-0.04,0.71
2010-01-18,600809,1.29,1.5,1.54,1.27,24314,99854782.0,19.29,7.14,0.1,0.56
2010-01-19,600809,1.48,1.01,1.51,0.82,55078,219480886.0,46.0,-32.67,-0.49,1.27
2010-01-20,600809,0.96,0.8,0.96,0.63,48791,189975178.0,32.67,-20.79,-0.21,1.13
2010-01-21,600809,0.79,0.74,0.85,0.36,27609,107101532.0,61.25,-7.5,-0.06,0.64
2010-01-22,600809,0.53,0.29,0.57,0.09,33694,128065648.0,64.86,-60.81,-0.45,0.78
2010-01-25,600809,0.2,0.36,0.77,0.0,22127,85343592.0,265.52,24.14,0.07,0.51
2010-01-26,600809,0.53,0.56,0.82,0.43,34999,135855490.0,108.33,55.56,0.2,0.81
2010-01-27,600809,0.56,0.56,0.75,0.03,17940,68305182.0,128.57,0.0,0.0,0.41
2010-01-28,600809,0.71,0.85,0.85,0.39,24607,96324089.0,82.14,51.79,0.29,0.57
2010-01-29,600809,0.85,1.05,1.1,0.71,21441,85535727.0,45.88,23.53,0.2,0.5
2010-02-01,600809,1.02,1.15,1.26,0.85,44486,178414456.0,39.05,9.52,0.1,1.03
2010-02-02,600809,1.25,1.14,1.5,1.06,43373,177168718.0,38.26,-0.87,-0.01,1.0
2010-02-03,600809,1.14,0.95,1.42,0.17,59005,229883563.0,109.65,-16.67,-0.19,1.36
2010-02-04,600809,0.79,0.93,1.17,0.53,17388,69228048.0,67.37,-2.11,-0.02,0.4
2010-02-05,600809,0.71,0.61,0.78,0.55,8835,34221373.0,24.73,-34.41,-0.32,0.2
2010-02-08,600809,0.62,0.42,0.71,0.21,20689,78760962.0,81.97,-31.15,-0.19,0.48
2010-02-09,600809,0.22,0.35,0.69,0.21,17512,67170997.0,114.29,-16.67,-0.07,0.4
2010-02-10,600809,0.39,0.45,0.56,0.3,12920,49272705.0,74.29,28.57,0.1,0.3
2010-02-11,600809,0.42,0.64,0.67,0.34,12944,49713344.0,73.33,42.22,0.19,0.3
2010-02-12,600809,0.6,0.62,0.67,0.49,11057,42736529.0,28.13,-3.13,-0.02,0.26
2010-02-22,600809,0.57,0.62,0.75,0.49,15254,59212217.0,41.94,0.0,0.0,0.35
2010-02-23,600809,0.52,0.85,0.87,0.52,21234,83123710.0,56.45,37.1,0.23,0.49
2010-02-24,600809,0.85,1.12,1.24,0.78,26417,106068969.0,54.12,31.76,0.27,0.61
2010-02-25,600809,1.11,1.22,1.26,0.99,22257,89686131.0,24.11,8.93,0.1,0.51
2010-02-26,600809,1.25,1.24,1.49,1.16,22920,93477169.0,27.05,1.64,0.02,0.53
2010-03-01,600809,1.25,1.16,1.28,0.93,17348,69565166.0,28.23,-6.45,-0.08,0.4
2010-03-02,600809,1.19,0.96,1.32,0.95,10787,43049164.0,31.9,-17.24,-0.2,0.25
2010-03-03,600809,0.98,0.9,1.07,0.8,12402,49010801.0,28.13,-6.25,-0.06,0.29
2010-03-04,600809,0.9,0.9,1.17,0.85,13427,53330508.0,35.56,0.0,0.0,0.31
2010-03-05,600809,0.9,1.03,1.17,0.86,9464,37770121.0,34.44,14.44,0.13,0.22
2010-03-08,600809,1.06,1.1,1.12,0.93,11638,46347604.0,18.45,6.8,0.07,0.27
2010-03-09,600809,1.07,0.92,1.09,0.87,8931,35438104.0,20.0,-16.36,-0.18,0.21
2010-03-10,600809,1.0,0.48,1.0,0.35,24883,95898319.0,70.65,-47.83,-0.44,0.57
2010-03-11,600809,0.5,0.21,0.56,0.19,13050,49334712.0,77.08,-56.25,-0.27,0.3
2010-03-12,600809,0.23,-0.22,0.28,-0.42,30755,112663582.0,333.33,-204.76,-0.43,0.71
2010-03-15,600809,-0.22,-0.32,-0.22,-0.54,14459,51743915.0,-145.45,-45.45,-0.1,0.33
2010-03-16,600809,-0.31,-0.34,-0.17,-0.44,6446,23301080.0,-84.38,-6.25,-0.02,0.15
2010-03-17,600809,-0.29,-0.13,-0.08,-0.36,12561,45904023.0,-82.35,61.76,0.21,0.29
2010-03-18,600809,-0.13,0.25,0.36,-0.15,27999,105420009.0,-392.31,292.31,0.38,0.65
2010-03-19,600809,0.35,0.26,0.42,0.0,15227,57012426.0,168.0,4.0,0.01,0.35
2010-03-22,600809,0.26,-0.05,0.28,-0.1,16237,60107437.0,146.15,-119.23,-0.31,0.38
2010-03-23,600809,0.03,0.0,0.08,-0.22,17179,63167400.0,-600.0,100.0,0.05,0.4
2010-03-24,600809,0.0,0.5,0.53,-0.05,32744,124259431.0,-81016.14,0.0,0.5,0.76
2010-03-25,600809,0.49,0.82,0.85,0.37,37846,148171842.0,96.0,64.0,0.32,0.87
2010-03-26,600809,0.82,0.82,0.9,0.57,20128,78933222.0,40.24,0.0,0.0,0.46
2010-03-29,600809,0.81,0.87,0.91,0.69,9237,36325803.0,26.83,6.1,0.05,0.21
2010-03-30,600809,0.9,0.92,1.07,0.74,10413,41230733.0,37.93,5.75,0.05,0.24
2010-03-31,600809,0.92,0.7,0.92,0.47,13725,53508616.0,48.91,-23.91,-0.22,0.32
2010-04-01,600809,0.71,0.79,0.85,0.61,10200,39882619.0,34.29,12.86,0.09,0.24
2010-04-02,600809,0.89,0.79,1.24,0.71,23989,94720829.0,67.09,0.0,0.0,0.55
2010-04-06,600809,0.82,0.69,0.82,0.5,12489,48410644.0,40.51,-12.66,-0.1,0.29
2010-04-07,600809,0.75,0.74,0.75,0.54,7100,27640471.0,30.43,7.25,0.05,0.16
2010-04-08,600809,0.84,0.99,1.1,0.64,27312,108996889.0,62.16,33.78,0.25,0.63
2010-04-09,600809,0.98,1.9,2.32,0.83,54768,228331980.0,150.51,91.92,0.91,1.27
2010-04-12,600809,1.89,3.0,3.04,1.89,49162,217189982.0,60.53,57.89,1.1,1.14
2010-04-13,600809,3.02,2.75,3.07,2.14,25514,114005893.0,31.0,-8.33,-0.25,0.59
2010-04-14,600809,2.67,3.52,4.01,2.32,24510,114751049.0,61.45,28.0,0.77,0.57
2010-04-15,600809,3.53,3.4,3.64,3.0,9575,44186680.0,18.18,-3.41,-0.12,0.22
2010-04-16,600809,3.39,3.61,3.85,2.85,23852,111770942.0,29.41,6.18,0.21,0.55
2010-04-19,600809,3.37,3.06,3.57,2.7,21889,99875022.0,24.1,-15.24,-0.55,0.51
2010-04-20,600809,2.8,3.83,3.89,2.8,38827,179600992.0,35.62,25.16,0.77,0.9
2010-04-21,600809,3.92,4.12,4.35,3.57,46307,223853456.0,20.37,7.57,0.29,1.07
2010-04-22,600809,3.95,3.78,4.24,3.57,21957,105083318.0,16.26,-8.25,-0.34,0.51
2010-04-23,600809,3.74,3.27,3.96,3.2,20234,94607924.0,20.11,-13.49,-0.51,0.47
2010-04-26,600809,3.28,3.44,3.53,2.97,27779,127792883.0,17.13,5.2,0.17,0.64
2010-04-27,600809,3.14,3.27,3.5,2.86,18220,83217689.0,18.6,-4.94,-0.17,0.42
2010-04-28,600809,3.04,2.6,3.5,2.18,32305,144043170.0,40.37,-20.49,-0.67,0.75
2010-04-29,600809,2.71,2.37,2.91,2.25,18610,82169721.0,25.38,-8.85,-0.23,0.43
2010-04-30,600809,2.04,2.67,2.75,2.04,16237,70615826.0,29.96,12.66,0.3,0.38
2010-05-04,600809,2.47,2.72,2.98,2.26,11346,50841092.0,26.97,1.87,0.05,0.26
2010-05-05,600809,2.72,2.96,3.21,2.53,14519,65858783.0,25.0,8.82,0.24,0.34
2010-05-06,600809,2.96,2.64,3.06,2.53,7191,32185828.0,17.91,-10.81,-0.32,0.17
2010-05-07,600809,2.49,2.5,2.73,1.89,8691,37768587.0,31.82,-5.3,-0.14,0.2
2010-05-10,600809,2.5,2.28,2.6,1.75,9316,40098992.0,34.0,-8.8,-0.22,0.22
2010-05-11,600809,2.48,1.67,2.57,1.42,13385,55971111.0,50.44,-26.75,-0.61,0.31
2010-05-12,600809,1.42,1.35,1.74,0.81,18982,76721060.0,55.69,-19.16,-0.32,0.44
2010-05-13,600809,1.36,2.11,2.31,1.09,8527,35541548.0,90.37,56.3,0.76,0.2
2010-05-14,600809,1.92,2.07,2.28,1.79,7543,32332512.0,23.22,-1.9,-0.04,0.17
2010-05-17,600809,1.91,1.31,1.97,1.16,18280,76098016.0,39.13,-36.71,-0.76,0.42
2010-05-19,600809,1.39,1.44,1.71,1.35,11065,45709477.0,27.48,9.92,0.13,0.26
2010-05-20,600809,1.44,1.73,1.91,1.32,13054,53987541.0,40.97,20.14,0.29,0.3
2010-05-21,600809,1.02,1.71,1.71,0.89,20071,83231904.0,47.4,-1.16,-0.02,0.46
2010-05-24,600809,1.71,2.12,2.25,1.71,15872,67778570.0,31.58,23.98,0.41,0.37
2010-05-25,600809,2.11,1.82,2.11,1.71,7740,32723764.0,18.87,-14.15,-0.3,0.18
2010-05-26,600809,1.72,1.52,1.85,1.32,11375,46857028.0,29.12,-16.48,-0.3,0.26
2010-05-27,600809,1.37,1.6,1.74,1.37,14185,58498477.0,24.34,5.26,0.08,0.33
2010-05-28,600809,1.64,1.92,1.94,1.55,20022,84141094.0,24.38,20.0,0.32,0.46
2010-05-31,600809,1.92,1.61,2.25,1.6,19150,81486711.0,33.85,-16.15,-0.31,0.44
2010-06-01,600809,1.39,1.35,1.6,0.67,40323,160284119.0,57.76,-16.15,-0.26,0.93
2010-06-02,600809,1.11,1.32,1.38,0.75,17084,68173268.0,46.67,-2.22,-0.03,0.39
2010-06-03,600809,1.38,1.27,1.42,1.14,8486,34470169.0,21.21,-3.79,-0.05,0.2
2010-06-04,600809,1.09,1.35,1.54,1.0,12221,49372706.0,42.52,6.3,0.08,0.28
2010-06-07,600809,1.17,1.84,2.01,1.0,34893,146155328.0,74.81,36.3,0.49,0.81
2010-06-08,600809,1.79,2.14,2.22,1.75,21493,92111269.0,25.54,16.3,0.3,0.5
2010-06-09,600809,2.2,2.69,2.79,2.16,31830,141143803.0,29.44,25.7,0.55,0.74
2010-06-10,600809,2.67,2.75,2.85,2.56,15537,69683300.0,10.78,2.23,0.06,0.36
2010-06-11,600809,2.85,2.65,2.89,2.59,9860,43871984.0,10.91,-3.64,-0.1,0.23
2010-06-17,600809,2.79,2.57,2.84,2.3,10299,45287435.0,20.38,-3.02,-0.08,0.24
2010-06-18,600809,2.32,2.0,2.69,1.51,15089,64174554.0,45.91,-22.18,-0.57,0.35
2010-06-21,600809,1.82,2.43,2.44,1.82,9615,41683369.0,31.0,21.5,0.43,0.22
2010-06-22,600809,2.59,2.49,2.59,2.32,6402,28093136.0,11.11,2.47,0.06,0.15
2010-06-23,600809,2.32,2.62,2.96,2.32,10538,47031739.0,25.7,5.22,0.13,0.24
2010-06-24,600809,2.61,2.92,3.06,2.61,8010,36167697.0,17.18,11.45,0.3,0.19
2010-06-25,600809,2.91,2.84,2.99,2.25,7145,31225170.0,25.34,-2.74,-0.08,0.17
2010-06-28,600809,2.68,2.31,2.85,2.23,6213,26795843.0,21.83,-18.66,-0.53,0.14
2010-06-29,600809,2.14,1.78,2.63,1.64,11339,47590952.0,42.86,-22.94,-0.53,0.26
2010-06-30,600809,1.71,1.61,1.89,1.46,12407,50844083.0,24.16,-9.55,-0.17,0.29
2010-07-01,600809,1.64,1.92,2.16,1.61,11420,48018198.0,34.16,19.25,0.31,0.26
2010-07-02,600809,1.96,2.14,2.16,1.17,9921,40857253.0,51.56,11.46,0.22,0.23
2010-07-05,600809,1.67,2.31,2.44,1.64,7449,31836390.0,37.38,7.94,0.17,0.17
2010-07-06,600809,2.17,2.68,2.85,2.17,12161,53519490.0,29.44,16.02,0.37,0.28
2010-07-07,600809,2.7,2.87,2.95,2.57,10095,44739477.0,14.18,7.09,0.19,0.23
2010-07-08,600809,2.87,3.07,3.35,2.87,9648,43764650.0,16.72,6.97,0.2,0.22
2010-07-09,600809,3.06,3.77,4.1,2.94,19232,89762861.0,37.79,22.8,0.7,0.44
2010-07-12,600809,3.73,3.38,3.91,3.28,12632,58544782.0,16.71,-10.34,-0.39,0.29
2010-07-13,600809,3.34,3.38,3.49,3.21,8779,40308359.0,8.28,0.0,0.0,0.2
2010-07-14,600809,3.38,3.33,3.61,3.24,8566,39548833.0,10.95,-1.48,-0.05,0.2
2010-07-15,600809,3.32,3.36,3.54,3.21,8603,39557512.0,9.91,0.9,0.03,0.2
2010-07-16,600809,3.31,3.3,3.39,2.78,10221,45997835.0,18.15,-1.79,-0.06,0.24
2010-07-19,600809,3.19,3.28,3.53,3.03,13526,61817484.0,15.15,-0.61,-0.02,0.31
2010-07-20,600809,3.2,3.14,3.28,2.94,32320,146031211.0,10.37,-4.27,-0.14,0.75
2010-07-21,600809,3.1,3.61,3.71,3.04,25610,118153546.0,21.34,14.97,0.47,0.59
2010-07-22,600809,3.61,3.68,3.88,3.57,18139,85002552.0,8.59,1.94,0.07,0.42
2010-07-23,600809,3.68,3.46,3.75,3.36,9753,45183186.0,10.6,-5.98,-0.22,0.23
2010-07-26,600809,3.44,4.08,4.17,3.44,22195,105473567.0,21.1,17.92,0.62,0.51
2010-07-27,600809,4.1,4.73,4.83,4.1,33082,163738011.0,17.89,15.93,0.65,0.76
2010-07-28,600809,4.7,4.75,4.77,4.37,15668,77616053.0,8.46,0.42,0.02,0.36
2010-07-29,600809,4.82,4.66,5.45,4.52,19573,98534704.0,19.58,-1.89,-0.09,0.45
2010-07-30,600809,4.52,4.39,4.67,4.31,8778,42990032.0,7.73,-5.79,-0.27,0.2
2010-08-02,600809,4.36,5.25,5.26,4.36,24622,125131220.0,20.5,19.59,0.86,0.57
2010-08-03,600809,5.3,5.1,5.49,4.92,15534,79342271.0,10.86,-2.86,-0.15,0.36
2010-08-04,600809,4.92,5.21,5.39,4.92,21010,107016988.0,9.22,2.16,0.11,0.49
2010-08-05,600809,5.2,5.65,6.04,5.17,19504,102367995.0,16.7,8.45,0.44,0.45
2010-08-06,600809,5.7,5.89,6.0,5.41,10675,56236514.0,10.44,4.25,0.24,0.25
2010-08-09,600809,5.93,5.77,6.05,5.57,12409,65610326.0,8.15,-2.04,-0.12,0.29
2010-08-10,600809,5.82,5.16,5.96,5.13,13658,70699716.0,14.38,-10.57,-0.61,0.32
2010-08-11,600809,5.11,5.62,5.65,5.0,10951,56291646.0,12.6,8.91,0.46,0.25
2010-08-12,600809,5.53,5.96,6.42,5.35,22860,122352796.0,19.04,6.05,0.34,0.53
2010-08-13,600809,6.0,6.23,6.32,5.78,9247,49447035.0,9.06,4.53,0.27,0.21
2010-08-16,600809,6.42,6.52,6.69,6.29,20089,110129214.0,6.42,4.65,0.29,0.46
2010-08-17,600809,6.46,6.53,6.69,6.29,11626,63345004.0,6.13,0.15,0.01,0.27
2010-08-18,600809,6.5,6.09,6.6,6.07,13113,71180191.0,8.12,-6.74,-0.44,0.3
2010-08-19,600809,6.07,6.14,6.59,6.07,12162,65752442.0,8.54,0.82,0.05,0.28
2010-08-20,600809,5.96,5.46,6.14,4.82,29248,152792569.0,21.5,-11.07,-0.68,0.68
2010-08-23,600809,5.48,5.85,5.94,5.48,11098,58135605.0,8.42,7.14,0.39,0.26
2010-08-24,600809,5.71,6.51,6.53,5.71,16288,88216434.0,14.02,11.28,0.66,0.38
2010-08-25,600809,6.56,6.52,6.67,6.26,8892,48697935.0,6.3,0.15,0.01,0.21
2010-08-26,600809,6.46,6.54,6.63,6.32,5643,30890010.0,4.75,0.31,0.02,0.13
2010-08-27,600809,6.53,6.92,6.98,6.4,12018,66545955.0,8.87,5.81,0.38,0.28
2010-08-30,600809,7.09,7.72,7.74,7.09,12237,70538243.0,9.39,11.56,0.8,0.28
2010-08-31,600809,7.67,7.7,7.8,7.5,8493,49193396.0,3.89,-0.26,-0.02,0.2
2010-09-01,600809,7.73,7.59,8.03,7.32,7595,43801719.0,9.22,-1.43,-0.11,0.18
2010-09-02,600809,7.73,7.76,7.78,7.5,12491,72440028.0,3.69,2.24,0.17,0.29
2010-09-03,600809,7.64,7.9,8.03,6.49,10025,58233893.0,19.85,1.8,0.14,0.23
2010-09-06,600809,7.85,8.13,8.31,7.82,12110,71795873.0,6.2,2.91,0.23,0.28
2010-09-07,600809,8.39,7.85,8.39,7.5,11108,64591473.0,10.95,-3.44,-0.28,0.26
2010-09-08,600809,7.57,7.87,7.94,7.57,5482,31989063.0,4.71,0.25,0.02,0.13
2010-09-09,600809,7.89,7.46,7.89,7.32,9133,52629920.0,7.24,-5.21,-0.41,0.21
2010-09-10,600809,7.46,7.97,8.03,7.34,12994,75483168.0,9.25,6.84,0.51,0.3
2010-09-13,600809,8.1,8.4,8.51,7.94,16351,98009190.0,7.15,5.4,0.43,0.38
2010-09-14,600809,8.39,9.23,10.0,8.26,17357,108811818.0,20.71,9.88,0.83,0.4
2010-09-15,600809,9.07,8.89,9.45,8.6,20976,128576635.0,9.21,-3.68,-0.34,0.48
2010-09-16,600809,9.1,8.72,9.1,8.28,7705,46838503.0,9.22,-1.91,-0.17,0.18
2010-09-17,600809,8.61,9.33,9.56,8.5,11961,74697229.0,12.16,7.0,0.61,0.28
2010-09-20,600809,9.41,9.52,9.71,9.28,13362,84711724.0,4.61,2.04,0.19,0.31
2010-09-21,600809,9.46,9.46,9.62,9.12,9865,62004532.0,5.25,-0.63,-0.06,0.23
2010-09-27,600809,9.46,9.61,9.64,8.85,13994,87352108.0,8.35,1.59,0.15,0.32
2010-09-28,600809,9.5,10.21,10.4,9.18,16610,106614271.0,12.7,6.24,0.6,0.38
2010-09-29,600809,10.35,10.86,11.65,10.21,17047,114241150.0,14.1,6.37,0.65,0.39
2010-09-30,600809,10.62,11.45,11.77,10.53,12744,86854596.0,11.42,5.43,0.59,0.29
2010-10-08,600809,11.56,13.39,13.57,11.56,22089,161312767.0,17.55,16.94,1.94,0.51
2010-10-11,600809,13.75,11.74,14.1,10.89,56754,399631461.0,23.97,-12.32,-1.65,1.31
2010-10-12,600809,11.42,11.56,11.99,10.89,26820,183879988.0,9.37,-1.53,-0.18,0.62
2010-10-13,600809,10.95,10.15,11.38,9.64,56263,366611514.0,15.05,-12.2,-1.41,1.3
2010-10-14,600809,10.17,9.81,10.17,8.96,38493,244094896.0,11.92,-3.35,-0.34,0.89
2010-10-15,600809,9.72,9.36,10.64,8.67,50209,317826657.0,20.08,-4.59,-0.45,1.16
2010-10-18,600809,9.35,10.06,10.09,8.21,50937,315501425.0,20.09,7.48,0.7,1.18
2010-10-19,600809,10.01,11.2,11.49,9.3,36691,243647607.0,21.77,11.33,1.14,0.85
2010-10-20,600809,10.7,11.22,12.39,10.36,32409,222278603.0,18.13,0.18,0.02,0.75
2010-10-21,600809,11.21,10.92,11.53,10.62,18323,123504485.0,8.11,-2.67,-0.3,0.42
2010-10-22,600809,10.92,11.19,11.25,10.71,22863,153641783.0,4.95,2.47,0.27,0.53
2010-10-25,600809,11.25,11.75,11.84,11.04,19271,132663342.0,7.15,5.0,0.56,0.45
2010-10-26,600809,11.47,10.86,11.75,10.62,30139,201908526.0,9.62,-7.57,-0.89,0.7
2010-10-27,600809,10.54,10.16,10.85,9.81,32161,208374163.0,9.58,-6.45,-0.7,0.74
2010-10-28,600809,10.14,10.22,10.57,10.0,25695,168303539.0,5.61,0.59,0.06,0.59
2010-10-29,600809,10.22,10.9,10.92,9.77,18824,122971815.0,11.25,6.65,0.68,0.43
2010-11-01,600809,10.91,11.46,11.95,10.54,25286,174316510.0,12.94,5.14,0.56,0.58
2010-11-02,600809,11.25,11.11,11.25,10.96,17043,115189283.0,2.53,-3.05,-0.35,0.39
2010-11-03,600809,11.1,11.78,12.16,10.99,35883,249630005.0,10.53,6.03,0.67,0.83
2010-11-04,600809,11.81,12.79,13.05,11.44,31195,223025795.0,13.67,8.57,1.01,0.72
2010-11-05,600809,12.76,12.63,13.2,12.34,17723,127912951.0,6.72,-1.25,-0.16,0.41
2010-11-08,600809,12.67,12.36,12.99,11.91,17712,124512351.0,8.55,-2.14,-0.27,0.41
2010-11-09,600809,12.36,12.75,12.77,11.96,17424,124048332.0,6.55,3.16,0.39,0.4
2010-11-10,600809,12.69,14.15,14.84,12.67,38531,290056789.0,17.02,10.98,1.4,0.89
2010-11-11,600809,14.12,13.75,14.64,13.52,20871,158306345.0,7.92,-2.83,-0.4,0.48
2010-11-12,600809,13.75,12.87,14.28,12.32,24339,179058751.0,14.25,-6.4,-0.88,0.56
2010-11-15,600809,12.75,15.42,15.42,12.75,42674,324372860.0,20.75,19.81,2.55,0.99
2010-11-16,600809,15.42,16.22,16.29,13.85,35827,286152050.0,15.82,5.19,0.8,0.83
2010-11-17,600809,15.53,14.1,16.24,13.3,34411,266615828.0,18.13,-13.07,-2.12,0.79
2010-11-18,600809,13.39,13.76,14.65,13.39,15325,114829080.0,8.94,-2.41,-0.34,0.35
2010-11-19,600809,14.46,15.01,15.39,13.82,23847,185249071.0,11.41,9.08,1.25,0.55
2010-11-22,600809,15.01,15.8,16.45,14.71,23713,192089471.0,11.59,5.26,0.79,0.55
2010-11-23,600809,15.52,15.76,15.98,14.81,16193,128740407.0,7.41,-0.25,-0.04,0.37
2010-11-24,600809,15.54,16.18,16.52,15.25,32114,262801476.0,8.06,2.66,0.42,0.74
2010-11-25,600809,16.21,15.75,16.25,15.73,18558,150992639.0,3.21,-2.66,-0.43,0.43
2010-11-26,600809,15.75,15.76,16.02,15.34,21694,174927814.0,4.32,0.06,0.01,0.5
2010-11-29,600809,15.76,15.43,15.98,14.57,37171,292790248.0,8.95,-2.09,-0.33,0.86
2010-11-30,600809,15.39,13.99,15.42,13.17,36140,275192201.0,14.58,-9.33,-1.44,0.83
2010-12-01,600809,13.42,14.02,14.34,13.38,15373,116098931.0,6.86,0.21,0.03,0.36
2010-12-02,600809,14.08,13.36,14.57,13.21,37669,280566933.0,9.7,-4.71,-0.66,0.87
2010-12-03,600809,13.35,13.02,13.36,12.4,28459,206331603.0,7.19,-2.54,-0.34,0.66
2010-12-06,600809,13.01,13.09,13.39,12.75,14182,103749401.0,4.92,0.54,0.07,0.33
2010-12-07,600809,13.1,13.84,13.89,12.36,21523,160552787.0,11.69,5.73,0.75,0.5
2010-12-08,600809,13.84,13.39,14.1,13.14,11770,87482289.0,6.94,-3.25,-0.45,0.27
2010-12-09,600809,13.39,12.37,13.44,12.25,18029,129270971.0,8.89,-7.62,-1.02,0.42
2010-12-10,600809,12.38,12.39,12.62,11.97,13110,92579735.0,5.25,0.16,0.02,0.3
2010-12-13,600809,12.6,12.75,12.78,12.14,22168,157894916.0,5.17,2.91,0.36,0.51
2010-12-14,600809,12.79,12.49,13.03,12.34,16624,119085778.0,5.41,-2.04,-0.26,0.38
2010-12-15,600809,12.53,12.79,13.14,12.39,29910,216730362.0,6.0,2.4,0.3,0.69
2010-12-16,600809,13.25,12.69,13.56,12.65,19863,145090168.0,7.11,-0.78,-0.1,0.46
2010-12-17,600809,12.7,11.6,12.84,11.53,37624,263041757.0,10.32,-8.59,-1.09,0.87
2010-12-20,600809,11.6,11.12,11.89,10.89,42403,287402993.0,8.62,-4.14,-0.48,0.98
2010-12-21,600809,11.1,11.21,11.32,10.87,38140,257452516.0,4.05,0.81,0.09,0.88
2010-12-22,600809,11.21,10.68,11.23,10.54,42585,285097976.0,6.16,-4.73,-0.53,0.98
2010-12-23,600809,10.75,10.71,10.87,10.39,18819,124896568.0,4.49,0.28,0.03,0.43
2010-12-24,600809,10.54,10.08,10.73,9.58,27901,180361251.0,10.74,-5.88,-0.63,0.64
2010-12-27,600809,9.93,10.58,11.0,9.93,28312,186512840.0,10.62,4.96,0.5,0.65
2010-12-28,600809,10.42,11.06,11.25,9.77,47438,313596101.0,13.99,4.54,0.48,1.1
2010-12-29,600809,11.06,11.63,11.7,10.81,25728,176753546.0,8.05,5.15,0.57,0.59
2010-12-30,600809,11.56,11.25,11.56,10.85,20860,141065869.0,6.1,-3.27,-0.38,0.48
2010-12-31,600809,11.32,11.44,11.82,11.17,20294,139956796.0,5.78,1.69,0.19,0.47
2011-01-04,600809,11.46,10.61,11.6,10.45,51246,340860107.0,10.05,-7.26,-0.83,1.18
2011-01-05,600809,10.5,9.89,10.5,9.59,50406,324237862.0,8.58,-6.79,-0.72,1.16
2011-01-06,600809,9.88,9.33,9.88,9.05,59328,370714340.0,8.39,-5.66,-0.56,1.37
2011-01-07,600809,9.32,9.63,9.67,9.0,29659,185369339.0,7.18,3.22,0.3,0.69
2011-01-10,600809,9.53,8.41,9.53,8.35,34616,211298141.0,12.25,-12.67,-1.22,0.8
2011-01-11,600809,8.25,8.88,8.96,7.72,33303,200050965.0,14.74,5.59,0.47,0.77
2011-01-12,600809,8.74,8.67,8.84,8.25,15379,92863521.0,6.64,-2.36,-0.21,0.36
2011-01-13,600809,8.61,9.16,9.42,8.45,34179,212083032.0,11.19,5.65,0.49,0.79
2011-01-14,600809,9.07,8.91,9.07,8.42,15051,91658142.0,7.1,-2.73,-0.25,0.35
2011-01-17,600809,8.54,8.16,9.02,7.32,24585,147502388.0,19.08,-8.42,-0.75,0.57
2011-01-18,600809,7.99,8.62,8.71,7.68,27171,163884428.0,12.62,5.64,0.46,0.63
2011-01-19,600809,8.67,8.92,8.92,8.48,18927,115389035.0,5.1,3.48,0.3,0.44
2011-01-20,600809,8.85,8.16,9.17,7.85,15354,92726235.0,14.8,-8.52,-0.76,0.35
2011-01-21,600809,7.78,7.81,8.16,7.2,38896,223183402.0,11.76,-4.29,-0.35,0.9
2011-01-24,600809,7.66,6.74,7.66,6.54,39473,218872777.0,14.34,-13.7,-1.07,0.91
2011-01-25,600809,6.52,6.24,6.52,5.75,31511,168963974.0,11.42,-7.42,-0.5,0.73
2011-01-26,600809,6.24,6.33,6.78,6.14,20467,111565167.0,10.26,1.44,0.09,0.47
2011-01-27,600809,6.14,6.6,6.8,5.93,22188,121679054.0,13.74,4.27,0.27,0.51
2011-01-28,600809,6.62,7.23,7.28,6.61,17630,98910215.0,10.15,9.55,0.63,0.41
2011-01-31,600809,7.2,7.22,7.39,6.96,11506,65088295.0,5.95,-0.14,-0.01,0.27
2011-02-01,600809,7.14,7.29,7.32,6.92,10673,60211406.0,5.54,0.97,0.07,0.25
2011-02-09,600809,7.02,7.17,7.5,6.96,9993,56620111.0,7.41,-1.65,-0.12,0.23
2011-02-10,600809,7.17,8.27,8.36,7.01,24597,143389737.0,18.83,15.34,1.1,0.57
2011-02-11,600809,8.17,8.76,9.08,8.04,33191,202497352.0,12.58,5.93,0.49,0.77
2011-02-14,600809,8.74,9.06,9.1,8.6,30994,189335331.0,5.71,3.42,0.3,0.72
2011-02-15,600809,8.99,8.67,9.26,8.52,32474,198880520.0,8.17,-4.3,-0.39,0.75
2011-02-16,600809,8.71,8.5,8.71,8.24,24858,149267857.0,5.42,-1.96,-0.17,0.57
2011-02-17,600809,8.59,8.47,8.7,8.27,16344,98464980.0,5.06,-0.35,-0.03,0.38
2011-02-18,600809,8.39,9.59,9.68,8.21,56739,354472611.0,17.36,13.22,1.12,1.31
2011-02-21,600809,9.53,10.0,10.0,8.93,34087,214880284.0,11.16,4.28,0.41,0.79
2011-02-22,600809,9.82,8.76,9.82,8.7,40277,249470939.0,11.2,-12.4,-1.24,0.93
2011-02-23,600809,8.6,8.56,8.83,8.28,17953,107992250.0,6.28,-2.28,-0.2,0.41
2011-02-24,600809,8.46,8.34,8.64,8.23,16022,96190820.0,4.79,-2.57,-0.22,0.37
2011-02-25,600809,8.5,8.39,8.58,8.37,9220,55511761.0,2.52,0.6,0.05,0.21
2011-02-28,600809,8.34,7.97,8.46,7.88,25995,153033254.0,6.91,-5.01,-0.42,0.6
2011-03-01,600809,7.99,8.26,8.4,7.97,15180,89917862.0,5.4,3.64,0.29,0.35
2011-03-02,600809,8.18,7.81,8.18,7.78,23627,138640102.0,4.84,-5.45,-0.45,0.55
2011-03-03,600809,7.9,7.19,8.1,6.96,24728,142482474.0,14.6,-7.94,-0.62,0.57
2011-03-04,600809,7.19,7.74,7.85,6.89,26302,149601932.0,13.35,7.65,0.55,0.61
2011-03-07,600809,7.92,8.07,8.15,7.8,22239,131022657.0,4.52,4.26,0.33,0.51
2011-03-08,600809,8.03,7.91,8.08,7.42,20011,115924146.0,8.18,-1.98,-0.16,0.46
2011-03-09,600809,7.95,7.59,8.01,7.52,16104,93435130.0,6.19,-4.05,-0.32,0.37
2011-03-10,600809,7.6,8.76,8.96,7.48,51791,312982718.0,19.5,15.42,1.17,1.2
2011-03-11,600809,8.71,8.31,8.85,8.28,36626,221748391.0,6.51,-5.14,-0.45,0.85
2011-03-14,600809,8.32,8.67,8.74,8.21,19867,119689103.0,6.38,4.33,0.36,0.46
2011-03-15,600809,8.74,8.63,8.96,8.07,29413,178863525.0,10.27,-0.46,-0.04,0.68
2011-03-16,600809,8.51,9.34,9.63,8.42,48484,304499984.0,14.02,8.23,0.71,1.12
2011-03-17,600809,9.37,9.44,9.6,8.73,35289,221206862.0,9.31,1.07,0.1,0.82
2011-03-18,600809,9.47,9.4,9.67,9.07,10949,68566719.0,6.36,-0.42,-0.04,0.25
2011-03-21,600809,9.45,9.39,9.67,8.75,25314,157539573.0,9.79,-0.11,-0.01,0.58
2011-03-22,600809,9.39,8.35,9.39,8.32,28567,172529874.0,11.4,-11.08,-1.04,0.66
2011-03-23,600809,8.34,7.94,8.34,7.7,40866,239238551.0,7.66,-4.91,-0.41,0.94
2011-03-24,600809,7.94,8.05,8.46,7.89,30301,180472066.0,7.18,1.39,0.11,0.7
2011-03-25,600809,8.42,9.26,9.52,8.42,62055,385612331.0,13.66,15.03,1.21,1.43
2011-03-28,600809,9.35,8.6,9.67,8.57,30027,186095747.0,11.88,-7.13,-0.66,0.69
2011-03-29,600809,8.86,8.24,9.2,8.01,26790,161841320.0,13.84,-4.19,-0.36,0.62
2011-03-30,600809,8.25,8.38,8.66,8.11,10828,64825055.0,6.67,1.7,0.14,0.25
2011-03-31,600809,8.3,8.92,9.03,8.27,27974,171483635.0,9.07,6.44,0.54,0.65
2011-04-01,600809,8.85,8.77,8.89,8.55,19397,118170878.0,3.81,-1.68,-0.15,0.45
2011-04-06,600809,8.65,8.39,8.65,8.02,26288,156871310.0,7.18,-4.33,-0.38,0.61
2011-04-07,600809,8.39,8.32,8.5,7.87,15129,89420065.0,7.51,-0.83,-0.07,0.35
2011-04-08,600809,8.28,9.01,9.03,8.16,27000,164829767.0,10.46,8.29,0.69,0.62
2011-04-11,600809,9.07,9.4,9.5,8.89,28169,175805811.0,6.77,4.33,0.39,0.65
2011-04-12,600809,9.3,9.54,10.17,9.3,48297,310205095.0,9.26,1.49,0.14,1.12
2011-04-13,600809,9.56,10.45,10.74,9.53,62224,405777856.0,12.68,9.54,0.91,1.44
2011-04-14,600809,10.49,10.51,10.71,10.2,31814,209356931.0,4.88,0.57,0.06,0.73
2011-04-15,600809,10.53,9.9,10.63,9.6,26780,172562537.0,9.8,-5.8,-0.61,0.62
2011-04-18,600809,9.89,10.38,10.44,9.5,18435,118548657.0,9.49,4.85,0.48,0.43
2011-04-19,600809,10.19,10.97,11.96,10.03,48987,328047925.0,18.59,5.68,0.59,1.13
2011-04-20,600809,10.91,11.01,11.74,10.8,40889,279446686.0,8.57,0.36,0.04,0.94
2011-04-21,600809,11.03,10.98,11.25,10.82,20842,140456552.0,3.91,-0.27,-0.03,0.48
2011-04-22,600809,11.32,10.94,11.74,10.84,24994,170767618.0,8.2,-0.36,-0.04,0.58
2011-04-25,600809,11.16,11.67,12.03,11.09,49846,345575178.0,8.59,6.67,0.73,1.15
2011-04-26,600809,11.78,11.61,11.96,11.42,18961,131198929.0,4.63,-0.51,-0.06,0.44
2011-04-27,600809,11.66,11.31,12.24,10.9,22678,156936913.0,11.54,-2.58,-0.3,0.52
2011-04-28,600809,11.25,10.21,11.35,10.18,21757,143949042.0,10.34,-9.73,-1.1,0.5
2011-04-29,600809,10.17,11.08,11.13,10.0,23139,154519885.0,11.07,8.52,0.87,0.53
2011-05-03,600809,11.08,11.32,11.42,10.73,13254,89839023.0,6.23,2.17,0.24,0.31
2011-05-04,600809,11.2,11.32,11.6,11.0,21063,144316652.0,5.3,0.0,0.0,0.49
2011-05-05,600809,11.32,11.51,11.74,11.11,16024,110541731.0,5.57,1.68,0.19,0.37
2011-05-06,600809,11.59,11.51,11.59,10.92,22393,152395406.0,5.82,0.0,0.0,0.52
2011-05-09,600809,11.51,11.32,11.92,11.02,15702,107462576.0,7.82,-1.65,-0.19,0.36
2011-05-10,600809,10.92,11.16,11.32,10.75,21629,145025087.0,5.04,-1.41,-0.16,0.5
2011-05-11,600809,11.07,11.46,11.71,11.01,25452,174935585.0,6.27,2.69,0.3,0.59
2011-05-12,600809,11.35,12.49,12.6,11.29,39645,279860358.0,11.43,8.99,1.03,0.92
2011-05-13,600809,12.32,12.31,12.46,12.04,14287,101198979.0,3.36,-1.44,-0.18,0.33
2011-05-16,600809,12.31,12.43,12.5,11.78,15104,106306786.0,5.85,0.97,0.12,0.35
2011-05-17,600809,12.32,11.96,12.37,11.92,12554,88364437.0,3.62,-3.78,-0.47,0.29
2011-05-19,600809,12.5,12.56,12.96,12.37,33187,239021396.0,4.93,5.02,0.6,0.77
2011-05-20,600809,12.59,12.32,12.64,12.2,13140,93496694.0,3.5,-1.91,-0.24,0.3
2011-05-23,600809,12.32,11.35,12.42,11.32,20608,142669443.0,8.93,-7.87,-0.97,0.48
2011-05-24,600809,11.28,11.02,11.52,10.89,21843,147300850.0,5.55,-2.91,-0.33,0.5
2011-05-25,600809,10.95,11.09,11.47,10.89,17763,120652286.0,5.26,0.64,0.07,0.41
2011-05-26,600809,11.28,11.54,11.6,11.1,17038,116617514.0,4.51,4.06,0.45,0.39
2011-05-27,600809,11.42,10.89,11.54,10.67,14459,96972857.0,7.54,-5.63,-0.65,0.33
2011-05-30,600809,10.71,11.26,11.27,10.24,8995,60671533.0,9.46,3.4,0.37,0.21
2011-05-31,600809,11.26,11.18,11.42,11.0,8316,56264998.0,3.73,-0.71,-0.08,0.19
2011-06-01,600809,11.01,11.95,11.96,10.89,13528,93686249.0,9.57,6.89,0.77,0.31
2011-06-02,600809,11.75,11.62,12.06,11.25,14152,97440956.0,6.78,-2.76,-0.33,0.33
2011-06-03,600809,11.53,12.09,12.23,11.45,17685,124281092.0,6.71,4.04,0.47,0.41
2011-06-07,600809,12.07,11.96,12.39,11.6,15487,108209463.0,6.53,-1.08,-0.13,0.36
2011-06-08,600809,11.96,11.9,11.99,11.61,11342,79030724.0,3.18,-0.5,-0.06,0.26
2011-06-09,600809,11.88,11.11,11.92,11.02,13886,94798026.0,7.56,-6.64,-0.79,0.32
2011-06-10,600809,11.01,11.15,11.3,11.0,7214,48872277.0,2.7,0.36,0.04,0.17
2011-06-13,600809,10.98,10.46,10.98,10.35,12320,81367028.0,5.65,-6.19,-0.69,0.28
2011-06-14,600809,10.5,10.59,10.76,10.37,9174,60622653.0,3.73,1.24,0.13,0.21
2011-06-15,600809,10.59,10.64,10.76,10.28,18175,120073074.0,4.53,0.47,0.05,0.42
2011-06-16,600809,10.34,10.28,10.63,10.18,11018,72142965.0,4.23,-3.38,-0.36,0.25
2011-06-17,600809,10.29,10.15,10.42,10.0,9911,64451075.0,4.09,-1.26,-0.13,0.23
2011-06-20,600809,10.0,9.98,10.15,9.59,26727,170620125.0,5.52,-1.67,-0.17,0.62
2011-06-21,600809,9.86,10.37,10.39,9.79,11135,72172077.0,6.01,3.91,0.39,0.26
2011-06-22,600809,10.5,10.77,10.92,10.25,15207,100630264.0,6.46,3.86,0.4,0.35
2011-06-23,600809,10.71,10.95,10.95,10.61,14038,93075656.0,3.16,1.67,0.18,0.32
2011-06-24,600809,11.0,11.12,11.31,10.99,15736,105999489.0,2.92,1.55,0.17,0.36
2011-06-27,600809,11.14,11.27,11.38,11.14,10811,73008517.0,2.16,1.35,0.15,0.25
2011-06-28,600809,11.32,12.24,12.29,11.07,27474,190710370.0,10.83,8.61,0.97,0.63
2011-06-29,600809,12.14,11.98,12.32,11.78,11359,79212061.0,4.41,-2.12,-0.26,0.26
2011-06-30,600809,11.97,12.16,12.45,11.9,11196,78637149.0,4.59,1.5,0.18,0.26
2011-07-01,600809,12.31,12.33,12.45,12.0,18725,131479197.0,3.7,1.4,0.17,0.43
2011-07-04,600809,12.35,12.31,12.59,12.14,16541,116732334.0,3.65,-0.16,-0.02,0.38
2011-07-05,600809,12.28,12.14,12.47,12.07,19242,135580417.0,3.25,-1.38,-0.17,0.44
2011-07-06,600809,11.99,13.09,13.46,11.85,25871,186204972.0,13.26,7.83,0.95,0.6
2011-07-07,600809,13.21,13.32,13.71,13.16,23781,174841777.0,4.2,1.76,0.23,0.55
2011-07-08,600809,13.21,13.39,13.64,13.21,8414,61910939.0,3.23,0.53,0.07,0.19
2011-07-11,600809,13.32,14.53,14.77,13.32,34797,263785397.0,10.83,8.51,1.14,0.8
2011-07-12,600809,14.29,14.98,15.7,14.29,33600,263930987.0,9.7,3.1,0.45,0.78
2011-07-13,600809,14.93,15.38,15.39,14.61,22448,174936114.0,5.21,2.67,0.4,0.52
2011-07-14,600809,15.35,14.99,15.35,14.34,25011,193703696.0,6.57,-2.54,-0.39,0.58
2011-07-15,600809,14.62,14.75,15.3,14.53,18858,146305753.0,5.14,-1.6,-0.24,0.44
2011-07-18,600809,14.75,15.67,15.78,14.75,25067,198713741.0,6.98,6.24,0.92,0.58
2011-07-19,600809,15.64,14.99,15.78,14.64,12814,100867685.0,7.28,-4.34,-0.68,0.3
2011-07-20,600809,15.34,15.14,15.64,14.85,10710,84069371.0,5.27,1.0,0.15,0.25
2011-07-21,600809,15.34,15.35,16.0,15.25,32483,259602323.0,4.95,1.39,0.21,0.75
2011-07-22,600809,15.27,15.89,16.15,15.27,20022,160979693.0,5.73,3.52,0.54,0.46
2011-07-25,600809,15.76,15.34,16.14,15.1,21709,172768074.0,6.54,-3.46,-0.55,0.5
2011-07-26,600809,15.17,14.95,15.38,14.53,15943,124074763.0,5.54,-2.54,-0.39,0.37
2011-07-27,600809,14.97,15.47,15.67,14.77,17407,136530801.0,6.02,3.48,0.52,0.4
2011-07-28,600809,15.1,15.95,15.96,15.0,15611,124659555.0,6.21,3.1,0.48,0.36
2011-07-29,600809,16.02,15.61,16.02,15.53,7093,56934717.0,3.07,-2.13,-0.34,0.16
2011-08-01,600809,15.7,15.03,15.7,14.78,14698,114841477.0,5.89,-3.72,-0.58,0.34
2011-08-02,600809,14.99,14.48,15.0,14.29,28437,217699964.0,4.72,-3.66,-0.55,0.66
2011-08-03,600809,14.46,15.29,15.44,14.44,14679,115171965.0,6.91,5.59,0.81,0.34
2011-08-04,600809,15.39,15.76,15.95,15.39,17322,138601442.0,3.66,3.07,0.47,0.4
2011-08-05,600809,15.14,16.1,16.3,15.0,16028,129167750.0,8.25,2.16,0.34,0.37
2011-08-08,600809,15.79,15.84,16.85,15.21,29080,236782962.0,10.19,-1.61,-0.26,0.67
2011-08-09,600809,15.49,16.58,16.82,14.7,34994,279265706.0,13.38,4.67,0.74,0.81
2011-08-10,600809,16.85,17.49,17.55,16.49,26956,225918213.0,6.39,5.49,0.91,0.62
2011-08-11,600809,17.14,17.68,18.03,17.14,25282,216835484.0,5.09,1.09,0.19,0.58
2011-08-12,600809,17.67,18.89,19.1,17.42,27348,239879865.0,9.5,6.84,1.21,0.63
2011-08-15,600809,19.1,18.15,19.27,18.07,27769,242745572.0,6.35,-3.92,-0.74,0.64
2011-08-16,600809,18.14,17.83,18.5,17.42,24655,212094596.0,5.95,-1.76,-0.32,0.57
2011-08-17,600809,17.76,17.91,18.39,17.76,12810,110750769.0,3.53,0.45,0.08,0.3
2011-08-18,600809,17.85,17.13,18.02,17.06,16607,140190606.0,5.36,-4.36,-0.78,0.38
2011-08-19,600809,16.78,17.85,17.88,16.74,15194,127478273.0,6.65,4.2,0.72,0.35
2011-08-22,600809,17.92,16.62,17.95,16.6,16717,141183550.0,7.56,-6.89,-1.23,0.39
2011-08-23,600809,16.63,16.85,17.14,16.26,19599,161606233.0,5.29,1.38,0.23,0.45
2011-08-24,600809,16.85,17.13,17.2,16.62,6154,51392952.0,3.44,1.66,0.28,0.14
2011-08-25,600809,17.23,17.2,17.41,16.49,12799,106982958.0,5.37,0.41,0.07,0.3
2011-08-26,600809,17.0,17.22,17.38,17.0,7581,63729584.0,2.21,0.12,0.02,0.18
2011-08-29,600809,17.21,17.47,17.68,16.87,13990,118074321.0,4.7,1.45,0.25,0.32
2011-08-30,600809,17.49,17.11,18.03,17.07,13621,116282299.0,5.5,-2.06,-0.36,0.31
2011-08-31,600809,17.39,17.0,17.59,16.52,17168,143153243.0,6.25,-0.64,-0.11,0.4
2011-09-01,600809,17.01,15.85,17.01,15.56,27463,222899074.0,8.53,-6.76,-1.15,0.63
2011-09-02,600809,15.84,15.98,16.25,15.71,24117,194462729.0,3.41,0.82,0.13,0.56
2011-09-05,600809,15.82,15.77,16.05,15.57,9624,77205675.0,3.0,-1.31,-0.21,0.22
2011-09-06,600809,15.67,15.52,15.88,14.85,12955,102447259.0,6.53,-1.59,-0.25,0.3
2011-09-07,600809,15.77,15.86,15.92,15.36,7356,58839408.0,3.61,2.19,0.34,0.17
2011-09-08,600809,16.0,15.6,16.14,15.54,6383,51318653.0,3.78,-1.64,-0.26,0.15
2011-09-09,600809,15.57,15.01,15.96,14.98,11978,94801369.0,6.28,-3.78,-0.59,0.28
2011-09-13,600809,14.58,14.31,15.0,13.75,14328,108897265.0,8.33,-4.66,-0.7,0.33
2011-09-14,600809,14.31,14.69,14.74,13.53,14840,111290469.0,8.46,2.66,0.38,0.34
2011-09-15,600809,14.62,14.98,15.17,14.33,10677,83266284.0,5.72,1.97,0.29,0.25
2011-09-16,600809,15.14,15.66,15.7,15.0,7861,62305736.0,4.67,4.54,0.68,0.18
2011-09-19,600809,15.63,15.44,15.67,15.06,5443,42971019.0,3.9,-1.4,-0.22,0.13
2011-09-20,600809,15.57,15.69,16.01,15.1,7745,61771376.0,5.89,1.62,0.25,0.18
2011-09-21,600809,15.84,15.98,16.02,15.46,10343,82879305.0,3.57,1.85,0.29,0.24
2011-09-22,600809,15.92,14.54,15.92,14.35,7534,59045051.0,9.82,-9.01,-1.44,0.17
2011-09-23,600809,14.24,14.29,14.81,13.35,17016,127795863.0,10.04,-1.72,-0.25,0.39
2011-09-26,600809,13.57,13.46,14.3,13.35,8555,63602106.0,6.65,-5.81,-0.83,0.2
2011-09-27,600809,13.78,13.09,13.88,12.43,30220,218474396.0,10.77,-2.75,-0.37,0.7
2011-09-28,600809,13.14,13.15,13.21,12.71,12770,92669441.0,3.82,0.46,0.06,0.29
2011-09-29,600809,12.86,13.14,13.39,12.85,7593,55310925.0,4.11,-0.08,-0.01,0.18
2011-09-30,600809,13.14,12.93,13.37,12.86,18008,131335983.0,3.88,-1.6,-0.21,0.42
2011-10-10,600809,12.95,10.36,12.95,10.35,77651,517253168.0,20.11,-19.88,-2.57,1.79
2011-10-11,600809,10.71,10.25,10.89,9.69,40658,261195854.0,11.58,-1.06,-0.11,0.94
2011-10-12,600809,10.0,10.61,10.63,9.73,19524,126980119.0,8.78,3.51,0.36,0.45
2011-10-13,600809,10.51,10.95,11.25,9.95,38445,251998399.0,12.25,3.2,0.34,0.89
2011-10-14,600809,10.71,10.5,10.81,10.15,19944,130622368.0,6.03,-4.11,-0.45,0.46
2011-10-17,600809,10.45,10.95,11.15,10.45,18688,124640669.0,6.67,4.29,0.45,0.43
2011-10-18,600809,10.74,10.2,11.07,10.09,18577,121780457.0,8.95,-6.85,-0.75,0.43
2011-10-19,600809,10.01,9.98,10.53,9.85,13351,86289713.0,6.67,-2.16,-0.22,0.31
2011-10-20,600809,9.9,9.34,9.98,9.28,12499,78319393.0,7.01,-6.41,-0.64,0.29
2011-10-21,600809,9.26,9.61,9.84,8.42,17360,107084365.0,15.2,2.89,0.27,0.4
2011-10-24,600809,9.6,10.07,10.07,9.24,10708,67664942.0,8.64,4.79,0.46,0.25
2011-10-25,600809,10.1,11.08,11.37,9.71,23535,155083528.0,16.48,10.03,1.01,0.54
2011-10-26,600809,11.07,11.07,11.26,10.76,15348,102976998.0,4.51,-0.09,-0.01,0.35
2011-10-27,600809,11.06,11.03,11.3,10.75,3999,26797272.0,4.97,-0.36,-0.04,0.09
2011-10-28,600809,11.21,11.47,11.6,11.07,10852,73661320.0,4.81,3.99,0.44,0.25
2011-10-31,600809,11.47,11.2,11.75,11.14,12305,83329936.0,5.32,-2.35,-0.27,0.28
2011-11-01,600809,11.17,11.04,11.24,10.95,12827,85865339.0,2.59,-1.43,-0.16,0.3
2011-11-02,600809,10.85,11.82,12.03,10.55,9220,62518374.0,13.41,7.07,0.78,0.21
2011-11-03,600809,12.03,11.83,12.31,11.78,15315,106788187.0,4.48,0.08,0.01,0.35
2011-11-04,600809,12.01,11.6,12.14,11.55,7441,51490493.0,4.99,-1.94,-0.23,0.17
2011-11-07,600809,11.43,11.39,11.78,11.34,7974,54598412.0,3.79,-1.81,-0.21,0.18
2011-11-08,600809,11.34,11.75,11.96,11.34,11199,77046022.0,5.44,3.16,0.36,0.26
2011-11-09,600809,11.89,12.67,12.89,11.79,11013,77440420.0,9.36,7.83,0.92,0.25
2011-11-10,600809,12.37,12.46,12.65,12.26,11454,81133171.0,3.08,-1.66,-0.21,0.26
2011-11-11,600809,12.45,12.08,12.6,12.03,7180,50636435.0,4.57,-3.05,-0.38,0.17
2011-11-14,600809,12.12,12.31,12.56,12.04,7884,55791541.0,4.3,1.9,0.23,0.18
2011-11-15,600809,12.31,12.33,12.6,12.31,8112,57566135.0,2.36,0.16,0.02,0.19
2011-11-16,600809,12.32,11.91,12.59,11.31,13075,89989594.0,10.38,-3.41,-0.42,0.3
2011-11-17,600809,11.77,11.66,11.88,11.51,4183,28775053.0,3.11,-2.1,-0.25,0.1
2011-11-18,600809,11.44,11.1,11.66,11.09,6387,43211067.0,4.89,-4.8,-0.56,0.15
2011-11-21,600809,11.07,11.67,11.7,11.07,5099,34820619.0,5.68,5.14,0.57,0.12
2011-11-22,600809,11.51,11.92,12.12,11.51,8448,58547927.0,5.23,2.14,0.25,0.2
2011-11-23,600809,11.92,12.5,12.55,11.64,12964,90899764.0,7.63,4.87,0.58,0.3
2011-11-24,600809,12.39,12.37,12.43,12.07,8106,57070580.0,2.88,-1.04,-0.13,0.19
2011-11-25,600809,12.37,13.14,13.28,12.16,24756,178782900.0,9.05,6.22,0.77,0.57
2011-11-28,600809,13.12,12.96,13.47,12.79,19046,138563115.0,5.18,-1.37,-0.18,0.44
2011-11-29,600809,13.09,12.66,13.2,12.53,12878,92445639.0,5.17,-2.31,-0.3,0.3
2011-11-30,600809,12.6,12.14,12.85,11.81,9886,69850441.0,8.21,-4.11,-0.52,0.23
2011-12-01,600809,12.6,12.31,12.75,12.15,13137,92934188.0,4.94,1.4,0.17,0.3
2011-12-02,600809,12.17,12.25,12.67,12.07,11450,80754924.0,4.87,-0.49,-0.06,0.26
2011-12-05,600809,12.15,11.44,12.35,10.55,21438,144967991.0,14.69,-6.61,-0.81,0.5
2011-12-06,600809,11.07,11.06,11.17,10.7,13792,91671039.0,4.11,-3.32,-0.38,0.32
2011-12-07,600809,10.75,11.06,11.07,10.66,6390,42523018.0,3.71,0.0,0.0,0.15
2011-12-08,600809,10.95,11.07,11.4,10.79,4905,32975143.0,5.52,0.09,0.01,0.11
2011-12-09,600809,10.92,10.1,11.19,9.91,16560,107757152.0,11.56,-8.76,-0.97,0.38
2011-12-12,600809,10.0,10.11,10.31,9.64,8811,56036607.0,6.63,0.1,0.01,0.2
2011-12-13,600809,10.12,9.72,10.12,9.48,9426,59518648.0,6.33,-3.86,-0.39,0.22
2011-12-14,600809,9.62,9.55,9.89,9.29,7030,44185882.0,6.17,-1.75,-0.17,0.16
2011-12-15,600809,9.14,9.45,9.6,9.07,6725,41975905.0,5.55,-1.05,-0.1,0.16
2011-12-16,600809,9.57,10.12,10.22,9.46,7857,50110610.0,8.04,7.09,0.67,0.18
2011-12-19,600809,10.11,10.57,10.81,9.5,8601,55118580.0,12.94,4.45,0.45,0.2
2011-12-20,600809,10.7,10.35,10.77,10.07,5629,36511955.0,6.62,-2.08,-0.22,0.13
2011-12-21,600809,10.48,9.96,10.48,9.64,3390,21677871.0,8.12,-3.77,-0.39,0.08
2011-12-22,600809,9.7,9.92,10.21,9.51,5316,33686389.0,7.03,-0.4,-0.04,0.12
2011-12-23,600809,9.89,9.97,10.17,9.67,3770,24040414.0,5.04,0.5,0.05,0.09
2011-12-26,600809,9.52,9.7,9.92,8.92,13274,82271118.0,10.03,-2.71,-0.27,0.31
2011-12-27,600809,9.63,8.63,9.63,8.57,10698,65235952.0,10.93,-11.03,-1.07,0.25
2011-12-28,600809,8.6,8.21,8.71,7.5,25611,148973531.0,14.02,-4.87,-0.42,0.59
2011-12-29,600809,7.84,8.39,8.75,7.84,11183,66750455.0,11.08,2.19,0.18,0.26
2011-12-30,600809,8.41,9.69,9.74,8.34,13375,82030697.0,16.69,15.49,1.3,0.31
2012-01-04,600809,9.64,7.78,9.65,7.62,28903,169595658.0,20.95,-19.71,-1.91,0.67
2012-01-05,600809,7.5,6.8,7.67,6.42,29989,166460697.0,16.07,-12.6,-0.98,0.69
2012-01-06,600809,6.54,6.31,6.77,6.11,22195,119255443.0,9.71,-7.21,-0.49,0.51
2012-01-09,600809,6.32,6.64,6.64,5.99,28933,154934010.0,10.3,5.23,0.33,0.67
2012-01-10,600809,6.6,7.5,7.81,6.35,22097,124781650.0,21.99,12.95,0.86,0.51
2012-01-11,600809,7.67,7.74,7.8,7.33,19813,113243613.0,6.27,3.2,0.24,0.46
2012-01-12,600809,7.69,7.1,7.69,7.1,14761,83587622.0,7.62,-8.27,-0.64,0.34
2012-01-13,600809,7.31,6.42,7.34,6.2,21066,114247745.0,16.06,-9.58,-0.68,0.49
2012-01-16,600809,6.37,5.27,6.37,5.12,20212,104302534.0,19.47,-17.91,-1.15,0.47
2012-01-17,600809,5.01,5.95,6.01,5.0,16671,85971420.0,19.17,12.9,0.68,0.39
2012-01-18,600809,5.93,5.57,6.03,5.53,10177,52794463.0,8.4,-6.39,-0.38,0.24
2012-01-19,600809,5.81,6.01,6.25,5.36,9718,51270132.0,15.98,7.9,0.44,0.22
2012-01-20,600809,6.04,6.55,6.67,6.04,9547,51811094.0,10.48,8.99,0.54,0.22
2012-01-30,600809,6.6,6.17,6.6,6.0,9043,48156771.0,9.16,-5.8,-0.38,0.21
2012-01-31,600809,6.38,6.77,6.78,6.0,15256,82731943.0,12.64,9.72,0.6,0.35
2012-02-01,600809,6.77,6.77,7.29,6.39,19460,108194906.0,13.29,0.0,0.0,0.45
2012-02-02,600809,6.77,7.04,7.06,6.45,7825,42876073.0,9.01,3.99,0.27,0.18
2012-02-03,600809,7.03,7.5,7.56,7.03,15266,86180407.0,7.53,6.53,0.46,0.35
2012-02-06,600809,7.55,8.06,8.22,7.25,17390,100561510.0,12.93,7.47,0.56,0.4
2012-02-07,600809,8.03,7.71,8.03,7.6,13088,75567268.0,5.33,-4.34,-0.35,0.3
2012-02-08,600809,7.71,8.27,8.28,7.5,9953,57927817.0,10.12,7.26,0.56,0.23
2012-02-09,600809,8.21,8.35,8.52,7.86,12659,75129277.0,7.98,0.97,0.08,0.29
2012-02-10,600809,8.35,8.21,8.42,8.07,7711,45524383.0,4.19,-1.68,-0.14,0.18
2012-02-13,600809,7.98,8.51,8.96,7.9,10675,63593265.0,12.91,3.65,0.3,0.25
2012-02-14,600809,8.5,8.82,9.21,8.23,16227,98556750.0,11.52,3.64,0.31,0.37
2012-02-15,600809,8.84,9.51,9.64,8.84,14688,90887167.0,9.07,7.82,0.69,0.34
2012-02-16,600809,9.49,9.26,9.84,9.05,10160,63296039.0,8.31,-2.63,-0.25,0.23
2012-02-17,600809,9.28,9.04,9.56,8.99,5284,32694724.0,6.16,-2.38,-0.22,0.12
2012-02-20,600809,9.24,8.66,9.49,8.57,9909,60431831.0,10.18,-4.2,-0.38,0.23
2012-02-21,600809,8.75,9.64,9.81,8.57,10812,66797379.0,14.32,11.32,0.98,0.25
2012-02-22,600809,9.65,9.65,9.7,9.34,9761,61241385.0,3.73,0.1,0.01,0.23
2012-02-23,600809,9.61,9.54,9.63,9.28,10390,64780464.0,3.63,-1.14,-0.11,0.24
2012-02-24,600809,9.56,10.42,10.53,9.56,19043,122786077.0,10.17,9.22,0.88,0.44
2012-02-27,600809,10.4,11.01,11.6,10.29,21896,146125241.0,12.57,5.66,0.59,0.51
2012-02-28,600809,10.92,11.28,11.6,10.89,20291,137454920.0,6.45,2.45,0.27,0.47
2012-02-29,600809,11.27,11.4,11.71,11.1,13580,92661502.0,5.41,1.06,0.12,0.31
2012-03-01,600809,11.32,11.12,11.32,10.89,20314,136139740.0,3.77,-2.46,-0.28,0.47
2012-03-02,600809,11.07,11.04,11.24,10.89,8608,57480078.0,3.15,-0.72,-0.08,0.2
2012-03-05,600809,11.14,11.19,11.25,10.94,8807,58963676.0,2.81,1.36,0.15,0.2
2012-03-06,600809,11.19,10.95,11.19,10.71,7243,48222010.0,4.29,-2.14,-0.24,0.17
2012-03-07,600809,10.71,10.25,11.07,10.18,12618,82423743.0,8.13,-6.39,-0.7,0.29
2012-03-08,600809,10.25,10.59,10.71,10.25,6882,44996377.0,4.49,3.32,0.34,0.16
2012-03-09,600809,10.59,11.9,12.1,10.38,21022,143378425.0,16.24,12.37,1.31,0.49
2012-03-12,600809,11.96,12.29,12.45,11.66,14172,99346371.0,6.64,3.28,0.39,0.33
2012-03-13,600809,12.28,12.56,12.66,12.07,7713,54426716.0,4.8,2.2,0.27,0.18
2012-03-14,600809,12.57,11.59,12.92,11.53,17217,121818205.0,11.07,-7.72,-0.97,0.4
2012-03-15,600809,11.43,11.91,12.03,11.43,9751,67359429.0,5.18,2.76,0.32,0.23
2012-03-16,600809,11.95,12.5,12.7,11.89,13002,92142057.0,6.8,4.95,0.59,0.3
2012-03-19,600809,12.71,11.88,12.71,11.68,15172,105781195.0,8.24,-4.96,-0.62,0.35
2012-03-20,600809,11.7,11.42,11.91,11.25,8748,59716808.0,5.56,-3.87,-0.46,0.2
2012-03-21,600809,11.4,11.26,11.59,10.89,5856,39531985.0,6.13,-1.4,-0.16,0.14
2012-03-22,600809,11.28,11.52,11.88,11.21,9506,65153100.0,5.95,2.31,0.26,0.22
2012-03-23,600809,11.52,10.77,11.6,10.71,10696,71604350.0,7.73,-6.51,-0.75,0.25
2012-03-26,600809,10.8,11.45,11.61,10.8,12719,86346335.0,7.52,6.31,0.68,0.29
2012-03-27,600809,11.46,10.5,11.71,10.49,16848,112926056.0,10.66,-8.3,-0.95,0.39
2012-03-28,600809,10.39,10.04,10.42,9.46,31822,202888526.0,9.14,-4.38,-0.46,0.74
2012-03-29,600809,9.97,9.64,10.42,9.5,17815,114109749.0,9.16,-3.98,-0.4,0.41
2012-03-30,600809,9.51,9.06,9.82,8.51,15823,97398641.0,13.59,-6.02,-0.58,0.37
2012-04-05,600809,8.91,10.37,10.42,8.57,10865,69453889.0,20.42,14.46,1.31,0.25
2012-04-06,600809,10.85,10.92,11.12,10.11,11696,77798840.0,9.74,5.3,0.55,0.27
2012-04-10,600809,12.85,12.02,12.85,11.35,50818,351994240.0,13.74,10.07,1.1,1.17
2012-04-11,600809,12.28,11.99,12.5,11.67,18084,126240975.0,6.91,-0.25,-0.03,0.42
2012-04-12,600809,11.82,12.23,12.27,11.67,9417,65668255.0,5.0,2.0,0.24,0.22
2012-04-13,600809,12.14,12.15,12.53,12.04,8839,62168887.0,4.01,-0.65,-0.08,0.2
2012-04-16,600809,12.14,12.38,12.85,12.14,11194,79544472.0,5.84,1.89,0.23,0.26
2012-04-17,600809,12.39,12.51,12.77,12.14,9759,69158069.0,5.09,1.05,0.13,0.23
2012-04-18,600809,12.7,12.53,12.71,12.28,12185,86756893.0,3.44,0.16,0.02,0.28
2012-04-19,600809,12.21,11.93,12.41,11.07,29151,200417024.0,10.69,-4.79,-0.6,0.67
2012-04-20,600809,11.67,12.38,12.5,11.36,11811,82340165.0,9.56,3.77,0.45,0.27
2012-04-23,600809,12.14,12.13,12.35,12.07,9557,66885270.0,2.26,-2.02,-0.25,0.22
2012-04-24,600809,12.17,11.94,12.24,11.78,9933,69345452.0,3.79,-1.57,-0.19,0.23
2012-04-25,600809,11.49,11.86,12.07,11.49,2966,20529960.0,4.86,-0.67,-0.08,0.07
2012-04-26,600809,11.93,12.41,12.52,11.92,7136,50150949.0,5.06,4.64,0.55,0.16
2012-04-27,600809,12.47,13.26,13.47,12.45,18641,135283703.0,8.22,6.85,0.85,0.43
2012-05-02,600809,13.6,13.54,13.6,13.07,12032,88504297.0,4.0,2.11,0.28,0.28
2012-05-03,600809,13.63,14.1,14.14,13.53,16870,126390235.0,4.51,4.14,0.56,0.39
2012-05-04,600809,14.07,15.35,15.35,13.93,25114,193559049.0,10.07,8.87,1.25,0.58
2012-05-07,600809,15.64,15.46,15.64,14.92,31967,251341725.0,4.69,0.72,0.11,0.74
2012-05-08,600809,15.32,14.99,15.32,14.71,19813,154575018.0,3.95,-3.04,-0.47,0.46
2012-05-09,600809,14.72,14.54,14.84,14.09,20083,153222030.0,5.0,-3.0,-0.45,0.46
2012-05-10,600809,14.49,14.58,14.81,14.29,7728,59379265.0,3.58,0.28,0.04,0.18
2012-05-11,600809,14.58,14.82,14.97,14.32,9650,74322233.0,4.46,1.65,0.24,0.22
2012-05-14,600809,14.68,13.61,14.81,13.32,19532,145741466.0,10.05,-8.16,-1.21,0.45
2012-05-15,600809,13.21,13.59,13.78,12.85,13512,99968510.0,6.83,-0.15,-0.02,0.31
2012-05-16,600809,13.56,13.32,13.8,13.04,14260,104458752.0,5.59,-1.99,-0.27,0.33
2012-05-17,600809,13.32,13.47,13.67,13.13,9379,68916216.0,4.05,1.13,0.15,0.22
2012-05-21,600809,13.19,14.27,14.35,12.92,17871,134124593.0,10.62,5.94,0.8,0.41
2012-05-22,600809,14.28,14.27,14.62,14.12,14536,110707566.0,3.5,0.0,0.0,0.34
2012-05-23,600809,14.28,15.1,15.51,14.2,34324,266352162.0,9.18,5.82,0.83,0.79
2012-05-24,600809,14.96,14.14,15.17,13.64,21116,161971425.0,10.13,-6.36,-0.96,0.49
2012-05-25,600809,13.78,13.52,14.13,13.2,25723,189717206.0,6.58,-4.38,-0.62,0.59
2012-05-28,600809,13.32,13.64,14.07,12.85,16131,119199053.0,9.02,0.89,0.12,0.37
2012-05-29,600809,13.56,13.65,13.88,13.21,11912,88359292.0,4.91,0.07,0.01,0.28
2012-05-30,600809,13.77,13.46,13.89,13.21,21026,155153585.0,4.98,-1.39,-0.19,0.49
2012-05-31,600809,13.19,14.01,14.16,12.95,15245,113770250.0,8.99,4.09,0.55,0.35
2012-06-01,600809,14.09,14.32,14.77,13.86,14474,110130926.0,6.5,2.21,0.31,0.33
2012-06-04,600809,13.88,13.57,14.1,13.53,14802,110230984.0,3.98,-5.24,-0.75,0.34
2012-06-05,600809,13.59,13.6,13.85,13.49,8664,64254027.0,2.65,0.22,0.03,0.2
2012-06-06,600809,13.82,13.96,14.59,13.76,21391,161982699.0,6.1,2.65,0.36,0.49
2012-06-07,600809,14.14,13.84,14.27,13.47,11619,86599027.0,5.73,-0.86,-0.12,0.27
2012-06-08,600809,13.84,13.96,14.0,13.57,10621,79358165.0,3.11,0.87,0.12,0.25
2012-06-11,600809,13.98,13.77,14.37,13.62,14923,111747047.0,5.37,-1.36,-0.19,0.34
2012-06-12,600809,13.87,13.46,14.41,12.89,43995,161492064.0,11.04,-2.25,-0.31,0.51
2012-06-13,600809,13.16,14.29,14.59,12.9,45069,167618101.0,12.56,6.17,0.83,0.52
2012-06-14,600809,14.24,14.83,15.53,14.02,61735,239186532.0,10.57,3.78,0.54,0.71
2012-06-15,600809,14.83,14.57,15.15,14.15,31592,120185034.0,6.74,-1.75,-0.26,0.36
2012-06-18,600809,14.75,14.67,14.82,14.42,35875,137054957.0,2.75,0.69,0.1,0.41
2012-06-19,600809,14.67,13.96,14.67,13.88,32529,122323579.0,5.39,-4.84,-0.71,0.38
2012-06-20,600809,13.95,13.96,14.32,13.89,14320,53542438.0,3.08,0.0,0.0,0.17
2012-06-21,600809,13.82,13.39,13.82,13.1,23100,84186091.0,5.16,-4.08,-0.57,0.27
2012-06-25,600809,13.04,13.19,13.79,12.85,18075,66049379.0,7.02,-1.49,-0.2,0.21
2012-06-26,600809,13.2,12.8,13.39,12.32,25286,89783558.0,8.11,-2.96,-0.39,0.29
2012-06-27,600809,12.71,13.17,13.53,12.52,19074,69141248.0,7.89,2.89,0.37,0.22
2012-06-28,600809,13.25,13.19,13.77,13.1,18012,65898173.0,5.09,0.15,0.02,0.21
2012-06-29,600809,13.38,14.24,14.67,13.17,56211,208873279.0,11.37,7.96,1.05,0.65
2012-07-02,600809,13.96,16.17,16.6,13.67,120998,474807280.0,20.58,13.55,1.93,1.4
2012-07-03,600809,15.75,16.38,17.03,15.46,65150,265408104.0,9.71,1.3,0.21,0.75
2012-07-04,600809,16.32,15.89,16.62,15.53,40564,162817871.0,6.65,-2.99,-0.49,0.47
2012-07-05,600809,15.82,15.42,15.82,14.96,30976,121316906.0,5.41,-2.96,-0.47,0.36
2012-07-06,600809,15.46,16.84,16.92,15.1,66141,268467536.0,11.8,9.21,1.42,0.76
2012-07-09,600809,16.5,16.36,16.89,16.25,37203,152194388.0,3.8,-2.85,-0.48,0.43
2012-07-10,600809,16.03,15.67,16.64,15.55,25110,101049382.0,6.66,-4.22,-0.69,0.29
2012-07-11,600809,15.67,16.15,16.17,14.8,30365,119887922.0,8.74,3.06,0.48,0.35
2012-07-12,600809,16.18,16.15,17.03,15.54,59944,244002716.0,9.23,0.0,0.0,0.69
2012-07-13,600809,15.87,16.11,16.36,15.68,27172,109279648.0,4.21,-0.25,-0.04,0.31
2012-07-16,600809,16.11,15.52,16.53,15.46,34164,136813023.0,6.64,-3.66,-0.59,0.39
2012-07-17,600809,15.18,14.53,15.38,13.39,52094,196858508.0,12.82,-6.38,-0.99,0.6
2012-07-18,600809,14.39,13.72,14.67,13.09,39331,145185890.0,10.87,-5.57,-0.81,0.45
2012-07-19,600809,13.23,13.76,13.96,13.23,29384,108366942.0,5.32,0.29,0.04,0.34
2012-07-20,600809,13.64,13.68,14.21,13.39,21008,78043647.0,5.96,-0.58,-0.08,0.24
2012-07-23,600809,13.36,13.72,14.15,13.03,22510,83355706.0,8.19,0.29,0.04,0.26
2012-07-24,600809,13.72,13.87,14.15,13.4,25286,93761069.0,5.47,1.09,0.15,0.29
2012-07-25,600809,14.05,13.8,14.05,13.62,15947,59126380.0,3.1,-0.5,-0.07,0.18
2012-07-26,600809,13.85,12.66,13.85,12.5,65989,237053897.0,9.78,-8.26,-1.14,0.76
2012-07-27,600809,12.33,11.89,12.64,11.6,45098,156427101.0,8.21,-6.08,-0.77,0.52
2012-07-30,600809,11.86,12.32,12.71,11.86,21806,76548904.0,7.15,3.62,0.43,0.25
2012-07-31,600809,12.44,11.98,12.63,11.77,34786,120780039.0,6.98,-2.76,-0.34,0.4
2012-08-01,600809,11.71,12.21,12.56,11.62,16424,57417228.0,7.85,1.92,0.23,0.19
2012-08-02,600809,12.17,12.44,12.47,11.95,13190,46064907.0,4.26,1.88,0.23,0.15
2012-08-03,600809,12.44,13.71,13.94,12.44,35968,131379594.0,12.06,10.21,1.27,0.42
2012-08-06,600809,13.41,14.47,15.0,13.41,31640,120180586.0,11.6,5.54,0.76,0.37
2012-08-07,600809,14.5,14.6,15.04,14.22,23923,91435777.0,5.67,0.9,0.13,0.28
2012-08-08,600809,14.6,14.37,14.87,14.25,19892,75874895.0,4.25,-1.58,-0.23,0.23
2012-08-09,600809,14.37,15.34,15.9,14.37,42013,164333948.0,10.65,6.75,0.97,0.49
2012-08-10,600809,15.14,15.24,15.67,15.03,24352,95387981.0,4.17,-0.65,-0.1,0.28
2012-08-13,600809,15.14,15.26,15.88,14.57,29541,116233052.0,8.6,0.13,0.02,0.34
2012-08-14,600809,15.17,15.57,15.79,15.1,27292,107306738.0,4.52,2.03,0.31,0.32
2012-08-15,600809,15.57,15.93,16.03,15.27,24369,97247825.0,4.88,2.31,0.36,0.28
2012-08-16,600809,15.9,14.95,16.07,14.92,23219,90837760.0,7.22,-6.15,-0.98,0.27
2012-08-17,600809,14.82,13.97,14.82,13.61,31969,118878455.0,8.09,-6.56,-0.98,0.37
2012-08-20,600809,13.65,14.47,14.52,13.42,16645,62857311.0,7.87,3.58,0.5,0.19
2012-08-21,600809,14.25,15.74,15.82,14.25,39416,155893000.0,10.85,8.78,1.27,0.46
2012-08-22,600809,15.82,15.22,15.87,15.03,22596,89013462.0,5.34,-3.3,-0.52,0.26
2012-08-23,600809,15.23,14.85,15.46,14.62,19474,75080204.0,5.52,-2.43,-0.37,0.22
2012-08-24,600809,14.53,15.17,15.28,14.53,22205,86261571.0,5.05,2.15,0.32,0.26
2012-08-27,600809,15.12,14.41,15.12,14.25,26982,103224659.0,5.74,-5.01,-0.76,0.31
2012-08-28,600809,13.84,14.23,14.75,13.84,18188,69047427.0,6.32,-1.25,-0.18,0.21
2012-08-29,600809,14.24,14.28,14.4,13.84,10396,38964788.0,3.94,0.35,0.05,0.12
2012-08-30,600809,14.14,12.85,14.27,12.14,48105,171691443.0,14.92,-10.01,-1.43,0.56
2012-08-31,600809,12.75,13.1,13.21,12.39,10068,36024046.0,6.38,1.95,0.25,0.12
2012-09-03,600809,12.98,14.41,14.45,12.93,21583,81314608.0,11.6,10.0,1.31,0.25
2012-09-04,600809,14.4,13.63,14.67,13.62,16238,60570835.0,7.29,-5.41,-0.78,0.19
2012-09-05,600809,13.59,13.67,14.32,13.25,16125,59743218.0,7.85,0.29,0.04,0.19
2012-09-06,600809,13.89,13.8,14.21,13.65,9509,35414214.0,4.1,0.95,0.13,0.11
2012-09-07,600809,14.08,14.66,15.46,13.98,34623,132629994.0,10.72,6.23,0.86,0.4
2012-09-10,600809,14.78,14.59,15.03,14.32,18500,70839186.0,4.84,-0.48,-0.07,0.21
2012-09-11,600809,14.32,14.47,14.52,14.11,16894,63662196.0,2.81,-0.82,-0.12,0.2
2012-09-12,600809,14.6,14.78,15.03,14.47,22182,85418175.0,3.87,2.14,0.31,0.26
2012-09-13,600809,14.78,14.7,15.01,14.52,12893,49499881.0,3.32,-0.54,-0.08,0.15
2012-09-14,600809,14.6,14.7,14.89,14.45,11147,42703193.0,2.99,0.0,0.0,0.13
2012-09-17,600809,14.67,13.97,14.8,13.95,10210,38677531.0,5.78,-4.97,-0.73,0.12
2012-09-18,600809,14.18,13.81,14.18,13.53,14703,54299211.0,4.65,-1.15,-0.16,0.17
2012-09-19,600809,13.89,13.39,13.89,12.67,23356,84261391.0,8.83,-3.04,-0.42,0.27
2012-09-20,600809,13.03,12.83,13.42,12.61,19568,70319094.0,6.05,-4.18,-0.56,0.23
2012-09-21,600809,12.83,12.83,13.17,12.66,12410,44373143.0,3.98,0.0,0.0,0.14
2012-09-24,600809,12.87,13.52,13.6,12.42,10721,38856727.0,9.2,5.38,0.69,0.12
2012-09-25,600809,13.07,13.8,14.12,13.07,17253,64050377.0,7.77,2.07,0.28,0.2
2012-09-26,600809,13.64,13.46,14.08,13.45,11460,42505340.0,4.57,-2.46,-0.34,0.13
2012-09-27,600809,13.45,13.59,14.17,13.03,13443,49758584.0,8.47,0.97,0.13,0.16
2012-09-28,600809,13.48,14.5,14.65,13.48,35137,132828482.0,8.61,6.7,0.91,0.41
2012-10-08,600809,14.47,14.64,15.13,14.25,26663,102571828.0,6.07,0.97,0.14,0.31
2012-10-09,600809,15.18,15.68,15.89,15.17,42501,168169881.0,4.92,7.1,1.04,0.49
2012-10-10,600809,15.82,15.81,16.28,15.55,32353,129732631.0,4.66,0.83,0.13,0.37
2012-10-11,600809,15.82,16.09,16.25,15.55,23767,95587666.0,4.43,1.77,0.28,0.27
2012-10-12,600809,16.21,15.84,16.25,15.6,13761,54929243.0,4.04,-1.55,-0.25,0.16
2012-10-15,600809,15.82,16.6,17.05,15.82,31431,128864035.0,7.77,4.8,0.76,0.36
2012-10-16,600809,16.6,18.19,19.1,16.6,51783,221399735.0,15.06,9.58,1.59,0.6
2012-10-17,600809,17.96,18.03,18.46,17.41,27410,117590326.0,5.77,-0.88,-0.16,0.32
2012-10-18,600809,18.03,19.32,19.48,17.96,56784,252431038.0,8.43,7.15,1.29,0.66
2012-10-19,600809,19.32,19.14,20.03,19.02,32620,146654024.0,5.23,-0.93,-0.18,0.38
2012-10-22,600809,19.64,19.54,20.62,19.17,49391,223145008.0,7.58,2.09,0.4,0.57
2012-10-23,600809,19.46,18.37,19.73,18.27,47932,210409972.0,7.47,-5.99,-1.17,0.55
2012-10-24,600809,18.35,18.7,19.17,18.18,36223,159201074.0,5.39,1.8,0.33,0.42
2012-10-25,600809,18.46,18.35,18.87,18.27,25315,111134523.0,3.21,-1.87,-0.35,0.29
2012-10-26,600809,18.32,17.82,18.73,17.5,21931,94030212.0,6.7,-2.89,-0.53,0.25
2012-10-29,600809,17.78,18.95,19.0,16.89,30434,131255029.0,11.84,6.34,1.13,0.35
2012-10-30,600809,18.6,19.32,19.65,18.52,34403,154555575.0,5.96,1.95,0.37,0.4
2012-10-31,600809,19.17,19.76,19.85,18.75,34487,154192288.0,5.69,2.28,0.44,0.4
2012-11-01,600809,19.76,19.75,19.91,19.44,22818,103476308.0,2.38,-0.05,-0.01,0.26
2012-11-02,600809,19.75,19.64,19.89,19.44,25944,117522693.0,2.28,-0.56,-0.11,0.3
2012-11-05,600809,19.46,18.82,19.78,18.72,27906,123737842.0,5.4,-4.18,-0.82,0.32
2012-11-06,600809,18.87,18.64,18.87,17.82,33128,142830951.0,5.58,-0.96,-0.18,0.38
2012-11-07,600809,18.35,18.02,18.87,18.01,24133,104908165.0,4.61,-3.33,-0.62,0.28
2012-11-08,600809,17.75,17.65,18.52,17.32,18778,80371072.0,6.66,-2.05,-0.37,0.22
2012-11-09,600809,17.54,17.05,18.02,17.01,19063,80295937.0,5.72,-3.4,-0.6,0.22
2012-11-12,600809,17.0,16.44,17.31,16.15,34906,142916428.0,6.8,-3.58,-0.61,0.4
2012-11-13,600809,16.39,16.66,16.73,16.17,21348,87201484.0,3.41,1.34,0.22,0.25
2012-11-14,600809,16.85,17.35,17.35,16.45,21202,88277330.0,5.4,4.14,0.69,0.24
2012-11-15,600809,17.18,16.6,17.32,16.18,20956,86101074.0,6.57,-4.32,-0.75,0.24
2012-11-16,600809,16.17,14.22,16.17,14.03,84636,328893328.0,12.89,-14.34,-2.38,0.98
2012-11-19,600809,14.25,12.79,14.59,12.35,102649,374767872.0,15.75,-10.06,-1.43,1.19
2012-11-20,600809,12.92,13.53,14.02,12.89,88765,324550592.0,8.84,5.79,0.74,1.03
2012-11-21,600809,13.57,13.37,14.02,12.32,40865,146471113.0,12.56,-1.18,-0.16,0.47
2012-11-22,600809,12.03,13.57,13.61,10.89,50155,177043651.0,20.34,1.5,0.2,0.58
2012-11-23,600809,13.03,14.37,15.09,12.96,39627,149444552.0,15.7,5.9,0.8,0.46
2012-11-26,600809,14.09,13.64,14.32,13.12,25867,95035029.0,8.35,-5.08,-0.73,0.3
2012-11-27,600809,13.64,13.55,13.84,13.03,20279,73803983.0,5.94,-0.66,-0.09,0.23
2012-11-28,600809,13.31,13.79,14.12,13.12,18530,68485210.0,7.38,1.77,0.24,0.21
2012-11-29,600809,13.79,14.0,14.23,13.73,17050,63764436.0,3.63,1.52,0.21,0.2
2012-11-30,600809,13.98,13.25,13.98,12.89,28158,102348880.0,7.79,-5.36,-0.75,0.33
2012-12-03,600809,13.03,10.65,13.17,10.65,61808,209741967.0,19.02,-19.62,-2.6,0.71
2012-12-04,600809,9.82,11.62,11.89,9.21,60848,198776867.0,25.16,9.11,0.97,0.7
2012-12-05,600809,11.37,11.58,12.42,10.32,68270,232160877.0,18.07,-0.34,-0.04,0.79
2012-12-06,600809,11.45,11.01,11.53,10.36,56841,187136428.0,10.1,-4.92,-0.57,0.66
2012-12-07,600809,11.24,11.25,11.95,10.82,87393,293753504.0,10.26,2.18,0.24,1.01
2012-12-10,600809,10.51,12.05,12.3,10.32,81225,272944640.0,17.6,7.11,0.8,0.94
2012-12-11,600809,12.07,12.57,13.14,12.03,53226,189143630.0,9.21,4.32,0.52,0.61
2012-12-12,600809,12.67,12.68,12.89,12.03,31017,109174625.0,6.84,0.88,0.11,0.36
2012-12-13,600809,12.67,12.04,12.8,11.96,30254,106866729.0,6.62,-5.05,-0.64,0.35
2012-12-14,600809,11.89,12.92,13.03,10.64,86462,296526368.0,19.85,7.31,0.88,1.0
2012-12-17,600809,12.28,13.82,14.47,12.17,79671,290307904.0,17.8,6.97,0.9,0.92
2012-12-18,600809,13.75,14.41,14.66,13.42,67743,255824299.0,8.97,4.27,0.59,0.78
2012-12-19,600809,14.4,15.08,15.35,14.27,46378,180382663.0,7.49,4.65,0.67,0.54
2012-12-20,600809,15.06,14.52,15.06,14.07,43074,163756324.0,6.56,-3.71,-0.56,0.5
2012-12-21,600809,14.53,14.25,14.78,13.88,36820,138307594.0,6.2,-1.86,-0.27,0.43
2012-12-24,600809,14.03,13.21,14.1,12.89,58107,210987701.0,8.49,-7.3,-1.04,0.67
2012-12-25,600809,12.96,13.72,14.01,12.69,42427,155775233.0,9.99,3.86,0.51,0.49
2012-12-26,600809,13.57,14.05,14.32,13.44,44421,165143994.0,6.41,2.41,0.33,0.51
2012-12-27,600809,14.1,15.12,15.79,13.6,92235,352770368.0,15.59,7.62,1.07,1.07
2012-12-28,600809,15.01,16.17,16.6,14.93,70438,283143632.0,11.04,6.94,1.05,0.81
2012-12-31,600809,16.17,17.07,17.44,15.63,80941,329498928.0,11.19,5.57,0.9,0.93
2013-01-04,600809,17.07,15.92,17.17,15.54,105182,422810704.0,9.55,-6.74,-1.15,1.21
2013-01-07,600809,15.77,15.17,15.82,14.82,63967,249831947.0,6.28,-4.71,-0.75,0.74
2013-01-08,600809,15.07,16.17,16.25,14.71,72202,288585984.0,10.15,6.59,1.0,0.83
2013-01-09,600809,16.05,17.68,17.7,15.91,106613,447398528.0,11.07,9.34,1.51,1.23
2013-01-10,600809,17.65,17.6,18.32,17.26,56227,238829147.0,6.0,-0.45,-0.08,0.65
2013-01-11,600809,17.64,17.26,17.67,17.1,39126,165002220.0,3.24,-1.93,-0.34,0.45
2013-01-14,600809,16.96,17.52,18.03,16.5,67028,282202752.0,8.86,1.51,0.26,0.77
2013-01-15,600809,17.47,17.51,18.1,16.57,54727,230193623.0,8.73,-0.06,-0.01,0.63
2013-01-16,600809,17.15,16.69,17.48,16.52,42859,177106658.0,5.48,-4.68,-0.82,0.49
2013-01-17,600809,16.6,16.83,17.32,16.53,30802,127533101.0,4.73,0.84,0.14,0.36
2013-01-18,600809,16.9,17.02,17.14,15.71,47959,195709511.0,8.5,1.13,0.19,0.55
2013-01-21,600809,17.02,15.97,17.02,15.87,41715,168296338.0,6.76,-6.17,-1.05,0.48
2013-01-22,600809,15.97,16.15,16.21,14.74,64446,251493367.0,9.2,1.13,0.18,0.74
2013-01-23,600809,15.85,16.52,16.59,15.25,46073,187035204.0,8.3,2.29,0.37,0.53
2013-01-24,600809,16.49,15.67,16.59,15.28,35355,143129352.0,7.93,-5.15,-0.85,0.41
2013-01-25,600809,15.56,14.14,15.56,14.07,65224,247904453.0,9.51,-9.76,-1.53,0.75
2013-01-28,600809,14.14,12.14,14.14,11.46,238337,819719904.0,18.95,-14.14,-2.0,2.75
2013-01-29,600809,11.56,11.85,12.3,10.75,117172,398658704.0,12.77,-2.39,-0.29,1.35
2013-01-30,600809,11.67,12.35,12.89,11.54,112883,394505808.0,11.39,4.22,0.5,1.3
2013-01-31,600809,12.31,11.85,12.31,11.78,52185,179901050.0,4.29,-4.05,-0.5,0.6
2013-02-01,600809,11.85,11.7,12.29,11.6,52235,180195044.0,5.82,-1.27,-0.15,0.6
2013-02-04,600809,11.71,11.22,11.95,10.76,72514,241097747.0,10.17,-4.1,-0.48,0.84
2013-02-05,600809,10.9,12.26,12.32,10.9,87829,300783040.0,12.66,9.27,1.04,1.01
2013-02-06,600809,12.46,11.97,12.6,11.92,46337,161054357.0,5.55,-2.37,-0.29,0.54
2013-02-07,600809,11.88,12.28,12.45,11.4,68274,237369483.0,8.77,2.59,0.31,0.79
2013-02-08,600809,12.17,12.47,12.69,12.05,60511,212786662.0,5.21,1.55,0.19,0.7
2013-02-18,600809,12.55,11.71,12.62,11.6,51051,175092970.0,8.18,-6.09,-0.76,0.59
2013-02-19,600809,11.71,11.65,12.03,11.47,44186,151328040.0,4.78,-0.51,-0.06,0.51
2013-02-20,600809,11.6,12.1,12.44,11.4,42460,146961213.0,8.93,3.86,0.45,0.49
2013-02-21,600809,11.96,12.89,13.82,11.62,87977,316927008.0,18.18,6.53,0.79,1.02
2013-02-22,600809,12.89,15.21,15.44,12.89,127071,486642576.0,19.78,18.0,2.32,1.47
2013-02-25,600809,15.17,14.51,15.21,14.25,58380,223507703.0,6.31,-4.6,-0.7,0.67
2013-02-26,600809,14.53,13.95,15.37,13.82,76255,290946544.0,10.68,-3.86,-0.56,0.88
2013-02-27,600809,13.57,13.77,14.46,13.53,27540,102518028.0,6.67,-1.29,-0.18,0.32
2013-02-28,600809,13.82,13.55,14.07,12.67,65701,238262545.0,10.17,-1.6,-0.22,0.76
2013-03-01,600809,13.38,13.47,13.72,12.91,56191,204229476.0,5.98,-0.59,-0.08,0.65
2013-03-04,600809,13.4,14.03,14.66,13.29,91552,343797840.0,10.17,4.16,0.56,1.06
2013-03-05,600809,14.02,14.32,14.96,13.96,56774,215886139.0,7.13,2.07,0.29,0.66
2013-03-06,600809,14.31,15.12,15.33,14.27,77959,299999440.0,7.4,5.59,0.8,0.9
2013-03-07,600809,15.46,16.55,17.9,15.46,155894,650101840.0,16.14,9.46,1.43,1.8
2013-03-08,600809,16.23,16.37,18.1,16.23,84499,353838192.0,11.3,-1.09,-0.18,0.98
2013-03-11,600809,16.37,15.46,16.37,15.31,63408,252514748.0,6.48,-5.56,-0.91,0.73
2013-03-12,600809,15.45,16.1,16.35,15.07,52145,207665990.0,8.28,4.14,0.64,0.6
2013-03-13,600809,16.17,16.84,17.52,15.75,55964,231483828.0,10.99,4.6,0.74,0.65
2013-03-14,600809,16.83,15.57,17.09,15.46,46811,187807377.0,9.68,-7.54,-1.27,0.54
2013-03-15,600809,14.82,15.12,15.45,14.2,54880,211490625.0,8.03,-2.89,-0.45,0.63
2013-03-18,600809,14.92,13.44,14.92,12.53,87906,322954736.0,15.81,-11.11,-1.68,1.02
2013-03-19,600809,13.46,12.37,13.46,12.17,132932,468136800.0,9.6,-7.96,-1.07,1.54
2013-03-20,600809,12.33,13.05,13.08,11.59,107601,378440144.0,12.05,5.5,0.68,1.24
2013-03-21,600809,12.95,12.26,12.96,12.1,155921,545563552.0,6.59,-6.05,-0.79,1.8
2013-03-22,600809,12.17,12.32,12.67,12.0,77438,271619360.0,5.46,0.49,0.06,0.89
2013-03-25,600809,12.16,12.17,12.38,11.82,54248,187611128.0,4.55,-1.22,-0.15,0.63
2013-03-26,600809,12.1,12.17,12.42,11.82,56839,198034968.0,4.93,0.0,0.0,0.66
2013-03-27,600809,12.1,10.32,12.12,9.75,196302,649077792.0,19.47,-15.2,-1.85,2.27
2013-03-28,600809,10.17,9.31,10.17,8.76,157336,485791664.0,13.66,-9.79,-1.01,1.82
2013-03-29,600809,9.2,8.75,9.39,8.35,93937,283375680.0,11.17,-6.02,-0.56,1.08
2013-04-01,600809,8.67,7.43,8.67,7.41,159028,453189936.0,14.4,-15.09,-1.32,1.84
2013-04-02,600809,7.42,7.92,8.02,7.41,88914,254559962.0,8.21,6.59,0.49,1.03
2013-04-03,600809,7.94,7.82,8.02,7.47,63191,180489813.0,6.94,-1.26,-0.1,0.73
2013-04-08,600809,7.45,7.82,8.03,6.8,74634,209985738.0,15.73,0.0,0.0,0.86
2013-04-09,600809,7.82,8.5,8.59,7.82,107029,314650112.0,9.85,8.7,0.68,1.24
2013-04-10,600809,8.46,9.97,10.02,8.36,140009,433432016.0,19.53,17.29,1.47,1.62
2013-04-11,600809,9.78,9.89,10.17,9.46,70652,222517310.0,7.12,-0.8,-0.08,0.82
2013-04-12,600809,9.75,10.19,10.9,9.37,95383,309311760.0,15.47,3.03,0.3,1.1
2013-04-15,600809,10.1,9.8,10.1,9.25,50124,156342810.0,8.34,-3.83,-0.39,0.58
2013-04-16,600809,9.17,9.39,9.72,8.86,52981,163772587.0,8.78,-4.18,-0.41,0.61
2013-04-17,600809,9.28,9.82,10.03,9.28,48065,151439714.0,7.99,4.58,0.43,0.56
2013-04-18,600809,9.78,9.37,9.78,9.1,57389,177012103.0,6.92,-4.58,-0.45,0.66
2013-04-19,600809,9.25,9.24,9.53,8.6,87543,265964488.0,9.93,-1.39,-0.13,1.01
2013-04-22,600809,8.92,7.49,9.03,7.32,244793,700384816.0,18.51,-18.94,-1.75,2.83
2013-04-23,600809,7.3,7.19,7.67,7.03,107434,301574096.0,8.54,-4.01,-0.3,1.24
2013-04-24,600809,7.21,7.06,7.38,6.4,114932,312791600.0,13.63,-1.81,-0.13,1.33
2013-04-25,600809,6.87,6.57,6.94,6.47,65714,178634978.0,6.66,-6.94,-0.49,0.76
2013-04-26,600809,6.53,6.45,6.93,6.33,58074,156709749.0,9.13,-1.83,-0.12,0.67
2013-05-02,600809,6.27,5.45,6.27,5.3,94424,242675427.0,15.04,-15.5,-1.0,1.09
2013-05-03,600809,5.45,5.62,5.71,5.32,80749,205876519.0,7.16,3.12,0.17,0.93
2013-05-06,600809,5.64,6.37,6.39,5.53,88001,230164747.0,15.3,13.35,0.75,1.02
2013-05-07,600809,6.32,7.24,7.35,6.23,153896,422628656.0,17.58,13.66,0.87,1.78
2013-05-08,600809,7.17,6.84,7.24,6.64,95090,260245905.0,8.29,-5.52,-0.4,1.1
2013-05-09,600809,6.87,7.04,7.54,6.87,115662,322972096.0,9.8,2.92,0.2,1.34
2013-05-10,600809,7.04,6.85,7.42,6.81,60211,166067785.0,8.66,-2.7,-0.19,0.7
2013-05-13,600809,6.72,7.19,7.32,6.72,72342,200646243.0,8.76,4.96,0.34,0.84
2013-05-14,600809,7.17,6.33,7.17,6.32,71323,191919476.0,11.82,-11.96,-0.86,0.82
2013-05-15,600809,6.35,6.28,6.66,6.2,47887,127583116.0,7.27,-0.79,-0.05,0.55
2013-05-16,600809,6.28,6.42,6.64,5.75,70049,185905511.0,14.17,2.23,0.14,0.81
2013-05-17,600809,6.42,6.82,6.83,6.25,58462,157943016.0,9.03,6.23,0.4,0.68
2013-05-20,600809,6.92,7.4,7.52,6.89,90374,252569005.0,9.24,8.5,0.58,1.04
2013-05-21,600809,7.4,7.39,7.63,7.05,73549,205330471.0,7.84,-0.14,-0.01,0.85
2013-05-22,600809,7.4,8.22,8.41,7.32,128187,371296432.0,14.75,11.23,0.83,1.48
2013-05-23,600809,8.17,8.4,9.05,8.05,132958,396719536.0,12.17,2.19,0.18,1.54
2013-05-24,600809,8.39,8.58,8.81,7.92,80911,238446862.0,10.6,2.14,0.18,0.93
2013-05-27,600809,8.57,8.23,8.58,8.0,76252,222738315.0,6.76,-4.08,-0.35,0.88
2013-05-28,600809,8.24,8.51,8.57,7.93,63922,187746755.0,7.78,3.4,0.28,0.74
2013-05-29,600809,8.52,8.47,9.01,8.32,64926,193726660.0,8.11,-0.47,-0.04,0.75
2013-05-30,600809,8.29,7.76,8.29,7.72,95247,274380368.0,6.73,-8.38,-0.71,1.1
2013-05-31,600809,7.68,7.6,7.94,7.57,47809,136643647.0,4.77,-2.06,-0.16,0.55
2013-06-03,600809,7.63,7.25,7.83,7.17,77661,218464372.0,8.68,-4.61,-0.35,0.9
2013-06-04,600809,7.17,6.75,7.26,6.6,62917,172579726.0,9.1,-6.9,-0.5,0.73
2013-06-05,600809,6.67,7.3,7.35,6.52,66972,184367898.0,12.3,8.15,0.55,0.77
2013-06-06,600809,7.25,7.02,7.57,6.89,53806,149848366.0,9.32,-3.84,-0.28,0.62
2013-06-07,600809,6.93,6.61,7.27,6.45,46961,127395798.0,11.68,-5.84,-0.41,0.54
2013-06-13,600809,6.32,6.9,7.0,5.78,73449,197030919.0,18.46,4.39,0.29,0.85
2013-06-14,600809,6.8,7.0,7.07,6.68,39910,109382575.0,5.65,1.45,0.1,0.46
2013-06-17,600809,7.03,6.35,7.17,5.97,53497,142994642.0,17.14,-9.29,-0.65,0.62
2013-06-18,600809,6.17,6.43,6.5,6.1,32070,85326710.0,6.3,1.26,0.08,0.37
2013-06-19,600809,6.28,7.27,7.34,6.14,73614,200965346.0,18.66,13.06,0.84,0.85
2013-06-20,600809,7.15,6.95,7.6,6.89,74770,208907417.0,9.77,-4.4,-0.32,0.86
2013-06-21,600809,6.74,7.45,7.57,6.46,69234,193578277.0,15.97,7.19,0.5,0.8
2013-06-24,600809,7.45,7.02,7.62,6.57,76828,214258722.0,14.09,-5.77,-0.43,0.89
2013-06-25,600809,6.61,7.6,7.63,5.07,101566,280048384.0,36.47,8.26,0.58,1.17
2013-06-26,600809,7.57,7.3,7.74,6.9,75752,211423398.0,11.05,-3.95,-0.3,0.87
2013-06-27,600809,7.72,5.94,7.72,5.89,96745,252697566.0,25.07,-18.63,-1.36,1.12
2013-06-28,600809,5.94,5.39,6.34,5.25,97731,243242098.0,18.35,-9.26,-0.55,1.13
2013-07-01,600809,5.39,4.7,5.42,4.43,124540,293722768.0,18.37,-12.8,-0.69,1.44
2013-07-02,600809,4.75,5.22,5.46,4.47,124702,298249168.0,21.06,11.06,0.52,1.44
2013-07-03,600809,5.1,4.8,5.1,4.54,73221,173439392.0,10.73,-8.05,-0.42,0.85
2013-07-04,600809,4.72,4.91,5.12,4.54,65481,155707734.0,12.08,2.29,0.11,0.76
2013-07-05,600809,4.87,5.02,5.39,4.79,73384,177389843.0,12.22,2.24,0.11,0.85
2013-07-08,600809,4.77,4.42,4.9,4.39,59393,138981148.0,10.16,-11.95,-0.6,0.69
2013-07-09,600809,4.23,4.16,4.45,4.1,51266,117482345.0,7.92,-5.88,-0.26,0.59
2013-07-10,600809,4.11,4.56,4.59,3.97,62853,144707749.0,14.9,9.62,0.4,0.73
2013-07-11,600809,4.55,5.32,5.85,4.43,137849,335012304.0,31.14,16.67,0.76,1.59
2013-07-12,600809,5.3,4.77,5.35,4.73,80694,193282738.0,11.65,-10.34,-0.55,0.93
2013-07-15,600809,4.77,4.89,4.95,4.53,61086,144386682.0,8.81,2.52,0.12,0.71
2013-07-16,600809,4.9,5.42,5.52,4.78,93339,226893628.0,15.13,10.84,0.53,1.08
2013-07-17,600809,5.26,5.16,5.58,5.05,59485,145356601.0,9.78,-4.8,-0.26,0.69
2013-07-18,600809,5.04,4.75,5.15,4.68,44433,105684161.0,9.11,-7.95,-0.41,0.51
2013-07-19,600809,4.66,4.25,4.75,4.24,87130,200849699.0,10.74,-10.53,-0.5,1.01
2013-07-22,600809,4.0,4.08,4.39,3.98,46786,106157468.0,9.65,-4.0,-0.17,0.54
2013-07-23,600809,4.15,4.39,4.48,4.08,59125,136264669.0,9.8,7.6,0.31,0.68
2013-07-24,600809,4.28,4.21,4.47,3.92,64966,147773610.0,12.53,-4.1,-0.18,0.75
2013-07-25,600809,4.19,4.37,4.95,4.05,111671,260604797.0,21.38,3.8,0.16,1.29
2013-07-26,600809,4.29,3.97,4.29,3.89,76734,173392969.0,9.15,-9.15,-0.4,0.89
2013-07-29,600809,3.85,3.61,3.89,3.6,44803,99153718.0,7.3,-9.07,-0.36,0.52
2013-07-30,600809,3.64,3.42,3.75,3.27,56269,122860619.0,13.3,-5.26,-0.19,0.65
2013-07-31,600809,3.46,3.41,3.57,3.35,36105,78603317.0,6.43,-0.29,-0.01,0.42
2013-08-01,600809,3.46,3.64,3.73,3.4,52310,114815588.0,9.68,6.74,0.23,0.6
2013-08-02,600809,3.72,3.66,3.98,3.6,60189,133863146.0,10.44,0.55,0.02,0.7
2013-08-05,600809,3.7,3.79,3.87,3.6,53414,118731229.0,7.38,3.55,0.13,0.62
2013-08-06,600809,3.82,4.14,4.18,3.76,96423,217927535.0,11.08,9.23,0.35,1.11
2013-08-07,600809,4.03,4.46,4.57,3.93,100018,230117018.0,15.46,7.73,0.32,1.16
2013-08-08,600809,4.34,4.23,4.53,4.13,45579,104524745.0,8.97,-5.16,-0.23,0.53
2013-08-09,600809,4.24,3.98,4.35,3.82,60401,136341869.0,12.53,-5.91,-0.25,0.7
2013-08-12,600809,3.98,4.6,4.64,3.87,114216,262993957.0,19.35,15.58,0.62,1.32
2013-08-13,600809,4.6,4.72,5.08,4.55,92493,219209500.0,11.52,2.61,0.12,1.07
2013-08-14,600809,4.74,4.65,5.07,4.47,73450,174321514.0,12.71,-1.48,-0.07,0.85
2013-08-15,600809,4.68,4.62,5.0,4.57,76404,180592927.0,9.25,-0.65,-0.03,0.88
2013-08-16,600809,4.46,4.5,5.1,4.32,68913,162171501.0,16.88,-2.6,-0.12,0.8
2013-08-19,600809,4.26,4.67,4.68,4.26,31650,73591742.0,9.33,3.78,0.17,0.37
2013-08-20,600809,4.42,4.04,4.52,3.97,117956,269482208.0,11.78,-13.49,-0.63,1.36
2013-08-21,600809,4.01,4.11,4.15,3.96,45218,102241218.0,4.7,1.73,0.07,0.52
2013-08-22,600809,4.03,3.81,4.12,3.8,58128,130409508.0,7.79,-7.3,-0.3,0.67
2013-08-23,600809,3.83,3.73,3.95,3.54,39752,88304043.0,10.76,-2.1,-0.08,0.46
2013-08-26,600809,3.75,4.05,4.05,3.65,37880,84918267.0,10.72,8.58,0.32,0.44
2013-08-27,600809,4.03,4.29,4.33,3.76,90365,205356827.0,14.07,5.93,0.24,1.04
2013-08-28,600809,4.07,3.9,4.17,3.87,64016,144109049.0,6.99,-9.09,-0.39,0.74
2013-08-29,600809,3.96,4.12,4.24,3.85,60393,136646308.0,10.0,5.64,0.22,0.7
2013-08-30,600809,4.03,3.87,4.07,3.75,43676,97978275.0,7.77,-6.07,-0.25,0.5
2013-09-02,600809,3.72,2.51,3.73,2.5,167593,351380816.0,31.78,-35.14,-1.36,1.94
2013-09-03,600809,2.57,2.74,2.8,2.36,101816,208920863.0,17.53,9.16,0.23,1.18
2013-09-04,600809,2.6,2.62,2.71,2.48,67067,138166552.0,8.39,-4.38,-0.12,0.77
2013-09-05,600809,2.63,2.47,2.63,2.35,54417,110974717.0,10.69,-5.73,-0.15,0.63
2013-09-06,600809,2.52,2.58,3.19,2.45,59460,122949813.0,29.96,4.45,0.11,0.69
2013-09-09,600809,2.6,2.7,2.74,2.52,79180,163288566.0,8.53,4.65,0.12,0.91
2013-09-10,600809,2.68,2.73,2.77,2.57,61085,126322995.0,7.41,1.11,0.03,0.71
2013-09-11,600809,2.75,3.13,3.15,2.64,124291,262305780.0,18.68,14.65,0.4,1.44
2013-09-12,600809,3.1,3.05,3.25,2.99,59588,126574906.0,8.31,-2.56,-0.08,0.69
2013-09-13,600809,2.97,3.38,3.65,2.97,131864,286101728.0,22.3,10.82,0.33,1.52
2013-09-16,600809,3.39,3.05,3.42,3.05,64807,138953321.0,10.95,-9.76,-0.33,0.75
2013-09-17,600809,3.05,2.22,3.05,2.16,132315,269165904.0,29.18,-27.21,-0.83,1.53
2013-09-18,600809,2.22,2.11,2.37,1.95,108860,215713841.0,18.92,-4.95,-0.11,1.26
2013-09-23,600809,2.08,2.04,2.09,1.91,88327,174640005.0,8.53,-3.32,-0.07,1.02
2013-09-24,600809,2.19,1.76,2.23,1.6,130730,254993289.0,30.88,-13.73,-0.28,1.51
2013-09-25,600809,1.7,1.53,1.71,1.47,104596,200407116.0,13.64,-13.07,-0.23,1.21
2013-09-26,600809,1.46,1.42,1.62,1.33,80510,152874368.0,18.95,-7.19,-0.11,0.93
2013-09-27,600809,1.4,1.0,1.47,0.92,108963,201139109.0,38.73,-29.58,-0.42,1.26
2013-09-30,600809,0.98,0.95,1.09,0.67,73884,134360483.0,42.0,-5.0,-0.05,0.85
2013-10-08,600809,0.86,0.97,1.02,0.69,74497,135279096.0,34.74,2.11,0.02,0.86
2013-10-09,600809,0.92,1.0,1.1,0.89,60951,111708416.0,21.65,3.09,0.03,0.7
2013-10-10,600809,1.0,0.66,1.0,0.65,73341,132388611.0,35.0,-34.0,-0.34,0.85
2013-10-11,600809,0.67,0.75,0.82,0.57,92444,165542569.0,37.88,13.64,0.09,1.07
2013-10-14,600809,0.76,1.05,1.17,0.68,166031,304479296.0,65.33,40.0,0.3,1.92
2013-10-15,600809,1.0,1.1,1.21,0.86,106427,195946254.0,33.33,4.76,0.05,1.23
2013-10-16,600809,1.13,1.06,1.29,0.97,130917,243612542.0,29.09,-3.64,-0.04,1.51
2013-10-17,600809,1.1,0.92,1.12,0.84,76184,139497718.0,26.42,-13.21,-0.14,0.88
2013-10-18,600809,0.93,0.8,1.0,0.73,54360,98419593.0,29.35,-13.04,-0.12,0.63
2013-10-21,600809,0.8,1.03,1.05,0.79,59343,108450908.0,32.5,28.75,0.23,0.69
2013-10-22,600809,1.02,1.11,1.26,0.92,86247,159866684.0,33.01,7.77,0.08,1.0
2013-10-23,600809,1.08,1.02,1.23,0.99,63408,117089343.0,21.62,-8.11,-0.09,0.73
2013-10-24,600809,1.02,0.8,1.03,0.77,41531,75387454.0,25.49,-21.57,-0.22,0.48
2013-10-25,600809,0.8,0.24,0.85,0.16,91343,159834243.0,86.25,-70.0,-0.56,1.05
2013-10-28,600809,0.1,0.0,0.1,-0.34,86709,145203376.0,183.33,-100.0,-0.24,1.0
2013-10-29,600809,-0.12,-0.15,0.02,-0.34,52090,86875150.0,-8500.3,0.0,-0.15,0.6
2013-10-30,600809,-0.18,-0.17,-0.12,-0.3,44539,74286954.0,-120.0,-13.33,-0.02,0.51
2013-10-31,600809,-0.12,0.3,0.56,-0.18,115158,199362197.0,-435.29,276.47,0.47,1.33
2013-11-01,600809,0.08,0.1,0.23,0.0,47552,81423650.0,76.67,-66.67,-0.2,0.55
2013-11-04,600809,0.11,0.19,0.29,0.03,35439,61044817.0,260.0,90.0,0.09,0.41
2013-11-05,600809,0.14,0.27,0.32,-0.03,39383,67784658.0,184.21,42.11,0.08,0.45
2013-11-06,600809,0.27,0.75,1.17,0.16,149088,268466720.0,374.07,177.78,0.48,1.72
2013-11-07,600809,0.67,0.88,1.05,0.59,74048,134207412.0,61.33,17.33,0.13,0.86
2013-11-08,600809,0.76,0.6,0.97,0.53,46627,83866125.0,50.0,-31.82,-0.28,0.54
2013-11-11,600809,0.52,1.09,1.15,0.47,94501,173837932.0,113.33,81.67,0.49,1.09
2013-11-12,600809,1.03,1.98,2.3,0.98,241574,469822176.0,121.1,81.65,0.89,2.79
2013-11-13,600809,1.82,1.95,2.64,1.7,205700,413124288.0,47.47,-1.52,-0.03,2.38
2013-11-14,600809,1.95,1.71,2.02,1.46,98185,189166315.0,28.72,-12.31,-0.24,1.13
2013-11-15,600809,1.7,1.63,1.85,1.53,108778,209803469.0,18.71,-4.68,-0.08,1.26
2013-11-18,600809,1.59,1.76,1.77,1.34,93677,179492026.0,26.38,7.98,0.13,1.08
2013-11-19,600809,1.75,1.91,2.33,1.66,126970,252142987.0,38.07,8.52,0.15,1.47
2013-11-20,600809,1.92,1.93,2.15,1.72,67901,133006077.0,22.51,1.05,0.02,0.78
2013-11-21,600809,1.88,1.41,1.88,1.32,81890,156090363.0,29.02,-26.94,-0.52,0.95
2013-11-22,600809,1.41,1.34,1.47,1.21,47768,89837479.0,18.44,-4.96,-0.07,0.55
2013-11-25,600809,1.32,1.57,1.76,1.31,66014,126789991.0,33.58,17.16,0.23,0.76
2013-11-26,600809,1.59,1.5,1.63,1.32,39803,75486944.0,19.75,-4.46,-0.07,0.46
2013-11-27,600809,1.46,1.53,1.56,1.29,39647,75219187.0,18.0,2.0,0.03,0.46
2013-11-28,600809,1.54,1.78,1.96,1.49,79232,154083497.0,30.72,16.34,0.25,0.92
2013-11-29,600809,1.77,1.65,1.8,1.56,41713,80321989.0,13.48,-7.3,-0.13,0.48
2013-12-02,600809,1.5,1.0,1.52,1.0,64564,120490180.0,31.52,-39.39,-0.65,0.75
2013-12-03,600809,1.0,1.22,1.48,0.93,59989,111837477.0,55.0,22.0,0.22,0.69
2013-12-04,600809,1.14,1.38,1.5,1.02,68256,128373317.0,39.34,13.11,0.16,0.79
2013-12-05,600809,1.37,1.3,1.5,1.25,48877,92164903.0,18.12,-5.8,-0.08,0.56
2013-12-06,600809,1.27,1.72,1.72,1.17,103376,197686346.0,42.31,32.31,0.42,1.19
2013-12-09,600809,1.71,2.12,2.53,1.51,139866,276218144.0,59.3,23.26,0.4,1.62
2013-12-10,600809,2.03,2.21,2.35,1.97,84099,168034859.0,17.92,4.25,0.09,0.97
2013-12-11,600809,2.17,2.42,2.64,2.0,118162,240371676.0,28.96,9.5,0.21,1.36
2013-12-12,600809,2.32,2.15,2.57,2.09,65656,131797547.0,19.83,-11.16,-0.27,0.76
2013-12-13,600809,2.03,1.98,2.35,1.96,52910,105559113.0,18.14,-7.91,-0.17,0.61
2013-12-16,600809,1.94,1.42,2.0,1.33,74697,143208562.0,33.84,-28.28,-0.56,0.86
2013-12-17,600809,1.44,1.4,1.6,1.31,53131,100630257.0,20.42,-1.41,-0.02,0.61
2013-12-18,600809,1.37,1.1,1.42,1.05,51052,94993396.0,26.43,-21.43,-0.3,0.59
2013-12-19,600809,1.17,1.17,1.35,1.03,37003,68829910.0,29.09,6.36,0.07,0.43
2013-12-20,600809,1.21,0.7,1.22,0.58,68432,123785240.0,54.7,-40.17,-0.47,0.79
2013-12-23,600809,0.75,0.59,0.78,0.25,41495,73497496.0,75.71,-15.71,-0.11,0.48
2013-12-24,600809,0.58,0.76,1.01,0.57,41490,75116792.0,74.58,28.81,0.17,0.48
2013-12-25,600809,0.85,0.86,0.98,0.76,15730,28608841.0,28.95,13.16,0.1,0.18
2013-12-26,600809,0.83,0.45,0.9,0.22,40092,70996430.0,79.07,-47.67,-0.41,0.46
2013-12-27,600809,0.46,0.92,1.09,0.32,50016,90730232.0,171.11,104.44,0.47,0.58
2013-12-30,600809,0.93,0.84,1.06,0.74,59335,107979143.0,34.78,-8.7,-0.08,0.69
2013-12-31,600809,0.75,1.67,1.87,0.64,143578,272735008.0,146.43,98.81,0.83,1.66
2014-01-02,600809,1.46,1.65,1.77,1.29,72043,137787433.0,28.74,-1.2,-0.02,0.83
2014-01-03,600809,1.47,1.54,1.62,1.32,41961,79771116.0,18.18,-6.67,-0.11,0.48
2014-01-06,600809,1.39,0.91,1.51,0.9,35507,66080029.0,39.61,-40.91,-0.63,0.41
2014-01-07,600809,0.85,1.06,1.17,0.75,39686,72590519.0,46.15,16.48,0.15,0.46
2014-01-08,600809,1.03,0.59,1.1,0.53,40944,73835751.0,53.77,-44.34,-0.47,0.47
2014-01-09,600809,0.6,0.49,1.21,0.37,64920,116818113.0,142.37,-16.95,-0.1,0.75
2014-01-10,600809,0.46,0.59,0.72,0.33,26733,47403139.0,79.59,20.41,0.1,0.31
2014-01-13,600809,0.67,0.79,0.97,0.57,44026,79341785.0,67.8,33.9,0.2,0.51
2014-01-14,600809,0.78,0.95,1.03,0.65,29924,54510831.0,48.1,20.25,0.16,0.35
2014-01-15,600809,0.94,0.89,1.02,0.75,40857,74534063.0,28.42,-6.32,-0.06,0.47
2014-01-16,600809,0.8,0.95,1.21,0.8,47474,87596246.0,46.07,6.74,0.06,0.55
2014-01-17,600809,0.9,0.44,0.92,0.37,63920,114476429.0,57.89,-53.68,-0.51,0.74
2014-01-20,600809,0.3,1.07,1.1,0.27,87797,159251324.0,188.64,143.18,0.63,1.01
2014-01-21,600809,1.0,0.97,1.12,0.89,23151,42546866.0,21.5,-9.35,-0.1,0.27
2014-01-22,600809,0.87,1.32,1.5,0.85,78944,148674608.0,67.01,36.08,0.35,0.91
2014-01-23,600809,1.1,1.05,1.24,0.75,84388,154975148.0,37.12,-20.45,-0.27,0.97
2014-01-24,600809,0.9,0.87,1.12,0.82,74997,137308362.0,28.57,-17.14,-0.18,0.87
2014-01-27,600809,0.83,0.83,1.07,0.66,69850,126475455.0,47.13,-4.6,-0.04,0.81
2014-01-28,600809,0.85,0.87,1.03,0.76,41010,74627581.0,32.53,4.82,0.04,0.47
2014-01-29,600809,0.87,0.43,0.92,0.35,75421,133109814.0,65.52,-50.57,-0.44,0.87
2014-01-30,600809,0.42,-0.48,0.42,-0.5,122092,202545569.0,213.95,-211.63,-0.91,1.41
2014-02-07,600809,-0.53,-0.5,-0.41,-0.68,37498,60612005.0,-56.25,-4.17,-0.02,0.43
2014-02-10,600809,-0.47,-0.32,-0.29,-0.53,71880,117876931.0,-48.0,36.0,0.18,0.83
2014-02-11,600809,-0.35,-0.15,-0.01,-0.42,76573,127783313.0,-128.13,53.13,0.17,0.88
2014-02-12,600809,-0.15,-0.22,-0.15,-0.33,46258,76755197.0,-120.0,-46.67,-0.07,0.53
2014-02-13,600809,-0.23,-0.19,0.02,-0.3,58025,97660762.0,-145.45,13.64,0.03,0.67
2014-02-14,600809,-0.21,0.26,0.3,-0.21,94781,162155724.0,-268.42,236.84,0.45,1.09
2014-02-17,600809,0.25,0.66,0.82,0.22,106860,189861902.0,230.77,153.85,0.4,1.23
2014-02-18,600809,0.65,0.3,0.7,0.25,61929,108372270.0,68.18,-54.55,-0.36,0.72
2014-02-19,600809,0.28,0.45,0.72,0.28,66460,117680463.0,146.67,50.0,0.15,0.77
2014-02-20,600809,0.41,0.11,0.5,0.07,41383,71308212.0,95.56,-75.56,-0.34,0.48
2014-02-21,600809,0.12,0.0,0.26,-0.18,46304,78549868.0,400.0,-100.0,-0.11,0.53
2014-02-24,600809,-0.11,-0.16,-0.1,-0.4,36279,60230513.0,-6833.57,0.0,-0.16,0.42
2014-02-25,600809,-0.24,-0.65,-0.15,-0.66,59715,97310982.0,-318.75,-306.25,-0.49,0.69
2014-02-26,600809,-0.65,-0.53,-0.39,-0.68,31843,51519972.0,-44.62,18.46,0.12,0.37
2014-02-27,600809,-0.52,-0.64,-0.45,-0.65,26967,43491306.0,-37.74,-20.75,-0.11,0.31
2014-02-28,600809,-0.68,-0.49,-0.46,-0.78,29065,47062809.0,-50.0,23.44,0.15,0.34
2014-03-03,600809,-0.49,-0.44,-0.4,-0.62,24824,40353401.0,-44.9,10.2,0.05,0.29
2014-03-04,600809,-0.5,-0.55,-0.33,-0.61,33120,53749486.0,-63.64,-25.0,-0.11,0.38
2014-03-05,600809,-0.55,-0.2,-0.08,-0.68,67156,111099351.0,-109.09,63.64,0.35,0.78
2014-03-06,600809,-0.32,-0.25,-0.15,-0.45,39271,65093782.0,-150.0,-25.0,-0.05,0.45
2014-03-07,600809,-0.25,-0.29,-0.11,-0.38,59506,98869830.0,-108.0,-16.0,-0.04,0.69
2014-03-10,600809,-0.4,-0.98,-0.36,-1.02,62716,99694448.0,-227.59,-237.93,-0.69,0.72
2014-03-11,600809,-1.04,-0.71,-0.48,-1.18,84404,133017776.0,-71.43,27.55,0.27,0.97
2014-03-12,600809,-0.72,-0.79,-0.51,-0.88,57442,91910329.0,-52.11,-11.27,-0.08,0.66
2014-03-13,600809,-0.75,0.35,0.35,-0.75,189077,322569488.0,-139.24,144.3,1.14,2.18
2014-03-14,600809,0.68,0.74,0.82,0.32,322808,574403200.0,142.86,111.43,0.39,3.73
2014-03-17,600809,0.6,0.83,0.86,0.5,168924,302077856.0,48.65,12.16,0.09,1.95
2014-03-18,600809,0.85,0.62,1.37,0.6,292041,537094464.0,92.77,-25.3,-0.21,3.37
2014-03-19,600809,0.52,0.56,0.72,0.39,147610,261896346.0,53.23,-9.68,-0.06,1.7
2014-03-20,600809,0.54,0.07,0.75,0.05,120308,210743833.0,125.0,-87.5,-0.49,1.39
2014-03-21,600809,0.03,0.3,0.49,-0.17,147519,252707008.0,942.86,328.57,0.23,1.7
2014-03-24,600809,0.29,0.43,0.62,0.17,152440,267138860.0,150.0,43.33,0.13,1.76
2014-03-25,600809,0.02,-0.53,0.02,-0.75,255969,418253728.0,179.07,-223.26,-0.96,2.96
2014-03-26,600809,-0.55,-0.61,-0.5,-0.71,135333,217477151.0,-39.62,-15.09,-0.08,1.56
2014-03-27,600809,-0.65,-0.71,-0.48,-0.75,93155,150006844.0,-44.26,-16.39,-0.1,1.08
2014-03-28,600809,-0.73,-1.1,-0.62,-1.18,126654,196708104.0,-78.87,-54.93,-0.39,1.46
2014-03-31,600809,-1.18,-1.12,-1.02,-1.18,69608,107308927.0,-14.55,-1.82,-0.02,0.8
2014-04-01,600809,-1.11,-0.99,-0.9,-1.13,71668,111484451.0,-20.54,11.61,0.13,0.83
2014-04-02,600809,-0.98,-0.89,-0.71,-1.03,99131,155834659.0,-32.32,10.1,0.1,1.14
2014-04-03,600809,-0.88,-1.04,-0.85,-1.1,64703,100479195.0,-28.09,-16.85,-0.15,0.75
2014-04-04,600809,-1.08,-0.98,-0.97,-1.13,42183,65291898.0,-15.38,5.77,0.06,0.49
2014-04-08,600809,-1.04,-0.77,-0.76,-1.06,87192,137150238.0,-30.61,21.43,0.21,1.01
2014-04-09,600809,-0.78,-0.69,-0.47,-0.87,117135,187668727.0,-51.95,10.39,0.08,1.35
2014-04-10,600809,-0.78,-0.74,-0.64,-0.9,83397,132402565.0,-37.68,-7.25,-0.05,0.96
2014-04-11,600809,-0.78,-0.63,-0.5,-0.79,113996,183724789.0,-39.19,14.86,0.11,1.32
2014-04-14,600809,-0.72,-0.61,-0.55,-0.84,65509,104807288.0,-46.03,3.17,0.02,0.76
2014-04-15,600809,-0.7,-0.94,-0.65,-0.98,74919,118386491.0,-54.1,-54.1,-0.33,0.87
2014-04-16,600809,-0.95,-0.89,-0.8,-1.0,47788,75026604.0,-21.28,5.32,0.05,0.55
2014-04-17,600809,-0.89,-0.88,-0.8,-0.92,36436,57385010.0,-13.48,1.12,0.01,0.42
2014-04-18,600809,-0.88,-0.83,-0.73,-0.96,40388,63873751.0,-26.14,5.68,0.05,0.47
2014-04-21,600809,-0.91,-1.13,-0.83,-1.16,61365,95245885.0,-39.76,-36.14,-0.3,0.71
2014-04-22,600809,-1.13,-1.08,-1.01,-1.23,47756,73481159.0,-19.47,4.42,0.05,0.55
2014-04-23,600809,-1.08,-0.85,-0.79,-1.1,74309,116721944.0,-28.7,21.3,0.23,0.86
2014-04-24,600809,-0.95,-0.88,-0.8,-0.97,43489,68242016.0,-20.0,-3.53,-0.03,0.5
2014-04-25,600809,-0.97,-1.25,-0.92,-1.25,85154,130640500.0,-37.5,-42.05,-0.37,0.98
2014-04-28,600809,-1.45,-1.64,-1.42,-1.7,57184,84314765.0,-22.4,-31.2,-0.39,0.66
2014-04-29,600809,-1.66,-1.59,-1.53,-1.75,23793,34934965.0,-13.41,3.05,0.05,0.27
2014-04-30,600809,-1.58,-1.66,-1.55,-1.75,34723,50807072.0,-12.58,-4.4,-0.07,0.4
2014-05-05,600809,-1.72,-1.74,-1.68,-1.87,46964,67902098.0,-11.45,-4.82,-0.08,0.54
2014-05-06,600809,-1.75,-1.75,-1.68,-1.83,33303,48335674.0,-8.62,-0.57,-0.01,0.38
2014-05-07,600809,-1.75,-1.88,-1.69,-1.9,33137,47778221.0,-12.0,-7.43,-0.13,0.38
2014-05-08,600809,-1.86,-1.85,-1.71,-1.89,26734,38588284.0,-9.57,1.6,0.03,0.31
2014-05-09,600809,-1.81,-1.82,-1.63,-1.9,30545,44192078.0,-14.59,1.62,0.03,0.35
2014-05-12,600809,-1.75,-1.53,-1.4,-1.79,67574,99770912.0,-21.43,15.93,0.29,0.78
2014-05-13,600809,-1.52,-1.43,-1.28,-1.6,67640,100987603.0,-20.92,6.54,0.1,0.78
2014-05-14,600809,-1.43,-1.63,-1.43,-1.68,35065,51574852.0,-17.48,-13.99,-0.2,0.4
2014-05-15,600809,-1.63,-1.78,-1.54,-1.78,29063,42444458.0,-14.72,-9.2,-0.15,0.34
2014-05-16,600809,-1.77,-1.79,-1.73,-1.83,16010,23136118.0,-5.62,-0.56,-0.01,0.18
2014-05-19,600809,-1.88,-2.13,-1.86,-2.15,55658,78116481.0,-16.2,-18.99,-0.34,0.64
2014-05-20,600809,-2.05,-2.28,-2.04,-2.4,52154,72240282.0,-16.9,-7.04,-0.15,0.6
2014-05-21,600809,-2.35,-2.18,-2.14,-2.36,31162,43170079.0,-9.65,4.39,0.1,0.36
2014-05-22,600809,-2.19,-2.26,-2.05,-2.27,32647,45395058.0,-10.09,-3.67,-0.08,0.38
2014-05-23,600809,-2.26,-2.19,-2.18,-2.31,23758,32834734.0,-5.75,3.1,0.07,0.27
2014-05-26,600809,-2.13,-2.1,-2.07,-2.2,29757,41596792.0,-5.94,4.11,0.09,0.34
2014-05-27,600809,-2.11,-2.21,-2.09,-2.25,28250,39331203.0,-7.62,-5.24,-0.11,0.33
2014-05-28,600809,-2.22,-2.1,-1.98,-2.27,49662,69310636.0,-13.12,4.98,0.11,0.57
2014-05-29,600809,-2.11,-2.25,-2.05,-2.25,33802,47229176.0,-9.52,-7.14,-0.15,0.39
2014-05-30,600809,-2.27,-2.23,-2.15,-2.28,24596,34096182.0,-5.78,0.89,0.02,0.28
2014-06-03,600809,-2.23,-2.22,-2.13,-2.25,20401,28283646.0,-5.38,0.45,0.01,0.24
2014-06-04,600809,-2.22,-2.47,-2.2,-2.51,37185,50498524.0,-13.96,-11.26,-0.25,0.43
2014-06-05,600809,-2.47,-2.33,-2.33,-2.54,23703,32183229.0,-8.5,5.67,0.14,0.27
2014-06-06,600809,-2.33,-2.44,-2.3,-2.48,24290,33005826.0,-7.73,-4.72,-0.11,0.28
2014-06-09,600809,-2.43,-2.54,-2.38,-2.55,47907,64625329.0,-6.97,-4.1,-0.1,0.55
2014-06-10,600809,-2.54,-2.53,-2.49,-2.63,49453,66232439.0,-5.51,0.39,0.01,0.57
2014-06-11,600809,-2.53,-2.35,-2.35,-2.57,52165,70519848.0,-8.7,7.11,0.18,0.6
2014-06-12,600809,-2.4,-2.41,-2.32,-2.45,39950,54366630.0,-5.53,-2.55,-0.06,0.46
2014-06-13,600809,-2.39,-2.34,-2.33,-2.47,43606,59415136.0,-5.81,2.9,0.07,0.5
2014-06-16,600809,-2.28,-2.29,-2.25,-2.35,47007,62974137.0,-4.27,2.14,0.05,0.54
2014-06-17,600809,-2.29,-2.51,-2.29,-2.55,52286,68873361.0,-11.35,-9.61,-0.22,0.6
2014-06-18,600809,-2.48,-2.54,-2.47,-2.58,32041,41822700.0,-4.38,-1.2,-0.03,0.37
2014-06-19,600809,-2.55,-2.87,-2.55,-2.88,65324,83467309.0,-12.99,-12.99,-0.33,0.75
2014-06-20,600809,-2.87,-2.85,-2.79,-2.93,32996,41600625.0,-4.88,0.7,0.02,0.38
2014-06-23,600809,-2.82,-2.79,-2.73,-2.86,25296,32045225.0,-4.56,2.11,0.06,0.29
2014-06-24,600809,-2.81,-2.45,-2.38,-2.84,89508,117216992.0,-16.49,12.19,0.34,1.03
2014-06-25,600809,-2.58,-2.55,-2.39,-2.59,52127,68480893.0,-8.16,-4.08,-0.1,0.6
2014-06-26,600809,-2.54,-2.52,-2.42,-2.58,30457,39982014.0,-6.27,1.18,0.03,0.35
2014-06-27,600809,-2.52,-2.3,-2.25,-2.55,82546,109842748.0,-11.9,8.73,0.22,0.95
2014-06-30,600809,-2.23,-2.38,-2.19,-2.38,49657,66518569.0,-8.26,-3.48,-0.08,0.57
2014-07-01,600809,-2.36,-2.43,-2.32,-2.46,40933,54092309.0,-5.88,-2.1,-0.05,0.47
2014-07-02,600809,-2.43,-2.31,-2.31,-2.5,65061,86284417.0,-7.82,4.94,0.12,0.75
2014-07-03,600809,-2.33,-2.38,-2.32,-2.42,59492,79048611.0,-4.33,-3.03,-0.07,0.69
2014-07-04,600809,-2.38,-2.48,-2.33,-2.51,42398,55860667.0,-7.56,-4.2,-0.1,0.49
2014-07-07,600809,-2.52,-2.53,-2.45,-2.63,51043,66559545.0,-7.26,-2.02,-0.05,0.59
2014-07-08,600809,-2.56,-2.5,-2.41,-2.56,29602,38762348.0,-5.93,1.19,0.03,0.34
2014-07-09,600809,-2.54,-2.65,-2.42,-2.67,53531,69844127.0,-10.0,-6.0,-0.15,0.62
2014-07-10,600809,-2.68,-2.65,-2.52,-2.69,44508,57544996.0,-6.42,0.0,0.0,0.51
2014-07-11,600809,-2.62,-2.58,-2.5,-2.73,47939,62260200.0,-8.68,2.64,0.07,0.55
2014-07-14,600809,-2.57,-1.65,-1.65,-2.6,353293,491799840.0,-36.82,36.05,0.93,4.08
2014-07-15,600809,-1.75,-1.19,-0.84,-1.79,417751,619192592.0,-57.58,27.88,0.46,4.82
2014-07-16,600809,-1.29,-1.14,-1.0,-1.49,184351,272901424.0,-41.18,4.2,0.05,2.13
2014-07-17,600809,-1.25,-1.38,-1.08,-1.48,102438,151128387.0,-35.09,-21.05,-0.24,1.18
2014-07-18,600809,-1.43,-0.8,-0.45,-1.47,267185,410285536.0,-73.91,42.03,0.58,3.09
2014-07-21,600809,-0.9,-0.73,-0.21,-1.0,172940,273804256.0,-98.75,8.75,0.07,2.0
2014-07-22,600809,-0.86,-0.62,-0.36,-1.0,138372,217125905.0,-87.67,15.07,0.11,1.6
2014-07-23,600809,-0.81,-0.88,-0.6,-0.95,94676,146342698.0,-56.45,-41.94,-0.26,1.09
2014-07-24,600809,-0.86,-0.8,-0.73,-1.15,109397,167381110.0,-47.73,9.09,0.08,1.26
2014-07-25,600809,-0.9,-0.34,-0.23,-0.97,155079,246497133.0,-92.5,57.5,0.46,1.79
2014-07-28,600809,-0.37,-0.05,0.18,-0.37,146840,242947284.0,-161.76,85.29,0.29,1.7
2014-07-29,600809,-0.11,-0.1,-0.02,-0.3,72076,118154455.0,-560.0,-100.0,-0.05,0.83
2014-07-30,600809,-0.25,-0.47,-0.03,-0.54,114671,185191257.0,-510.0,-370.0,-0.37,1.32
2014-07-31,600809,-0.51,-0.28,-0.22,-0.53,54991,88761256.0,-65.96,40.43,0.19,0.64
2014-08-01,600809,-0.3,-0.52,-0.2,-0.58,64686,103843268.0,-135.71,-85.71,-0.24,0.75
2014-08-04,600809,-0.52,-0.43,-0.39,-0.68,73024,116154357.0,-55.77,17.31,0.09,0.84
2014-08-05,600809,-0.42,-0.33,-0.25,-0.52,86359,138668085.0,-62.79,23.26,0.1,1.0
2014-08-06,600809,-0.36,-0.51,-0.33,-0.54,62055,99357569.0,-63.64,-54.55,-0.18,0.72
2014-08-07,600809,-0.48,-0.7,-0.43,-0.7,72607,114428226.0,-52.94,-37.25,-0.19,0.84
2014-08-08,600809,-0.73,-0.63,-0.57,-0.75,40819,64088076.0,-25.71,10.0,0.07,0.47
2014-08-11,600809,-0.54,-0.47,-0.46,-0.62,59632,94682835.0,-25.4,25.4,0.16,0.69
2014-08-12,600809,-0.47,-0.45,-0.28,-0.58,86581,138421354.0,-63.83,4.26,0.02,1.0
2014-08-13,600809,-0.48,-0.13,-0.05,-0.53,151817,247578072.0,-106.67,71.11,0.32,1.75
2014-08-14,600809,-0.15,-0.43,0.1,-0.45,117665,191032334.0,-423.08,-230.77,-0.3,1.36
2014-08-15,600809,-0.45,-0.07,0.07,-0.58,144356,234742284.0,-151.16,83.72,0.36,1.67
2014-08-18,600809,-0.13,-0.08,0.03,-0.16,61371,101138610.0,-271.43,-14.29,-0.01,0.71
2014-08-19,600809,-0.08,-0.2,-0.07,-0.39,71663,116439933.0,-400.0,-150.0,-0.12,0.83
2014-08-20,600809,-0.23,-0.1,0.0,-0.36,101715,167139781.0,-180.0,50.0,0.1,1.17
2014-08-21,600809,-0.18,-0.3,-0.11,-0.48,73936,119064504.0,-370.0,-200.0,-0.2,0.85
2014-08-22,600809,-0.32,-0.3,-0.18,-0.4,50223,81488817.0,-73.33,0.0,0.0,0.58
2014-08-25,600809,-0.3,-0.67,-0.3,-0.68,86035,136088791.0,-126.67,-123.33,-0.37,0.99
2014-08-26,600809,-0.7,-0.83,-0.62,-0.9,50659,78674434.0,-41.79,-23.88,-0.16,0.59
2014-08-27,600809,-0.92,-0.85,-0.77,-0.92,32888,50761689.0,-18.07,-2.41,-0.02,0.38
2014-08-28,600809,-0.9,-0.79,-0.73,-1.0,32036,49309008.0,-31.76,7.06,0.06,0.37
2014-08-29,600809,-0.82,-0.57,-0.4,-0.82,59484,93974299.0,-53.16,27.85,0.22,0.69
2014-09-01,600809,-0.58,-0.29,-0.27,-0.65,67219,107565118.0,-66.67,49.12,0.28,0.78
2014-09-02,600809,-0.27,0.27,0.39,-0.4,207308,347778608.0,-272.41,193.1,0.56,2.39
2014-09-03,600809,0.25,0.46,0.96,0.15,148047,257635106.0,300.0,70.37,0.19,1.71
2014-09-04,600809,0.51,0.45,0.56,0.21,64211,110150672.0,76.09,-2.17,-0.01,0.74
2014-09-05,600809,0.45,0.35,0.57,0.3,74837,128411764.0,60.0,-22.22,-0.1,0.86
2014-09-09,600809,0.35,0.2,0.35,0.07,67127,112970926.0,80.0,-42.86,-0.15,0.78
2014-09-10,600809,0.14,0.43,0.48,0.07,81166,139086832.0,205.0,115.0,0.23,0.94
2014-09-11,600809,0.43,0.35,0.57,0.25,70759,121330865.0,74.42,-18.6,-0.08,0.82
2014-09-12,600809,0.22,0.22,0.32,0.1,82537,138869581.0,62.86,-37.14,-0.13,0.95
2014-09-15,600809,0.17,0.15,0.2,-0.07,74051,123603320.0,122.73,-31.82,-0.07,0.86
2014-09-16,600809,0.15,-0.41,0.2,-0.44,96481,159078787.0,426.67,-373.33,-0.56,1.11
2014-09-17,600809,-0.4,-0.31,-0.3,-0.48,45199,72659283.0,-43.9,24.39,0.1,0.52
2014-09-18,600809,-0.37,-0.32,-0.28,-0.5,75978,122149774.0,-70.97,-3.23,-0.01,0.88
2014-09-19,600809,-0.32,-0.12,-0.1,-0.38,66684,108802693.0,-87.5,62.5,0.2,0.77
2014-09-22,600809,-0.12,-0.35,-0.1,-0.39,40562,65697728.0,-241.67,-191.67,-0.23,0.47
2014-09-23,600809,-0.37,-0.23,-0.15,-0.4,33622,54622348.0,-71.43,34.29,0.12,0.39
2014-09-24,600809,-0.28,0.09,0.11,-0.28,52399,86827639.0,-169.57,139.13,0.32,0.61
2014-09-25,600809,0.08,0.27,0.46,0.08,103642,176710126.0,422.22,200.0,0.18,1.2
2014-09-26,600809,0.26,0.22,0.35,0.13,45032,76227185.0,81.48,-18.52,-0.05,0.52
2014-09-29,600809,0.24,0.12,0.35,0.01,85918,144222395.0,154.55,-45.45,-0.1,0.99
2014-09-30,600809,0.12,0.0,0.14,-0.04,79661,132355467.0,150.0,-100.0,-0.12,0.92
2014-10-08,600809,0.0,-0.03,0.03,-0.25,67575,111038152.0,9999.49,0.0,-0.03,0.78
2014-10-09,600809,-0.06,0.0,0.02,-0.14,90635,150196393.0,-533.33,100.0,0.03,1.05
2014-10-10,600809,-0.06,-0.18,0.0,-0.22,59113,97182162.0,-5166.84,0.0,-0.18,0.68
2014-10-13,600809,-0.23,-0.13,-0.1,-0.38,57602,93956010.0,-155.56,27.78,0.05,0.67
2014-10-14,600809,-0.13,-0.28,-0.05,-0.33,61618,100858497.0,-215.38,-115.38,-0.15,0.71
2014-10-15,600809,-0.28,-0.2,-0.19,-0.4,60541,98062909.0,-75.0,28.57,0.08,0.7
2014-10-16,600809,-0.26,0.0,0.17,-0.36,109023,180842188.0,-265.0,100.0,0.2,1.26
2014-10-17,600809,0.0,0.45,0.54,-0.08,215747,366996448.0,21498.9,0.0,0.45,2.49
2014-10-20,600809,0.5,0.25,0.5,0.17,99135,168575321.0,73.33,-44.44,-0.2,1.14
2014-10-21,600809,0.25,0.17,0.49,0.14,79605,135390094.0,140.0,-32.0,-0.08,0.92
2014-10-22,600809,0.17,0.17,0.26,-0.05,78228,131254116.0,182.35,0.0,0.0,0.9
2014-10-23,600809,0.11,-0.39,0.13,-0.4,75062,122476470.0,311.76,-329.41,-0.56,0.87
2014-10-24,600809,-0.38,-0.7,-0.22,-0.75,62744,100445483.0,-135.9,-79.49,-0.31,0.72
2014-10-27,600809,-0.86,-0.3,-0.27,-1.04,87570,138159433.0,-110.0,57.14,0.4,1.01
2014-10-28,600809,-0.3,-0.18,-0.13,-0.4,49933,81179791.0,-90.0,40.0,0.12,0.58
2014-10-29,600809,-0.1,-0.04,0.02,-0.22,56602,93233420.0,-133.33,77.78,0.14,0.65
2014-10-30,600809,-0.05,-0.01,0.13,-0.15,52169,86796693.0,-700.0,75.0,0.03,0.6
2014-10-31,600809,-0.03,0.22,0.4,-0.19,90351,151963745.0,-5900.0,2300.0,0.23,1.04
2014-11-03,600809,0.22,0.16,0.26,0.08,65349,110145493.0,81.82,-27.27,-0.06,0.75
2014-11-04,600809,0.14,0.05,0.21,-0.05,50253,83893099.0,162.5,-68.75,-0.11,0.58
2014-11-05,600809,0.05,0.21,0.35,0.0,80265,135555844.0,700.0,320.0,0.16,0.93
2014-11-06,600809,0.25,0.28,0.45,0.21,88808,151417126.0,114.29,33.33,0.07,1.03
2014-11-07,600809,0.3,-0.11,0.39,-0.22,85989,143602033.0,217.86,-139.29,-0.39,0.99
2014-11-10,600809,-0.06,1.07,1.07,-0.06,306008,541253760.0,-1027.27,1072.73,1.18,3.53
2014-11-11,600809,1.28,1.7,2.14,1.28,427249,810565312.0,80.37,58.88,0.63,4.93
2014-11-12,600809,1.81,1.85,1.89,1.4,202205,382391552.0,28.82,8.82,0.15,2.34
2014-11-13,600809,1.74,1.63,1.94,1.51,176523,335210704.0,23.24,-11.89,-0.22,2.04
2014-11-14,600809,1.64,2.08,2.12,1.53,256978,496656976.0,36.2,27.61,0.45,2.97
2014-11-17,600809,2.42,1.5,2.63,1.42,212376,406907728.0,58.17,-27.88,-0.58,2.45
2014-11-18,600809,1.32,1.32,1.43,1.11,129500,237621275.0,21.33,-12.0,-0.18,1.5
2014-11-19,600809,1.21,1.21,1.38,1.1,77897,142634716.0,21.21,-8.33,-0.11,0.9
2014-11-20,600809,1.11,1.4,1.41,0.95,96850,176165969.0,38.02,15.7,0.19,1.12
2014-11-21,600809,1.25,1.28,1.41,1.17,78452,144347848.0,17.14,-8.57,-0.12,0.91
2014-11-24,600809,1.37,1.66,1.7,1.12,146438,272994928.0,45.31,29.69,0.38,1.69
2014-11-25,600809,1.58,1.73,1.84,1.5,114669,217143008.0,20.48,4.22,0.07,1.32
2014-11-26,600809,1.65,2.04,2.17,1.57,181895,350981408.0,34.68,17.92,0.31,2.1
2014-11-27,600809,2.02,1.9,2.21,1.75,149660,289722016.0,22.55,-6.86,-0.14,1.73
2014-11-28,600809,1.87,1.72,2.06,1.33,121625,230764045.0,38.42,-9.47,-0.18,1.4
2014-12-01,600809,1.62,3.07,3.07,1.62,327384,664740720.0,84.3,78.49,1.35,3.78
2014-12-02,600809,3.35,3.12,3.49,2.64,322456,675518880.0,27.69,1.63,0.05,3.72
2014-12-03,600809,2.78,3.6,4.21,2.72,331368,717034352.0,47.76,15.38,0.48,3.83
2014-12-04,600809,3.57,4.06,4.3,3.57,229118,509016832.0,20.28,12.78,0.46,2.65
2014-12-05,600809,4.06,3.69,4.28,2.57,251086,549481872.0,42.12,-9.11,-0.37,2.9
2014-12-08,600809,3.21,3.75,3.95,3.14,165745,358127392.0,21.95,1.63,0.06,1.91
2014-12-09,600809,3.41,3.33,4.53,3.25,269177,593531312.0,34.13,-11.2,-0.42,3.11
2014-12-10,600809,3.29,3.78,3.92,3.29,117191,254499151.0,18.92,13.51,0.45,1.35
2014-12-11,600809,3.78,3.81,4.25,3.57,104054,229552714.0,17.99,0.79,0.03,1.2
2014-12-12,600809,3.84,4.25,4.46,3.77,165914,372609088.0,18.11,11.55,0.44,1.92
2014-12-15,600809,4.14,4.35,4.53,3.86,146334,330703232.0,15.76,2.35,0.1,1.69
2014-12-16,600809,4.03,3.85,4.21,3.62,140968,310112224.0,13.56,-11.49,-0.5,1.63
2014-12-17,600809,3.77,3.38,3.77,3.18,110215,235573180.0,15.32,-12.21,-0.47,1.27
2014-12-18,600809,3.38,3.5,3.74,3.38,65018,140318706.0,10.65,3.55,0.12,0.75
2014-12-19,600809,3.42,4.2,4.57,3.42,165098,368305216.0,32.86,20.0,0.7,1.91
2014-12-22,600809,3.96,3.79,4.05,2.94,144270,312389664.0,26.43,-9.76,-0.41,1.67
2014-12-23,600809,3.46,4.18,4.57,3.44,203624,457090992.0,29.82,10.29,0.39,2.35
2014-12-24,600809,4.02,4.57,5.06,4.02,275197,638970528.0,24.88,9.33,0.39,3.18
2014-12-25,600809,4.61,4.98,5.0,4.29,139101,322049824.0,15.54,8.97,0.41,1.61
2014-12-26,600809,4.92,4.74,4.94,4.51,123039,285725696.0,8.63,-4.82,-0.24,1.42
2014-12-29,600809,4.48,5.06,5.27,4.0,170471,394237280.0,26.79,6.75,0.32,1.97
2014-12-30,600809,4.92,4.52,5.07,4.5,101215,236287727.0,11.26,-10.67,-0.54,1.17
2014-12-31,600809,4.5,4.49,4.7,4.27,90946,208075246.0,9.51,-0.66,-0.03,1.05
2015-01-05,600809,4.49,5.97,6.08,4.12,225899,540023008.0,43.65,32.96,1.48,2.61
2015-01-06,600809,5.32,6.22,6.45,5.32,159845,402309056.0,18.93,4.19,0.25,1.85
2015-01-07,600809,6.02,5.74,6.46,5.5,97506,242861634.0,15.43,-7.72,-0.48,1.13
2015-01-08,600809,5.72,5.88,6.35,5.5,74575,185309996.0,14.81,2.44,0.14,0.86
2015-01-09,600809,5.57,5.4,6.2,5.28,82308,204179818.0,15.65,-8.16,-0.48,0.95
2015-01-12,600809,5.27,5.12,5.42,4.73,68513,161457796.0,12.78,-5.19,-0.28,0.79
2015-01-13,600809,5.06,4.8,5.25,4.75,57139,134281111.0,9.77,-6.25,-0.32,0.66
2015-01-14,600809,4.95,4.02,4.97,3.94,79774,182064625.0,21.46,-16.25,-0.78,0.92
2015-01-15,600809,4.02,4.2,4.36,3.62,66797,148215655.0,18.41,4.48,0.18,0.77
2015-01-16,600809,4.27,4.32,4.5,4.08,57639,130684301.0,10.0,2.86,0.12,0.67
2015-01-19,600809,3.78,2.73,4.33,2.7,128558,276459760.0,37.73,-36.81,-1.59,1.48
2015-01-20,600809,2.85,3.22,3.37,2.85,68228,143178367.0,19.05,17.95,0.49,0.79
2015-01-21,600809,3.41,3.75,3.75,3.25,56635,122242681.0,15.53,16.46,0.53,0.65
2015-01-22,600809,3.76,3.77,4.05,3.62,65726,144701598.0,11.47,0.53,0.02,0.76
2015-01-23,600809,3.65,3.44,3.96,3.38,84007,181578501.0,15.38,-8.75,-0.33,0.97
2015-01-26,600809,3.45,3.92,4.0,3.42,74339,161431860.0,16.86,13.95,0.48,0.86
2015-01-27,600809,4.0,3.77,4.0,3.44,86550,188973531.0,14.29,-3.83,-0.15,1.0
2015-01-28,600809,3.7,3.54,3.78,3.5,59805,129291847.0,7.43,-6.1,-0.23,0.69
2015-01-29,600809,3.42,3.46,3.75,3.34,49107,105627116.0,11.58,-2.26,-0.08,0.57
2015-01-30,600809,3.42,3.5,3.75,3.41,78443,169671498.0,9.83,1.16,0.04,0.91
2015-02-02,600809,3.25,2.4,3.37,2.25,146894,296780208.0,32.0,-31.43,-1.1,1.7
2015-02-03,600809,2.42,2.45,2.57,2.14,92847,184036086.0,17.92,2.08,0.05,1.07
2015-02-04,600809,2.44,2.48,2.74,2.32,73792,148783396.0,17.14,1.22,0.03,0.85
2015-02-05,600809,2.52,2.25,2.82,2.23,68431,137888950.0,23.79,-9.27,-0.23,0.79
2015-02-06,600809,2.27,1.83,2.28,1.76,63265,122061280.0,23.11,-18.67,-0.42,0.73
2015-02-09,600809,1.8,2.38,2.42,1.79,104536,204692815.0,34.43,30.05,0.55,1.21
2015-02-10,600809,2.29,2.4,2.77,2.28,77764,156347510.0,20.59,0.84,0.02,0.9
2015-02-11,600809,2.39,2.52,2.56,2.21,50037,99701535.0,14.58,5.0,0.12,0.58
2015-02-12,600809,2.44,2.38,2.57,2.21,58068,115531819.0,14.29,-5.56,-0.14,0.67
2015-02-13,600809,2.46,2.43,2.57,2.37,95522,191883496.0,8.4,2.1,0.05,1.1
2015-02-16,600809,2.5,2.61,2.63,2.43,58759,118536137.0,8.23,7.41,0.18,0.68
2015-02-17,600809,2.62,2.5,2.67,2.47,48797,98513204.0,7.66,-4.21,-0.11,0.56
2015-02-25,600809,2.5,2.22,2.58,2.17,58803,116600831.0,16.4,-11.2,-0.28,0.68
2015-02-26,600809,2.23,2.56,2.57,2.2,71219,142263879.0,16.67,15.32,0.34,0.82
2015-02-27,600809,2.56,2.67,2.86,2.52,90832,185403448.0,13.28,4.3,0.11,1.05
2015-03-02,600809,2.67,2.67,2.77,2.4,98677,198826570.0,13.86,0.0,0.0,1.14
2015-03-03,600809,2.56,2.38,2.62,2.37,78675,157886217.0,9.36,-10.86,-0.29,0.91
2015-03-04,600809,2.36,2.63,2.7,2.31,92696,186382396.0,16.39,10.5,0.25,1.07
2015-03-05,600809,2.6,2.78,2.92,2.5,110154,225102226.0,15.97,5.7,0.15,1.27
2015-03-06,600809,2.82,2.65,2.82,2.54,74609,151901631.0,10.07,-4.68,-0.13,0.86
2015-03-09,600809,2.62,2.57,2.64,2.26,74803,149598881.0,14.34,-3.02,-0.08,0.86
2015-03-10,600809,2.57,2.6,2.75,2.5,75253,152895625.0,9.73,1.17,0.03,0.87
2015-03-11,600809,2.61,2.68,3.0,2.61,96110,196673860.0,15.0,3.08,0.08,1.11
2015-03-12,600809,2.69,2.81,2.95,2.47,127165,259569252.0,17.91,4.85,0.13,1.47
2015-03-13,600809,2.81,3.07,3.08,2.7,152537,315927488.0,13.52,9.25,0.26,1.76
2015-03-16,600809,3.24,3.23,3.32,3.0,144105,303030992.0,10.42,5.21,0.16,1.66
2015-03-17,600809,3.23,3.48,3.78,3.14,186973,402051344.0,19.81,7.74,0.25,2.16
2015-03-18,600809,3.48,3.75,3.77,3.36,134922,292095984.0,11.78,7.76,0.27,1.56
2015-03-19,600809,3.74,3.55,3.74,3.36,146026,314990880.0,10.13,-5.33,-0.2,1.69
2015-03-20,600809,3.52,3.67,3.68,3.37,147636,318512048.0,8.73,3.38,0.12,1.71
2015-03-23,600809,3.67,3.94,4.04,3.67,157598,346522752.0,10.08,7.36,0.27,1.82
2015-03-24,600809,3.95,3.73,3.96,3.14,188398,410136640.0,20.81,-5.33,-0.21,2.18
2015-03-25,600809,3.6,3.55,3.76,3.46,115123,248875613.0,8.04,-4.83,-0.18,1.33
2015-03-26,600809,3.55,4.12,4.25,3.52,241998,535436576.0,20.56,16.06,0.57,2.79
2015-03-27,600809,4.1,4.15,4.3,3.91,154033,344918864.0,9.47,0.73,0.03,1.78
2015-03-30,600809,4.14,4.32,4.48,3.95,199328,449066448.0,12.77,4.1,0.17,2.3
2015-03-31,600809,4.25,3.96,4.25,3.88,228630,508773680.0,8.56,-8.33,-0.36,2.64
2015-04-01,600809,3.93,4.02,4.07,3.91,136118,301967296.0,4.04,1.52,0.06,1.57
2015-04-02,600809,4.07,3.98,4.15,3.89,168863,375143888.0,6.47,-1.0,-0.04,1.95
2015-04-03,600809,3.89,3.96,3.97,3.77,201530,443150960.0,5.03,-0.5,-0.02,2.33
2015-04-07,600809,3.97,4.55,4.56,3.96,295508,668830768.0,15.15,14.9,0.59,3.41
2015-04-08,600809,4.57,4.77,4.97,4.43,307995,716658192.0,11.87,4.84,0.22,3.56
2015-04-09,600809,4.8,4.81,5.12,4.29,232602,539852496.0,17.4,0.84,0.04,2.69
2015-04-10,600809,4.81,5.23,5.28,4.7,244896,579667792.0,12.06,8.73,0.42,2.83
2015-04-13,600809,5.65,5.33,5.67,5.07,236150,567440496.0,11.47,1.91,0.1,2.73
2015-04-14,600809,5.4,5.31,5.71,5.2,200468,485411168.0,9.57,-0.38,-0.02,2.32
2015-04-15,600809,5.27,4.55,5.27,4.55,153805,359586816.0,13.56,-14.31,-0.76,1.78
2015-04-16,600809,4.27,5.44,6.0,4.16,268308,645401568.0,40.44,19.56,0.89,3.1
2015-04-17,600809,5.44,5.17,5.67,5.03,225490,541896848.0,11.76,-4.96,-0.27,2.6
2015-04-20,600809,5.0,4.67,5.38,4.65,241203,567480448.0,14.12,-9.67,-0.5,2.79
2015-04-21,600809,4.68,5.37,5.39,4.68,281057,668569392.0,15.2,14.99,0.7,3.25
2015-04-22,600809,5.63,5.7,5.75,5.28,337585,821742432.0,8.75,6.15,0.33,3.9
2015-04-23,600809,5.69,5.74,5.85,5.33,266766,651568640.0,9.12,0.7,0.04,3.08
2015-04-24,600809,5.5,5.97,6.18,5.39,319567,794190976.0,13.76,4.01,0.23,3.69
2015-04-27,600809,6.02,5.82,6.41,5.69,252939,631826528.0,12.06,-2.51,-0.15,2.92
2015-04-28,600809,5.5,5.05,5.69,4.92,244320,584427664.0,13.23,-13.23,-0.77,2.82
2015-04-29,600809,4.88,5.14,5.29,4.88,124269,295857648.0,8.12,1.78,0.09,1.44
2015-04-30,600809,5.15,4.73,5.28,4.7,159827,375602592.0,11.28,-7.98,-0.41,1.85
2015-05-04,600809,4.67,4.8,5.07,4.57,104083,243266833.0,10.57,1.48,0.07,1.2
2015-05-05,600809,4.78,4.03,4.79,3.85,145129,329013568.0,19.58,-16.04,-0.77,1.68
2015-05-06,600809,4.21,3.85,4.25,3.75,114481,254704696.0,12.41,-4.47,-0.18,1.32
2015-05-07,600809,3.85,3.87,4.04,3.71,134070,294980640.0,8.57,0.52,0.02,1.55
2015-05-08,600809,4.0,4.2,4.21,3.87,122645,272704912.0,8.79,8.53,0.33,1.42
2015-05-11,600809,4.28,4.45,4.48,4.11,165293,373359392.0,8.81,5.95,0.25,1.91
2015-05-12,600809,4.39,4.38,4.51,4.17,128335,290565520.0,7.64,-1.57,-0.07,1.48
2015-05-13,600809,4.28,4.3,4.53,4.18,125030,283597408.0,7.99,-1.83,-0.08,1.44
2015-05-14,600809,4.3,4.15,4.42,4.04,96910,217881811.0,8.84,-3.49,-0.15,1.12
2015-05-15,600809,4.17,3.93,4.36,3.85,108289,241627838.0,12.29,-5.3,-0.22,1.25
2015-05-18,600809,3.85,3.62,3.85,3.61,99383,216564863.0,6.11,-7.89,-0.31,1.15
2015-05-19,600809,3.62,4.08,4.11,3.61,110898,244982959.0,13.81,12.71,0.46,1.28
2015-05-20,600809,4.12,4.17,4.34,3.99,129821,291362752.0,8.58,2.21,0.09,1.5
2015-05-21,600809,4.18,4.42,4.45,4.07,130877,296540304.0,9.11,6.0,0.25,1.51
2015-05-22,600809,4.56,4.72,4.73,4.37,220369,507241216.0,8.14,6.79,0.3,2.55
2015-05-25,600809,4.78,5.17,5.2,4.75,248167,583739024.0,9.53,9.53,0.45,2.87
2015-05-26,600809,5.27,5.53,5.57,4.94,307102,739841008.0,12.19,6.96,0.36,3.55
2015-05-27,600809,5.46,5.65,6.0,5.21,295018,723512528.0,14.29,2.17,0.12,3.41
2015-05-28,600809,5.65,4.69,6.12,4.61,319440,778364224.0,26.73,-16.99,-0.96,3.69
2015-05-29,600809,4.72,4.55,4.92,3.99,174543,401735856.0,19.83,-2.99,-0.14,2.02
2015-06-01,600809,4.64,5.4,5.41,4.32,241438,570308368.0,23.96,18.68,0.85,2.79
2015-06-02,600809,5.5,5.57,5.69,5.14,236541,572728928.0,10.19,3.15,0.17,2.73
2015-06-03,600809,5.67,5.32,5.77,5.2,209366,508241696.0,10.23,-4.49,-0.25,2.42
2015-06-04,600809,5.35,6.06,6.1,4.57,273633,662496064.0,28.76,13.91,0.74,3.16
2015-06-05,600809,6.27,6.68,6.85,6.07,402758,1036360672.0,12.87,10.23,0.62,4.65
2015-06-08,600809,6.85,6.92,7.07,6.37,368171,961369200.0,10.48,3.59,0.24,4.25
2015-06-09,600809,6.97,6.55,6.97,6.32,255445,662364448.0,9.39,-5.35,-0.37,2.95
2015-06-10,600809,6.56,8.05,8.35,6.36,443748,1207665568.0,30.38,22.9,1.5,5.13
2015-06-11,600809,7.72,8.13,8.22,7.43,245721,677606864.0,9.81,0.99,0.08,2.84
2015-06-12,600809,8.15,8.22,9.35,8.14,308392,888006928.0,14.88,1.11,0.09,3.56
2015-06-15,600809,8.46,8.12,9.06,7.93,263661,754276800.0,13.75,-1.22,-0.1,3.05
2015-06-16,600809,7.78,7.45,8.27,7.12,192372,525844688.0,14.16,-8.25,-0.67,2.22
2015-06-17,600809,7.43,7.45,7.63,6.35,190353,503639632.0,17.18,0.0,0.0,2.2
2015-06-18,600809,7.44,6.92,8.03,6.7,176711,478087696.0,17.85,-7.11,-0.53,2.04
2015-06-19,600809,6.55,5.5,7.1,5.12,187038,473738720.0,28.61,-20.52,-1.42,2.16
2015-06-23,600809,5.5,6.67,6.71,5.06,198406,491067488.0,30.0,21.27,1.17,2.29
2015-06-24,600809,6.72,7.87,7.91,6.59,309725,831154880.0,19.79,17.99,1.2,3.58
2015-06-25,600809,7.6,7.16,8.28,6.72,320902,877220192.0,19.82,-9.02,-0.71,3.71
2015-06-26,600809,6.65,6.03,7.8,5.37,324679,838646176.0,33.94,-15.78,-1.13,3.75
2015-06-29,600809,6.75,7.19,7.57,5.36,402983,1052132208.0,36.65,19.24,1.16,4.65
2015-06-30,600809,7.0,8.31,8.35,5.64,436755,1157255696.0,37.69,15.58,1.12,5.04
2015-07-01,600809,7.71,7.29,9.2,7.14,438116,1244003840.0,24.79,-12.27,-1.02,5.06
2015-07-02,600809,6.93,5.37,7.65,5.37,331494,841582064.0,31.28,-26.34,-1.92,3.83
2015-07-03,600809,3.98,3.65,5.05,3.65,216068,476115840.0,26.07,-32.03,-1.72,2.5
2015-07-06,600809,4.57,2.1,4.92,2.1,313495,657936064.0,77.26,-42.47,-1.55,3.62
2015-07-07,600809,1.08,0.71,1.14,0.71,232965,411063904.0,20.48,-66.19,-1.39,2.69
2015-07-08,600809,-0.55,-0.55,-0.55,-0.55,65287,103414608.0,0.0,-177.46,-1.26,0.75
2015-07-09,600809,-1.68,0.58,0.58,-1.68,362739,570663952.0,-410.91,205.45,1.13,4.19
2015-07-10,600809,0.97,1.82,1.82,0.64,214353,403627008.0,203.45,213.79,1.24,2.48
2015-07-13,600809,2.42,3.14,3.15,1.71,348321,701306176.0,79.12,72.53,1.32,4.02
2015-07-14,600809,2.53,2.07,3.42,2.0,274700,555998624.0,45.22,-34.08,-1.07,3.17
2015-07-15,600809,1.7,0.72,1.92,0.68,197341,361403408.0,59.9,-65.22,-1.35,2.28
2015-07-16,600809,0.72,1.09,1.47,0.09,138707,249335909.0,191.67,51.39,0.37,1.6
2015-07-17,600809,1.14,1.8,2.05,1.12,119464,225323188.0,85.32,65.14,0.71,1.38
2015-07-20,600809,1.9,1.9,2.3,1.59,153485,295341760.0,39.44,5.56,0.1,1.77
2015-07-21,600809,1.9,2.16,2.28,1.61,139135,270227520.0,35.26,13.68,0.26,1.61
2015-07-22,600809,2.07,2.22,2.5,1.85,154689,305260256.0,30.09,2.78,0.06,1.79
2015-07-23,600809,2.22,2.53,2.57,1.95,143251,284642800.0,27.93,13.96,0.31,1.65
2015-07-24,600809,2.53,2.11,2.84,2.05,159978,321456912.0,31.23,-16.6,-0.42,1.85
2015-07-27,600809,1.71,0.71,2.0,0.71,163094,303888704.0,61.14,-66.35,-1.4,1.88
2015-07-28,600809,0.35,0.88,1.07,-0.26,164490,283986208.0,187.32,23.94,0.17,1.9
2015-07-29,600809,0.94,1.65,1.75,0.92,117638,214486494.0,94.32,87.5,0.77,1.36
2015-07-30,600809,1.5,0.98,1.99,0.88,100874,190675248.0,67.27,-40.61,-0.67,1.17
2015-07-31,600809,0.85,1.36,1.42,0.75,97389,177616423.0,68.37,38.78,0.38,1.12
2015-08-03,600809,1.13,1.89,1.9,1.0,109193,204256925.0,66.18,38.97,0.53,1.26
2015-08-04,600809,1.88,2.39,2.46,1.77,116830,229480992.0,36.51,26.46,0.5,1.35
2015-08-05,600809,2.21,1.99,2.39,1.93,103781,203189445.0,19.25,-16.74,-0.4,1.2
2015-08-06,600809,1.72,1.75,2.11,1.57,56430,108249062.0,27.14,-12.06,-0.24,0.65
2015-08-07,600809,1.85,2.18,2.37,1.82,104070,204815292.0,31.43,24.57,0.43,1.2
2015-08-10,600809,2.35,2.68,2.77,2.1,138935,277716304.0,30.73,22.94,0.5,1.6
2015-08-11,600809,2.5,2.7,2.92,2.45,123270,251038965.0,17.54,0.75,0.02,1.42
2015-08-12,600809,2.52,2.25,2.71,2.22,83865,168103525.0,18.15,-16.67,-0.45,0.97
2015-08-13,600809,2.26,2.42,2.42,1.92,81573,161277607.0,22.22,7.56,0.17,0.94
2015-08-14,600809,2.59,2.55,2.89,2.42,102339,207954343.0,19.42,5.37,0.13,1.18
2015-08-17,600809,2.57,2.61,2.64,2.22,86904,174144020.0,16.47,2.35,0.06,1.0
2015-08-18,600809,2.69,1.22,2.92,1.16,164567,324766576.0,67.43,-53.26,-1.39,1.9
2015-08-19,600809,0.94,1.54,1.65,0.57,112263,204884736.0,88.52,26.23,0.32,1.3
2015-08-20,600809,1.4,1.13,1.64,1.1,71703,132552834.0,35.06,-26.62,-0.41,0.83
2015-08-21,600809,0.92,0.44,1.09,0.34,80442,141301961.0,66.37,-61.06,-0.69,0.93
2015-08-24,600809,-0.07,-0.79,0.2,-0.79,112149,177531580.0,225.0,-279.55,-1.23,1.3
2015-08-25,600809,-1.6,-1.9,-0.81,-1.9,160071,230155346.0,-137.97,-140.51,-1.11,1.85
2015-08-26,600809,-1.86,-1.81,-1.18,-2.14,117035,168375607.0,-50.53,4.74,0.09,1.35
2015-08-27,600809,-1.47,-1.26,-1.25,-1.86,110589,159260176.0,-33.7,30.39,0.55,1.28
2015-08-28,600809,-1.15,-0.69,-0.54,-1.28,110817,167626441.0,-58.73,45.24,0.57,1.28
2015-08-31,600809,-0.78,-0.64,-0.63,-1.17,105561,161602090.0,-78.26,7.25,0.05,1.22
2015-09-01,600809,-0.85,-0.76,-0.73,-1.43,132655,202019489.0,-109.38,-18.75,-0.12,1.53
2015-09-02,600809,-1.15,-0.45,-0.29,-1.28,136277,213441523.0,-130.26,40.79,0.31,1.57
2015-09-07,600809,-0.73,-0.61,-0.11,-0.78,58694,94453230.0,-148.89,-35.56,-0.16,0.68
2015-09-08,600809,-0.61,-0.37,-0.25,-1.0,49510,77994261.0,-122.95,39.34,0.24,0.57
2015-09-09,600809,-0.37,0.15,0.48,-0.43,89064,147364734.0,-245.95,140.54,0.52,1.03
2015-09-10,600809,-0.1,-0.33,0.03,-0.37,57729,94672502.0,266.67,-320.0,-0.48,0.67
2015-09-11,600809,-0.33,-0.27,-0.18,-0.43,29261,47432892.0,-75.76,18.18,0.06,0.34
2015-09-14,600809,-0.22,-1.14,-0.17,-1.28,49314,77007196.0,-411.11,-322.22,-0.87,0.57
2015-09-15,600809,-1.63,-1.65,-1.05,-1.79,45269,66246397.0,-64.91,-44.74,-0.51,0.52
2015-09-16,600809,-1.55,-0.77,-0.64,-1.58,54992,82013345.0,-56.97,53.33,0.88,0.64
2015-09-17,600809,-0.85,-1.12,-0.7,-1.15,53711,82365512.0,-58.44,-45.45,-0.35,0.62
2015-09-18,600809,-1.04,-1.03,-0.92,-1.18,28141,42656353.0,-23.21,8.04,0.09,0.33
2015-09-21,600809,-1.15,-0.7,-0.69,-1.2,48747,74928171.0,-49.51,32.04,0.33,0.56
2015-09-22,600809,-0.6,-0.65,-0.51,-0.79,53321,83630314.0,-40.0,7.14,0.05,0.62
2015-09-23,600809,-0.77,-1.04,-0.73,-1.15,56395,85978226.0,-64.62,-60.0,-0.39,0.65
2015-09-24,600809,-0.95,-0.93,-0.85,-1.07,32721,49921533.0,-21.15,10.58,0.11,0.38
2015-09-25,600809,-0.93,-1.17,-0.83,-1.28,31829,48047112.0,-48.39,-25.81,-0.24,0.37
2015-09-28,600809,-1.15,-1.0,-0.93,-1.27,32063,48391153.0,-29.06,14.53,0.17,0.37
2015-09-29,600809,-1.15,-1.08,-0.86,-1.19,43122,65537414.0,-33.0,-8.0,-0.08,0.5
2015-09-30,600809,-1.08,-0.96,-0.85,-1.16,33697,51343455.0,-28.7,11.11,0.12,0.39
2015-10-08,600809,-0.61,-0.73,-0.53,-0.79,46521,72938314.0,-27.08,23.96,0.23,0.54
2015-10-09,600809,-0.73,-0.65,-0.6,-0.81,44074,68933861.0,-28.77,10.96,0.08,0.51
2015-10-12,600809,-0.6,-0.23,-0.13,-0.66,88324,142630281.0,-81.54,64.62,0.42,1.02
2015-10-13,600809,-0.29,-0.19,-0.1,-0.35,57650,93837566.0,-108.7,17.39,0.04,0.67
2015-10-14,600809,-0.28,-0.34,-0.13,-0.38,54525,88794210.0,-131.58,-78.95,-0.15,0.63
2015-10-15,600809,-0.33,-0.13,-0.13,-0.4,45701,74522682.0,-79.41,61.76,0.21,0.53
2015-10-16,600809,-0.04,-0.04,0.16,-0.15,96422,160007042.0,-238.46,69.23,0.09,1.11
2015-10-19,600809,-0.03,-0.29,0.03,-0.42,93473,152628440.0,-1125.0,-625.0,-0.25,1.08
2015-10-20,600809,-0.31,0.15,0.2,-0.33,127273,210319519.0,-182.76,151.72,0.44,1.47
2015-10-21,600809,0.11,-0.28,0.15,-0.48,96685,158863157.0,420.0,-286.67,-0.43,1.12
2015-10-22,600809,-0.17,0.01,0.02,-0.39,83815,137032457.0,-146.43,103.57,0.29,0.97
2015-10-23,600809,0.01,0.82,1.14,0.01,213585,370527168.0,11300.0,8100.0,0.81,2.47
2015-10-26,600809,0.7,1.02,1.07,0.5,164084,290101008.0,69.51,24.39,0.2,1.9
2015-10-27,600809,0.82,0.78,0.91,0.44,90587,159079479.0,46.08,-23.53,-0.24,1.05
2015-10-28,600809,0.75,0.43,0.97,0.42,64882,114112934.0,70.51,-44.87,-0.35,0.75
2015-10-29,600809,0.53,0.66,0.78,0.37,59526,104015121.0,95.35,53.49,0.23,0.69
2015-10-30,600809,0.7,0.6,0.94,0.46,58356,102841655.0,72.73,-9.09,-0.06,0.67
2015-11-02,600809,0.5,0.79,1.04,0.44,68199,120931878.0,100.0,31.67,0.19,0.79
2015-11-03,600809,0.75,0.78,0.91,0.64,41162,72727218.0,34.18,-1.27,-0.01,0.48
2015-11-04,600809,0.82,1.19,1.25,0.78,114391,206501960.0,60.26,52.56,0.41,1.32
2015-11-05,600809,1.17,1.12,1.39,0.97,123166,224702855.0,35.29,-5.88,-0.07,1.42
2015-11-06,600809,1.07,1.2,1.25,1.02,75789,138056396.0,20.54,7.14,0.08,0.88
2015-11-09,600809,1.0,1.21,1.34,1.0,91104,166146334.0,28.33,0.83,0.01,1.05
2015-11-10,600809,1.09,1.08,1.25,1.0,71377,129767536.0,20.66,-10.74,-0.13,0.82
2015-11-11,600809,1.13,1.15,1.25,1.0,71731,130269396.0,23.15,6.48,0.07,0.83
2015-11-12,600809,1.15,1.02,1.2,0.92,54218,97927738.0,24.35,-11.3,-0.13,0.63
2015-11-13,600809,0.91,0.7,0.93,0.65,56579,100307634.0,27.45,-31.37,-0.32,0.65
2015-11-16,600809,0.52,0.82,0.82,0.45,36360,63817500.0,52.86,17.14,0.12,0.42
2015-11-17,600809,0.83,0.8,1.07,0.75,53097,94826690.0,39.02,-2.44,-0.02,0.61
2015-11-18,600809,0.92,0.62,0.93,0.57,26057,46104964.0,45.0,-22.5,-0.18,0.3
2015-11-19,600809,0.75,0.82,0.83,0.64,23017,40620997.0,30.65,32.26,0.2,0.27
2015-11-20,600809,0.82,0.9,0.97,0.77,38506,68654858.0,24.39,9.76,0.08,0.44
2015-11-23,600809,0.9,1.01,1.32,0.86,73470,133344357.0,51.11,12.22,0.11,0.85
2015-11-24,600809,1.03,1.0,1.05,0.8,34002,60722778.0,24.75,-0.99,-0.01,0.39
2015-11-25,600809,1.0,1.17,1.2,0.91,52238,94588907.0,29.0,17.0,0.17,0.6
2015-11-26,600809,1.17,1.0,1.17,0.98,34440,62342831.0,16.24,-14.53,-0.17,0.4
2015-11-27,600809,0.97,0.17,1.0,0.0,59203,102752612.0,100.0,-83.0,-0.83,0.68
2015-11-30,600809,0.2,-0.01,0.33,-0.39,43346,71661268.0,423.53,-105.88,-0.18,0.5
2015-12-01,600809,0.02,0.31,0.39,-0.15,42299,71245921.0,-5400.0,3200.0,0.32,0.49
2015-12-02,600809,0.25,0.62,0.64,0.14,66344,114195918.0,161.29,100.0,0.31,0.77
2015-12-03,600809,0.53,0.63,0.65,0.46,41091,71557133.0,30.65,1.61,0.01,0.47
2015-12-04,600809,0.57,0.37,0.57,0.28,35899,61707452.0,46.03,-41.27,-0.26,0.41
2015-12-07,600809,0.4,0.44,0.61,0.34,28909,49885425.0,72.97,18.92,0.07,0.33
2015-12-08,600809,0.42,0.05,0.42,0.04,28762,48596451.0,86.36,-88.64,-0.39,0.33
2015-12-09,600809,0.03,0.1,0.25,0.0,24838,41630043.0,500.0,100.0,0.05,0.29
2015-12-10,600809,0.12,0.05,0.23,0.0,23138,38789036.0,230.0,-50.0,-0.05,0.27
2015-12-11,600809,-0.05,-0.05,0.03,-0.22,34103,56071216.0,500.0,-200.0,-0.1,0.39
2015-12-14,600809,-0.16,0.17,0.28,-0.35,57445,94973818.0,-1260.0,440.0,0.22,0.66
2015-12-15,600809,0.14,0.22,0.34,0.11,30861,52221257.0,135.29,29.41,0.05,0.36
2015-12-16,600809,0.32,0.21,0.36,0.17,25135,42693906.0,86.36,-4.55,-0.01,0.29
2015-12-17,600809,0.28,0.44,0.52,0.25,49033,84445951.0,128.57,109.52,0.23,0.57
2015-12-18,600809,0.34,1.12,1.3,0.33,140883,252050155.0,220.45,154.55,0.68,1.63
2015-12-21,600809,0.98,1.89,2.07,0.9,210466,398403200.0,104.46,68.75,0.77,2.43
2015-12-22,600809,1.79,1.66,1.82,1.42,99781,188001409.0,21.16,-12.17,-0.23,1.15
2015-12-23,600809,1.67,1.57,1.75,1.53,78408,148337779.0,13.25,-5.42,-0.09,0.91
2015-12-24,600809,1.54,1.75,1.77,1.42,78023,147033162.0,22.29,11.46,0.18,0.9
2015-12-25,600809,1.71,1.57,1.92,1.5,53511,101772555.0,24.0,-10.29,-0.18,0.62
2015-12-28,600809,1.7,1.37,1.89,1.21,74406,140168936.0,43.31,-12.74,-0.2,0.86
2015-12-29,600809,1.29,1.54,1.62,1.19,50578,93464716.0,31.39,12.41,0.17,0.58
2015-12-30,600809,1.47,1.64,1.92,1.46,76417,145713205.0,29.87,6.49,0.1,0.88
2015-12-31,600809,1.65,1.9,2.19,1.6,107706,207605625.0,35.98,15.85,0.26,1.24
2016-01-04,600809,1.89,1.01,1.93,1.0,84471,159052355.0,48.95,-46.84,-0.89,0.98
2016-01-05,600809,0.84,1.33,1.53,0.67,89252,163343249.0,85.15,31.68,0.32,1.03
2016-01-06,600809,1.35,1.95,2.0,1.12,76144,142129405.0,66.17,46.62,0.62,0.88
2016-01-07,600809,1.71,0.77,1.75,0.71,23707,43688292.0,53.33,-60.51,-1.18,0.27
2016-01-08,600809,1.19,1.12,1.27,0.4,65590,118910637.0,112.99,45.45,0.35,0.76
2016-01-11,600809,0.72,-0.18,0.82,-0.18,78842,134740297.0,89.29,-116.07,-1.3,0.91
2016-01-12,600809,-0.18,-0.42,0.03,-0.44,50177,81505856.0,-261.11,-133.33,-0.24,0.58
2016-01-13,600809,-0.3,-0.41,-0.06,-0.43,50981,82915666.0,-88.1,2.38,0.01,0.59
2016-01-14,600809,-0.93,-0.22,-0.15,-0.93,40454,64519470.0,-190.24,46.34,0.19,0.47
2016-01-15,600809,-0.17,-0.75,-0.17,-0.85,35194,55630683.0,-309.09,-240.91,-0.53,0.41
2016-01-18,600809,-0.93,-0.63,-0.49,-0.93,34341,53930166.0,-58.67,16.0,0.12,0.4
2016-01-19,600809,-0.64,-0.23,-0.22,-0.66,58234,93353636.0,-69.84,63.49,0.4,0.67
2016-01-20,600809,-0.37,-0.43,-0.23,-0.59,44787,71675320.0,-156.52,-86.96,-0.2,0.52
2016-01-21,600809,-0.58,-0.66,-0.25,-0.71,35081,56140051.0,-106.98,-53.49,-0.23,0.41
2016-01-22,600809,-0.58,-0.75,-0.38,-0.85,52725,82396431.0,-71.21,-13.64,-0.09,0.61
2016-01-25,600809,-0.65,-0.1,-0.08,-0.68,86716,139891540.0,-80.0,86.67,0.65,1.0
2016-01-26,600809,-0.08,-0.59,0.17,-0.75,91561,150034418.0,-920.0,-490.0,-0.49,1.06
2016-01-27,600809,-0.65,-0.73,-0.5,-1.29,61696,95061004.0,-133.9,-23.73,-0.14,0.71
2016-01-28,600809,-0.91,-1.25,-0.61,-1.29,50622,77108467.0,-93.15,-71.23,-0.52,0.58
2016-01-29,600809,-1.23,-0.6,-0.54,-1.29,44362,68221344.0,-60.0,52.0,0.65,0.51
2016-02-01,600809,-0.6,-0.49,-0.3,-0.69,50424,80170111.0,-65.0,18.33,0.11,0.58
2016-02-02,600809,-0.51,-0.16,-0.15,-0.68,62069,100189797.0,-108.16,67.35,0.33,0.72
2016-02-03,600809,-0.32,-0.33,-0.24,-0.5,30974,49776587.0,-162.5,-106.25,-0.17,0.36
2016-02-04,600809,-0.23,-0.26,-0.19,-0.35,41008,66622032.0,-48.48,21.21,0.07,0.47
2016-02-05,600809,-0.25,-0.53,-0.12,-0.58,32331,52195567.0,-176.92,-103.85,-0.27,0.37
2016-02-15,600809,-1.0,-0.75,-0.68,-1.0,28471,44075448.0,-60.38,-41.51,-0.22,0.33
2016-02-16,600809,-0.68,-0.33,-0.29,-0.78,38637,61735689.0,-65.33,56.0,0.42,0.45
2016-02-17,600809,-0.35,-0.25,-0.17,-0.43,30247,48918717.0,-78.79,24.24,0.08,0.35
2016-02-18,600809,-0.15,-0.31,-0.13,-0.4,44165,71535491.0,-108.0,-24.0,-0.06,0.51
2016-02-19,600809,-0.38,-0.38,-0.29,-0.48,21274,34121135.0,-61.29,-22.58,-0.07,0.25
2016-02-22,600809,-0.32,0.0,0.02,-0.39,48499,79523107.0,-107.89,100.0,0.38,0.56
2016-02-23,600809,-0.04,0.08,0.42,-0.15,74856,125658217.0,19748.99,0.0,0.08,0.86
2016-02-24,600809,0.0,0.05,0.1,-0.15,31956,52947921.0,312.5,-37.5,-0.03,0.37
2016-02-25,600809,0.01,-0.85,0.1,-0.93,46375,73727425.0,2060.0,-1800.0,-0.9,0.54
2016-02-26,600809,-0.73,-0.6,-0.43,-0.89,26164,40860922.0,-54.12,29.41,0.25,0.3
2016-02-29,600809,-0.64,-1.17,-0.64,-1.4,36266,54437395.0,-126.67,-95.0,-0.57,0.42
2016-03-01,600809,-1.01,-0.94,-0.84,-1.32,28302,42842694.0,-41.03,19.66,0.23,0.33
2016-03-02,600809,-0.98,-0.5,-0.44,-1.0,48711,76541358.0,-59.57,46.81,0.44,0.56
2016-03-03,600809,-0.52,-0.3,0.07,-0.52,59483,97449717.0,-118.0,40.0,0.2,0.69
2016-03-04,600809,-0.36,-0.37,-0.18,-0.79,55496,88800310.0,-203.33,-23.33,-0.07,0.64
2016-03-07,600809,-0.2,0.02,0.12,-0.33,62191,103442219.0,-121.62,105.41,0.39,0.72
2016-03-08,600809,-0.11,-0.12,0.02,-0.42,26037,42350919.0,2200.0,-700.0,-0.14,0.3
2016-03-09,600809,-0.36,-0.32,-0.15,-0.43,14036,22707411.0,-233.33,-166.67,-0.2,0.16
2016-03-10,600809,-0.32,-0.48,-0.05,-0.53,49337,80080412.0,-150.0,-50.0,-0.16,0.57
2016-03-11,600809,-0.68,-0.53,-0.3,-0.75,23922,37905371.0,-93.75,-10.42,-0.05,0.28
2016-03-14,600809,-0.4,-0.25,-0.02,-0.4,36190,59039037.0,-71.7,52.83,0.28,0.42
2016-03-15,600809,-0.33,-0.3,-0.15,-0.44,18751,30254266.0,-116.0,-20.0,-0.05,0.22
2016-03-16,600809,-0.22,-0.44,-0.22,-0.5,17142,27530469.0,-93.33,-46.67,-0.14,0.2
2016-03-17,600809,-0.44,-0.21,-0.18,-0.44,26815,43509243.0,-59.09,52.27,0.23,0.31
2016-03-18,600809,0.05,0.12,0.19,-0.17,58873,97959207.0,-171.43,157.14,0.33,0.68
2016-03-21,600809,0.26,0.26,0.27,0.07,51289,86512431.0,166.67,116.67,0.14,0.59
2016-03-22,600809,0.25,0.4,0.67,0.21,59372,102701131.0,176.92,53.85,0.14,0.69
2016-03-23,600809,0.37,0.22,0.5,0.04,43254,73064743.0,115.0,-45.0,-0.18,0.5
2016-03-24,600809,0.14,0.42,0.5,0.02,83901,143108798.0,218.18,90.91,0.2,0.97
2016-03-25,600809,0.35,0.6,0.75,0.26,94373,164001216.0,116.67,42.86,0.18,1.09
2016-03-28,600809,0.61,0.95,1.46,0.5,173948,314221808.0,160.0,58.33,0.35,2.01
2016-03-29,600809,0.84,0.86,1.14,0.75,64055,114521488.0,41.05,-9.47,-0.09,0.74
2016-03-30,600809,0.99,1.29,1.53,0.87,95713,175339710.0,76.74,50.0,0.43,1.11
2016-03-31,600809,1.27,1.19,1.27,1.11,42620,77814120.0,12.4,-7.75,-0.1,0.49
2016-04-01,600809,1.15,1.12,1.32,0.97,34614,62887843.0,29.41,-5.88,-0.07,0.4
2016-04-05,600809,1.01,1.15,1.21,1.0,54524,99013766.0,18.75,2.68,0.03,0.63
2016-04-06,600809,1.1,1.28,1.37,0.83,84051,153078194.0,46.96,11.3,0.13,0.97
2016-04-07,600809,1.28,0.75,1.31,0.73,47433,85373220.0,45.31,-41.41,-0.53,0.55
2016-04-08,600809,0.64,0.66,0.91,0.5,39703,69532648.0,54.67,-12.0,-0.09,0.46
2016-04-11,600809,0.77,0.66,0.9,0.6,108236,190084546.0,45.45,0.0,0.0,1.25
2016-04-12,600809,0.63,0.58,0.68,0.4,35222,61004918.0,42.42,-12.12,-0.08,0.41
2016-04-13,600809,0.63,0.69,0.83,0.59,73027,128635199.0,41.38,18.97,0.11,0.84
2016-04-14,600809,0.71,0.77,0.8,0.65,27367,48255514.0,21.74,11.59,0.08,0.32
2016-04-15,600809,0.81,0.65,0.81,0.5,49536,86611246.0,40.26,-15.58,-0.12,0.57
2016-04-18,600809,0.57,0.32,0.63,0.28,53267,91205781.0,53.85,-50.77,-0.33,0.62
2016-04-19,600809,0.37,0.4,0.44,0.21,42888,73182874.0,71.88,25.0,0.08,0.5
2016-04-20,600809,0.45,-0.1,0.45,-0.39,65897,109435418.0,210.0,-125.0,-0.5,0.76
2016-04-21,600809,-0.15,-0.15,0.04,-0.18,31830,52529594.0,-220.0,-50.0,-0.05,0.37
2016-04-22,600809,-0.2,0.1,0.11,-0.29,38104,63226930.0,-266.67,166.67,0.25,0.44
2016-04-25,600809,0.07,0.14,0.25,-0.05,43326,72668451.0,300.0,40.0,0.04,0.5
2016-04-26,600809,0.22,0.46,0.56,0.22,72375,124708546.0,242.86,228.57,0.32,0.84
2016-04-27,600809,0.52,0.5,0.6,0.25,48774,84174108.0,76.09,8.7,0.04,0.56
2016-04-28,600809,0.45,0.74,0.8,0.36,73638,128960776.0,88.0,48.0,0.24,0.85
2016-04-29,600809,0.71,1.14,1.31,0.68,104710,190226156.0,85.14,54.05,0.4,1.21
2016-05-03,600809,1.21,2.44,2.44,1.15,152856,298024720.0,113.16,114.04,1.3,1.77
2016-05-04,600809,2.92,2.98,3.67,2.77,237184,500341648.0,36.89,22.13,0.54,2.74
2016-05-05,600809,3.1,3.42,3.77,3.0,170012,361451728.0,25.84,14.77,0.44,1.96
2016-05-06,600809,3.14,2.83,3.27,2.68,137383,286038464.0,17.25,-17.25,-0.59,1.59
2016-05-09,600809,2.94,2.92,3.22,2.64,144008,299319344.0,20.49,3.18,0.09,1.66
2016-05-10,600809,2.92,2.76,3.09,2.32,134943,274935504.0,26.37,-5.48,-0.16,1.56
2016-05-11,600809,2.87,2.99,3.71,2.66,169225,356169184.0,38.04,8.33,0.23,1.95
2016-05-12,600809,2.5,3.2,3.21,2.32,100955,206907435.0,29.77,7.02,0.21,1.17
2016-05-13,600809,3.03,3.31,3.92,3.03,100994,216953581.0,27.81,3.44,0.11,1.17
2016-05-16,600809,3.14,3.58,3.78,2.78,89701,189757707.0,30.21,8.16,0.27,1.04
2016-05-17,600809,3.45,3.03,3.49,2.85,83825,176752592.0,17.88,-15.36,-0.55,0.97
2016-05-18,600809,2.9,3.19,3.46,2.79,94086,198289105.0,22.11,5.28,0.16,1.09
2016-05-19,600809,3.25,2.84,3.25,2.75,71457,148541211.0,15.67,-10.97,-0.35,0.83
2016-05-20,600809,2.92,2.97,3.07,2.64,54373,112202913.0,15.14,4.58,0.13,0.63
2016-05-23,600809,2.88,3.57,3.6,2.67,120004,253227167.0,31.31,20.2,0.6,1.39
2016-05-24,600809,3.47,3.09,3.5,3.0,71345,151407515.0,14.01,-13.45,-0.48,0.82
2016-05-25,600809,3.19,2.85,3.25,2.77,68149,141624138.0,15.53,-7.77,-0.24,0.79
2016-05-26,600809,2.84,2.7,2.99,2.3,60763,122900527.0,24.21,-5.26,-0.15,0.7
2016-05-27,600809,2.72,2.59,2.81,2.42,43534,88405526.0,14.44,-4.07,-0.11,0.5
2016-05-30,600809,2.5,2.52,2.7,2.32,43136,86712917.0,14.67,-2.7,-0.07,0.5
2016-05-31,600809,2.58,3.07,3.1,2.57,74225,153726004.0,21.03,21.83,0.55,0.86
2016-06-01,600809,3.03,3.07,3.39,2.92,73379,154010480.0,15.31,0.0,0.0,0.85
2016-06-02,600809,3.0,3.47,3.49,3.0,87212,185545805.0,15.96,13.03,0.4,1.01
2016-06-03,600809,3.39,4.32,4.7,3.22,174287,391059584.0,42.65,24.5,0.85,2.01
2016-06-06,600809,4.46,4.24,4.53,3.86,83281,185863762.0,15.51,-1.85,-0.08,0.96
2016-06-07,600809,4.17,4.3,4.57,4.04,79349,179153072.0,12.5,1.42,0.06,0.92
2016-06-08,600809,4.26,3.72,4.26,3.57,86453,189489581.0,16.05,-13.49,-0.58,1.0
2016-06-13,600809,3.49,3.02,3.91,3.0,60030,128809227.0,24.46,-18.82,-0.7,0.69
2016-06-14,600809,2.95,3.42,3.5,2.95,77777,165077278.0,18.21,13.25,0.4,0.9
2016-06-15,600809,3.14,3.8,4.02,3.08,85579,186140541.0,27.49,11.11,0.38,0.99
2016-06-16,600809,3.77,4.23,4.6,3.6,114595,256866479.0,26.32,11.32,0.43,1.32
2016-06-17,600809,4.21,4.39,4.71,4.14,87976,200700060.0,13.48,3.78,0.16,1.02
2016-06-20,600809,4.39,4.25,4.52,3.92,46487,104009609.0,13.67,-3.19,-0.14,0.54
2016-06-21,600809,4.39,3.85,4.39,3.71,55688,123724651.0,16.0,-9.41,-0.4,0.64
2016-06-22,600809,3.7,4.14,4.24,3.7,40418,90149829.0,14.03,7.53,0.29,0.47
2016-06-23,600809,4.13,3.96,4.19,3.47,57690,126460854.0,17.39,-4.35,-0.18,0.67
2016-06-24,600809,3.72,3.54,3.95,3.15,73192,157617073.0,20.2,-10.61,-0.42,0.85
2016-06-27,600809,3.45,4.08,4.14,3.45,65783,145522435.0,19.49,15.25,0.54,0.76
2016-06-28,600809,3.97,3.85,4.07,3.72,66535,146430921.0,8.58,-5.64,-0.23,0.77
2016-06-29,600809,3.85,3.74,3.94,3.7,41543,91075219.0,6.23,-2.86,-0.11,0.48
2016-06-30,600809,3.84,3.98,4.39,3.84,82755,184959626.0,14.71,6.42,0.24,0.96
2016-07-01,600809,3.95,3.77,4.02,3.72,38898,85480143.0,7.54,-5.28,-0.21,0.45
2016-07-04,600809,3.77,4.87,4.92,3.72,132710,302907344.0,31.83,29.18,1.1,1.53
2016-07-05,600809,4.66,4.7,5.0,4.54,80147,186493196.0,9.45,-3.49,-0.17,0.93
2016-07-06,600809,4.71,5.49,5.67,4.64,182685,435715904.0,21.91,16.81,0.79,2.11
2016-07-07,600809,5.45,5.62,5.91,5.18,129097,314621552.0,13.3,2.37,0.13,1.49
2016-07-08,600809,5.49,5.43,5.57,4.94,67774,160840403.0,11.21,-3.38,-0.19,0.78
2016-07-11,600809,5.33,5.87,6.68,5.22,144185,359216976.0,26.89,8.1,0.44,1.67
2016-07-12,600809,5.83,6.31,6.62,5.76,122320,305859152.0,14.65,7.5,0.44,1.41
2016-07-13,600809,6.01,6.07,6.21,5.58,87422,213868564.0,9.98,-3.8,-0.24,1.01
2016-07-14,600809,5.94,5.8,6.17,5.52,75178,183321203.0,10.71,-4.45,-0.27,0.87
2016-07-15,600809,5.76,5.91,6.05,5.52,51273,125070901.0,9.14,1.9,0.11,0.59
2016-07-18,600809,5.75,5.51,5.86,5.44,49469,119214328.0,7.11,-6.77,-0.4,0.57
2016-07-19,600809,5.38,4.8,5.5,4.67,116305,269570112.0,15.06,-12.89,-0.71,1.34
2016-07-20,600809,5.01,4.88,5.03,4.72,51167,118265810.0,6.46,1.67,0.08,0.59
2016-07-21,600809,4.85,4.95,5.17,4.8,68750,160161756.0,7.58,1.43,0.07,0.79
2016-07-22,600809,4.83,4.62,4.95,4.45,71144,162300981.0,10.1,-6.67,-0.33,0.82
2016-07-25,600809,4.55,4.72,4.94,4.5,50112,115041333.0,9.52,2.16,0.1,0.58
2016-07-26,600809,4.72,5.01,5.05,4.43,110978,253535295.0,13.14,6.14,0.29,1.28
2016-07-27,600809,4.94,4.2,4.94,3.97,137325,308107072.0,19.36,-16.17,-0.81,1.59
2016-07-28,600809,4.0,4.16,4.37,3.84,109575,242103253.0,12.62,-0.95,-0.04,1.27
2016-07-29,600809,4.15,4.16,4.52,4.09,76650,170989034.0,10.34,0.0,0.0,0.89
2016-08-01,600809,4.07,3.31,4.07,3.27,91333,194105149.0,19.23,-20.43,-0.85,1.05
2016-08-02,600809,3.3,3.6,3.61,3.06,72584,152149654.0,16.62,8.76,0.29,0.84
2016-08-03,600809,3.55,3.47,3.62,3.4,43609,92355231.0,6.11,-3.61,-0.13,0.5
2016-08-04,600809,3.47,3.61,3.65,3.41,43335,92016932.0,6.92,4.03,0.14,0.5
2016-08-05,600809,3.62,3.45,3.75,3.43,41593,88578123.0,8.86,-4.43,-0.16,0.48
2016-08-08,600809,3.42,3.84,4.01,3.3,66641,142747831.0,20.58,11.3,0.39,0.77
2016-08-09,600809,3.77,4.03,4.15,3.73,67149,146690623.0,10.94,4.95,0.19,0.78
2016-08-10,600809,3.95,3.91,4.03,3.83,38042,82721104.0,4.96,-2.98,-0.12,0.44
2016-08-11,600809,3.91,3.74,4.12,3.72,47091,102448440.0,10.23,-4.35,-0.17,0.54
2016-08-12,600809,3.7,3.89,4.07,3.38,61600,131829485.0,18.45,4.01,0.15,0.71
2016-08-15,600809,3.74,4.28,4.44,3.74,96602,212771058.0,17.99,10.03,0.39,1.12
2016-08-16,600809,4.42,3.85,4.5,3.65,264553,578572720.0,19.86,-10.05,-0.43,3.06
2016-08-17,600809,3.79,3.79,3.96,3.67,79090,170648044.0,7.53,-1.56,-0.06,0.91
2016-08-18,600809,3.79,3.68,3.84,3.62,69400,148972205.0,5.8,-2.9,-0.11,0.8
2016-08-19,600809,3.68,3.6,3.73,3.52,49845,106289196.0,5.71,-2.17,-0.08,0.58
2016-08-22,600809,3.62,3.64,3.78,3.58,59802,128160097.0,5.56,1.11,0.04,0.69
2016-08-23,600809,3.64,3.47,3.65,3.38,67715,143349503.0,7.42,-4.67,-0.17,0.78
2016-08-24,600809,3.5,3.57,3.59,3.45,35586,75374854.0,4.03,2.88,0.1,0.41
2016-08-25,600809,3.49,3.68,3.7,3.3,51550,109412133.0,11.2,3.08,0.11,0.6
2016-08-26,600809,3.72,3.6,3.72,3.59,45324,96940338.0,3.53,-2.17,-0.08,0.52
2016-08-29,600809,3.55,3.53,3.62,3.46,30423,64665150.0,4.44,-1.94,-0.07,0.35
2016-08-30,600809,3.57,3.57,3.64,3.52,25488,54238200.0,3.4,1.13,0.04,0.29
2016-08-31,600809,3.61,3.77,3.85,3.59,82006,176633555.0,7.28,5.6,0.2,0.95
2016-09-01,600809,3.79,3.5,3.84,3.49,49414,105792265.0,9.28,-7.16,-0.27,0.57
2016-09-02,600809,3.45,3.42,3.49,3.33,56285,118490589.0,4.57,-2.29,-0.08,0.65
2016-09-05,600809,3.42,3.32,3.5,3.27,36531,76798914.0,6.73,-2.92,-0.1,0.42
2016-09-06,600809,3.32,3.48,3.5,3.01,72003,150306070.0,14.76,4.82,0.16,0.83
2016-09-07,600809,3.44,3.47,3.57,3.38,52428,110970049.0,5.46,-0.29,-0.01,0.61
2016-09-08,600809,3.5,3.42,3.55,3.35,38542,81360059.0,5.76,-1.44,-0.05,0.45
2016-09-09,600809,3.44,3.22,3.48,3.19,51530,107716382.0,8.48,-5.85,-0.2,0.6
2016-09-12,600809,3.01,2.42,3.05,2.4,93431,187285454.0,20.19,-24.84,-0.8,1.08
2016-09-13,600809,2.52,2.51,2.66,2.42,35280,69898459.0,9.92,3.72,0.09,0.41
2016-09-14,600809,2.48,2.38,2.5,2.35,31962,62791501.0,5.98,-5.18,-0.13,0.37
2016-09-19,600809,2.36,2.54,2.55,2.36,30903,61016795.0,7.98,6.72,0.16,0.36
2016-09-20,600809,2.53,2.47,2.57,2.41,24915,49200775.0,6.3,-2.76,-0.07,0.29
2016-09-21,600809,2.52,2.49,2.53,2.4,27428,54127012.0,5.26,0.81,0.02,0.32
2016-09-22,600809,2.55,2.57,2.71,2.5,55526,110918137.0,8.43,3.21,0.08,0.64
2016-09-23,600809,2.62,2.45,2.65,2.43,32041,63425845.0,8.56,-4.67,-0.12,0.37
2016-09-26,600809,2.42,1.91,2.42,1.87,70783,136400393.0,22.45,-22.04,-0.54,0.82
2016-09-27,600809,1.91,2.12,2.13,1.87,36599,69976667.0,13.61,10.99,0.21,0.42
2016-09-28,600809,2.18,2.15,2.24,2.07,32157,62062686.0,8.02,1.42,0.03,0.37
2016-09-29,600809,2.15,2.15,2.25,2.07,26745,51702058.0,8.37,0.0,0.0,0.31
2016-09-30,600809,2.1,2.32,2.51,2.1,45922,89945842.0,19.07,7.91,0.17,0.53
2016-10-10,600809,2.37,2.53,2.55,2.25,61916,121809899.0,12.93,9.05,0.21,0.72
2016-10-11,600809,2.52,2.5,2.53,2.4,39753,78540165.0,5.14,-1.19,-0.03,0.46
2016-10-12,600809,2.47,2.51,2.57,2.42,39323,77832787.0,6.0,0.4,0.01,0.45
2016-10-13,600809,2.51,2.4,2.53,2.38,35619,70240155.0,5.98,-4.38,-0.11,0.41
2016-10-14,600809,2.36,2.45,2.47,2.32,33470,65760001.0,6.25,2.08,0.05,0.39
2016-10-17,600809,2.45,2.99,3.16,2.45,140527,286285552.0,28.98,22.04,0.54,1.62
2016-10-18,600809,2.94,3.67,3.85,2.94,237241,505484672.0,30.43,22.74,0.68,2.74
2016-10-19,600809,3.58,3.76,3.97,3.51,119163,256030148.0,12.53,2.45,0.09,1.38
2016-10-20,600809,3.67,3.79,3.87,3.55,69458,149026731.0,8.51,0.8,0.03,0.8
2016-10-21,600809,3.72,3.65,3.84,3.41,75091,160427573.0,11.35,-3.69,-0.14,0.87
2016-10-24,600809,3.66,3.67,3.8,3.59,74217,159038991.0,5.75,0.55,0.02,0.86
2016-10-25,600809,3.67,4.22,4.24,3.67,152897,336283120.0,15.53,14.99,0.55,1.77
2016-10-26,600809,4.31,5.08,5.8,4.31,296195,696443056.0,35.31,20.38,0.86,3.42
2016-10-27,600809,4.81,4.92,5.12,4.67,100788,232486242.0,8.86,-3.15,-0.16,1.16
2016-10-28,600809,4.78,4.63,5.01,4.51,90180,206880076.0,10.16,-5.89,-0.29,1.04
2016-11-01,600809,4.52,5.38,5.42,4.39,132696,306436960.0,22.25,16.2,0.75,1.53
2016-11-02,600809,5.29,4.99,5.33,4.91,78094,182632165.0,7.81,-7.25,-0.39,0.9
2016-11-03,600809,4.74,4.94,5.17,4.52,72581,167388302.0,13.03,-1.0,-0.05,0.84
2016-11-04,600809,4.9,4.69,4.94,4.56,54549,124750406.0,7.69,-5.06,-0.25,0.63
2016-11-07,600809,4.6,4.51,4.7,4.41,57583,130225443.0,6.18,-3.84,-0.18,0.67
2016-11-08,600809,4.58,4.92,5.24,4.58,104258,241950722.0,14.63,9.09,0.41,1.2
2016-11-09,600809,4.8,4.65,4.87,4.37,80349,182307528.0,10.16,-5.49,-0.27,0.93
2016-11-10,600809,4.78,4.82,4.87,4.62,90993,208637759.0,5.38,3.66,0.17,1.05
2016-11-11,600809,4.8,4.62,4.8,4.35,117536,265687289.0,9.34,-4.15,-0.2,1.36
2016-11-14,600809,4.57,4.71,4.8,4.51,83424,190206666.0,6.28,1.95,0.09,0.96
2016-11-15,600809,4.7,5.01,5.15,4.55,107728,249447722.0,12.74,6.37,0.3,1.24
2016-11-16,600809,5.0,4.75,5.01,4.72,47519,109353840.0,5.79,-5.19,-0.26,0.55
2016-11-17,600809,4.84,4.53,4.84,4.44,43640,98994943.0,8.42,-4.63,-0.22,0.5
2016-11-18,600809,4.46,4.37,4.55,4.32,33907,76250881.0,5.08,-3.53,-0.16,0.39
2016-11-21,600809,4.44,4.28,4.58,4.05,64613,144047517.0,12.13,-2.06,-0.09,0.75
2016-11-22,600809,4.22,4.42,4.44,4.12,48037,106775954.0,7.48,3.27,0.14,0.55
2016-11-23,600809,4.44,4.52,4.54,4.32,50792,114404341.0,4.98,2.26,0.1,0.59
2016-11-24,600809,4.5,4.88,5.0,4.37,115154,263650716.0,13.94,7.96,0.36,1.33
2016-11-25,600809,4.8,4.63,4.9,4.45,60360,137365386.0,9.22,-5.12,-0.25,0.7
2016-11-28,600809,4.65,4.5,4.79,4.47,63323,143795011.0,6.91,-2.81,-0.13,0.73
2016-11-29,600809,4.44,4.85,5.07,4.37,158019,364461888.0,15.56,7.78,0.35,1.83
2016-11-30,600809,4.87,4.67,5.07,4.62,104354,240456351.0,9.28,-3.71,-0.18,1.21
2016-12-01,600809,4.8,4.94,5.05,4.64,76325,176390966.0,8.78,5.78,0.27,0.88
2016-12-02,600809,5.15,4.75,5.27,4.54,72275,167532000.0,14.78,-3.85,-0.19,0.83
2016-12-05,600809,4.53,4.5,4.92,4.35,54925,124835340.0,12.0,-5.26,-0.25,0.63
2016-12-06,600809,4.58,4.6,4.71,4.35,42640,96495745.0,8.0,2.22,0.1,0.49
2016-12-07,600809,4.6,4.52,4.6,4.36,28994,65339342.0,5.22,-1.74,-0.08,0.33
2016-12-08,600809,4.53,5.25,5.94,4.5,143044,338429216.0,31.86,16.15,0.73,1.65
2016-12-09,600809,5.28,5.22,5.57,5.07,137946,327467120.0,9.52,-0.57,-0.03,1.59
2016-12-12,600809,5.22,4.47,5.47,4.44,103182,240493725.0,19.73,-14.37,-0.75,1.19
2016-12-13,600809,4.36,5.67,5.69,4.24,178746,420237168.0,32.44,26.85,1.2,2.06
2016-12-14,600809,5.52,6.17,6.53,5.41,239566,594880784.0,19.75,8.82,0.5,2.77
2016-12-15,600809,6.02,6.02,6.2,5.64,118080,290060848.0,9.08,-2.43,-0.15,1.36
2016-12-16,600809,5.98,6.07,6.14,5.68,86289,211899688.0,7.64,0.83,0.05,1.0
2016-12-19,600809,5.94,5.95,6.51,5.78,95055,237048581.0,12.03,-1.98,-0.12,1.1
2016-12-20,600809,5.97,5.5,6.0,5.37,94033,226667596.0,10.59,-7.56,-0.45,1.09
2016-12-21,600809,5.55,5.58,5.65,5.26,59657,142730384.0,7.09,1.45,0.08,0.69
2016-12-22,600809,5.57,5.05,5.57,4.95,77004,180910434.0,11.11,-9.5,-0.53,0.89
2016-12-23,600809,5.0,4.79,5.15,4.65,72623,167476400.0,9.9,-5.15,-0.26,0.84
2016-12-26,600809,4.58,5.07,5.12,4.54,56450,131043429.0,12.11,5.85,0.28,0.65
2016-12-27,600809,5.02,5.17,5.45,5.02,48678,115502143.0,8.48,1.97,0.1,0.56
2016-12-28,600809,5.2,5.13,5.38,5.09,36089,85215459.0,5.61,-0.77,-0.04,0.42
2016-12-29,600809,5.12,5.57,5.72,5.07,57612,137189689.0,12.67,8.58,0.44,0.67
2016-12-30,600809,5.51,6.24,6.47,5.46,126952,315958816.0,18.13,12.03,0.67,1.47
2017-01-03,600809,6.44,6.28,6.62,6.07,117953,297085632.0,8.81,0.64,0.04,1.36
2017-01-04,600809,6.27,7.09,7.12,6.07,141794,364828720.0,16.72,12.9,0.81,1.64
2017-01-05,600809,7.1,7.01,7.43,6.81,96024,251560472.0,8.74,-1.13,-0.08,1.11
2017-01-06,600809,6.94,6.77,7.26,6.72,77680,202613614.0,7.7,-3.42,-0.24,0.9
2017-01-09,600809,6.64,6.69,6.87,6.42,73175,187027962.0,6.65,-1.18,-0.08,0.85
2017-01-10,600809,6.67,6.55,7.28,6.55,78928,205064406.0,10.91,-2.09,-0.14,0.91
2017-01-11,600809,6.48,6.47,6.77,6.09,54697,138309369.0,10.38,-1.22,-0.08,0.63
2017-01-12,600809,6.47,6.61,6.65,6.37,35886,91153192.0,4.33,2.16,0.14,0.41
2017-01-13,600809,6.57,6.59,6.69,6.2,54946,139171178.0,7.41,-0.3,-0.02,0.63
2017-01-16,600809,6.37,6.94,6.99,6.15,102658,262432900.0,12.75,5.31,0.35,1.19
2017-01-17,600809,6.72,7.21,7.33,6.65,86205,226282640.0,9.8,3.89,0.27,1.0
2017-01-18,600809,7.1,7.25,7.42,6.94,80970,213904773.0,6.66,0.55,0.04,0.94
2017-01-19,600809,7.24,6.51,7.25,6.47,61457,158365531.0,10.76,-10.21,-0.74,0.71
2017-01-20,600809,6.4,6.47,6.72,6.24,61207,155195097.0,7.37,-0.61,-0.04,0.71
2017-01-23,600809,6.47,6.09,6.85,5.83,89903,224861467.0,15.77,-5.87,-0.38,1.04
2017-01-24,600809,6.01,6.11,6.23,5.92,42675,105861981.0,5.09,0.33,0.02,0.49
2017-01-25,600809,6.05,6.15,6.37,5.76,43170,107055441.0,9.98,0.65,0.04,0.5
2017-01-26,600809,6.15,6.04,6.33,5.99,37441,93111279.0,5.53,-1.79,-0.11,0.43
2017-02-03,600809,6.04,6.04,6.19,5.93,22248,55105438.0,4.3,0.0,0.0,0.26
2017-02-06,600809,6.01,5.9,6.12,5.84,36788,90588193.0,4.64,-2.32,-0.14,0.42
2017-02-07,600809,5.89,6.18,6.19,5.83,33912,83690459.0,6.1,4.75,0.28,0.39
2017-02-08,600809,6.21,6.22,6.3,5.96,29228,72720480.0,5.5,0.65,0.04,0.34
2017-02-09,600809,6.2,6.4,6.64,6.1,51634,130573268.0,8.68,2.89,0.18,0.6
2017-02-10,600809,6.8,6.18,7.44,6.15,143251,367256800.0,20.16,-3.44,-0.22,1.65
2017-02-13,600809,6.34,7.0,7.19,5.97,143573,369830384.0,19.74,13.27,0.82,1.66
2017-02-14,600809,6.9,7.6,7.8,6.75,141179,373449168.0,15.0,8.57,0.6,1.63
2017-02-15,600809,7.58,7.62,8.37,7.47,135612,370264000.0,11.84,0.26,0.02,1.57
2017-02-16,600809,7.65,7.58,7.74,7.26,74688,199526636.0,6.3,-0.52,-0.04,0.86
2017-02-17,600809,7.62,7.77,8.28,7.52,119052,326350384.0,10.03,2.51,0.19,1.37
2017-02-20,600809,7.62,8.85,9.0,7.55,176320,497622944.0,18.66,13.9,1.08,2.04
2017-02-21,600809,8.65,8.77,9.02,8.51,90190,257138734.0,5.76,-0.9,-0.08,1.04
2017-02-22,600809,8.91,10.39,10.72,8.91,256190,774203296.0,20.64,18.47,1.62,2.96
2017-02-23,600809,10.45,10.62,12.12,10.17,200686,631435696.0,18.77,2.21,0.23,2.32
2017-02-27,600809,10.39,9.38,10.4,9.1,157226,467429632.0,12.24,-11.68,-1.24,1.82
2017-02-28,600809,9.42,9.58,9.66,9.25,67771,200060200.0,4.37,2.13,0.2,0.78
2017-03-01,600809,9.4,9.6,10.3,9.4,113005,341552480.0,9.39,0.21,0.02,1.31
2017-03-02,600809,9.58,10.49,10.51,9.44,113890,346478272.0,11.15,9.27,0.89,1.32
2017-03-03,600809,10.37,10.67,11.57,10.19,140124,441554992.0,13.16,1.72,0.18,1.62
2017-03-06,600809,10.44,10.52,11.01,9.94,115470,355366752.0,10.03,-1.41,-0.15,1.33
2017-03-07,600809,10.38,11.03,11.19,10.22,124662,392377744.0,9.22,4.85,0.51,1.44
2017-03-08,600809,10.87,10.82,11.07,10.59,76001,238770973.0,4.35,-1.9,-0.21,0.88
2017-03-09,600809,10.8,10.3,10.98,9.9,82508,253584517.0,9.98,-4.81,-0.52,0.95
2017-03-10,600809,10.33,10.47,11.06,10.17,107503,335767568.0,8.64,1.65,0.17,1.24
2017-03-13,600809,10.44,10.84,11.19,10.22,124250,391242000.0,9.26,3.53,0.37,1.44
2017-03-14,600809,10.8,10.62,11.34,10.3,89734,281537744.0,9.59,-2.03,-0.22,1.04
2017-03-15,600809,10.54,10.62,10.79,10.41,59529,185091737.0,3.58,0.0,0.0,0.69
2017-03-16,600809,10.74,10.45,10.87,10.24,96013,296437024.0,5.93,-1.6,-0.17,1.11
2017-03-17,600809,10.44,10.51,10.8,10.27,64187,199176219.0,5.07,0.57,0.06,0.74
2017-03-20,600809,10.5,10.46,10.8,10.05,72894,224623327.0,7.14,-0.48,-0.05,0.84
2017-03-21,600809,10.32,11.65,11.71,10.32,174118,553781056.0,13.29,11.38,1.19,2.01
2017-03-22,600809,11.3,11.56,11.63,10.95,122474,393679360.0,5.84,-0.77,-0.09,1.41
2017-03-23,600809,11.46,10.91,11.46,10.72,107388,340353792.0,6.4,-5.62,-0.65,1.24
2017-03-24,600809,10.91,10.61,11.3,10.49,78579,246569491.0,7.42,-2.75,-0.3,0.91
2017-03-27,600809,10.55,9.99,10.76,9.76,99333,302694592.0,9.43,-5.84,-0.62,1.15
2017-03-28,600809,9.97,10.06,10.25,9.79,47657,144212396.0,4.6,0.7,0.07,0.55
2017-03-29,600809,10.06,9.89,10.26,9.87,48435,147277293.0,3.88,-1.69,-0.17,0.56
2017-03-30,600809,9.81,9.32,9.98,9.08,75662,222996045.0,9.1,-5.76,-0.57,0.87
2017-03-31,600809,9.37,9.29,9.48,9.14,38868,113981762.0,3.65,-0.32,-0.03,0.45
2017-04-05,600809,9.26,9.67,9.82,9.13,71613,213512017.0,7.43,4.09,0.38,0.83
2017-04-06,600809,9.72,9.92,9.95,9.25,68171,202492465.0,7.24,2.59,0.25,0.79
2017-04-07,600809,9.92,9.75,9.92,9.58,44949,134281718.0,3.43,-1.71,-0.17,0.52
2017-04-10,600809,9.75,9.25,9.8,9.02,77812,227808542.0,8.0,-5.13,-0.5,0.9
2017-04-11,600809,9.1,9.22,9.36,8.67,82347,237758785.0,7.46,-0.32,-0.03,0.95
2017-04-12,600809,9.14,9.88,10.22,8.85,107198,318424784.0,14.86,7.16,0.66,1.24
2017-04-13,600809,9.84,10.45,10.62,9.65,86664,266227550.0,9.82,5.77,0.57,1.0
2017-04-14,600809,10.34,10.07,10.55,10.01,32550,99444286.0,5.17,-3.64,-0.38,0.38
2017-04-17,600809,9.51,9.87,10.5,9.51,44822,135714676.0,9.83,-1.99,-0.2,0.52
2017-04-18,600809,9.9,10.79,10.83,9.55,119715,371880000.0,12.97,9.32,0.92,1.38
2017-04-19,600809,10.79,10.81,11.19,10.29,108276,338610976.0,8.34,0.19,0.02,1.25
2017-04-20,600809,10.72,11.85,12.07,10.62,149715,487283776.0,13.41,9.62,1.04,1.73
2017-04-21,600809,11.84,11.53,12.71,11.28,126832,419019568.0,12.07,-2.7,-0.32,1.46
2017-04-24,600809,11.25,10.92,11.4,10.42,57368,181536625.0,8.5,-5.29,-0.61,0.66
2017-04-25,600809,10.89,11.22,11.51,10.58,112297,357472704.0,8.52,2.75,0.3,1.3
2017-04-26,600809,11.15,10.4,11.65,10.35,143140,454059136.0,11.59,-7.31,-0.82,1.65
2017-04-27,600809,9.8,11.05,11.09,9.48,207079,628669968.0,15.48,6.25,0.65,2.39
2017-04-28,600809,11.31,10.52,11.69,10.3,122661,387675264.0,12.58,-4.8,-0.53,1.42
2017-05-02,600809,10.15,10.5,10.77,10.03,47866,148392948.0,7.03,-0.19,-0.02,0.55
2017-05-03,600809,10.41,10.84,11.14,10.41,66704,210053080.0,6.95,3.24,0.34,0.77
2017-05-04,600809,10.72,11.03,11.42,10.64,85918,274767296.0,7.2,1.75,0.19,0.99
2017-05-05,600809,11.01,10.52,11.21,10.01,83217,259611194.0,10.88,-4.62,-0.51,0.96
2017-05-08,600809,10.42,10.0,10.48,9.92,60230,183485991.0,5.32,-4.94,-0.52,0.7
2017-05-09,600809,9.89,10.02,10.08,9.17,90129,267554292.0,9.1,0.2,0.02,1.04
2017-05-10,600809,9.87,9.3,10.27,9.29,66483,198577113.0,9.78,-7.19,-0.72,0.77
2017-05-11,600809,9.05,9.29,9.47,8.89,50143,146387100.0,6.24,-0.11,-0.01,0.58
2017-05-12,600809,9.27,9.02,9.55,8.94,62019,180396137.0,6.57,-2.91,-0.27,0.72
2017-05-15,600809,9.05,9.65,9.83,9.05,64388,190594645.0,8.65,6.98,0.63,0.74
2017-05-16,600809,9.51,10.56,10.62,9.49,100212,307598336.0,11.71,9.43,0.91,1.16
2017-05-17,600809,10.56,10.49,10.8,10.35,67839,210983893.0,4.26,-0.66,-0.07,0.78
2017-05-18,600809,10.27,10.47,10.87,10.22,41350,128530340.0,6.2,-0.19,-0.02,0.48
2017-05-19,600809,10.38,10.15,10.65,9.92,62325,190462688.0,6.97,-3.06,-0.32,0.72
2017-05-22,600809,10.14,9.46,10.15,9.24,98174,291927408.0,8.97,-6.8,-0.69,1.13
2017-05-23,600809,9.42,11.36,11.43,9.34,186729,581086656.0,22.09,20.08,1.9,2.16
2017-05-24,600809,11.22,10.8,11.22,10.28,101527,317310720.0,8.27,-4.93,-0.56,1.17
2017-05-25,600809,10.59,10.85,11.17,10.38,83890,263146575.0,7.31,0.46,0.05,0.97
2017-05-26,600809,10.94,10.9,11.43,10.57,99100,313542560.0,7.93,0.46,0.05,1.14
2017-05-31,600809,10.52,10.45,10.84,10.1,88628,273651504.0,6.79,-4.13,-0.45,1.02
2017-06-01,600809,10.4,10.55,10.94,10.25,62889,195590777.0,6.6,0.96,0.1,0.73
2017-06-02,600809,10.4,10.25,10.5,9.94,51875,158285260.0,5.31,-2.84,-0.3,0.6
2017-06-05,600809,10.12,10.23,10.3,10.0,27850,84773138.0,2.93,-0.2,-0.02,0.32
2017-06-06,600809,10.16,10.96,11.03,10.16,84172,263335851.0,8.5,7.14,0.73,0.97
2017-06-07,600809,10.9,11.46,11.68,10.89,123780,398359296.0,7.21,4.56,0.5,1.43
2017-06-08,600809,11.22,12.47,12.65,11.22,160966,537231008.0,12.48,8.81,1.01,1.86
2017-06-09,600809,12.37,12.86,13.8,12.36,154994,537388544.0,11.55,3.13,0.39,1.79
2017-06-12,600809,12.96,13.47,14.14,12.87,121851,429055264.0,9.88,4.74,0.61,1.41
2017-06-13,600809,13.44,13.52,13.58,12.94,69178,241264282.0,4.75,0.37,0.05,0.8
2017-06-14,600809,13.33,13.7,14.44,13.26,93154,332770480.0,8.73,1.33,0.18,1.08
2017-06-15,600809,13.78,12.9,13.79,12.64,94560,324881744.0,8.39,-5.84,-0.8,1.09
2017-06-16,600809,12.93,12.85,13.19,12.45,68509,233502192.0,5.74,-0.39,-0.05,0.79
2017-06-19,600809,12.9,12.96,13.05,12.48,62673,214386160.0,4.44,0.86,0.11,0.72
2017-06-20,600809,12.96,12.38,13.03,12.14,98596,331712048.0,6.87,-4.48,-0.58,1.14
2017-06-21,600809,12.5,13.47,13.5,12.03,110133,375864896.0,11.87,8.8,1.09,1.27
2017-06-22,600809,13.3,13.31,13.84,13.2,111915,392772032.0,4.75,-1.19,-0.16,1.29
2017-06-23,600809,13.15,13.6,13.72,12.87,77121,268360805.0,6.39,2.18,0.29,0.89
2017-06-26,600809,13.71,14.02,14.3,13.47,104977,377109568.0,6.1,3.09,0.42,1.21
2017-06-27,600809,14.15,13.65,14.15,13.41,67356,238813707.0,5.28,-2.64,-0.37,0.78
2017-06-28,600809,13.55,13.07,13.58,12.88,73765,255403217.0,5.13,-4.25,-0.58,0.85
2017-06-29,600809,13.08,13.34,13.36,12.87,46664,161883422.0,3.75,2.07,0.27,0.54
2017-06-30,600809,13.22,13.15,13.47,12.97,58064,201234103.0,3.75,-1.42,-0.19,0.67
2017-07-03,600809,13.16,12.8,13.17,12.5,61467,209994782.0,5.1,-2.66,-0.35,0.71
2017-07-04,600809,12.53,12.95,12.97,12.31,77619,263166846.0,5.16,1.17,0.15,0.9
2017-07-05,600809,12.82,13.1,13.3,12.77,39677,137212844.0,4.09,1.16,0.15,0.46
2017-07-06,600809,13.12,13.03,13.17,12.58,62234,213335152.0,4.5,-0.53,-0.07,0.72
2017-07-07,600809,12.98,12.83,13.06,12.67,52548,180096500.0,2.99,-1.53,-0.2,0.61
2017-07-10,600809,12.72,12.37,12.87,12.31,75039,253123657.0,4.36,-3.59,-0.46,0.87
2017-07-11,600809,12.36,12.76,13.02,12.31,61477,209412761.0,5.74,3.15,0.39,0.71
2017-07-12,600809,12.83,12.16,12.83,12.08,59729,201074026.0,5.88,-4.7,-0.6,0.69
2017-07-13,600809,11.98,11.95,12.41,11.8,63153,209705079.0,5.02,-1.73,-0.21,0.73
2017-07-14,600809,12.05,12.29,12.34,11.69,57714,187737451.0,5.44,2.85,0.34,0.67
2017-07-17,600809,12.3,12.0,12.43,10.1,86307,277363344.0,18.96,-2.36,-0.29,1.0
2017-07-18,600809,11.97,12.22,12.37,11.48,66409,216622150.0,7.42,1.83,0.22,0.77
2017-07-19,600809,12.17,12.96,13.15,12.05,74866,252893716.0,9.0,6.06,0.74,0.86
2017-07-20,600809,12.97,13.31,13.37,12.77,78950,269687808.0,4.63,2.7,0.35,0.91
2017-07-21,600809,13.59,14.04,14.48,13.36,133073,470016560.0,8.41,5.48,0.73,1.54
2017-07-24,600809,14.15,14.59,15.55,14.1,118084,433406736.0,10.33,3.92,0.55,1.36
2017-07-25,600809,14.53,14.37,14.74,14.26,65431,234846003.0,3.29,-1.51,-0.22,0.76
2017-07-26,600809,14.3,14.44,15.22,14.06,104365,376699488.0,8.07,0.49,0.07,1.21
2017-07-27,600809,14.39,16.08,16.1,14.39,159234,593044896.0,11.84,11.36,1.64,1.84
2017-07-28,600809,16.07,17.05,17.29,15.41,146995,573956256.0,11.69,6.03,0.97,1.7
2017-07-31,600809,16.97,17.92,18.76,16.97,241619,997140448.0,10.5,5.1,0.87,2.79
2017-08-01,600809,17.75,18.0,18.66,17.22,109801,446900976.0,8.04,0.45,0.08,1.27
2017-08-02,600809,17.97,18.22,18.3,17.51,62338,254604376.0,4.39,1.22,0.22,0.72
2017-08-03,600809,18.22,18.52,19.49,18.05,92641,390401040.0,7.9,1.65,0.3,1.07
2017-08-04,600809,18.47,17.77,18.49,17.44,88902,361484864.0,5.67,-4.05,-0.75,1.03
2017-08-07,600809,17.53,20.18,20.3,17.42,117186,495864368.0,16.21,13.56,2.41,1.35
2017-08-08,600809,20.35,20.13,21.02,19.84,105799,468745504.0,5.85,-0.25,-0.05,1.22
2017-08-09,600809,19.85,21.87,22.32,19.55,119272,545867424.0,13.76,8.64,1.74,1.38
2017-08-10,600809,21.84,22.28,23.3,21.49,121259,574148432.0,8.28,1.87,0.41,1.4
2017-08-11,600809,22.32,22.19,22.86,21.49,94989,440080240.0,6.15,-0.4,-0.09,1.1
2017-08-14,600809,22.44,22.07,22.94,21.16,123837,573734032.0,8.02,-0.54,-0.12,1.43
2017-08-15,600809,21.62,21.52,22.01,20.96,74216,339238768.0,4.76,-2.49,-0.55,0.86
2017-08-16,600809,21.47,21.25,21.97,21.01,69293,316742048.0,4.46,-1.25,-0.27,0.8
2017-08-17,600809,21.27,21.28,21.88,21.01,64215,293163968.0,4.09,0.14,0.03,0.74
2017-08-18,600809,21.57,20.47,21.57,20.36,70861,316902144.0,5.69,-3.81,-0.81,0.82
2017-08-21,600809,20.89,20.69,21.12,20.33,53409,238503131.0,3.86,1.07,0.22,0.62
2017-08-22,600809,20.75,19.4,20.82,19.05,148692,639989184.0,8.55,-6.23,-1.29,1.72
2017-08-23,600809,19.26,20.61,20.66,19.26,136638,598006672.0,7.22,6.24,1.21,1.58
2017-08-24,600809,20.45,19.55,20.45,19.12,107262,465614496.0,6.45,-5.14,-1.06,1.24
2017-08-25,600809,19.55,19.66,19.96,19.1,84104,362175184.0,4.4,0.56,0.11,0.97
2017-08-28,600809,20.37,20.75,21.51,20.37,133706,601379456.0,5.8,5.54,1.09,1.54
2017-08-29,600809,20.75,21.92,22.01,20.75,122051,559385584.0,6.07,5.64,1.17,1.41
2017-08-30,600809,21.87,22.2,22.73,21.69,89520,419804368.0,4.74,1.28,0.28,1.03
2017-08-31,600809,21.9,22.01,22.42,21.37,57275,264306636.0,4.73,-0.86,-0.19,0.66
2017-09-01,600809,22.01,23.4,23.41,21.47,106471,504535328.0,8.81,6.32,1.39,1.23
2017-09-04,600809,23.15,22.72,23.45,22.45,61687,293790944.0,4.27,-2.91,-0.68,0.71
2017-09-05,600809,22.33,22.47,23.44,22.33,50828,242506246.0,4.89,-1.1,-0.25,0.59
2017-09-06,600809,22.4,21.6,22.41,21.53,64633,299434480.0,3.92,-3.87,-0.87,0.75
2017-09-07,600809,21.62,21.67,22.04,20.94,54202,247300032.0,5.09,0.32,0.07,0.63
2017-09-08,600809,21.69,20.91,21.7,20.76,58217,263144777.0,4.34,-3.51,-0.76,0.67
2017-09-11,600809,20.69,20.87,21.63,20.05,63754,286760432.0,7.56,-0.19,-0.04,0.74
2017-09-12,600809,20.56,23.38,23.42,20.56,115793,541301120.0,13.7,12.03,2.51,1.34
2017-09-13,600809,23.33,24.66,25.83,22.96,164719,820305552.0,12.28,5.47,1.28,1.9
2017-09-14,600809,24.36,25.22,25.8,24.17,84659,430442880.0,6.61,2.27,0.56,0.98
2017-09-15,600809,24.97,24.73,25.52,24.39,52216,264121279.0,4.48,-1.94,-0.49,0.6
2017-09-18,600809,24.67,28.32,28.33,24.6,110842,592422192.0,15.08,14.52,3.59,1.28
2017-09-19,600809,28.46,27.41,28.46,26.8,95705,518353632.0,5.86,-3.21,-0.91,1.11
2017-09-20,600809,27.09,27.57,29.1,26.97,87223,477613312.0,7.77,0.58,0.16,1.01
2017-09-21,600809,27.57,26.94,27.62,26.62,56958,304435040.0,3.63,-2.29,-0.63,0.66
2017-09-22,600809,26.6,27.21,27.51,26.33,43680,233800967.0,4.38,1.0,0.27,0.5
2017-09-25,600809,27.21,28.78,29.08,27.21,98354,545260752.0,6.87,5.77,1.57,1.14
2017-09-26,600809,28.72,29.18,29.63,28.0,70617,396978496.0,5.66,1.39,0.4,0.82
2017-09-27,600809,28.76,28.62,29.08,27.97,63390,351930352.0,3.8,-1.92,-0.56,0.73
2017-09-28,600809,28.3,29.06,30.55,28.28,110468,628365792.0,7.93,1.54,0.44,1.28
2017-09-29,600809,28.83,28.08,29.78,27.91,77473,431608912.0,6.43,-3.37,-0.98,0.89
2017-10-09,600809,28.55,27.32,28.69,26.97,96674,525387552.0,6.13,-2.71,-0.76,1.12
2017-10-10,600809,27.48,27.59,27.98,26.51,87304,471068416.0,5.38,0.99,0.27,1.01
2017-10-11,600809,27.69,29.22,29.69,27.39,109791,615033488.0,8.34,5.91,1.63,1.27
2017-10-12,600809,29.1,28.73,29.61,28.0,61756,344175648.0,5.51,-1.68,-0.49,0.71
2017-10-13,600809,28.7,28.08,28.76,27.76,74862,412272608.0,3.48,-2.26,-0.65,0.86
2017-10-16,600809,28.22,26.69,28.22,26.54,128593,690861008.0,5.98,-4.95,-1.39,1.49
2017-10-17,600809,26.69,26.84,27.44,26.47,67246,359058656.0,3.63,0.56,0.15,0.78
2017-10-18,600809,27.02,27.83,27.84,26.44,63845,344468240.0,5.22,3.69,0.99,0.74
2017-10-19,600809,27.94,28.12,28.85,27.84,87451,483909328.0,3.63,1.04,0.29,1.01
2017-10-20,600809,28.12,27.58,28.12,26.62,49265,265810199.0,5.33,-1.92,-0.54,0.57
2017-10-23,600809,27.33,27.85,28.05,27.12,52184,283849008.0,3.37,0.98,0.27,0.6
2017-10-24,600809,27.9,27.98,28.37,27.51,48663,267030284.0,3.09,0.47,0.13,0.56
2017-10-25,600809,28.05,27.96,28.25,27.7,40928,224535779.0,1.97,-0.07,-0.02,0.47
2017-10-26,600809,31.62,28.76,31.62,28.25,152401,873239904.0,12.05,2.86,0.8,1.76
2017-10-27,600809,28.6,30.39,31.37,28.15,126090,726942576.0,11.2,5.67,1.63,1.46
2017-10-30,600809,29.83,31.1,31.66,29.3,128748,756150304.0,7.77,2.34,0.71,1.49
2017-10-31,600809,29.83,30.49,31.05,29.82,71164,413761744.0,3.95,-1.96,-0.61,0.82
2017-11-01,600809,30.44,30.57,31.52,30.25,60735,357880496.0,4.17,0.26,0.08,0.7
2017-11-02,600809,30.39,29.89,30.9,29.6,63297,366826864.0,4.25,-2.22,-0.68,0.73
2017-11-03,600809,29.88,30.15,31.03,29.87,64246,375762864.0,3.88,0.87,0.26,0.74
2017-11-06,600809,30.19,32.2,32.27,29.83,122895,732526608.0,8.09,6.8,2.05,1.42
2017-11-07,600809,32.12,31.55,32.61,31.3,97127,587783248.0,4.07,-2.02,-0.65,1.12
2017-11-08,600809,31.75,31.33,32.37,31.05,75103,449341152.0,4.18,-0.7,-0.22,0.87
2017-11-09,600809,31.33,30.95,31.33,30.27,85039,497828128.0,3.38,-1.21,-0.38,0.98
2017-11-10,600809,30.95,31.83,32.27,30.58,96853,582175200.0,5.46,2.84,0.88,1.12
2017-11-13,600809,31.8,31.1,31.87,30.73,89117,527720304.0,3.58,-2.29,-0.73,1.03
2017-11-14,600809,31.19,30.55,31.3,30.32,66339,388111024.0,3.15,-1.77,-0.55,0.77
2017-11-15,600809,30.2,30.94,31.26,30.12,47956,281656784.0,3.73,1.28,0.39,0.55
2017-11-16,600809,30.82,31.24,32.09,30.67,65003,389226896.0,4.59,0.97,0.3,0.75
2017-11-17,600809,30.55,29.15,30.89,28.69,107624,613253648.0,7.04,-6.69,-2.09,1.24
2017-11-20,600809,28.83,27.62,28.83,25.12,65759,356050560.0,12.73,-5.25,-1.53,0.76
2017-11-21,600809,27.47,28.69,28.72,26.91,72649,399764640.0,6.55,3.87,1.07,0.84
2017-11-22,600809,28.75,27.97,29.85,27.47,82411,458302448.0,8.3,-2.51,-0.72,0.95
2017-11-23,600809,27.33,25.34,27.4,25.32,125053,650163008.0,7.44,-9.4,-2.63,1.44
2017-11-24,600809,25.19,24.67,26.0,23.69,107825,539583456.0,9.12,-2.64,-0.67,1.25
2017-11-27,600809,24.07,24.14,25.35,22.88,61126,302203632.0,10.01,-2.15,-0.53,0.71
2017-11-28,600809,23.4,24.7,25.31,23.4,59390,298565952.0,7.91,2.32,0.56,0.69
2017-11-29,600809,24.72,23.67,25.19,23.05,64148,315360160.0,8.66,-4.17,-1.03,0.74
2017-11-30,600809,23.74,23.12,23.97,23.05,41563,201755701.0,3.89,-2.32,-0.55,0.48
2017-12-01,600809,23.33,23.55,23.76,22.89,46851,227583072.0,3.76,1.86,0.43,0.54
2017-12-04,600809,23.31,25.93,26.31,23.31,87852,448386704.0,12.74,10.11,2.38,1.01
2017-12-05,600809,25.95,25.21,26.6,24.76,71745,371385328.0,7.1,-2.78,-0.72,0.83
2017-12-06,600809,25.18,25.35,26.17,24.48,46120,236449969.0,6.7,0.56,0.14,0.53
2017-12-07,600809,25.62,24.38,25.72,24.3,34293,172702509.0,5.6,-3.83,-0.97,0.4
2017-12-08,600809,24.51,25.27,25.58,23.9,44184,225611484.0,6.89,3.65,0.89,0.51
2017-12-11,600809,25.1,26.99,27.68,25.1,78631,419486432.0,10.21,6.81,1.72,0.91
2017-12-12,600809,27.03,26.97,27.83,26.94,62605,338014000.0,3.3,-0.07,-0.02,0.72
2017-12-13,600809,26.84,28.19,28.6,26.83,70513,387010624.0,6.56,4.52,1.22,0.81
2017-12-14,600809,28.4,28.53,28.75,27.66,42089,232993249.0,3.87,1.21,0.34,0.49
2017-12-15,600809,28.53,29.07,30.37,28.19,67810,387185152.0,7.64,1.89,0.54,0.78
2017-12-18,600809,28.9,30.42,30.94,28.85,76111,444476288.0,7.19,4.64,1.35,0.88
2017-12-19,600809,30.47,30.18,30.94,29.44,67699,392457216.0,4.93,-0.79,-0.24,0.78
2017-12-20,600809,30.06,29.9,30.7,29.55,72349,419145376.0,3.81,-0.93,-0.28,0.84
2017-12-21,600809,29.54,29.84,30.4,29.19,59825,342495216.0,4.05,-0.2,-0.06,0.69
2017-12-22,600809,29.71,28.86,30.0,28.72,69115,390173344.0,4.29,-3.28,-0.98,0.8
2017-12-25,600809,29.2,28.95,29.68,27.33,65512,366362032.0,8.14,0.31,0.09,0.76
2017-12-26,600809,29.31,28.57,29.33,28.09,37966,211526447.0,4.28,-1.31,-0.38,0.44
2017-12-27,600809,29.2,28.16,29.32,27.87,40780,225836223.0,5.08,-1.44,-0.41,0.47
2017-12-28,600809,28.76,29.47,29.69,28.19,86168,487256352.0,5.33,4.65,1.31,1.0
2017-12-29,600809,29.19,29.47,30.15,28.47,73815,418496864.0,5.7,0.0,0.0,0.85
2018-01-02,600809,29.12,29.0,29.6,28.62,47535,267247804.0,3.33,-1.59,-0.47,0.55
2018-01-03,600809,28.93,29.24,29.38,28.44,59009,331923504.0,3.24,0.83,0.24,0.68
2018-01-04,600809,29.1,30.84,31.23,28.86,139172,816126992.0,8.11,5.47,1.6,1.61
2018-01-05,600809,30.9,30.51,31.3,30.19,59430,348313488.0,3.6,-1.07,-0.33,0.69
2018-01-08,600809,30.55,29.73,30.77,29.07,87161,500423584.0,5.57,-2.56,-0.78,1.01
2018-01-09,600809,29.67,31.02,31.22,29.48,104191,611727376.0,5.85,4.34,1.29,1.2
2018-01-10,600809,30.9,30.97,31.2,29.98,74385,436212064.0,3.93,-0.16,-0.05,0.86
2018-01-11,600809,31.05,30.84,31.12,30.19,48426,284320400.0,3.0,-0.42,-0.13,0.56
2018-01-12,600809,30.84,31.12,31.42,30.2,64923,385238944.0,3.96,0.91,0.28,0.75
2018-01-15,600809,31.05,32.55,33.05,30.92,134577,822108944.0,6.84,4.6,1.43,1.55
2018-01-16,600809,32.4,34.12,36.33,31.97,126467,812264144.0,13.39,4.82,1.57,1.46
2018-01-17,600809,34.42,32.67,35.12,32.58,97872,616154288.0,7.44,-4.25,-1.45,1.13
2018-01-18,600809,33.0,35.3,36.19,32.87,134296,868885728.0,10.16,8.05,2.63,1.55
2018-01-19,600809,35.28,35.49,36.62,33.9,85457,554616176.0,7.71,0.54,0.19,0.99
2018-02-05,600809,30.82,30.82,30.82,30.82,21965,129329920.0,0.0,-13.16,-4.67,0.25
2018-02-06,600809,26.61,26.61,27.81,26.61,254515,1355339936.0,3.89,-13.66,-4.21,2.94
2018-02-07,600809,27.32,26.01,28.4,25.62,152834,821540576.0,10.45,-2.25,-0.6,1.77
2018-02-08,600809,25.9,27.02,28.39,25.76,105902,568601360.0,10.11,3.88,1.01,1.22
2018-02-09,600809,26.24,27.58,27.77,24.5,85866,452549920.0,12.1,2.07,0.56,0.99
2018-02-12,600809,28.27,29.74,30.3,28.13,80675,458797120.0,7.87,7.83,2.16,0.93
2018-02-13,600809,30.19,30.75,30.9,29.0,66854,383720864.0,6.39,3.4,1.01,0.77
2018-02-14,600809,30.33,30.52,31.12,29.84,47308,275877440.0,4.16,-0.75,-0.23,0.55
2018-02-22,600809,31.62,30.84,31.62,30.3,48187,283781152.0,4.33,1.05,0.32,0.56
2018-02-23,600809,30.9,30.14,31.26,29.19,43082,250891656.0,6.71,-2.27,-0.7,0.5
2018-02-26,600809,30.14,29.36,30.25,28.27,89248,502067968.0,6.57,-2.59,-0.78,1.03
2018-02-27,600809,29.37,28.97,29.45,28.6,52210,293462816.0,2.9,-1.33,-0.39,0.6
2018-02-28,600809,28.46,27.9,28.92,27.51,64098,351609824.0,4.87,-3.69,-1.07,0.74
2018-03-01,600809,27.82,28.75,28.97,27.4,56019,312575280.0,5.63,3.05,0.85,0.65
2018-03-02,600809,28.05,28.45,29.31,28.05,35121,196388240.0,4.38,-1.04,-0.3,0.41
2018-03-05,600809,28.45,27.5,28.85,27.22,35727,195945788.0,5.73,-3.34,-0.95,0.41
2018-03-06,600809,27.5,28.0,28.19,26.33,52071,281330400.0,6.76,1.82,0.5,0.6
2018-03-07,600809,28.1,29.3,30.05,28.07,77919,442565904.0,7.07,4.64,1.3,0.9
2018-03-08,600809,29.17,29.35,29.87,28.62,50997,290223776.0,4.27,0.17,0.05,0.59
2018-03-09,600809,29.51,29.77,30.66,29.51,58188,336765776.0,3.92,1.43,0.42,0.67
2018-03-12,600809,29.75,28.85,30.12,28.75,67294,378687456.0,4.6,-3.09,-0.92,0.78
2018-03-13,600809,28.85,28.07,29.28,27.97,51905,288330976.0,4.54,-2.7,-0.78,0.6
2018-03-14,600809,28.06,28.62,28.68,28.05,29389,163160482.0,2.24,1.96,0.55,0.34
2018-03-15,600809,28.75,30.62,31.12,28.46,92752,538029968.0,9.29,6.99,2.0,1.07
2018-03-16,600809,30.41,30.46,30.9,30.05,41699,243641379.0,2.78,-0.52,-0.16,0.48
2018-03-19,600809,30.31,31.18,31.4,29.84,40520,238526824.0,5.12,2.36,0.72,0.47
2018-03-20,600809,30.67,31.05,32.03,30.55,39059,232641656.0,4.75,-0.42,-0.13,0.45
2018-03-21,600809,31.1,29.86,31.97,29.84,40912,241262211.0,6.86,-3.83,-1.19,0.47
2018-03-22,600809,29.82,30.15,30.9,29.0,48519,279231600.0,6.36,0.97,0.29,0.56
2018-03-23,600809,29.33,28.72,29.83,27.43,43111,239962446.0,7.96,-4.74,-1.43,0.5
2018-03-26,600809,28.39,29.31,29.72,27.97,37537,212159257.0,6.09,2.05,0.59,0.43
2018-03-27,600809,29.66,28.76,30.26,28.12,68771,385641056.0,7.3,-1.88,-0.55,0.79
2018-03-28,600809,28.05,26.76,28.48,25.83,116285,624558656.0,9.21,-6.95,-2.0,1.34
2018-03-29,600809,26.35,27.92,28.33,25.9,82926,448878320.0,9.08,4.33,1.16,0.96
2018-03-30,600809,27.97,28.02,28.65,27.47,41735,230634074.0,4.23,0.36,0.1,0.48
2018-04-02,600809,28.05,26.55,28.4,26.16,76629,409691696.0,7.99,-5.25,-1.47,0.89
2018-04-03,600809,26.19,27.55,27.75,25.76,79464,425958288.0,7.5,3.77,1.0,0.92
2018-04-04,600809,28.16,30.27,31.32,28.16,138156,803409536.0,11.47,9.87,2.72,1.6
2018-04-09,600809,30.28,30.32,30.72,29.48,67327,389961840.0,4.1,0.17,0.05,0.78
2018-04-10,600809,30.67,30.19,30.69,29.4,56303,323512432.0,4.25,-0.43,-0.13,0.65
2018-04-11,600809,30.15,29.22,30.66,28.76,76205,434968336.0,6.29,-3.21,-0.97,0.88
2018-04-12,600809,28.87,29.67,30.0,28.87,51674,295715968.0,3.87,1.54,0.45,0.6
2018-04-13,600809,29.49,29.05,30.15,28.59,40991,231429904.0,5.26,-2.09,-0.62,0.47
2018-04-16,600809,29.05,27.95,29.26,27.76,39121,215790212.0,5.16,-3.79,-1.1,0.45
2018-04-17,600809,28.32,27.26,28.32,27.25,26454,144197477.0,3.83,-2.47,-0.69,0.31
2018-04-18,600809,27.33,26.9,27.58,26.22,39110,207700136.0,4.99,-1.32,-0.36,0.45
2018-04-19,600809,26.9,27.4,28.02,26.75,44582,241168440.0,4.72,1.86,0.5,0.51
2018-04-20,600809,27.6,27.17,27.93,26.75,30984,167211153.0,4.31,-0.84,-0.23,0.36
2018-04-23,600809,27.18,26.95,27.55,26.27,19005,101622565.0,4.71,-0.81,-0.22,0.22
2018-04-24,600809,27.05,28.45,29.37,26.95,81741,455516768.0,8.98,5.57,1.5,0.94
2018-04-25,600809,28.12,28.64,29.01,27.87,26766,148835062.0,4.01,0.67,0.19,0.31
2018-04-26,600809,28.71,27.55,28.71,27.53,22054,120546219.0,4.12,-3.81,-1.09,0.25
2018-04-27,600809,27.92,26.75,28.4,26.3,44377,237253239.0,7.62,-2.9,-0.8,0.51
2018-05-02,600809,26.53,27.47,27.61,26.46,43748,234691314.0,4.3,2.69,0.72,0.51
2018-05-03,600809,27.4,28.36,28.65,26.81,41606,228832705.0,6.7,3.24,0.89,0.48
2018-05-04,600809,28.4,28.67,29.01,28.4,36841,206652807.0,2.15,1.09,0.31,0.43
2018-05-07,600809,28.46,31.3,31.76,28.46,103510,608887456.0,11.51,9.17,2.63,1.2
2018-05-08,600809,31.37,31.37,32.33,31.2,66536,400151472.0,3.61,0.22,0.07,0.77
2018-05-09,600809,31.4,32.32,32.33,31.37,46509,279833808.0,3.06,3.03,0.95,0.54
2018-05-10,600809,32.32,32.81,33.02,31.94,50450,309003056.0,3.34,1.52,0.49,0.58
2018-05-11,600809,32.83,31.82,34.03,31.62,48388,296996144.0,7.35,-3.02,-0.99,0.56
2018-05-14,600809,32.02,33.24,33.63,32.02,55733,344401984.0,5.06,4.46,1.42,0.64
2018-05-15,600809,33.24,33.53,33.6,32.6,35261,218994148.0,3.01,0.87,0.29,0.41
2018-05-16,600809,33.72,33.36,33.74,32.84,36369,226731241.0,2.68,-0.51,-0.17,0.42
2018-05-17,600809,33.15,31.4,33.46,30.69,74353,448657632.0,8.3,-5.88,-1.96,0.86
2018-05-18,600809,31.16,31.26,31.68,30.8,65404,388202032.0,2.8,-0.45,-0.14,0.76
2018-05-21,600809,31.6,31.2,32.11,30.96,39965,238421812.0,3.68,-0.19,-0.06,0.46
2018-05-22,600809,31.17,31.55,31.6,31.0,26828,160011414.0,1.92,1.12,0.35,0.31
2018-05-23,600809,31.62,30.84,31.76,30.83,43968,260743628.0,2.95,-2.25,-0.71,0.51
2018-05-24,600809,30.89,30.4,31.1,30.05,42219,247758138.0,3.4,-1.43,-0.44,0.49
2018-05-25,600809,30.57,30.95,31.57,30.44,46199,273588368.0,3.72,1.81,0.55,0.53
2018-05-28,600809,30.97,32.96,33.26,30.77,79561,486784288.0,8.05,6.49,2.01,0.92
2018-05-29,600809,33.04,31.45,33.87,31.35,63642,391851504.0,7.65,-4.58,-1.51,0.74
2018-05-30,600809,30.76,32.0,32.85,30.33,56221,339382336.0,8.01,1.75,0.55,0.65
2018-05-31,600809,32.44,34.8,34.97,32.01,97432,614009648.0,9.25,8.75,2.8,1.13
2018-06-01,600809,34.4,33.14,34.65,32.72,66574,416611552.0,5.55,-4.77,-1.66,0.77
2018-06-04,600809,33.4,35.53,36.12,32.87,79245,507383168.0,9.81,7.21,2.39,0.92
2018-06-05,600809,35.9,36.7,36.88,34.76,70394,466373952.0,5.97,3.29,1.17,0.81
2018-06-06,600809,36.45,36.17,36.79,35.66,51947,344624656.0,3.08,-1.44,-0.53,0.6
2018-06-07,600809,36.2,35.24,36.4,34.82,52301,341975184.0,4.37,-2.57,-0.93,0.6
2018-06-08,600809,34.97,35.04,36.05,34.27,61842,400336976.0,5.05,-0.57,-0.2,0.71
2018-06-11,600809,35.22,34.1,35.22,33.62,56704,361549136.0,4.57,-2.68,-0.94,0.65
2018-06-12,600809,34.17,36.34,36.88,34.17,88187,581664208.0,7.95,6.57,2.24,1.02
2018-06-13,600809,35.9,35.94,37.33,35.75,57902,386352320.0,4.35,-1.1,-0.4,0.67
2018-06-14,600809,35.56,35.12,36.58,34.18,61287,396170912.0,6.68,-2.28,-0.82,0.71
2018-06-15,600809,34.56,34.5,35.04,33.81,51729,330477328.0,3.5,-1.77,-0.62,0.6
2018-06-19,600809,33.77,31.42,34.33,31.13,74353,454668256.0,9.28,-8.93,-3.08,0.86
2018-06-20,600809,31.42,33.41,33.62,31.42,47957,296190992.0,7.0,6.33,1.99,0.55
2018-06-21,600809,33.47,33.51,34.32,32.97,37355,235407396.0,4.04,0.3,0.1,0.43
2018-06-22,600809,33.05,32.85,33.75,31.76,45137,277036272.0,5.94,-1.97,-0.66,0.52
2018-06-25,600809,33.03,33.65,34.56,32.82,77675,489222000.0,5.3,2.44,0.8,0.9
2018-06-26,600809,33.67,33.81,35.57,32.91,74198,472389760.0,7.9,0.48,0.16,0.86
2018-06-27,600809,33.69,32.63,35.01,31.19,86741,541045584.0,11.3,-3.49,-1.18,1.0
2018-06-28,600809,31.47,32.11,32.57,30.32,58484,352631952.0,6.9,-1.59,-0.52,0.68
2018-06-29,600809,31.7,33.68,33.98,31.69,43069,267853796.0,7.13,4.89,1.57,0.5
2018-07-02,600809,33.94,34.99,35.86,33.73,69647,451800560.0,6.32,3.89,1.31,0.8
2018-07-03,600809,34.9,32.55,35.54,31.26,95607,585766192.0,12.23,-6.97,-2.44,1.1
2018-07-04,600809,32.32,32.97,33.35,31.76,50620,312807056.0,4.88,1.29,0.42,0.58
2018-07-05,600809,32.97,32.07,34.45,31.33,50467,309908048.0,9.46,-2.73,-0.9,0.58
2018-07-06,600809,32.07,31.75,32.4,30.62,60674,362066624.0,5.55,-1.0,-0.32,0.7
2018-07-09,600809,31.69,32.57,32.6,31.32,71640,434742112.0,4.03,2.58,0.82,0.83
2018-07-10,600809,32.67,32.17,32.97,31.14,66715,402014000.0,5.62,-1.23,-0.4,0.77
2018-07-11,600809,31.12,31.41,32.03,30.89,34366,204832570.0,3.54,-2.36,-0.76,0.4
2018-07-12,600809,31.26,32.38,32.97,31.21,65490,399879200.0,5.6,3.09,0.97,0.76
2018-07-13,600809,32.38,34.42,34.62,32.26,90014,566258000.0,7.29,6.3,2.04,1.04
2018-07-16,600809,34.6,34.87,35.54,33.89,61070,393076976.0,4.79,1.31,0.45,0.71
2018-07-17,600809,34.97,34.81,35.37,34.12,38854,249990260.0,3.58,-0.17,-0.06,0.45
2018-07-18,600809,34.82,34.7,35.46,34.33,35278,227819185.0,3.25,-0.32,-0.11,0.41
2018-07-19,600809,34.67,33.4,34.87,32.82,47278,296237808.0,5.91,-3.75,-1.3,0.55
2018-07-20,600809,33.26,33.31,33.56,32.4,38421,237819915.0,3.47,-0.27,-0.09,0.44
2018-07-23,600809,33.04,31.95,33.04,31.4,68760,414331328.0,4.92,-4.08,-1.36,0.79
2018-07-24,600809,31.94,33.96,33.97,31.47,69986,433446592.0,7.82,6.29,2.01,0.81
2018-07-25,600809,33.92,33.32,33.93,33.01,40465,252626465.0,2.71,-1.88,-0.64,0.47
2018-07-26,600809,33.41,32.73,33.75,32.63,27062,167859527.0,3.36,-1.77,-0.59,0.31
2018-07-27,600809,32.62,32.74,33.32,32.05,28812,177554197.0,3.88,0.03,0.01,0.33
2018-07-30,600809,32.72,32.02,32.97,31.55,38019,230547955.0,4.34,-2.2,-0.72,0.44
2018-07-31,600809,31.97,32.31,32.52,31.62,17566,106940064.0,2.81,0.91,0.29,0.2
2018-08-01,600809,32.33,31.65,32.67,31.48,28240,169920352.0,3.68,-2.04,-0.66,0.33
2018-08-02,600809,31.39,28.1,31.47,27.37,117840,652371968.0,12.95,-11.22,-3.55,1.36
2018-08-03,600809,27.59,26.39,27.59,25.39,116702,611305184.0,7.83,-6.09,-1.71,1.35
2018-08-06,600809,25.69,25.11,26.87,23.79,72276,371158800.0,11.67,-4.85,-1.28,0.83
2018-08-07,600809,25.11,26.52,26.8,24.62,48942,254543881.0,8.68,5.62,1.41,0.57
2018-08-08,600809,26.62,24.47,26.62,24.05,65976,335273024.0,9.69,-7.73,-2.05,0.76
2018-08-09,600809,24.12,25.64,26.32,23.92,60458,312272288.0,9.81,4.78,1.17,0.7
2018-08-10,600809,25.67,26.13,26.89,25.67,47496,249631388.0,4.76,1.91,0.49,0.55
2018-08-13,600809,25.94,25.55,26.02,24.35,49104,249270008.0,6.39,-2.22,-0.58,0.57
2018-08-14,600809,25.91,25.63,26.59,25.19,53931,280774400.0,5.48,0.31,0.08,0.62
2018-08-15,600809,25.59,24.27,25.79,24.18,46584,233680963.0,6.28,-5.31,-1.36,0.54
2018-08-16,600809,23.69,22.93,24.55,22.69,61002,297617728.0,7.66,-5.52,-1.34,0.7
2018-08-17,600809,23.5,22.82,24.05,22.33,49225,234142470.0,7.5,-0.48,-0.11,0.57
2018-08-20,600809,22.19,21.87,22.55,20.67,67974,307183472.0,8.24,-4.16,-0.95,0.79
2018-08-21,600809,21.95,23.47,23.79,21.69,68110,322082464.0,9.6,7.32,1.6,0.79
2018-08-22,600809,23.47,22.97,23.67,22.63,38363,182485153.0,4.43,-2.13,-0.5,0.44
2018-08-23,600809,23.11,22.92,23.57,22.63,41978,199177798.0,4.09,-0.22,-0.05,0.48
2018-08-24,600809,23.07,22.94,23.17,21.35,58621,270740288.0,7.94,0.09,0.02,0.68
2018-08-27,600809,23.03,24.17,24.38,23.03,64307,312119328.0,5.88,5.36,1.23,0.74
2018-08-28,600809,24.69,23.93,24.87,23.72,70929,348432352.0,4.76,-0.99,-0.24,0.82
2018-08-29,600809,23.86,23.85,24.34,23.62,31944,155297637.0,3.01,-0.33,-0.08,0.37
2018-08-30,600809,23.56,23.49,24.3,23.37,32324,156165201.0,3.9,-1.51,-0.36,0.37
2018-08-31,600809,23.19,22.97,23.49,22.62,39778,187795461.0,3.7,-2.21,-0.52,0.46
2018-09-03,600809,22.87,22.39,23.1,21.89,35129,163110232.0,5.27,-2.53,-0.58,0.41
2018-09-04,600809,22.65,23.22,23.4,22.39,37798,178553474.0,4.51,3.71,0.83,0.44
2018-09-05,600809,23.11,22.18,23.47,22.12,33202,155019587.0,5.81,-4.48,-1.04,0.38
2018-09-06,600809,22.17,21.03,22.52,20.97,42159,190741085.0,6.99,-5.18,-1.15,0.49
2018-09-07,600809,21.12,21.92,22.05,21.12,45579,208028554.0,4.42,4.23,0.89,0.53
2018-09-10,600809,22.22,21.68,22.39,21.38,29439,134364047.0,4.61,-1.09,-0.24,0.34
2018-09-11,600809,21.39,21.51,21.97,21.38,22172,100584234.0,2.72,-0.78,-0.17,0.26
2018-09-12,600809,21.61,20.47,21.61,20.35,45499,200981078.0,5.86,-4.83,-1.04,0.53
2018-09-13,600809,20.61,20.05,20.97,19.1,54471,234121074.0,9.14,-2.05,-0.42,0.63
2018-09-14,600809,20.02,19.92,20.59,19.12,72713,310745008.0,7.33,-0.65,-0.13,0.84
2018-09-17,600809,19.55,19.8,20.04,19.26,42109,179650117.0,3.92,-0.6,-0.12,0.49
2018-09-18,600809,19.6,20.33,20.55,19.28,72554,311955024.0,6.41,2.68,0.53,0.84
2018-09-19,600809,20.3,21.05,21.47,19.99,82774,368706112.0,7.28,3.54,0.72,0.96
2018-09-20,600809,20.9,20.7,21.27,20.4,51252,227326354.0,4.13,-1.66,-0.35,0.59
2018-09-21,600809,20.9,21.72,22.02,20.76,64870,293015664.0,6.09,4.93,1.02,0.75
2018-09-25,600809,21.47,21.35,21.9,21.2,34581,156096967.0,3.22,-1.7,-0.37,0.4
2018-09-26,600809,21.51,22.8,23.65,21.51,103395,486973648.0,10.02,6.79,1.45,1.19
2018-09-27,600809,23.05,22.97,23.6,22.47,63327,300098336.0,4.96,0.75,0.17,0.73
2018-09-28,600809,23.0,22.97,23.19,22.41,53565,252037827.0,3.4,0.0,0.0,0.62
2018-10-08,600809,22.3,20.24,22.3,20.12,71775,317480560.0,9.49,-11.89,-2.73,0.83
2018-10-09,600809,20.51,19.71,20.65,19.41,59426,255681416.0,6.13,-2.62,-0.53,0.69
2018-10-10,600809,19.71,17.81,19.83,17.6,132475,539194496.0,11.31,-9.64,-1.9,1.53
2018-10-11,600809,16.32,15.8,17.37,15.33,109728,416189840.0,11.45,-11.29,-2.01,1.27
2018-10-12,600809,15.76,16.33,16.69,15.52,72773,273034176.0,7.41,3.35,0.53,0.84
2018-10-15,600809,16.55,15.72,16.73,15.67,51365,194830684.0,6.49,-3.74,-0.61,0.59
2018-10-16,600809,15.75,15.71,16.15,15.55,43409,162095985.0,3.82,-0.06,-0.01,0.5
2018-10-17,600809,15.95,15.15,16.12,13.97,72926,265526421.0,13.69,-3.56,-0.56,0.84
2018-10-18,600809,14.85,14.82,15.57,14.55,54623,197228800.0,6.73,-2.18,-0.33,0.63
2018-10-19,600809,14.62,15.87,16.17,14.42,72050,264927284.0,11.81,7.09,1.05,0.83
2018-10-22,600809,16.34,17.72,17.93,16.3,92402,364129888.0,10.27,11.66,1.85,1.07
2018-10-23,600809,17.76,15.47,17.76,15.16,99439,376713120.0,14.67,-12.7,-2.25,1.15
2018-10-24,600809,14.9,15.26,15.64,14.32,62354,225365589.0,8.53,-1.36,-0.21,0.72
2018-10-25,600809,14.22,15.14,15.62,14.0,54693,194934512.0,10.62,-0.79,-0.12,0.63
2018-10-26,600809,15.67,14.15,15.83,13.9,86052,303481904.0,12.75,-6.54,-0.99,0.99
2018-10-29,600809,12.76,11.66,12.76,11.66,126644,403209872.0,7.77,-17.6,-2.49,1.46
2018-10-30,600809,11.33,11.69,12.09,10.9,70548,220554397.0,10.21,0.26,0.03,0.81
2018-10-31,600809,11.95,12.29,12.68,11.92,88879,287042848.0,6.5,5.13,0.6,1.03
2018-11-01,600809,12.47,12.83,13.42,12.46,105092,351874384.0,7.81,4.39,0.54,1.21
2018-11-02,600809,13.4,14.07,14.18,13.12,102454,349439840.0,8.26,9.66,1.24,1.18
2018-11-05,600809,13.82,13.36,13.92,13.07,66517,225737775.0,6.04,-5.05,-0.71,0.77
2018-11-06,600809,13.36,13.22,13.4,12.67,35965,120032818.0,5.46,-1.05,-0.14,0.42
2018-11-07,600809,13.22,13.11,13.65,12.87,46746,157773574.0,5.9,-0.83,-0.11,0.54
2018-11-08,600809,13.37,13.15,13.83,13.0,52085,176984144.0,6.33,0.31,0.04,0.6
2018-11-09,600809,13.15,12.87,13.16,12.64,29090,96641904.0,3.95,-2.13,-0.28,0.34
2018-11-12,600809,12.94,12.91,12.94,12.3,41608,136756958.0,4.97,0.31,0.04,0.48
2018-11-13,600809,12.6,13.36,13.63,12.45,79704,266039396.0,9.14,3.49,0.45,0.92
2018-11-14,600809,13.37,12.89,13.45,12.85,53187,177856926.0,4.49,-3.52,-0.47,0.61
2018-11-15,600809,13.1,13.05,13.26,12.84,39306,130817851.0,3.26,1.24,0.16,0.45
2018-11-16,600809,13.2,13.18,13.41,12.95,47196,158638092.0,3.52,1.0,0.13,0.55
2018-11-19,600809,13.27,13.82,14.03,13.05,74108,254268178.0,7.44,4.86,0.64,0.86
2018-11-20,600809,13.53,13.0,13.67,12.83,53721,180559044.0,6.08,-5.93,-0.82,0.62
2018-11-21,600809,12.75,13.13,13.37,12.47,39576,132266976.0,6.92,1.0,0.13,0.46
2018-11-22,600809,13.12,13.08,13.24,12.83,24711,82516684.0,3.12,-0.38,-0.05,0.29
2018-11-23,600809,12.97,12.4,13.17,12.24,43952,143731772.0,7.11,-5.2,-0.68,0.51
2018-11-26,600809,12.4,12.16,12.5,12.07,22990,74170477.0,3.47,-1.94,-0.24,0.27
2018-11-27,600809,12.32,12.26,12.32,11.96,28055,90139087.0,2.96,0.82,0.1,0.32
2018-11-28,600809,12.39,12.65,12.86,12.13,30771,100587036.0,5.95,3.18,0.39,0.36
2018-11-29,600809,12.91,13.26,13.55,12.82,87049,293967328.0,5.77,4.82,0.61,1.01
2018-11-30,600809,13.32,14.8,14.9,12.98,119254,416770784.0,14.48,11.61,1.54,1.38
2018-12-03,600809,15.51,16.39,17.02,14.97,135440,511387296.0,13.85,10.74,1.59,1.56
2018-12-04,600809,16.22,16.42,16.72,15.76,68653,260061599.0,5.86,0.18,0.03,0.79
2018-12-05,600809,15.77,17.56,18.05,15.77,116294,455544384.0,13.89,6.94,1.14,1.34
2018-12-06,600809,17.05,16.8,17.62,16.42,83325,323903744.0,6.83,-4.33,-0.76,0.96
2018-12-07,600809,16.76,16.57,17.26,16.32,65947,254788282.0,5.6,-1.37,-0.23,0.76
2018-12-10,600809,16.37,16.25,16.95,15.88,64554,245072353.0,6.46,-1.93,-0.32,0.75
2018-12-11,600809,16.43,16.43,16.82,15.92,51151,194705980.0,5.54,1.11,0.18,0.59
2018-12-12,600809,16.59,16.33,16.63,16.01,42030,159598196.0,3.77,-0.61,-0.1,0.49
2018-12-13,600809,16.36,16.63,17.08,16.19,66687,257065367.0,5.45,1.84,0.3,0.77
2018-12-14,600809,17.26,17.07,17.81,16.97,151572,600148176.0,5.05,2.65,0.44,1.75
2018-12-17,600809,17.05,16.87,17.68,16.47,65925,256784535.0,7.09,-1.17,-0.2,0.76
2018-12-18,600809,16.66,16.48,16.9,16.16,46333,176896461.0,4.39,-2.31,-0.39,0.54
2018-12-19,600809,16.48,16.26,17.02,16.05,33147,126803319.0,5.89,-1.33,-0.22,0.38
2018-12-20,600809,15.97,16.16,16.3,15.35,51897,193087571.0,5.84,-0.62,-0.1,0.6
2018-12-21,600809,15.75,15.33,15.96,14.89,55488,202838420.0,6.62,-5.14,-0.83,0.64
2018-12-24,600809,15.17,15.51,15.6,15.0,33177,121681128.0,3.91,1.17,0.18,0.38
2018-12-25,600809,14.97,15.22,15.51,14.43,45012,162007922.0,6.96,-1.87,-0.29,0.52
2018-12-26,600809,15.12,14.66,15.68,14.63,55622,202473550.0,6.9,-3.68,-0.56,0.64
2018-12-27,600809,15.37,14.21,15.37,14.05,66493,236966921.0,9.0,-3.07,-0.45,0.77
2018-12-28,600809,14.33,14.22,14.62,13.37,81202,282919264.0,8.8,0.07,0.01,0.94
2019-01-02,600809,14.5,13.62,15.12,13.42,82162,287075472.0,11.95,-4.22,-0.6,0.95
2019-01-03,600809,13.51,12.82,13.73,12.53,80639,268472112.0,8.81,-5.87,-0.8,0.93
2019-01-04,600809,12.5,13.55,13.82,12.5,82164,277376000.0,10.3,5.69,0.73,0.95
2019-01-07,600809,13.55,13.37,13.85,13.2,82125,278509920.0,4.8,-1.33,-0.18,0.95
2019-01-08,600809,13.19,13.35,13.62,12.91,74555,251892562.0,5.31,-0.15,-0.02,0.86
2019-01-09,600809,13.47,14.2,14.74,13.21,121506,424805984.0,11.46,6.37,0.85,1.4
2019-01-10,600809,14.05,13.96,14.05,13.62,71690,247384387.0,3.03,-1.69,-0.24,0.83
2019-01-11,600809,13.96,14.45,14.45,13.48,72852,253681873.0,6.95,3.51,0.49,0.84
2019-01-14,600809,14.32,13.74,14.46,13.62,64012,221357525.0,5.81,-4.91,-0.71,0.74
2019-01-15,600809,13.7,16.2,16.2,13.57,166490,596150160.0,19.14,17.9,2.46,1.92
2019-01-16,600809,15.97,15.54,16.05,15.34,131385,486804992.0,4.38,-4.07,-0.66,1.52
2019-01-17,600809,15.41,15.53,16.01,15.03,97413,360256736.0,6.31,-0.06,-0.01,1.13
2019-01-18,600809,15.5,16.05,16.52,15.5,124799,471132112.0,6.57,3.35,0.52,1.44
2019-01-21,600809,16.15,16.49,17.04,16.15,103166,396452672.0,5.55,2.74,0.44,1.19
2019-01-22,600809,16.4,15.68,16.4,15.52,83978,312138096.0,5.34,-4.91,-0.81,0.97
2019-01-23,600809,15.48,15.62,15.91,15.41,45381,168346369.0,3.19,-0.38,-0.06,0.52
2019-01-24,600809,15.65,16.33,16.33,15.58,74648,280451680.0,4.8,4.55,0.71,0.86
2019-01-25,600809,16.4,16.43,16.76,16.12,81186,310363072.0,3.92,0.61,0.1,0.94
2019-01-28,600809,16.62,16.65,17.68,16.4,91810,357974128.0,7.79,1.34,0.22,1.06
2019-01-29,600809,16.75,17.75,17.77,15.9,125602,494052208.0,11.23,6.61,1.1,1.45
2019-01-30,600809,17.4,17.35,18.19,17.12,86393,343911088.0,6.03,-2.25,-0.4,1.0
2019-01-31,600809,17.37,17.72,17.97,16.92,85275,337959888.0,6.05,2.13,0.37,0.98
2019-02-01,600809,17.84,17.75,17.97,17.36,79175,315514624.0,3.44,0.17,0.03,0.91
2019-02-11,600809,17.82,18.95,19.55,17.05,111028,452350704.0,14.08,6.76,1.2,1.28
2019-02-12,600809,18.8,20.21,20.68,18.65,117744,505811440.0,10.71,6.65,1.26,1.36
2019-02-13,600809,20.46,20.57,20.83,19.92,71428,311778816.0,4.5,1.78,0.36,0.82
2019-02-14,600809,20.29,21.24,22.12,20.2,92182,415193792.0,9.33,3.26,0.67,1.06
2019-02-15,600809,21.24,20.92,21.24,20.55,59874,265513585.0,3.25,-1.51,-0.32,0.69
2019-02-18,600809,21.05,23.01,23.55,21.05,105339,489390112.0,11.95,9.99,2.09,1.22
2019-02-19,600809,23.25,22.61,23.51,22.23,76758,360527040.0,5.56,-1.74,-0.4,0.89
2019-02-20,600809,22.2,23.21,23.26,22.19,76574,360138000.0,4.73,2.65,0.6,0.88
2019-02-21,600809,23.05,23.05,23.47,22.4,55916,265316592.0,4.61,-0.69,-0.16,0.65
2019-02-22,600809,22.68,22.76,22.9,22.08,69073,321836208.0,3.56,-1.26,-0.29,0.8
2019-02-25,600809,22.75,24.1,24.74,22.16,130025,614871360.0,11.34,5.89,1.34,1.5
2019-02-26,600809,23.48,23.24,23.9,23.24,86164,413508752.0,2.74,-3.57,-0.86,1.0
2019-02-27,600809,23.32,23.7,25.12,23.26,113990,560948720.0,8.0,1.98,0.46,1.32
2019-02-28,600809,23.47,24.61,25.37,23.12,83315,410626768.0,9.49,3.84,0.91,0.96
2019-03-01,600809,24.9,26.7,26.88,24.8,131510,674756080.0,8.45,8.49,2.09,1.52
2019-03-04,600809,26.97,27.94,29.59,26.33,135388,731496064.0,12.21,4.64,1.24,1.56
2019-03-05,600809,27.97,28.69,29.27,27.63,107112,590691840.0,5.87,2.68,0.75,1.24
2019-03-06,600809,28.13,28.55,28.93,27.74,82036,449557472.0,4.15,-0.49,-0.14,0.95
2019-03-07,600809,28.08,26.88,28.12,25.77,151519,796938608.0,8.23,-5.85,-1.67,1.75
2019-03-08,600809,25.62,25.76,26.47,24.95,99727,509711056.0,5.65,-4.17,-1.12,1.15
2019-03-11,600809,25.4,27.76,28.25,25.4,109333,579972192.0,11.06,7.76,2.0,1.26
2019-03-12,600809,28.47,27.22,28.58,27.05,74810,403183008.0,5.51,-1.95,-0.54,0.86
2019-03-13,600809,27.05,26.58,28.23,26.47,65017,345265920.0,6.47,-2.35,-0.64,0.75
2019-03-14,600809,26.83,27.17,27.75,26.12,66058,350410368.0,6.13,2.22,0.59,0.76
2019-03-15,600809,27.04,28.48,29.1,26.58,92348,504979504.0,9.27,4.82,1.31,1.07
2019-03-18,600809,28.83,32.05,32.05,28.58,151453,885129392.0,12.18,12.54,3.57,1.75
2019-03-19,600809,31.33,30.98,32.47,30.37,98604,581256976.0,6.55,-3.34,-1.07,1.14
2019-03-20,600809,30.96,30.4,32.1,29.83,86232,502944880.0,7.33,-1.87,-0.58,1.0
2019-03-21,600809,30.32,29.78,30.4,29.43,68218,387736336.0,3.19,-2.04,-0.62,0.79
2019-03-22,600809,29.75,30.4,30.92,29.53,64980,374654416.0,4.67,2.08,0.62,0.75
2019-03-25,600809,29.19,29.44,29.9,28.83,60706,341986272.0,3.52,-3.16,-0.96,0.7
2019-03-26,600809,29.59,29.83,30.22,29.12,70507,398029408.0,3.74,1.32,0.39,0.81
2019-03-27,600809,29.9,30.6,31.33,29.55,83646,485078448.0,5.97,2.58,0.77,0.97
2019-03-28,600809,30.62,30.7,31.33,29.91,71298,414238272.0,4.64,0.33,0.1,0.82
2019-03-29,600809,31.12,32.38,33.87,31.12,130940,790534848.0,8.96,5.47,1.68,1.51
2019-04-01,600809,32.38,32.72,33.32,31.77,86689,527785904.0,4.79,1.05,0.34,1.0
2019-04-02,600809,32.75,31.86,33.12,31.69,65981,395957264.0,4.37,-2.63,-0.86,0.76
2019-04-03,600809,31.35,31.62,32.4,31.19,62922,375394480.0,3.8,-0.75,-0.24,0.73
2019-04-04,600809,31.76,33.07,33.6,31.35,80922,493690576.0,7.12,4.59,1.45,0.93
2019-04-08,600809,34.33,32.76,35.62,32.12,101638,630683040.0,10.58,-0.94,-0.31,1.17
2019-04-09,600809,32.69,32.62,32.69,31.26,87210,518586544.0,4.37,-0.43,-0.14,1.01
2019-04-10,600809,32.05,33.3,34.19,31.23,103029,627549056.0,9.07,2.08,0.68,1.19
2019-04-11,600809,33.25,30.34,33.25,29.9,146927,862674992.0,10.06,-8.89,-2.96,1.7
2019-04-12,600809,29.9,29.82,31.1,28.9,78821,448722304.0,7.25,-1.71,-0.52,0.91
2019-04-15,600809,30.53,29.98,31.15,29.97,70453,408371168.0,3.96,0.54,0.16,0.81
2019-04-16,600809,29.93,31.12,31.33,29.19,64429,373558448.0,7.14,3.8,1.14,0.74
2019-04-17,600809,30.96,31.51,31.77,30.47,52052,306469536.0,4.18,1.25,0.39,0.6
2019-04-18,600809,31.55,32.05,32.53,31.33,57084,343528624.0,3.81,1.71,0.54,0.66
2019-04-19,600809,32.03,31.77,32.08,31.12,34472,204132332.0,3.0,-0.87,-0.28,0.4
2019-04-22,600809,31.77,31.0,32.67,30.81,58648,349168032.0,5.85,-2.42,-0.77,0.68
2019-04-23,600809,30.62,30.77,31.49,30.03,72270,421469152.0,4.71,-0.74,-0.23,0.83
2019-04-24,600809,30.77,30.19,31.6,29.5,69349,399089264.0,6.82,-1.88,-0.58,0.8
2019-04-25,600809,30.19,30.65,31.8,29.55,81714,477964624.0,7.45,1.52,0.46,0.94
2019-04-26,600809,30.97,30.26,31.1,29.01,70053,401675664.0,6.82,-1.27,-0.39,0.81
2019-04-29,600809,28.47,28.9,29.44,28.12,165671,920380288.0,4.36,-4.49,-1.36,1.91
2019-04-30,600809,28.69,30.21,30.59,28.5,110306,628527680.0,7.23,4.53,1.31,1.27
2019-05-06,600809,28.46,26.56,29.05,26.11,130614,694689664.0,9.73,-12.08,-3.65,1.51
2019-05-07,600809,26.57,27.95,28.24,26.4,92600,496600384.0,6.93,5.23,1.39,1.07
2019-05-08,600809,27.76,29.35,30.2,27.22,77263,431737568.0,10.66,5.01,1.4,0.89
2019-05-09,600809,29.35,27.37,29.4,26.25,98484,529593184.0,10.73,-6.75,-1.98,1.14
2019-05-10,600809,27.76,29.12,29.41,27.43,87794,486811296.0,7.23,6.39,1.75,1.01
2019-05-13,600809,28.53,29.97,30.56,27.76,73686,419755808.0,9.62,2.92,0.85,0.85
2019-05-14,600809,29.19,29.35,30.25,29.06,48064,272645808.0,3.97,-2.07,-0.62,0.56
2019-05-15,600809,29.83,31.52,31.9,29.62,118288,691551552.0,7.77,7.39,2.17,1.37
2019-05-16,600809,31.29,32.84,33.37,30.62,111804,676065376.0,8.72,4.19,1.32,1.29
2019-05-17,600809,32.84,31.83,33.4,31.47,64697,388998448.0,5.88,-3.08,-1.01,0.75
2019-05-20,600809,31.69,30.47,31.69,29.27,65426,376109712.0,7.6,-4.27,-1.36,0.76
2019-05-21,600809,30.12,30.6,31.17,29.47,67572,390967520.0,5.58,0.43,0.13,0.78
2019-05-22,600809,30.62,29.95,30.69,29.33,55222,314851600.0,4.44,-2.12,-0.65,0.64
2019-05-23,600809,29.9,29.03,29.9,28.31,62237,346174736.0,5.31,-3.07,-0.92,0.72
2019-05-24,600809,28.82,29.27,29.95,28.33,55163,308455600.0,5.58,0.83,0.24,0.64
2019-05-27,600809,29.17,29.55,29.79,28.44,48339,270768000.0,4.61,0.96,0.28,0.56
2019-05-28,600809,29.67,30.05,30.26,29.19,50921,289153456.0,3.62,1.69,0.5,0.59
2019-05-29,600809,29.55,29.92,30.47,29.25,38957,222594736.0,4.06,-0.43,-0.13,0.45
2019-05-30,600809,29.55,29.28,30.3,28.83,35485,199416085.0,4.91,-2.14,-0.64,0.41
2019-05-31,600809,29.94,29.56,30.07,28.98,32587,184854703.0,3.72,0.96,0.28,0.38
2019-06-03,600809,29.33,29.02,30.05,28.85,40109,225133627.0,4.06,-1.83,-0.54,0.46
2019-06-04,600809,29.07,27.62,29.12,27.41,55231,299058512.0,5.89,-4.82,-1.4,0.64
2019-06-05,600809,27.95,27.76,28.17,27.05,49439,266249239.0,4.06,0.51,0.14,0.57
2019-06-06,600809,27.83,27.68,28.55,27.6,54849,298318912.0,3.42,-0.29,-0.08,0.63
2019-06-10,600809,27.7,29.25,29.75,26.83,63545,351661152.0,10.55,5.67,1.57,0.73
2019-06-11,600809,29.25,31.96,32.51,29.25,111399,659414976.0,11.15,9.26,2.71,1.29
2019-06-12,600809,31.9,32.02,32.53,31.57,64533,387370832.0,3.0,0.19,0.06,0.75
2019-06-13,600809,32.05,31.62,32.55,30.76,49713,293979104.0,5.59,-1.25,-0.4,0.57
2019-06-14,600809,31.37,31.1,32.89,31.01,55962,333512784.0,5.95,-1.64,-0.52,0.65
2019-06-17,600809,30.84,31.47,32.31,30.82,51361,304470320.0,4.79,1.19,0.37,0.59
2019-06-18,600809,31.46,31.32,31.69,30.37,35543,208591927.0,4.19,-0.48,-0.15,0.41
2019-06-19,600809,32.4,31.56,32.75,31.45,70121,418444800.0,4.15,0.77,0.24,0.81
2019-06-20,600809,31.27,33.69,33.9,30.97,125234,766054928.0,9.28,6.75,2.13,1.45
2019-06-21,600809,33.4,33.49,33.83,32.52,95456,587774000.0,3.89,-0.59,-0.2,1.1
2019-06-24,600809,33.33,34.3,34.67,32.8,85669,538088352.0,5.58,2.42,0.81,0.99
2019-06-25,600809,34.07,35.44,35.62,33.76,104636,663391648.0,5.42,3.32,1.14,1.21
2019-06-26,600809,35.47,34.8,35.88,34.37,83849,536794384.0,4.26,-1.81,-0.64,0.97
2019-06-27,600809,34.83,37.79,38.4,34.83,135670,911405680.0,10.26,8.59,2.99,1.57
2019-06-28,600809,37.83,38.51,40.5,37.62,105432,734716080.0,7.62,1.91,0.72,1.22
2019-07-01,600809,39.27,40.26,41.33,39.19,113568,812497584.0,5.56,4.54,1.75,1.31
2019-07-02,600809,40.15,39.95,40.59,39.16,76196,538840000.0,3.55,-0.77,-0.31,0.88
2019-07-03,600809,39.82,38.8,40.26,38.05,107024,748363424.0,5.53,-2.88,-1.15,1.24
2019-07-04,600809,38.76,38.05,38.8,37.26,84279,575138240.0,3.97,-1.93,-0.75,0.97
2019-07-05,600809,38.3,40.39,40.61,38.19,115917,816070096.0,6.36,6.15,2.34,1.34
2019-07-08,600809,40.12,39.01,40.3,38.42,71700,501292944.0,4.65,-3.42,-1.38,0.83
2019-07-09,600809,38.92,39.0,40.33,38.7,67778,476287184.0,4.18,-0.03,-0.01,0.78
2019-07-10,600809,39.13,39.26,39.9,38.33,62433,437746992.0,4.03,0.67,0.26,0.72
2019-07-11,600809,39.33,38.82,39.9,38.42,60845,424407344.0,3.77,-1.12,-0.44,0.7
2019-07-12,600809,39.06,39.77,39.97,38.84,52575,369981440.0,2.91,2.45,0.95,0.61
2019-07-15,600809,39.17,38.94,39.3,37.96,57139,396107248.0,3.37,-2.09,-0.83,0.66
2019-07-16,600809,39.12,38.4,39.36,38.12,46190,319391376.0,3.18,-1.39,-0.54,0.53
2019-07-17,600809,38.62,38.68,39.12,38.1,38693,268259806.0,2.66,0.73,0.28,0.45
2019-07-18,600809,38.97,37.69,39.15,37.32,41485,284479760.0,4.73,-2.56,-0.99,0.48
2019-07-19,600809,37.77,38.82,39.37,37.77,49959,347263872.0,4.25,3.0,1.13,0.58
2019-07-22,600809,39.3,37.95,39.45,37.62,43695,300168144.0,4.71,-2.24,-0.87,0.5
2019-07-23,600809,37.96,37.97,38.2,36.26,75659,510825504.0,5.11,0.05,0.02,0.87
2019-07-24,600809,38.13,37.97,38.53,37.55,49537,338913760.0,2.58,0.0,0.0,0.57
2019-07-25,600809,38.05,38.01,38.12,36.83,65521,443038144.0,3.4,0.11,0.04,0.76
2019-07-26,600809,37.76,38.23,38.56,37.62,33510,230030000.0,2.47,0.58,0.22,0.39
2019-07-29,600809,38.51,38.92,39.16,38.02,35513,246509075.0,2.98,1.8,0.69,0.41
2019-07-30,600809,38.92,38.33,39.53,38.26,46449,321870784.0,3.26,-1.52,-0.59,0.54
2019-07-31,600809,38.39,37.61,38.67,37.47,32635,221962835.0,3.13,-1.88,-0.72,0.38
2019-08-01,600809,37.62,36.94,37.72,36.87,31827,213992424.0,2.26,-1.78,-0.67,0.37
2019-08-02,600809,35.62,36.12,36.44,34.7,64536,418941408.0,4.71,-2.22,-0.82,0.75
2019-08-05,600809,35.98,35.46,36.69,35.19,33781,221157604.0,4.15,-1.83,-0.66,0.39
2019-08-06,600809,34.91,35.72,36.17,34.12,47811,309477680.0,5.78,0.73,0.26,0.55
2019-08-07,600809,35.97,35.72,36.57,35.69,34396,226214678.0,2.46,0.0,0.0,0.4
2019-08-08,600809,36.1,36.4,36.53,35.97,30600,202195164.0,1.57,1.9,0.68,0.35
2019-08-09,600809,36.82,35.26,37.11,35.24,32925,216575889.0,5.14,-3.13,-1.14,0.38
2019-08-12,600809,35.71,36.81,37.03,35.71,34171,226030449.0,3.74,4.4,1.55,0.39
2019-08-13,600809,36.72,37.92,38.01,36.18,54846,370430624.0,4.97,3.02,1.11,0.63
2019-08-14,600809,38.36,38.62,39.4,38.15,67004,464536736.0,3.3,1.85,0.7,0.77
2019-08-15,600809,37.87,38.01,38.47,37.53,38721,264016781.0,2.43,-1.58,-0.61,0.45
2019-08-16,600809,38.22,38.98,39.33,37.77,49234,341452976.0,4.1,2.55,0.97,0.57
2019-08-19,600809,38.98,39.16,39.75,38.37,50382,350639968.0,3.54,0.46,0.18,0.58
2019-08-20,600809,39.21,39.9,40.61,38.83,54571,386083616.0,4.55,1.89,0.74,0.63
2019-08-21,600809,39.98,39.0,39.98,38.72,33209,229942966.0,3.16,-2.26,-0.9,0.38
2019-08-22,600809,39.29,40.14,40.44,38.87,37707,263337241.0,4.03,2.92,1.14,0.44
2019-08-23,600809,39.73,40.73,41.06,39.73,38476,273874912.0,3.31,1.47,0.59,0.44
2019-08-26,600809,39.75,39.9,40.65,38.3,31420,220328916.0,5.77,-2.04,-0.83,0.36
2019-08-27,600809,41.07,42.94,44.63,41.07,110023,818292336.0,8.92,7.62,3.04,1.27
2019-08-28,600809,43.77,43.19,44.72,42.75,50696,381836192.0,4.59,0.58,0.25,0.59
2019-08-29,600809,43.3,43.3,43.88,42.61,43546,326483344.0,2.94,0.25,0.11,0.5
2019-08-30,600809,43.3,44.55,45.45,43.15,59156,453282176.0,5.31,2.89,1.25,0.68
2019-09-02,600809,44.62,46.22,46.58,43.8,58654,455348208.0,6.24,3.75,1.67,0.68
2019-09-03,600809,46.0,46.47,46.47,45.45,32621,257055048.0,2.21,0.54,0.25,0.38
2019-09-04,600809,46.26,44.25,46.26,43.78,67290,515542256.0,5.34,-4.78,-2.22,0.78
2019-09-05,600809,44.12,43.9,45.15,43.57,63516,483979040.0,3.57,-0.79,-0.35,0.73
2019-09-06,600809,44.05,44.01,44.19,42.09,66032,495511200.0,4.78,0.25,0.11,0.76
2019-09-09,600809,44.25,44.7,44.85,43.73,46038,353194608.0,2.54,1.57,0.69,0.53
2019-09-10,600809,44.7,43.94,44.7,43.05,53906,409552336.0,3.69,-1.7,-0.76,0.62
2019-09-11,600809,44.17,41.25,44.24,41.06,100525,734931088.0,7.24,-6.12,-2.69,1.16
2019-09-12,600809,41.43,43.32,43.83,41.43,69736,520338624.0,5.82,5.02,2.07,0.81
2019-09-16,600809,43.43,42.98,43.58,42.3,38780,287884416.0,2.95,-0.78,-0.34,0.45
2019-09-17,600809,43.0,42.6,43.62,42.35,33141,246947195.0,2.95,-0.88,-0.38,0.38
2019-09-18,600809,42.92,45.64,46.54,42.92,90450,702820480.0,8.5,7.14,3.04,1.04
2019-09-19,600809,45.74,45.12,45.83,44.72,43739,339817392.0,2.43,-1.14,-0.52,0.51
2019-09-20,600809,45.14,45.35,46.42,44.72,54908,427891424.0,3.77,0.51,0.23,0.63
2019-09-23,600809,45.3,44.7,45.35,44.02,32050,245673923.0,2.93,-1.43,-0.65,0.37
2019-09-24,600809,44.55,46.65,47.44,44.55,69423,551954672.0,6.47,4.36,1.95,0.8
2019-09-25,600809,46.65,46.48,47.57,45.92,41444,329652288.0,3.54,-0.36,-0.17,0.48
2019-09-26,600809,46.51,45.2,47.12,45.0,39355,309137696.0,4.56,-2.75,-1.28,0.45
2019-09-27,600809,45.51,45.05,45.91,43.87,31189,241416352.0,4.51,-0.33,-0.15,0.36
2019-09-30,600809,45.08,44.95,45.57,44.44,39014,302097344.0,2.51,-0.22,-0.1,0.45
2019-10-08,600809,45.15,44.94,46.0,44.44,32549,253454252.0,3.47,-0.02,-0.01,0.38
2019-10-09,600809,45.16,44.92,45.26,43.87,26954,206844471.0,3.09,-0.04,-0.02,0.31
2019-10-10,600809,44.62,45.95,46.14,43.87,50649,392923712.0,5.05,2.29,1.03,0.58
2019-10-11,600809,45.95,46.85,47.2,45.71,51712,411904960.0,3.24,1.96,0.9,0.6
2019-10-14,600809,47.58,46.8,48.55,46.51,40932,329658960.0,4.35,-0.11,-0.05,0.47
2019-10-15,600809,47.12,51.37,51.37,46.3,93069,783044544.0,10.83,9.76,4.57,1.07
2019-10-16,600809,50.08,51.14,51.27,50.08,50274,428665792.0,2.32,-0.45,-0.23,0.58
2019-10-17,600809,51.18,50.8,51.79,49.78,42650,362769728.0,3.93,-0.66,-0.34,0.49
2019-10-18,600809,50.71,49.44,50.71,49.0,43414,364828000.0,3.37,-2.68,-1.36,0.5
2019-10-21,600809,49.51,51.02,52.8,48.8,52448,448821312.0,8.09,3.2,1.58,0.61
2019-10-22,600809,51.45,50.82,51.8,49.72,27568,234923853.0,4.08,-0.39,-0.2,0.32
2019-10-23,600809,50.96,50.37,52.49,50.07,42388,365117136.0,4.76,-0.89,-0.45,0.49
2019-10-24,600809,50.25,49.19,50.25,49.01,49213,410739904.0,2.46,-2.34,-1.18,0.57
2019-10-25,600809,49.65,49.62,50.37,49.02,40762,341426400.0,2.74,0.87,0.43,0.47
2019-10-28,600809,51.87,51.01,52.01,50.1,69900,601063024.0,3.85,2.8,1.39,0.81
2019-10-29,600809,51.57,53.05,54.0,51.24,61313,542460080.0,5.41,4.0,2.04,0.71
2019-10-30,600809,52.89,53.52,53.92,52.12,44234,392617584.0,3.39,0.89,0.47,0.51
2019-10-31,600809,53.89,53.3,54.94,52.65,53254,478925936.0,4.28,-0.41,-0.22,0.62
2019-11-01,600809,53.8,56.14,56.44,53.32,60579,557994832.0,5.85,5.33,2.84,0.7
2019-11-04,600809,56.13,55.51,57.8,54.8,61801,571021248.0,5.34,-1.12,-0.63,0.71
2019-11-05,600809,55.72,55.8,56.58,54.8,37937,350441888.0,3.21,0.52,0.29,0.44
2019-11-06,600809,55.77,54.51,56.05,54.01,55249,502131728.0,3.66,-2.31,-1.29,0.64
2019-11-07,600809,54.72,55.01,55.38,54.52,29070,265479787.0,1.58,0.92,0.5,0.34
2019-11-08,600809,55.8,54.56,55.9,54.41,37993,347625456.0,2.71,-0.82,-0.45,0.44
2019-11-11,600809,55.2,54.68,55.2,53.54,41221,372753008.0,3.04,0.22,0.12,0.48
2019-11-12,600809,54.54,56.59,57.22,54.54,46058,426232624.0,4.9,3.49,1.91,0.53
2019-11-13,600809,57.32,57.3,57.49,56.35,43711,411343120.0,2.01,1.25,0.71,0.5
2019-11-14,600809,57.78,59.55,60.72,57.07,68218,666159888.0,6.37,3.93,2.25,0.79
2019-11-15,600809,59.56,60.15,60.93,59.01,38990,384213472.0,3.22,1.01,0.6,0.45
2019-11-18,600809,59.72,58.74,60.7,58.16,55866,540842672.0,4.22,-2.34,-1.41,0.65
2019-11-19,600809,59.0,60.07,60.3,58.74,45816,449831168.0,2.66,2.26,1.33,0.53
2019-11-20,600809,60.22,60.22,60.58,59.39,30225,297870944.0,1.98,0.25,0.15,0.35
2019-11-21,600809,60.24,60.05,60.33,59.12,30718,300761136.0,2.01,-0.28,-0.17,0.35
2019-11-22,600809,60.22,57.22,60.62,55.65,87603,834287680.0,8.28,-4.71,-2.83,1.01
2019-11-25,600809,57.21,56.1,58.13,55.05,59183,550971056.0,5.38,-1.96,-1.12,0.68
2019-11-26,600809,57.0,56.87,57.43,56.38,58888,554279632.0,1.87,1.37,0.77,0.68
2019-11-27,600809,57.45,56.56,57.72,56.43,38715,364184016.0,2.27,-0.55,-0.31,0.45
2019-11-28,600809,56.87,56.31,57.1,55.51,35091,326882768.0,2.81,-0.44,-0.25,0.41
2019-11-29,600809,55.85,53.54,56.4,52.19,88686,791075616.0,7.48,-4.92,-2.77,1.02
2019-12-02,600809,53.92,52.81,54.5,52.58,56569,501874096.0,3.59,-1.36,-0.73,0.65
2019-12-03,600809,53.03,52.71,53.29,50.81,44209,385746976.0,4.7,-0.19,-0.1,0.51
2019-12-04,600809,53.32,52.64,54.07,51.58,46357,408660512.0,4.72,-0.13,-0.07,0.54
2019-12-05,600809,52.64,52.71,52.94,52.05,37458,329001520.0,1.69,0.13,0.07,0.43
2019-12-06,600809,52.82,53.73,54.85,52.68,69893,627536096.0,4.12,1.94,1.02,0.81
2019-12-09,600809,53.3,52.3,53.8,52.12,56398,496888128.0,3.13,-2.66,-1.43,0.65
2019-12-10,600809,52.22,52.6,52.9,51.96,31675,278470032.0,1.8,0.57,0.3,0.37
2019-12-11,600809,53.02,52.01,53.07,51.65,30735,267759162.0,2.7,-1.12,-0.59,0.35
2019-12-12,600809,52.26,51.87,52.37,51.69,27779,242103285.0,1.31,-0.27,-0.14,0.32
2019-12-13,600809,52.06,53.08,54.0,52.06,56854,506447632.0,3.74,2.33,1.21,0.66
2019-12-16,600809,53.22,52.59,53.51,51.92,47887,419444544.0,3.0,-0.92,-0.49,0.55
2019-12-17,600809,52.58,53.01,53.5,52.23,41193,364104800.0,2.41,0.8,0.42,0.48
2019-12-18,600809,53.02,53.1,53.65,52.85,36214,321506576.0,1.51,0.17,0.09,0.42
2019-12-19,600809,53.12,51.87,53.27,51.67,45563,397544448.0,3.01,-2.32,-1.23,0.53
2019-12-20,600809,51.72,51.07,52.05,50.46,53970,463495040.0,3.07,-1.54,-0.8,0.62
2019-12-23,600809,50.07,50.82,51.48,49.37,30729,261912536.0,4.13,-0.49,-0.25,0.35
2019-12-24,600809,50.95,50.55,51.06,50.42,21451,182953076.0,1.26,-0.53,-0.27,0.25
2019-12-25,600809,50.65,49.11,50.72,48.32,79153,656205568.0,4.75,-2.85,-1.44,0.91
2019-12-26,600809,49.29,50.69,51.58,48.92,72977,620629936.0,5.42,3.22,1.58,0.84
2019-12-27,600809,50.81,52.64,53.79,50.81,97951,864550576.0,5.88,3.85,1.95,1.13
2019-12-30,600809,52.67,54.17,55.33,52.35,92900,834817520.0,5.66,2.91,1.53,1.07
2019-12-31,600809,54.2,53.8,54.58,52.62,56930,508249104.0,3.62,-0.68,-0.37,0.66
2020-01-02,600809,53.23,53.15,53.48,52.12,64865,573076896.0,2.53,-1.21,-0.65,0.75
2020-01-03,600809,52.58,52.32,52.64,51.81,48305,422062672.0,1.56,-1.56,-0.83,0.56
2020-01-06,600809,52.46,51.51,52.46,51.15,65462,566564528.0,2.5,-1.55,-0.81,0.76
2020-01-07,600809,51.57,51.81,52.33,51.33,36738,319750976.0,1.94,0.58,0.3,0.42
2020-01-08,600809,51.51,52.37,52.62,51.2,53486,467912704.0,2.74,1.08,0.56,0.62
2020-01-09,600809,52.37,55.07,55.86,52.16,112671,1017899840.0,7.07,5.16,2.7,1.3
2020-01-10,600809,55.06,57.01,58.72,55.02,89936,846873024.0,6.72,3.52,1.94,1.04
2020-01-13,600809,57.0,57.72,59.42,57.0,76287,731453168.0,4.24,1.25,0.71,0.88
2020-01-14,600809,57.72,57.2,58.22,56.87,40959,387546256.0,2.34,-0.9,-0.52,0.47
2020-01-15,600809,57.45,58.4,59.02,57.23,53930,516448736.0,3.13,2.1,1.2,0.62
2020-01-16,600809,58.69,59.36,59.65,57.65,50046,486142992.0,3.42,1.64,0.96,0.58
2020-01-17,600809,59.55,58.79,59.96,58.33,28939,280739504.0,2.75,-0.96,-0.57,0.33
2020-01-20,600809,58.8,58.22,59.26,57.77,42115,404134544.0,2.53,-0.97,-0.57,0.49
2020-01-21,600809,57.5,57.22,58.17,56.3,40317,381596224.0,3.21,-1.72,-1.0,0.47
2020-01-22,600809,57.22,57.92,58.8,56.12,45170,429540640.0,4.68,1.22,0.7,0.52
2020-01-23,600809,58.07,55.21,58.65,54.56,49280,456301536.0,7.06,-4.68,-2.71,0.57
2020-02-03,600809,48.66,48.66,48.66,48.66,11596,95678596.0,0.0,-11.86,-6.55,0.13
2020-02-04,600809,43.65,46.69,48.2,43.65,170180,1326564928.0,9.35,-4.05,-1.97,1.97
2020-02-05,600809,46.87,47.78,48.65,45.15,99524,796536208.0,7.5,2.33,1.09,1.15
2020-02-06,600809,47.07,48.59,48.65,46.88,57832,471024368.0,3.7,1.7,0.81,0.67
2020-02-07,600809,49.32,50.59,51.06,48.41,60495,509066080.0,5.45,4.12,2.0,0.7
2020-02-10,600809,50.37,51.01,51.97,48.87,63711,542309904.0,6.13,0.83,0.42,0.74
2020-02-11,600809,50.53,52.15,53.19,50.53,50952,445078592.0,5.21,2.23,1.14,0.59
2020-02-12,600809,52.15,52.29,52.9,51.38,48180,421384272.0,2.91,0.27,0.14,0.56
2020-02-13,600809,52.72,52.47,52.98,52.05,28018,246434852.0,1.78,0.34,0.18,0.32
2020-02-14,600809,52.63,52.12,52.8,51.86,31704,278201760.0,1.79,-0.67,-0.35,0.37
2020-02-17,600809,52.57,52.15,52.7,51.65,42071,367434096.0,2.01,0.06,0.03,0.49
2020-02-18,600809,52.22,51.62,52.49,50.98,42877,370973456.0,2.9,-1.02,-0.53,0.5
2020-02-19,600809,51.63,52.47,52.8,50.83,65933,576065072.0,3.82,1.65,0.85,0.76
2020-02-20,600809,52.32,54.89,55.19,52.1,75557,681576128.0,5.89,4.61,2.42,0.87
2020-02-21,600809,54.01,54.2,54.72,53.7,37265,335840864.0,1.86,-1.26,-0.69,0.43
2020-02-24,600809,53.3,53.03,53.94,51.87,47537,419112224.0,3.82,-2.16,-1.17,0.55
2020-02-25,600809,51.85,51.92,52.69,51.24,33692,293632096.0,2.73,-2.09,-1.11,0.39
2020-02-26,600809,51.25,51.97,52.87,51.25,42150,367864592.0,3.12,0.1,0.05,0.49
2020-02-27,600809,51.73,53.97,54.94,51.73,77137,697061264.0,6.18,3.85,2.0,0.89
2020-02-28,600809,51.17,51.33,53.51,50.95,48536,422679888.0,4.74,-4.89,-2.64,0.56
2020-03-02,600809,51.58,53.58,54.32,51.0,65681,581312336.0,6.47,4.38,2.25,0.76
2020-03-03,600809,53.65,55.08,55.58,53.65,53033,483172576.0,3.6,2.8,1.5,0.61
2020-03-04,600809,54.57,54.77,55.36,53.3,44926,406259856.0,3.74,-0.56,-0.31,0.52
2020-03-05,600809,54.77,61.27,61.27,54.77,152497,1489667808.0,11.87,11.87,6.5,1.76
2020-03-06,600809,60.3,58.44,62.72,58.22,99683,979303696.0,7.34,-4.62,-2.83,1.15
2020-03-09,600809,57.57,54.01,57.57,52.36,133989,1209909984.0,8.92,-7.58,-4.43,1.55
2020-03-10,600809,52.8,57.12,57.94,52.23,126508,1162010864.0,10.57,5.76,3.11,1.46
2020-03-11,600809,56.87,56.72,58.78,55.51,66041,622300800.0,5.72,-0.7,-0.4,0.76
2020-03-12,600809,55.87,54.72,55.87,53.44,50084,455582896.0,4.28,-3.53,-2.0,0.58
2020-03-13,600809,51.47,54.52,55.46,50.51,60564,536176576.0,9.05,-0.37,-0.2,0.7
2020-03-16,600809,53.47,51.89,53.83,51.07,65996,579560320.0,5.06,-4.82,-2.63,0.76
2020-03-17,600809,51.51,50.89,52.58,47.3,52211,441226000.0,10.18,-1.93,-1.0,0.6
2020-03-18,600809,51.62,49.59,52.55,49.15,53294,455943072.0,6.68,-2.55,-1.3,0.62
2020-03-19,600809,49.59,47.01,49.72,44.72,60972,489109728.0,10.08,-5.2,-2.58,0.7
2020-03-20,600809,47.9,49.17,49.8,47.9,52636,437242704.0,4.04,4.59,2.16,0.61
2020-03-23,600809,48.94,47.57,49.01,46.87,35538,288912832.0,4.35,-3.25,-1.6,0.41
2020-03-24,600809,48.87,49.82,50.44,47.87,48857,407374400.0,5.4,4.73,2.25,0.56
2020-03-25,600809,51.94,51.8,52.51,50.91,45375,394175808.0,3.21,3.97,1.98,0.52
2020-03-26,600809,51.47,53.1,53.65,51.16,54809,486546224.0,4.81,2.51,1.3,0.63
2020-03-27,600809,54.01,54.25,55.5,53.92,44085,400861296.0,2.98,2.17,1.15,0.51
2020-03-30,600809,53.97,52.62,54.64,52.07,34335,303676016.0,4.74,-3.0,-1.63,0.4
2020-03-31,600809,53.92,54.14,55.15,53.01,44620,402997504.0,4.07,2.89,1.52,0.52
2020-04-01,600809,53.8,54.4,55.25,53.19,38327,347128656.0,3.8,0.48,0.26,0.44
2020-04-02,600809,54.17,54.87,55.42,53.15,37320,339033040.0,4.17,0.86,0.47,0.43
2020-04-03,600809,54.8,54.57,55.82,53.87,36469,333102704.0,3.55,-0.55,-0.3,0.42
2020-04-07,600809,55.3,54.94,56.77,54.82,49535,457951664.0,3.57,0.68,0.37,0.57
2020-04-08,600809,55.08,55.75,56.05,54.41,39889,366832512.0,2.99,1.47,0.81,0.46
2020-04-09,600809,56.01,56.72,56.77,55.67,35898,334722112.0,1.97,1.74,0.97,0.41
2020-04-10,600809,56.82,56.5,58.3,56.03,33438,316090832.0,4.0,-0.39,-0.22,0.39
2020-04-13,600809,55.87,56.66,57.33,55.67,26173,245364225.0,2.94,0.28,0.16,0.3
2020-04-14,600809,58.42,58.37,58.85,56.87,35774,342871744.0,3.49,3.02,1.71,0.41
2020-04-15,600809,59.67,58.35,60.54,57.98,37011,359954496.0,4.39,-0.03,-0.02,0.43
2020-04-16,600809,57.82,58.05,58.61,57.48,20288,193724448.0,1.94,-0.51,-0.3,0.23
2020-04-17,600809,57.72,59.33,60.62,57.72,43151,422666624.0,5.0,2.2,1.28,0.5
2020-04-20,600809,59.33,59.86,60.0,58.94,33371,325669120.0,1.79,0.89,0.53,0.39
2020-04-21,600809,59.25,58.78,59.65,58.12,23625,227627555.0,2.56,-1.8,-1.08,0.27
2020-04-22,600809,58.92,60.87,61.97,58.42,53457,530027664.0,6.04,3.56,2.09,0.62
2020-04-23,600809,61.07,60.52,62.58,60.15,30621,305608720.0,3.99,-0.57,-0.35,0.35
2020-04-24,600809,60.84,61.15,61.72,59.65,27097,270532432.0,3.42,1.04,0.63,0.31
2020-04-27,600809,60.49,60.67,61.15,58.8,39229,386787216.0,3.84,-0.78,-0.48,0.45
2020-04-28,600809,64.01,67.76,67.76,62.57,107742,1144908896.0,8.55,11.69,7.09,1.24
2020-04-29,600809,67.08,63.65,68.15,61.9,99670,1048694320.0,9.22,-6.07,-4.11,1.15
2020-04-30,600809,63.3,66.37,66.46,62.33,66006,692798512.0,6.49,4.27,2.72,0.76
2020-05-06,600809,65.08,65.64,66.37,64.85,59623,630796400.0,2.29,-1.1,-0.73,0.69
2020-05-07,600809,65.64,67.22,67.72,64.73,49356,530035440.0,4.56,2.41,1.58,0.57
2020-05-08,600809,67.22,67.12,68.06,65.8,41326,446915808.0,3.36,-0.15,-0.1,0.48
2020-05-11,600809,66.83,66.22,69.09,66.0,52036,562982304.0,4.6,-1.34,-0.9,0.6
2020-05-12,600809,66.85,69.22,69.72,66.16,52711,578712592.0,5.38,4.53,3.0,0.61
2020-05-13,600809,69.22,73.48,74.63,68.72,63471,734078784.0,8.54,6.15,4.26,0.73
2020-05-14,600809,73.47,73.1,74.42,72.44,33770,395464656.0,2.69,-0.52,-0.38,0.39
2020-05-15,600809,73.58,72.0,73.58,71.07,38734,445182720.0,3.43,-1.5,-1.1,0.45
2020-05-18,600809,71.87,74.93,77.58,71.15,62218,740399520.0,8.93,4.07,2.93,0.72
2020-05-19,600809,75.8,75.8,76.94,74.44,49651,597127552.0,3.34,1.16,0.87,0.57
2020-05-20,600809,75.44,75.52,76.87,74.25,41899,502758928.0,3.46,-0.37,-0.28,0.48
2020-05-21,600809,75.47,76.83,77.22,75.1,40346,489467536.0,2.81,1.73,1.31,0.47
2020-05-22,600809,75.66,73.94,75.8,72.65,51682,609819888.0,4.1,-3.76,-2.89,0.6
2020-05-25,600809,74.27,76.83,77.0,72.72,46088,555341808.0,5.79,3.91,2.89,0.53
2020-05-26,600809,77.3,77.5,78.47,75.63,40440,494218160.0,3.7,0.87,0.67,0.47
2020-05-27,600809,76.87,77.02,78.2,76.5,41940,514069728.0,2.19,-0.62,-0.48,0.48
2020-05-28,600809,76.67,78.65,82.47,76.65,73485,928168784.0,7.56,2.12,1.63,0.85
2020-05-29,600809,78.79,81.23,82.12,78.28,44386,566130992.0,4.88,3.28,2.58,0.51
2020-06-01,600809,82.01,83.9,86.35,81.87,57163,758280928.0,5.52,3.29,2.67,0.66
2020-06-02,600809,84.01,82.53,84.57,81.5,61090,795520512.0,3.66,-1.63,-1.37,0.71
2020-06-03,600809,82.54,82.56,83.26,81.3,41264,533040256.0,2.37,0.04,0.03,0.48
2020-06-04,600809,82.85,84.85,85.22,81.87,44209,585101536.0,4.06,2.77,2.29,0.51
2020-06-05,600809,84.72,85.87,86.47,83.77,36571,489181776.0,3.18,1.2,1.02,0.42
2020-06-08,600809,85.92,86.42,87.58,84.62,47595,641202512.0,3.45,0.64,0.55,0.55
2020-06-09,600809,85.8,86.15,86.82,85.44,33696,454482256.0,1.6,-0.31,-0.27,0.39
2020-06-10,600809,85.8,86.25,86.8,85.44,31918,429997424.0,1.58,0.12,0.1,0.37
2020-06-11,600809,86.15,85.42,86.78,84.02,45468,608257568.0,3.2,-0.96,-0.83,0.53
2020-06-12,600809,83.63,86.37,87.13,82.84,44773,599304528.0,5.02,1.11,0.95,0.52
2020-06-15,600809,86.87,84.95,86.87,83.65,43538,579463056.0,3.73,-1.64,-1.42,0.5
2020-06-16,600809,85.37,85.44,86.65,84.85,40963,550886528.0,2.12,0.58,0.49,0.47
2020-06-17,600809,85.65,84.98,86.15,84.01,33310,443322640.0,2.5,-0.54,-0.46,0.38
2020-06-18,600809,85.4,85.0,85.99,84.15,27049,360797728.0,2.17,0.02,0.02,0.31
2020-06-19,600809,84.99,88.81,90.32,84.75,63672,872674704.0,6.55,4.48,3.81,0.74
2020-06-22,600809,88.66,87.37,89.08,87.01,40968,556759264.0,2.33,-1.62,-1.44,0.47
2020-06-23,600809,87.42,89.3,90.12,87.37,54798,757824992.0,3.15,2.21,1.93,0.63
2020-06-24,600809,89.87,89.07,91.44,88.22,43824,608959728.0,3.61,-0.26,-0.23,0.51
2020-06-29,600809,89.3,93.06,93.72,88.65,56292,799499568.0,5.69,4.48,3.99,0.65
2020-06-30,600809,93.06,93.94,95.77,92.51,46844,680258768.0,3.5,0.95,0.88,0.54
2020-07-01,600809,93.47,98.41,100.94,93.4,60419,907321568.0,8.03,4.76,4.47,0.7
2020-07-02,600809,98.45,98.61,101.08,96.17,69559,1058848976.0,4.99,0.2,0.2,0.8
2020-07-03,600809,97.51,95.76,98.08,91.48,72235,1050716784.0,6.69,-2.89,-2.85,0.83
2020-07-06,600809,95.37,95.44,96.57,92.87,93930,1375345104.0,3.86,-0.33,-0.32,1.08
2020-07-07,600809,95.37,98.97,99.94,93.58,101697,1524628064.0,6.66,3.7,3.53,1.17
2020-07-08,600809,97.4,97.35,98.8,96.12,54754,821594624.0,2.71,-1.64,-1.62,0.63
2020-07-09,600809,97.47,98.37,98.94,97.0,64661,972618032.0,1.99,1.05,1.02,0.75
2020-07-10,600809,98.37,100.65,102.15,97.35,61841,952221888.0,4.88,2.32,2.28,0.71
2020-07-13,600809,100.66,107.48,108.44,99.4,70396,1129576512.0,8.98,6.79,6.83,0.81
2020-07-14,600809,107.0,108.64,109.37,104.77,55900,917304336.0,4.28,1.08,1.16,0.65
2020-07-15,600809,107.89,114.64,114.7,107.87,65012,1113904096.0,6.29,5.52,6.0,0.75
2020-07-16,600809,112.87,102.21,113.8,102.21,101483,1673689008.0,10.11,-10.84,-12.43,1.17
2020-07-17,600809,100.02,102.19,105.65,97.58,65576,1026858496.0,7.9,-0.02,-0.02,0.76
2020-07-20,600809,102.19,99.51,103.15,93.95,77524,1162072880.0,9.0,-2.62,-2.68,0.9
2020-07-21,600809,99.22,103.92,106.07,98.58,52217,825332000.0,7.53,4.43,4.41,0.6
2020-07-22,600809,103.22,109.51,111.0,101.94,51289,847782704.0,8.72,5.38,5.59,0.59
2020-07-23,600809,108.22,111.44,111.8,107.52,49372,828990528.0,3.91,1.76,1.93,0.57
2020-07-24,600809,110.94,106.71,110.94,104.65,65077,1065709728.0,5.64,-4.24,-4.73,0.75
2020-07-27,600809,105.38,107.41,108.85,105.36,42324,692746656.0,3.27,0.66,0.7,0.49
2020-07-28,600809,106.68,114.65,114.65,106.68,73553,1256784416.0,7.42,6.74,7.24,0.85
2020-07-29,600809,115.01,114.65,115.37,110.26,63518,1087730304.0,4.46,0.0,0.0,0.73
2020-07-30,600809,113.8,118.29,121.51,113.22,57769,1031677248.0,7.23,3.17,3.64,0.67
2020-07-31,600809,118.17,119.18,120.01,115.37,45519,813704112.0,3.92,0.75,0.89,0.53
2020-08-03,600809,120.37,118.95,120.76,116.85,43660,781763248.0,3.28,-0.19,-0.23,0.5
2020-08-04,600809,118.97,117.92,121.22,117.15,48627,873025360.0,3.42,-0.87,-1.03,0.56
2020-08-05,600809,116.8,117.52,118.22,114.65,41289,729025104.0,3.03,-0.34,-0.4,0.48
2020-08-06,600809,117.44,111.9,117.6,110.37,76480,1309941328.0,6.15,-4.78,-5.62,0.88
2020-08-07,600809,111.72,109.82,112.65,106.17,67302,1115461056.0,5.79,-1.86,-2.08,0.78
2020-08-10,600809,109.94,109.56,110.61,105.72,45785,756117504.0,4.45,-0.24,-0.26,0.53
2020-08-11,600809,109.42,109.09,112.84,108.58,41596,700719056.0,3.89,-0.43,-0.47,0.48
2020-08-12,600809,109.15,105.61,109.3,102.58,49470,793230944.0,6.16,-3.19,-3.48,0.57
2020-08-13,600809,106.09,106.34,108.51,104.64,37055,602794432.0,3.66,0.69,0.73,0.43
2020-08-14,600809,106.26,109.58,110.28,105.65,45825,760167392.0,4.35,3.05,3.24,0.53
2020-08-17,600809,110.36,112.87,114.64,109.88,50286,863564224.0,4.34,3.0,3.29,0.58
2020-08-18,600809,112.52,113.6,115.47,110.52,37971,654714832.0,4.39,0.65,0.73,0.44
2020-08-19,600809,112.65,112.82,115.41,111.51,36885,637078576.0,3.43,-0.69,-0.78,0.43
2020-08-20,600809,112.3,109.7,112.3,108.94,29896,501193168.0,2.98,-2.77,-3.12,0.35
2020-08-21,600809,109.7,113.31,114.94,109.7,36552,627205408.0,4.78,3.29,3.61,0.42
2020-08-24,600809,113.87,117.36,117.57,113.4,55662,981619280.0,3.68,3.57,4.05,0.64
2020-08-25,600809,118.22,123.62,126.08,118.22,78465,1465427456.0,6.7,5.33,6.26,0.91
2020-08-26,600809,124.58,124.72,128.12,122.42,56289,1060920096.0,4.61,0.89,1.1,0.65
2020-08-27,600809,123.54,126.42,127.37,121.55,48069,904453984.0,4.67,1.36,1.7,0.56
2020-08-28,600809,125.33,128.5,133.22,124.65,70493,1373819648.0,6.78,1.65,2.08,0.81
2020-08-31,600809,130.08,131.24,134.78,127.53,64168,1269139088.0,5.64,2.13,2.74,0.74
2020-09-01,600809,130.37,129.65,130.37,124.65,67393,1294086144.0,4.36,-1.21,-1.59,0.78
2020-09-02,600809,129.66,130.5,131.72,127.51,46252,904649392.0,3.25,0.66,0.85,0.53
2020-09-03,600809,130.42,131.8,134.6,129.67,50568,1005994144.0,3.78,1.0,1.3,0.58
2020-09-04,600809,128.22,128.85,129.65,123.81,68130,1302837792.0,4.43,-2.24,-2.95,0.79
2020-09-07,600809,127.51,126.26,130.28,125.62,54027,1042030960.0,3.62,-2.01,-2.59,0.62
2020-09-08,600809,126.2,124.6,128.89,122.67,46213,868593712.0,4.93,-1.31,-1.66,0.53
2020-09-09,600809,123.22,124.71,127.15,121.8,47678,897528528.0,4.29,0.09,0.11,0.55
2020-09-10,600809,127.87,130.85,132.42,127.87,61631,1210804240.0,3.65,4.92,6.14,0.71
2020-09-11,600809,129.87,140.38,141.08,129.87,71762,1454328816.0,8.57,7.28,9.53,0.83
2020-09-14,600809,141.08,141.51,142.52,137.76,66379,1391681488.0,3.39,0.8,1.13,0.77
2020-09-15,600809,140.36,140.26,141.47,138.22,38651,807580128.0,2.3,-0.88,-1.25,0.45
2020-09-16,600809,141.08,138.93,143.3,137.86,41504,870445552.0,3.88,-0.95,-1.33,0.48
2020-09-17,600809,136.74,131.65,138.36,130.48,66784,1331962720.0,5.67,-5.24,-7.28,0.77
2020-09-18,600809,130.67,132.46,134.35,128.01,54114,1066112880.0,4.82,0.62,0.81,0.62
2020-09-21,600809,132.15,132.0,133.0,128.7,31142,613298672.0,3.25,-0.35,-0.46,0.36
2020-09-22,600809,131.44,130.79,133.92,130.37,32345,641119984.0,2.69,-0.92,-1.21,0.37
2020-09-23,600809,127.24,132.02,133.15,123.09,56763,1102296624.0,7.69,0.94,1.23,0.66
2020-09-24,600809,131.8,131.97,134.4,131.22,39875,795099856.0,2.41,-0.04,-0.05,0.46
2020-09-25,600809,133.22,131.04,134.3,130.72,23947,474943872.0,2.71,-0.7,-0.93,0.28
2020-09-28,600809,131.01,130.8,133.87,129.69,31794,628381568.0,3.19,-0.18,-0.24,0.37
2020-09-29,600809,132.23,130.85,132.86,130.01,19211,377940912.0,2.18,0.04,0.05,0.22
2020-09-30,600809,130.36,131.93,133.65,130.36,26297,522743840.0,2.51,0.83,1.08,0.3
2020-10-09,600809,133.97,133.04,136.12,131.8,34475,689954320.0,3.27,0.84,1.11,0.4
2020-10-12,600809,133.04,145.05,147.15,133.04,74951,1579819312.0,10.61,9.03,12.01,0.87
2020-10-13,600809,145.15,147.01,149.35,145.15,47697,1050238256.0,2.9,1.35,1.96,0.55
2020-10-14,600809,148.36,148.47,152.22,147.02,45382,1015076144.0,3.54,0.99,1.46,0.52
2020-10-15,600809,148.79,148.74,151.07,146.65,22711,504606112.0,2.98,0.18,0.27,0.26
2020-10-16,600809,150.22,144.61,151.03,144.3,35770,781533856.0,4.52,-2.78,-4.13,0.41
2020-10-19,600809,146.75,139.11,147.12,137.52,55279,1165373824.0,6.64,-3.8,-5.5,0.64
2020-10-20,600809,138.72,143.22,143.87,138.05,43711,932159472.0,4.18,2.95,4.11,0.5
2020-10-21,600809,143.94,142.62,144.3,140.49,29536,628557040.0,2.66,-0.42,-0.6,0.34
2020-10-22,600809,143.2,142.36,143.85,137.5,43437,913203168.0,4.45,-0.18,-0.26,0.5
2020-10-23,600809,142.35,138.94,142.51,136.8,36756,765534688.0,4.01,-2.4,-3.42,0.42
2020-10-26,600809,129.45,135.72,137.34,128.58,42610,861628352.0,6.3,-2.32,-3.22,0.49
2020-10-27,600809,135.73,139.49,139.8,135.27,37249,772415552.0,3.34,2.78,3.77,0.43
2020-10-28,600809,140.27,150.01,153.07,138.5,68359,1504536576.0,10.45,7.54,10.52,0.79
2020-10-29,600809,150.0,155.08,158.0,148.54,80335,1850686752.0,6.31,3.38,5.07,0.93
2020-10-30,600809,160.02,151.17,160.72,150.01,70003,1597173696.0,6.91,-2.52,-3.91,0.81
2020-11-02,600809,153.94,154.35,158.0,152.59,58449,1344910224.0,3.58,2.1,3.18,0.68
2020-11-03,600809,154.3,151.79,155.65,148.78,57495,1300020368.0,4.45,-1.66,-2.56,0.66
2020-11-04,600809,151.65,155.71,156.44,150.37,46822,1075244528.0,4.0,2.58,3.92,0.54
2020-11-05,600809,156.8,157.65,159.8,155.37,47492,1111641232.0,2.85,1.25,1.94,0.55
2020-11-06,600809,157.55,158.04,158.59,153.57,34991,811550480.0,3.18,0.25,0.39,0.4
2020-11-09,600809,158.49,158.57,160.37,152.58,62194,1450300032.0,4.93,0.34,0.53,0.72
2020-11-10,600809,158.22,168.8,169.57,156.83,66518,1630471984.0,8.03,6.45,10.23,0.77
2020-11-11,600809,167.2,170.05,173.22,166.71,49992,1262535760.0,3.86,0.74,1.25,0.58
2020-11-12,600809,167.87,172.51,172.57,166.35,35305,891970704.0,3.66,1.45,2.46,0.41
2020-11-13,600809,170.44,169.01,170.72,162.72,53301,1323835536.0,4.64,-2.03,-3.5,0.62
2020-11-16,600809,169.07,185.52,186.4,167.87,65722,1726711856.0,10.96,9.77,16.51,0.76
2020-11-17,600809,183.97,180.94,192.05,178.22,75792,2061625888.0,7.45,-2.47,-4.58,0.88
2020-11-18,600809,181.87,175.35,181.87,171.08,60305,1564224496.0,5.96,-3.09,-5.59,0.7
2020-11-19,600809,173.08,176.03,178.27,168.22,48476,1241674240.0,5.73,0.39,0.68,0.56
2020-11-20,600809,176.08,182.51,186.44,175.37,39500,1060483200.0,6.29,3.68,6.48,0.46
2020-11-23,600809,182.87,181.02,188.58,179.02,44540,1199161008.0,5.24,-0.82,-1.49,0.51
2020-11-24,600809,181.07,180.2,181.22,175.72,38017,1001031200.0,3.04,-0.45,-0.82,0.44
2020-11-25,600809,178.94,172.93,180.2,171.8,46261,1193969936.0,4.66,-4.03,-7.27,0.53
2020-11-26,600809,172.19,172.62,175.94,166.09,43660,1105620384.0,5.7,-0.18,-0.31,0.5
2020-11-27,600809,173.4,173.41,174.07,170.19,31658,806455056.0,2.25,0.46,0.79,0.37
2020-11-30,600809,173.45,162.28,174.19,161.67,83477,2037466656.0,7.22,-6.42,-11.13,0.96
2020-12-01,600809,163.22,168.81,169.71,162.6,52195,1290648240.0,4.38,4.02,6.53,0.6
2020-12-02,600809,169.44,168.53,172.68,165.96,40561,1012497936.0,3.98,-0.17,-0.28,0.47
2020-12-03,600809,168.22,174.18,175.07,165.96,47684,1206820224.0,5.41,3.35,5.65,0.55
2020-12-04,600809,173.44,178.18,180.5,173.3,64086,1685906560.0,4.13,2.3,4.0,0.74
2020-12-07,600809,178.19,176.85,181.75,176.8,47100,1245749040.0,2.78,-0.75,-1.33,0.54
2020-12-08,600809,177.95,179.72,182.0,175.52,56992,1507570256.0,3.66,1.62,2.87,0.66
2020-12-09,600809,179.72,184.58,185.8,179.08,63032,1697038720.0,3.74,2.7,4.86,0.73
2020-12-10,600809,182.65,190.07,197.51,181.63,77288,2165463920.0,8.6,2.97,5.49,0.89
2020-12-11,600809,192.51,198.94,203.22,190.59,82785,2393394496.0,6.64,4.67,8.87,0.96
2020-12-14,600809,197.44,201.52,202.22,195.37,46441,1359227536.0,3.44,1.3,2.58,0.54
2020-12-15,600809,200.37,201.08,207.34,195.22,52718,1557327504.0,6.01,-0.22,-0.44,0.61
2020-12-16,600809,201.42,204.65,207.37,201.42,41690,1251560896.0,2.96,1.78,3.57,0.48
2020-12-17,600809,204.65,222.05,222.2,204.65,60193,1895890448.0,8.58,8.5,17.4,0.7
2020-12-18,600809,220.88,226.32,237.21,214.12,80745,2627493584.0,10.4,1.92,4.27,0.93
2020-12-21,600809,223.37,219.83,225.36,217.57,64716,2088980416.0,3.44,-2.87,-6.49,0.75
2020-12-22,600809,219.06,224.55,227.97,218.95,56907,1860734560.0,4.1,2.15,4.72,0.66
2020-12-23,600809,224.56,223.3,227.51,214.65,73560,2387921280.0,5.73,-0.56,-1.25,0.85
2020-12-24,600809,218.22,217.95,222.52,214.81,53735,1717044096.0,3.45,-2.4,-5.35,0.62
2020-12-25,600809,218.22,224.3,225.05,216.81,40337,1307375856.0,3.78,2.91,6.35,0.47
2020-12-28,600809,230.37,246.3,247.44,230.37,73216,2575064096.0,7.61,9.81,22.0,0.85
2020-12-29,600809,246.35,247.51,253.94,243.94,54852,1974096352.0,4.06,0.49,1.21,0.63
2020-12-30,600809,248.02,250.28,254.62,247.51,42912,1564393856.0,2.87,1.12,2.77,0.5
2020-12-31,600809,248.94,258.43,258.46,247.51,58048,2121234576.0,4.38,3.26,8.15,0.67
2021-01-04,600809,258.43,257.25,266.8,254.8,83244,3145664000.0,4.64,-0.46,-1.18,0.96
2021-01-05,600809,256.8,265.83,267.11,252.87,76709,2907817712.0,5.54,3.34,8.58,0.89
2021-01-06,600809,269.3,272.51,280.58,267.77,80293,3183389536.0,4.82,2.51,6.68,0.93
2021-01-07,600809,276.01,293.0,293.0,268.1,62137,2517847456.0,9.14,7.52,20.49,0.72
2021-01-08,600809,289.8,284.65,300.37,277.46,93111,3883118224.0,7.82,-2.85,-8.35,1.08
2021-01-11,600809,281.8,268.08,288.94,262.51,114380,4543129856.0,9.29,-5.82,-16.57,1.32
2021-01-12,600809,262.51,275.2,275.93,261.09,79336,3117970816.0,5.54,2.66,7.12,0.92
2021-01-13,600809,274.64,273.94,279.25,267.85,62443,2471825136.0,4.14,-0.46,-1.26,0.72
2021-01-14,600809,273.22,268.37,273.22,255.37,66535,2543602736.0,6.52,-2.03,-5.57,0.77
2021-01-15,600809,266.38,255.8,266.44,244.32,98786,3628163088.0,8.24,-4.68,-12.57,1.14
2021-01-18,600809,252.51,257.15,257.3,245.28,69446,2528960528.0,4.7,0.53,1.35,0.8
2021-01-19,600809,258.94,246.08,267.82,240.4,80192,2945858880.0,10.66,-4.3,-11.07,0.93
2021-01-20,600809,241.08,248.22,250.22,232.51,78521,2763426176.0,7.2,0.87,2.14,0.91
2021-01-21,600809,245.37,260.37,264.07,245.37,68010,2532449616.0,7.53,4.89,12.15,0.79
2021-01-22,600809,260.63,257.91,263.15,250.08,55532,2069849200.0,5.02,-0.94,-2.46,0.64
2021-01-25,600809,259.92,269.72,274.08,258.58,84549,3302387856.0,6.01,4.58,11.81,0.98
2021-01-26,600809,270.0,252.87,270.01,252.42,66527,2504951920.0,6.52,-6.25,-16.85,0.77
2021-01-27,600809,248.22,249.65,254.08,240.6,59938,2161534112.0,5.33,-1.27,-3.22,0.69
2021-01-28,600809,244.87,246.08,251.44,242.51,48221,1731478192.0,3.58,-1.43,-3.57,0.56
2021-01-29,600809,249.33,257.81,264.82,249.33,80070,2997474896.0,6.29,4.77,11.73,0.92
2021-02-01,600809,260.37,259.8,271.75,258.24,66281,2542231424.0,5.24,0.77,1.99,0.77
2021-02-02,600809,264.92,278.22,278.97,264.92,77304,3061869520.0,5.41,7.09,18.42,0.89
2021-02-03,600809,278.22,278.97,280.01,269.3,73128,2916895696.0,3.85,0.27,0.75,0.84
2021-02-04,600809,279.1,270.05,287.65,268.94,82179,3291825568.0,6.71,-3.2,-8.92,0.95
2021-02-05,600809,273.93,273.22,284.65,263.73,80634,3228268704.0,7.75,1.17,3.17,0.93
2021-02-08,600809,274.65,272.51,285.37,268.95,65939,2636216384.0,6.01,-0.26,-0.71,0.76
2021-02-09,600809,276.01,278.38,279.98,273.37,61784,2485393600.0,2.43,2.15,5.87,0.71
2021-02-10,600809,283.22,307.18,307.18,283.22,116160,5083966208.0,8.61,10.35,28.8,1.34
2021-02-18,600809,314.67,316.08,322.49,307.68,90479,4116227760.0,4.82,2.9,8.9,1.04
2021-02-19,600809,311.8,293.09,314.65,283.56,94253,4000201600.0,9.84,-7.27,-22.99,1.09
2021-02-22,600809,293.94,262.82,294.65,262.82,92236,3613433888.0,10.86,-10.33,-30.27,1.07
2021-02-23,600809,251.8,256.08,264.56,247.87,86763,3238625888.0,6.35,-2.56,-6.74,1.0
2021-02-24,600809,254.65,237.9,254.65,229.51,128687,4426243072.0,9.82,-7.1,-18.18,1.49
2021-02-25,600809,240.72,231.08,241.08,226.32,78002,2633156992.0,6.2,-2.87,-6.82,0.9
2021-02-26,600809,222.8,214.01,222.8,208.85,125096,3929867424.0,6.04,-7.39,-17.07,1.44
2021-03-01,600809,218.2,212.17,220.37,207.38,97983,3051480128.0,6.07,-0.86,-1.84,1.13
2021-03-02,600809,214.58,210.95,221.65,207.98,108133,3390898528.0,6.44,-0.58,-1.22,1.25
2021-03-03,600809,208.94,216.45,217.51,205.37,76671,2390766944.0,5.75,2.61,5.5,0.89
2021-03-04,600809,211.08,205.88,213.61,200.56,82457,2499673744.0,6.03,-4.88,-10.57,0.95
2021-03-05,600809,201.08,212.35,215.73,197.87,74462,2285908496.0,8.67,3.14,6.47,0.86
2021-03-08,600809,214.38,190.15,216.6,190.15,110686,3259250560.0,12.46,-10.45,-22.2,1.28
2021-03-09,600809,183.94,174.58,190.37,173.94,141045,3804723984.0,8.64,-8.19,-15.57,1.63
2021-03-10,600809,183.79,193.0,193.0,183.79,115279,3244983696.0,5.28,10.55,18.42,1.33
2021-03-11,600809,193.22,205.36,213.22,192.51,124922,3727106480.0,10.73,6.4,12.36,1.44
2021-03-12,600809,208.25,213.8,216.99,204.72,101131,3126854576.0,5.97,4.11,8.44,1.17
2021-03-15,600809,210.11,194.41,210.11,191.6,113135,3291880368.0,8.66,-9.07,-19.39,1.31
2021-03-16,600809,196.15,206.1,206.1,195.23,90062,2671199968.0,5.59,6.01,11.69,1.04
2021-03-17,600809,203.22,209.55,212.25,195.07,71536,2166751712.0,8.34,1.67,3.45,0.83
2021-03-18,600809,213.94,220.45,226.51,212.51,74708,2412550832.0,6.68,5.2,10.9,0.86
2021-03-19,600809,211.8,213.94,219.65,210.72,65162,2035490656.0,4.05,-2.95,-6.51,0.75
2021-03-22,600809,211.8,215.94,216.73,207.05,52036,1621968096.0,4.52,0.93,2.0,0.6
2021-03-23,600809,213.22,215.3,218.24,210.37,42015,1315388800.0,3.64,-0.3,-0.64,0.49
2021-03-24,600809,213.22,217.51,226.07,212.58,63254,2028910688.0,6.27,1.03,2.21,0.73
2021-03-25,600809,212.38,218.08,221.65,209.2,45007,1423059456.0,5.72,0.26,0.57,0.52
2021-03-26,600809,219.66,230.05,232.5,218.94,73558,2443805040.0,6.22,5.49,11.97,0.85
2021-03-29,600809,231.8,234.93,243.28,230.06,66025,2280911744.0,5.75,2.12,4.88,0.76
2021-03-30,600809,234.95,234.9,240.85,230.8,62569,2148823392.0,4.28,-0.01,-0.03,0.72
2021-03-31,600809,233.15,228.08,233.15,223.83,56537,1873311168.0,3.97,-2.9,-6.82,0.65
2021-04-01,600809,230.37,235.28,236.67,228.46,36741,1246879968.0,3.6,3.16,7.2,0.42
2021-04-02,600809,240.37,253.43,253.57,240.37,67370,2433667152.0,5.61,7.71,18.15,0.78
2021-04-06,600809,258.06,253.3,258.13,250.51,53556,1979982160.0,3.01,-0.05,-0.13,0.62
2021-04-07,600809,251.8,237.55,252.42,232.98,69697,2428054528.0,7.67,-6.22,-15.75,0.8
2021-04-08,600809,231.08,251.08,252.68,230.37,65203,2322644864.0,9.39,5.7,13.53,0.75
2021-04-09,600809,244.65,238.94,248.94,234.89,64326,2241669984.0,5.6,-4.84,-12.14,0.74
2021-04-12,600809,239.18,240.87,243.77,233.22,45907,1599165744.0,4.42,0.81,1.93,0.53
2021-04-13,600809,239.65,237.51,247.51,236.63,48018,1691731104.0,4.52,-1.39,-3.36,0.55
2021-04-14,600809,237.51,242.52,243.37,236.08,40848,1431548240.0,3.07,2.11,5.01,0.47
2021-04-15,600809,240.28,241.79,245.01,236.28,45559,1598492240.0,3.6,-0.3,-0.73,0.53
2021-04-16,600809,245.69,241.08,248.29,240.8,45961,1632099888.0,3.1,-0.29,-0.71,0.53
2021-04-19,600809,240.15,243.6,245.58,233.22,46102,1626669888.0,5.13,1.05,2.52,0.53
2021-04-20,600809,242.85,246.9,255.4,241.88,70586,2574728304.0,5.55,1.35,3.3,0.82
2021-04-21,600809,244.55,263.4,267.51,243.18,91039,3431515312.0,9.85,6.68,16.5,1.05
2021-04-22,600809,270.72,267.51,272.44,258.22,56515,2185148032.0,5.4,1.56,4.11,0.65
2021-04-23,600809,267.15,269.29,272.47,265.37,42125,1640820944.0,2.65,0.67,1.78,0.49
2021-04-26,600809,270.37,270.0,277.81,267.52,48276,1903260640.0,3.82,0.26,0.71,0.56
2021-04-27,600809,276.8,280.57,283.26,259.19,83983,3323365616.0,8.91,3.91,10.57,0.97
2021-04-28,600809,277.15,296.83,297.27,274.87,75474,3172556000.0,7.98,5.8,16.26,0.87
2021-04-29,600809,296.08,287.51,299.61,273.94,107311,4408722688.0,8.65,-3.14,-9.32,1.24
2021-04-30,600809,283.3,283.4,289.3,278.58,46026,1891927584.0,3.73,-1.43,-4.11,0.53
2021-05-06,600809,279.65,280.62,285.37,271.93,46885,1893577520.0,4.74,-0.98,-2.78,0.54
2021-05-07,600809,280.38,276.95,286.8,274.73,44520,1807631648.0,4.3,-1.31,-3.67,0.51
2021-05-10,600809,269.65,273.22,280.28,267.51,49441,1963597280.0,4.61,-1.35,-3.73,0.57
2021-05-11,600809,273.5,281.65,281.8,271.8,50490,2031473024.0,3.66,3.09,8.43,0.58
2021-05-12,600809,279.4,293.58,296.08,276.8,63433,2635013104.0,6.85,4.24,11.93,0.73
2021-05-13,600809,288.77,293.98,297.51,284.77,41979,1769992048.0,4.34,0.14,0.4,0.48
2021-05-14,600809,296.63,300.84,308.93,291.8,48948,2138346336.0,5.83,2.33,6.86,0.56
2021-05-17,600809,300.15,306.99,310.35,299.02,46383,2056841760.0,3.77,2.04,6.15,0.53
2021-05-18,600809,306.48,308.22,310.37,300.37,42841,1897111552.0,3.26,0.4,1.23,0.49
2021-05-19,600809,304.65,303.7,309.71,300.72,31804,1403214128.0,2.92,-1.47,-4.52,0.37
2021-05-20,600809,306.32,313.72,315.35,306.32,49525,2236951888.0,2.97,3.3,10.02,0.57
2021-05-21,600809,316.67,310.37,318.8,305.24,46749,2101961552.0,4.32,-1.07,-3.35,0.54
2021-05-24,600809,310.37,309.81,315.15,305.77,39398,1764342032.0,3.02,-0.18,-0.56,0.45
2021-05-25,600809,313.22,317.97,321.87,312.26,59527,2722654192.0,3.1,2.63,8.16,0.69
2021-05-26,600809,316.8,311.08,320.65,306.22,50309,2272101568.0,4.54,-2.17,-6.89,0.58
2021-05-27,600809,306.97,307.15,313.22,302.15,46641,2071539616.0,3.56,-1.26,-3.93,0.54
2021-05-28,600809,309.87,313.51,318.94,305.37,40782,1839203584.0,4.42,2.07,6.36,0.47
2021-05-31,600809,315.73,320.99,321.51,310.41,42507,1948479264.0,3.54,2.39,7.48,0.49
2021-06-01,600809,320.7,318.92,322.49,312.51,36054,1650976240.0,3.11,-0.64,-2.07,0.42
2021-06-02,600809,320.21,315.01,321.51,311.82,32191,1470043344.0,3.04,-1.23,-3.91,0.37
2021-06-03,600809,314.8,327.37,337.65,314.8,59441,2808734192.0,7.25,3.92,12.36,0.68
2021-06-04,600809,327.44,332.65,335.6,327.38,41048,1963479088.0,2.51,1.61,5.28,0.47
2021-06-07,600809,336.1,346.72,349.65,335.37,57027,2831627728.0,4.29,4.23,14.07,0.66
2021-06-08,600809,346.08,320.62,348.94,311.8,102841,4865549312.0,10.71,-7.53,-26.1,1.18
2021-06-09,600809,313.23,323.22,326.53,309.7,63061,2904799936.0,5.25,0.81,2.6,0.73
2021-06-10,600809,321.08,338.45,338.87,317.52,63694,3044549072.0,6.61,4.71,15.23,0.73
2021-06-11,600809,334.8,326.26,336.8,321.84,61775,2946150864.0,4.42,-3.6,-12.19,0.71
2021-06-15,600809,326.13,337.51,338.83,323.73,49049,2351138752.0,4.63,3.45,11.25,0.57
2021-06-16,600809,340.31,333.92,341.05,324.42,42623,2047559680.0,4.93,-1.06,-3.59,0.49
2021-06-17,600809,336.8,345.52,347.36,331.1,44342,2184472752.0,4.87,3.47,11.6,0.51
2021-06-18,600809,344.58,339.7,346.08,333.23,50272,2456994848.0,3.72,-1.68,-5.82,0.58
2021-06-21,600809,336.8,327.01,338.94,309.0,76980,3595372128.0,8.81,-3.74,-12.69,0.89
2021-06-22,600809,326.08,328.94,330.1,317.51,44545,2082017200.0,3.85,0.59,1.93,0.51
2021-06-23,600809,330.72,300.4,330.72,298.94,108283,4824817408.0,9.66,-8.68,-28.54,1.25
2021-06-24,600809,297.51,307.22,311.8,288.26,81141,3512238576.0,7.84,2.27,6.82,0.93
2021-06-25,600809,309.45,309.45,312.51,300.37,52743,2346773280.0,3.95,0.73,2.23,0.61
2021-06-28,600809,309.45,309.02,311.65,304.65,47307,2106679552.0,2.26,-0.14,-0.43,0.54
2021-06-29,600809,311.6,310.87,323.22,309.37,53682,2435118272.0,4.48,0.6,1.85,0.62
2021-06-30,600809,312.04,310.37,318.93,308.02,36446,1641153632.0,3.51,-0.16,-0.5,0.42
2021-07-01,600809,311.8,320.37,321.71,306.44,46033,2078436272.0,4.92,3.22,10.0,0.53
2021-07-02,600809,315.82,300.28,315.97,299.22,64914,2846257824.0,5.23,-6.27,-20.09,0.75
2021-07-05,600809,299.53,319.27,328.12,298.51,85275,2794438880.0,9.86,6.32,18.99,0.7
2021-07-06,600809,310.51,311.51,319.39,302.51,87507,2796869568.0,5.29,-2.43,-7.76,0.72
2021-07-07,600809,309.2,318.5,320.22,307.52,67025,2173758096.0,4.08,2.24,6.99,0.55
2021-07-08,600809,320.51,329.51,340.51,320.51,94650,3248244080.0,6.28,3.46,11.01,0.78
2021-07-09,600809,328.11,307.21,328.11,302.51,106359,3388593328.0,7.77,-6.77,-22.3,0.88
2021-07-12,600809,307.39,301.51,307.39,284.71,93875,2880943952.0,7.38,-1.86,-5.7,0.77
2021-07-13,600809,325.51,331.71,332.51,308.71,135900,4548516608.0,7.89,10.02,30.2,1.12
2021-07-14,600809,329.71,346.04,349.39,326.87,108377,3826056464.0,6.79,4.32,14.33,0.89
2021-07-15,600809,347.57,364.66,367.12,340.51,98954,3648012736.0,7.69,5.38,18.62,0.81
2021-07-16,600809,363.02,360.62,369.96,355.92,69481,2581282784.0,3.85,-1.11,-4.04,0.57
2021-07-19,600809,356.51,364.31,369.23,354.01,58607,2182024128.0,4.22,1.02,3.69,0.48
2021-07-20,600809,361.51,362.01,366.9,358.51,52580,1955358128.0,2.3,-0.63,-2.3,0.43
2021-07-21,600809,361.51,358.41,365.01,351.51,88967,3267970224.0,3.73,-0.99,-3.6,0.73
2021-07-22,600809,359.51,350.19,371.28,347.51,90692,3327400176.0,6.63,-2.29,-8.22,0.75
2021-07-23,600809,347.51,345.28,350.51,339.51,59366,2102203120.0,3.14,-1.4,-4.91,0.49
2021-07-26,600809,343.67,310.51,343.83,309.8,146730,4820785152.0,9.86,-10.07,-34.77,1.21
2021-07-27,600809,308.87,311.87,329.49,308.51,119573,3921403824.0,6.76,0.44,1.36,0.98
2021-07-28,600809,306.43,312.36,314.4,289.52,140610,4390327296.0,7.98,0.16,0.49,1.16
2021-07-29,600809,320.51,305.51,328.51,301.61,105903,3376847296.0,8.61,-2.19,-6.85,0.87
2021-07-30,600809,299.51,276.51,299.51,274.01,168203,4882319872.0,8.35,-9.49,-29.0,1.38
2021-08-02,600809,263.51,301.54,304.08,257.87,212680,6134608128.0,16.71,9.05,25.03,1.75
2021-08-03,600809,293.51,304.19,308.83,282.51,118641,3621416880.0,8.73,0.88,2.65,0.98
2021-08-04,600809,300.51,299.51,306.41,291.5,76926,2377402880.0,4.9,-1.54,-4.68,0.63
2021-08-05,600809,290.51,299.76,308.41,284.39,82717,2552591952.0,8.02,0.08,0.25,0.68
2021-08-06,600809,299.24,299.39,306.25,290.71,78718,2423081616.0,5.18,-0.12,-0.37,0.65
2021-08-09,600809,295.51,300.5,307.11,294.71,87263,2719721184.0,4.14,0.37,1.11,0.72
2021-08-10,600809,301.18,323.0,326.51,292.25,134897,4333696768.0,11.4,7.49,22.5,1.11
2021-08-11,600809,317.51,314.71,325.22,310.51,83088,2713910032.0,4.55,-2.57,-8.29,0.68
2021-08-12,600809,313.49,311.51,320.5,310.46,55973,1813441344.0,3.19,-1.02,-3.2,0.46
2021-08-13,600809,310.9,313.21,317.15,308.69,48494,1565085456.0,2.72,0.55,1.7,0.4
2021-08-16,600809,313.51,318.11,320.41,311.51,46687,1523570192.0,2.84,1.56,4.9,0.38
2021-08-17,600809,318.12,295.12,318.14,292.51,87285,2729508720.0,8.06,-7.23,-22.99,0.72
2021-08-18,600809,296.12,294.96,300.09,285.51,82444,2497213152.0,4.94,-0.05,-0.16,0.68
2021-08-19,600809,293.18,289.62,298.31,286.23,80663,2421837712.0,4.1,-1.81,-5.34,0.66
2021-08-20,600809,280.41,262.55,282.71,259.81,164141,4566856192.0,7.91,-9.35,-27.07,1.35
2021-08-23,600809,270.71,260.71,272.51,255.51,141648,3832204800.0,6.47,-0.7,-1.84,1.17
2021-08-24,600809,263.51,268.61,273.43,259.33,105100,2911537680.0,5.41,3.03,7.9,0.86
2021-08-25,600809,272.08,275.06,278.51,271.39,74893,2133234608.0,2.65,2.4,6.45,0.62
2021-08-26,600809,273.05,266.31,273.05,260.51,79129,2177602672.0,4.56,-3.18,-8.75,0.65
2021-08-27,600809,267.01,271.51,283.61,263.51,122905,3500664720.0,7.55,1.95,5.2,1.01
2021-08-30,600809,274.51,270.48,276.83,262.22,94895,2650231696.0,5.38,-0.38,-1.03,0.78
2021-08-31,600809,268.82,268.03,272.51,262.11,71394,1971001088.0,3.85,-0.91,-2.45,0.59
2021-09-01,600809,264.96,269.5,276.28,252.99,128984,3557828768.0,8.69,0.55,1.47,1.06
2021-09-02,600809,270.38,258.53,273.33,256.51,85408,2328614864.0,6.24,-4.07,-10.97,0.7
2021-09-03,600809,257.76,257.65,261.11,247.11,100694,2644472784.0,5.42,-0.34,-0.88,0.83
2021-09-06,600809,256.5,271.28,275.51,252.19,123699,3438350720.0,9.05,5.29,13.63,1.02
2021-09-07,600809,270.81,275.69,280.79,265.61,95114,2712862592.0,5.6,1.63,4.41,0.78
2021-09-08,600809,278.69,265.97,278.71,265.51,65307,1819831552.0,4.79,-3.53,-9.72,0.54
2021-09-09,600809,264.52,265.91,270.13,262.5,49869,1378376704.0,2.87,-0.02,-0.06,0.41
2021-09-10,600809,268.39,280.21,287.11,264.51,116094,3354243584.0,8.5,5.38,14.3,0.96
2021-09-13,600809,278.88,283.73,298.43,278.01,101833,3031335504.0,7.29,1.26,3.52,0.84
2021-09-14,600809,288.31,290.1,294.73,285.51,82597,2481003616.0,3.25,2.25,6.37,0.68
2021-09-15,600809,289.66,280.49,289.71,277.51,81079,2368159616.0,4.21,-3.31,-9.61,0.67
2021-09-16,600809,278.17,287.76,290.04,277.36,73315,2165991456.0,4.52,2.59,7.27,0.6
2021-09-17,600809,284.01,307.37,310.51,284.01,106780,3312257136.0,9.21,6.81,19.61,0.88
2021-09-22,600809,304.51,301.51,307.17,295.55,70468,2186005472.0,3.78,-1.91,-5.86,0.58
2021-09-23,600809,300.03,302.42,312.51,295.71,70529,2212357376.0,5.57,0.3,0.91,0.58
2021-09-24,600809,299.36,312.22,317.21,299.36,91920,2948449424.0,5.9,3.24,9.8,0.76
2021-09-27,600809,316.51,315.41,342.57,314.14,148564,4995758848.0,9.11,1.02,3.19,1.22
2021-09-28,600809,312.71,307.51,317.04,295.41,89735,2849123120.0,6.86,-2.5,-7.9,0.74
2021-09-29,600809,313.51,308.51,315.41,299.51,64336,2043841392.0,5.17,0.33,1.0,0.53
2021-09-30,600809,306.92,306.01,312.58,302.71,65143,2069639248.0,3.2,-0.81,-2.5,0.54
2021-10-08,600809,307.73,315.51,321.84,301.28,80049,2605462048.0,6.72,3.1,9.5,0.66
2021-10-11,600809,317.59,308.11,322.16,306.43,64231,2074775088.0,4.99,-2.35,-7.4,0.53
2021-10-12,600809,305.31,309.51,312.51,299.84,52968,1680690448.0,4.11,0.45,1.4,0.44
2021-10-13,600809,311.01,324.31,334.31,309.51,89350,2963751648.0,8.01,4.78,14.8,0.74
2021-10-14,600809,325.61,330.96,335.9,318.51,66530,2247696192.0,5.36,2.05,6.65,0.55
2021-10-15,600809,323.51,337.31,340.51,323.51,70863,2443462944.0,5.14,1.92,6.35,0.58
2021-10-18,600809,328.95,302.63,328.95,302.63,116622,3742875184.0,7.8,-10.28,-34.68,0.96
2021-10-19,600809,300.71,320.5,320.51,300.51,104639,3394055728.0,6.61,5.9,17.87,0.86
2021-10-20,600809,320.36,320.31,326.51,315.49,49378,1628656912.0,3.44,-0.06,-0.19,0.41
2021-10-21,600809,320.21,317.13,321.41,309.51,57202,1853979040.0,3.72,-0.99,-3.18,0.47
2021-10-22,600809,320.51,318.64,323.09,313.49,50570,1662612144.0,3.03,0.48,1.51,0.42
2021-10-25,600809,317.47,314.12,320.21,307.53,59132,1903042080.0,3.98,-1.42,-4.52,0.49
2021-10-26,600809,313.51,310.4,314.72,304.51,64200,2045583680.0,3.25,-1.18,-3.72,0.53
2021-10-27,600809,306.51,300.91,308.71,299.51,65673,2053335136.0,2.96,-3.06,-9.49,0.54
2021-10-28,600809,300.81,297.61,307.01,293.76,73501,2271414272.0,4.4,-1.1,-3.3,0.6
2021-10-29,600809,300.96,292.01,302.31,288.51,111313,3373977808.0,4.64,-1.88,-5.6,0.92
2021-11-01,600809,285.51,277.21,285.56,276.51,126970,3671981104.0,3.1,-5.07,-14.8,1.04
2021-11-02,600809,278.5,276.41,282.4,269.52,98468,2799341792.0,4.65,-0.29,-0.8,0.81
2021-11-03,600809,278.51,272.61,278.68,270.61,56245,1596676944.0,2.92,-1.37,-3.8,0.46
2021-11-04,600809,274.24,283.83,287.46,273.31,98338,2862265904.0,5.19,4.12,11.22,0.81
2021-11-05,600809,283.41,285.79,293.84,280.71,72400,2149939872.0,4.63,0.69,1.96,0.6
2021-11-08,600809,284.51,290.41,292.86,283.24,58216,1740633440.0,3.37,1.62,4.62,0.48
2021-11-09,600809,292.51,292.52,297.13,289.54,54234,1642467664.0,2.61,0.73,2.11,0.45
2021-11-10,600809,292.51,288.41,296.31,283.99,49298,1467346736.0,4.21,-1.41,-4.11,0.41
2021-11-11,600809,286.41,285.51,289.31,282.69,42272,1243304064.0,2.3,-1.01,-2.9,0.35
2021-11-12,600809,286.11,282.4,289.48,282.09,46407,1365009984.0,2.59,-1.09,-3.11,0.38
2021-11-15,600809,284.66,286.76,288.31,280.08,41118,1211814400.0,2.91,1.54,4.36,0.34
2021-11-16,600809,286.02,301.21,307.29,285.51,89449,2755471840.0,7.6,5.04,14.45,0.74
2021-11-17,600809,299.93,300.46,302.7,296.29,43664,1351128176.0,2.13,-0.25,-0.75,0.36
2021-11-18,600809,299.86,301.63,303.51,296.31,40473,1254474384.0,2.4,0.39,1.17,0.33
2021-11-19,600809,299.51,302.21,307.31,298.57,57762,1811855568.0,2.9,0.19,0.58,0.48
2021-11-22,600809,301.28,300.71,309.11,299.06,63021,1972882048.0,3.33,-0.5,-1.5,0.52
2021-11-23,600809,298.71,298.68,304.01,296.81,54666,1692751408.0,2.39,-0.68,-2.03,0.45
2021-11-24,600809,298.69,308.52,315.31,298.61,112645,3592028912.0,5.59,3.29,9.84,0.93
2021-11-25,600809,313.33,305.69,314.28,303.18,64540,2046854096.0,3.6,-0.92,-2.83,0.53
2021-11-26,600809,304.22,305.51,307.51,303.09,47889,1504760960.0,1.45,-0.06,-0.18,0.39
2021-11-29,600809,303.31,305.61,308.11,300.56,62657,1965052800.0,2.47,0.03,0.1,0.52
2021-11-30,600809,306.49,300.53,309.64,300.52,53847,1683236464.0,2.98,-1.66,-5.08,0.44
2021-12-01,600809,305.51,302.93,307.01,301.06,36112,1130969392.0,1.98,0.8,2.4,0.3
2021-12-02,600809,303.51,305.49,305.9,300.51,39121,1225978368.0,1.78,0.85,2.56,0.32
2021-12-03,600809,303.51,315.02,320.53,303.07,92927,3028320416.0,5.72,3.12,9.53,0.76
2021-12-06,600809,315.51,311.51,319.14,310.51,57739,1867121280.0,2.74,-1.11,-3.51,0.48
2021-12-07,600809,310.51,309.21,317.17,308.1,50865,1633792016.0,2.91,-0.74,-2.3,0.42
2021-12-08,600809,309.26,321.35,323.51,307.51,90733,2975365936.0,5.17,3.93,12.14,0.75
2021-12-09,600809,322.35,324.51,332.51,317.51,105121,3532185024.0,4.67,0.98,3.16,0.86
2021-12-10,600809,322.51,324.62,327.5,318.31,60594,2013962960.0,2.83,0.03,0.11,0.5
2021-12-13,600809,326.09,330.18,337.76,326.09,75553,2590739600.0,3.59,1.71,5.56,0.62
2021-12-14,600809,328.18,331.44,334.99,326.19,62541,2132889552.0,2.67,0.38,1.26,0.51
2021-12-15,600809,329.07,325.51,333.51,324.5,40638,1365955568.0,2.72,-1.79,-5.93,0.33
2021-12-16,600809,318.91,303.51,318.91,292.31,197115,6092607232.0,8.17,-6.76,-22.0,1.62
2021-12-17,600809,299.46,294.81,304.81,292.84,94638,2903987872.0,3.94,-2.87,-8.7,0.78
2021-12-20,600809,292.52,301.41,303.2,290.59,85578,2642458896.0,4.28,2.24,6.6,0.7
2021-12-21,600809,301.0,294.35,302.49,291.51,61563,1875192768.0,3.64,-2.34,-7.06,0.51
2021-12-22,600809,294.51,289.52,297.31,288.27,67787,2039464544.0,3.07,-1.64,-4.83,0.56
2021-12-23,600809,293.51,296.59,296.59,286.51,70951,2139308384.0,3.48,2.44,7.07,0.58
2021-12-24,600809,296.59,297.96,302.53,294.71,68683,2117111408.0,2.64,0.46,1.37,0.57
2021-12-27,600809,302.6,311.92,312.11,297.51,99078,3122155104.0,4.9,4.69,13.96,0.82
2021-12-28,600809,310.51,316.51,327.28,309.21,81657,2692440352.0,5.79,1.47,4.59,0.67
2021-12-29,600809,320.51,306.04,321.51,305.82,62613,2001723248.0,4.96,-3.31,-10.47,0.52
2021-12-30,600809,308.49,310.89,315.09,306.39,43117,1380466496.0,2.84,1.58,4.85,0.35
2021-12-31,600809,312.45,306.29,313.51,303.52,52740,1664959824.0,3.21,-1.48,-4.6,0.43
2022-01-04,600809,303.13,301.01,306.27,293.56,52799,1625403728.0,4.15,-1.72,-5.28,0.43
2022-01-05,600809,299.51,295.52,303.11,294.2,43878,1344467888.0,2.96,-1.82,-5.49,0.36
2022-01-06,600809,294.18,292.31,297.51,288.19,46674,1412577600.0,3.15,-1.09,-3.21,0.38
2022-01-07,600809,291.81,285.51,294.04,284.07,44176,1314962528.0,3.41,-2.33,-6.8,0.36
2022-01-10,600809,270.51,278.91,287.18,267.52,97974,2804777136.0,6.89,-2.31,-6.6,0.81
2022-01-11,600809,278.89,280.51,291.5,274.51,70045,2056189264.0,6.09,0.57,1.6,0.58
2022-01-12,600809,276.79,275.74,283.51,273.47,78927,2256642784.0,3.58,-1.7,-4.77,0.65
2022-01-13,600809,275.74,271.39,278.57,269.51,79264,2229960032.0,3.29,-1.58,-4.35,0.65
2022-01-14,600809,270.92,266.41,272.9,266.01,55140,1534595680.0,2.54,-1.83,-4.98,0.45
2022-01-17,600809,265.79,269.88,269.94,258.86,46592,1283893264.0,4.16,1.3,3.47,0.38
2022-01-18,600809,269.17,273.79,281.73,268.51,79967,2288286832.0,4.9,1.45,3.91,0.66
2022-01-19,600809,278.51,268.26,278.79,265.51,51777,1440927504.0,4.85,-2.02,-5.53,0.43
2022-01-20,600809,268.51,268.49,271.33,264.54,47226,1311052576.0,2.53,0.09,0.23,0.39
2022-01-21,600809,265.79,270.74,273.68,261.41,59955,1677261728.0,4.57,0.84,2.25,0.49
2022-01-24,600809,268.5,265.26,273.51,264.51,52558,1450767728.0,3.32,-2.02,-5.48,0.43
2022-01-25,600809,262.51,258.84,266.86,258.71,53211,1447243664.0,3.07,-2.42,-6.42,0.44
2022-01-26,600809,259.31,276.11,278.51,259.31,130326,3693077152.0,7.42,6.67,17.27,1.07
2022-01-27,600809,280.11,276.93,283.31,272.63,64104,1843658688.0,3.87,0.3,0.82,0.53
2022-01-28,600809,276.93,265.66,280.4,264.76,66495,1872701104.0,5.65,-4.07,-11.27,0.55
2022-02-07,600809,262.91,258.81,273.51,250.62,88880,2400715200.0,8.62,-2.58,-6.85,0.73
2022-02-08,600809,259.48,247.01,260.77,244.51,74133,1917898096.0,6.28,-4.56,-11.8,0.61
2022-02-09,600809,245.51,261.51,263.51,242.51,81466,2152248192.0,8.5,5.87,14.5,0.67
2022-02-10,600809,259.51,260.41,264.16,258.01,39804,1074048480.0,2.35,-0.42,-1.1,0.33
2022-02-11,600809,260.41,273.11,276.69,257.51,69681,1964580272.0,7.37,4.88,12.7,0.57
2022-02-14,600809,275.83,283.61,289.06,275.51,93206,2742074672.0,4.96,3.84,10.5,0.77
2022-02-15,600809,286.51,289.88,293.01,284.56,60737,1817468624.0,2.98,2.21,6.27,0.5
2022-02-16,600809,290.51,289.67,292.48,287.1,38855,1163143728.0,1.86,-0.07,-0.21,0.32
2022-02-17,600809,288.49,287.68,290.51,284.56,40419,1201506880.0,2.05,-0.69,-1.99,0.33
2022-02-18,600809,287.68,289.18,290.51,282.8,29424,873700864.0,2.68,0.52,1.5,0.24
2022-02-21,600809,287.51,285.83,291.17,282.51,27317,807364912.0,2.99,-1.16,-3.35,0.22
2022-02-22,600809,282.55,281.27,283.81,273.41,36790,1054620560.0,3.64,-1.6,-4.56,0.3
2022-02-23,600809,285.43,285.32,286.02,278.51,30414,892876160.0,2.67,1.44,4.05,0.25
2022-02-24,600809,284.2,280.9,289.51,276.47,43108,1259306144.0,4.57,-1.55,-4.42,0.35
2022-02-25,600809,281.45,280.31,285.51,279.01,26206,764671040.0,2.31,-0.21,-0.59,0.22
2022-02-28,600809,279.87,282.74,283.96,275.51,31866,925978976.0,3.01,0.87,2.43,0.26
2022-03-01,600809,283.51,287.78,289.51,282.71,37244,1106101808.0,2.41,1.78,5.04,0.31
2022-03-02,600809,285.59,289.64,292.19,281.51,36935,1100159440.0,3.71,0.65,1.86,0.3
2022-03-03,600809,290.16,277.31,291.9,276.57,49682,1445755136.0,5.29,-4.26,-12.33,0.41
2022-03-04,600809,275.41,273.51,276.81,266.01,37975,1067257216.0,3.89,-1.37,-3.8,0.31
2022-03-07,600809,270.51,262.91,273.51,261.91,54865,1511886704.0,4.24,-3.88,-10.6,0.45
2022-03-08,600809,267.51,264.45,276.51,263.01,53388,1491276528.0,5.13,0.59,1.54,0.44
2022-03-09,600809,264.49,264.46,268.4,254.51,58692,1597522896.0,5.25,0.0,0.01,0.48
2022-03-10,600809,278.15,284.51,288.84,275.01,82677,2414120288.0,5.23,7.58,20.05,0.68
2022-03-11,600809,278.41,277.63,282.52,269.94,55463,1582574624.0,4.42,-2.42,-6.88,0.46
2022-03-14,600809,272.69,258.51,272.69,256.5,81718,2203273184.0,5.83,-6.89,-19.12,0.67
2022-03-15,600809,253.03,249.46,259.44,245.61,53965,1412169824.0,5.35,-3.5,-9.05,0.44
2022-03-16,600809,254.51,260.81,264.01,245.54,69527,1843977488.0,7.4,4.55,11.35,0.57
2022-03-17,600809,266.01,270.51,277.16,264.96,71791,2013722448.0,4.68,3.72,9.7,0.59
2022-03-18,600809,269.28,264.85,272.01,262.89,40330,1111716656.0,3.37,-2.09,-5.66,0.33
2022-03-21,600809,265.91,264.9,268.09,260.52,32279,882924752.0,2.86,0.02,0.05,0.27
2022-03-22,600809,267.51,261.21,267.84,260.51,25621,696629792.0,2.77,-1.39,-3.69,0.21
2022-03-23,600809,261.41,261.98,264.99,257.76,33821,917672096.0,2.77,0.29,0.77,0.28
2022-03-24,600809,258.51,253.91,259.09,250.51,53302,1399872512.0,3.28,-3.08,-8.07,0.44
2022-03-25,600809,253.71,248.31,259.26,246.6,56332,1468472928.0,4.99,-2.21,-5.6,0.46
2022-03-28,600809,242.51,231.76,243.49,229.01,92803,2249136816.0,5.83,-6.67,-16.55,0.76
2022-03-29,600809,231.51,233.4,237.01,230.58,48785,1191443824.0,2.77,0.71,1.64,0.4
2022-03-30,600809,235.9,245.11,245.31,234.69,56286,1406453904.0,4.55,5.02,11.71,0.46
2022-03-31,600809,241.56,245.41,247.51,241.12,32786,833293616.0,2.61,0.12,0.3,0.27
2022-04-01,600809,244.5,249.32,255.55,242.89,42289,1102416464.0,5.16,1.59,3.91,0.35
2022-04-06,600809,244.51,241.36,247.91,237.67,48749,1223447520.0,4.11,-3.19,-7.96,0.4
2022-04-07,600809,239.06,240.93,245.51,237.96,24328,611519488.0,3.13,-0.18,-0.43,0.2
2022-04-08,600809,241.51,238.01,245.39,237.01,35770,896677936.0,3.48,-1.21,-2.92,0.29
2022-04-11,600809,236.62,220.34,236.62,219.19,78589,1834404768.0,7.32,-7.42,-17.67,0.65
2022-04-12,600809,224.94,243.32,243.32,223.57,93817,2295343904.0,8.96,10.43,22.98,0.77
2022-04-13,600809,242.16,246.91,251.51,238.51,74381,1899037296.0,5.34,1.48,3.59,0.61
2022-04-14,600809,251.66,263.03,270.53,247.01,92775,2501652672.0,9.53,6.53,16.12,0.76
2022-04-15,600809,258.51,256.21,262.51,254.68,53626,1431082688.0,2.98,-2.59,-6.82,0.44
2022-04-18,600809,252.43,254.72,256.71,245.03,52855,1370181504.0,4.56,-0.58,-1.49,0.43
2022-04-19,600809,255.51,251.65,260.43,248.51,45759,1198330944.0,4.68,-1.21,-3.07,0.38
2022-04-20,600809,251.59,254.52,259.21,247.51,49178,1295016752.0,4.65,1.14,2.87,0.4
2022-04-21,600809,252.77,252.51,256.94,250.51,40921,1076619824.0,2.53,-0.79,-2.01,0.34
2022-04-22,600809,252.36,251.59,254.51,246.01,49828,1293621120.0,3.37,-0.36,-0.92,0.41
2022-04-25,600809,247.39,244.01,257.01,240.61,63990,1654198832.0,6.52,-3.01,-7.58,0.53
2022-04-26,600809,244.51,248.02,256.51,244.51,87798,2281187280.0,4.92,1.64,4.01,0.72
2022-04-27,600809,250.01,259.36,260.5,249.51,82512,2195244512.0,4.43,4.57,11.34,0.68
2022-04-28,600809,261.91,262.51,266.26,259.91,64024,1745340416.0,2.45,1.21,3.15,0.53
2022-04-29,600809,264.51,262.51,268.11,250.76,82859,2234617936.0,6.61,0.0,0.0,0.68
2022-05-05,600809,261.51,257.57,266.21,257.11,55097,1483371888.0,3.47,-1.88,-4.94,0.45
2022-05-06,600809,252.51,244.17,252.51,240.51,54973,1398308320.0,4.66,-5.2,-13.4,0.45
2022-05-09,600809,240.51,235.88,240.51,230.51,62562,1523928128.0,4.1,-3.4,-8.29,0.51
2022-05-10,600809,230.52,241.58,245.51,229.01,66187,1648967504.0,7.0,2.42,5.7,0.54
2022-05-11,600809,241.03,247.3,251.95,241.03,57382,1474051088.0,4.52,2.37,5.72,0.47
2022-05-12,600809,246.5,249.32,254.39,243.61,37561,971856944.0,4.36,0.82,2.02,0.31
2022-05-13,600809,252.28,248.92,253.82,246.06,32997,853228400.0,3.11,-0.16,-0.4,0.27
2022-05-16,600809,249.6,245.46,251.18,243.21,38187,974661552.0,3.2,-1.39,-3.46,0.31
2022-05-17,600809,247.01,248.51,252.17,244.04,37600,971256032.0,3.31,1.24,3.05,0.31
2022-05-18,600809,250.39,248.7,250.51,242.01,41643,1065836224.0,3.42,0.08,0.19,0.34
2022-05-19,600809,245.51,243.51,247.31,241.17,43624,1103424736.0,2.47,-2.09,-5.19,0.36
2022-05-20,600809,245.98,253.49,255.07,245.97,69019,1803448672.0,3.74,4.1,9.98,0.57
2022-05-23,600809,253.45,245.51,253.45,244.51,63234,1621223104.0,3.53,-3.15,-7.98,0.52
2022-05-24,600809,245.85,242.55,246.48,241.5,40457,1021220224.0,2.03,-1.21,-2.96,0.33
2022-05-25,600809,244.76,238.77,245.09,232.01,62922,1553204576.0,5.39,-1.56,-3.78,0.52
2022-05-26,600809,238.51,236.11,239.3,232.67,52225,1279839024.0,2.78,-1.11,-2.66,0.43
2022-05-27,600809,238.51,241.8,245.38,236.71,60788,1533498176.0,3.67,2.41,5.69,0.5
2022-05-30,600809,244.61,251.76,252.51,242.51,80710,2092753344.0,4.14,4.12,9.96,0.66
2022-05-31,600809,250.51,263.01,265.11,248.02,90983,2450195360.0,6.79,4.47,11.25,0.75
2022-06-01,600809,260.91,262.11,263.39,257.51,47065,1274455808.0,2.24,-0.34,-0.9,0.39
2022-06-02,600809,258.61,260.76,264.22,258.51,30682,830107232.0,2.18,-0.52,-1.35,0.25
2022-06-06,600809,260.79,267.29,270.31,257.01,48091,1319986320.0,5.1,2.5,6.53,0.39
2022-06-07,600809,266.06,276.61,279.01,264.96,55121,1572721184.0,5.26,3.49,9.32,0.45
2022-06-08,600809,277.91,277.01,283.46,273.74,59868,1719321744.0,3.51,0.14,0.4,0.49
2022-06-09,600809,276.71,273.88,281.11,272.52,35538,1011207792.0,3.1,-1.13,-3.13,0.29
2022-06-10,600809,270.01,277.48,277.48,265.63,45721,1291683008.0,4.33,1.31,3.6,0.38
2022-06-13,600809,271.51,267.21,273.51,264.64,63370,1756814160.0,3.2,-3.7,-10.27,0.52
2022-06-14,600809,262.22,270.81,271.81,261.74,33212,923198848.0,3.77,1.35,3.6,0.27
2022-06-15,600809,270.51,276.52,280.51,267.01,58306,1663496528.0,4.99,2.11,5.71,0.48
2022-06-16,600809,277.85,273.51,281.2,271.61,32879,938896224.0,3.47,-1.09,-3.01,0.27
2022-06-17,600809,270.52,278.39,281.11,270.51,41713,1197082992.0,3.88,1.78,4.88,0.34
2022-06-20,600809,281.51,289.31,295.51,279.01,62846,1863577168.0,5.93,3.92,10.92,0.52
2022-06-21,600809,287.41,287.06,294.01,284.69,43088,1282835696.0,3.22,-0.78,-2.25,0.35
2022-06-22,600809,287.05,283.57,289.74,283.17,30099,886480912.0,2.29,-1.22,-3.49,0.25
2022-06-23,600809,286.49,290.79,291.17,283.68,45681,1361927104.0,2.64,2.55,7.22,0.38
2022-06-24,600809,293.42,293.31,297.01,289.74,45670,1386239584.0,2.5,0.87,2.52,0.38
2022-06-27,600809,295.52,310.01,314.51,295.52,69182,2202265392.0,6.47,5.69,16.7,0.57
2022-06-28,600809,308.01,309.91,314.18,307.69,53153,1696543072.0,2.09,-0.03,-0.1,0.44
2022-06-29,600809,309.91,308.25,311.32,306.86,41172,1302343120.0,1.44,-0.54,-1.66,0.34
2022-06-30,600809,309.65,317.11,325.31,309.65,66024,2161698240.0,5.08,2.87,8.86,0.54
2022-07-01,600809,312.31,304.46,315.31,295.42,95491,2958942320.0,6.27,-3.99,-12.65,0.78
2022-07-04,600809,296.31,301.21,304.31,295.43,66602,2047141808.0,2.92,-1.07,-3.25,0.55
2022-07-05,600809,303.87,298.55,306.11,292.31,77890,2378644352.0,4.58,-0.88,-2.66,0.64
2022-07-06,600809,300.31,290.51,300.31,288.52,64335,1930086368.0,3.95,-2.69,-8.04,0.53
2022-07-07,600809,290.52,291.91,293.61,285.37,45923,1367901664.0,2.84,0.48,1.4,0.38
2022-07-08,600809,295.62,293.08,297.82,288.64,48658,1467848720.0,3.14,0.4,1.17,0.4
2022-07-11,600809,287.39,285.51,289.8,283.51,45054,1319965392.0,2.15,-2.58,-7.57,0.37
2022-07-12,600809,284.27,282.7,287.01,278.51,35469,1027513610.0,2.98,-0.98,-2.81,0.29
2022-07-13,600809,282.22,282.07,284.91,279.57,37081,1075123232.0,1.89,-0.22,-0.63,0.3
2022-07-14,600809,282.05,280.73,282.87,278.31,31146,897623124.0,1.62,-0.48,-1.34,0.26
2022-07-15,600809,278.46,281.38,290.34,278.46,64730,1900211091.0,4.23,0.23,0.65,0.53
2022-07-18,600809,281.31,279.61,282.67,272.92,52732,1503676270.0,3.47,-0.63,-1.77,0.43
2022-07-19,600809,278.31,277.31,282.1,273.81,36227,1029673713.0,2.96,-0.82,-2.3,0.3
2022-07-20,600809,279.82,282.7,284.81,278.31,43634,1266002689.0,2.34,1.94,5.39,0.36
2022-07-21,600809,281.34,282.51,285.81,280.74,34592,1008688153.0,1.79,-0.07,-0.19,0.28
2022-07-22,600809,283.11,283.11,288.62,280.42,34142,998920276.0,2.9,0.21,0.6,0.28
2022-07-25,600809,282.31,285.12,286.8,276.42,32919,954732790.0,3.67,0.71,2.01,0.27
2022-07-26,600809,287.24,288.51,290.86,286.31,37706,1119136735.0,1.6,1.19,3.39,0.31
2022-07-27,600809,286.31,279.43,287.75,278.2,42779,1235712812.0,3.31,-3.15,-9.08,0.35
2022-07-28,600809,279.56,278.59,283.31,277.47,25567,735884183.0,2.09,-0.3,-0.84,0.21
2022-07-29,600809,276.29,266.48,280.31,265.31,74101,2060199099.0,5.38,-4.35,-12.11,0.61
2022-08-01,600809,265.04,263.97,267.81,262.31,66784,1818241892.0,2.06,-0.94,-2.51,0.55
2022-08-02,600809,262.31,258.81,264.43,256.61,79951,2136979522.0,2.96,-1.95,-5.16,0.66
2022-08-03,600809,259.24,259.49,264.19,257.34,42797,1145426044.0,2.65,0.26,0.68,0.35
2022-08-04,600809,261.31,266.11,267.66,258.84,54019,1469093405.0,3.4,2.55,6.62,0.44
2022-08-05,600809,267.86,267.84,269.94,263.83,33042,906880251.0,2.3,0.65,1.73,0.27
2022-08-08,600809,266.11,269.08,274.65,265.32,37943,1054450275.0,3.48,0.46,1.24,0.31
2022-08-09,600809,268.01,269.2,271.91,266.12,24765,685616517.0,2.15,0.04,0.12,0.2
2022-08-10,600809,270.18,265.38,271.51,262.31,36395,993434101.0,3.42,-1.42,-3.82,0.3
2022-08-11,600809,266.33,270.16,271.27,264.51,40106,1108152978.0,2.55,1.8,4.78,0.33
2022-08-12,600809,270.29,275.58,276.61,267.81,46184,1297473284.0,3.26,2.01,5.42,0.38
2022-08-15,600809,274.31,270.19,275.19,268.56,45703,1272501998.0,2.41,-1.96,-5.39,0.38
2022-08-16,600809,271.59,261.1,271.81,259.45,81577,2211445614.0,4.57,-3.36,-9.09,0.67
2022-08-17,600809,260.09,261.71,264.31,255.81,61092,1636720568.0,3.26,0.23,0.61,0.5
2022-08-18,600809,258.76,258.88,261.1,254.0,77497,2048733496.0,2.71,-1.08,-2.83,0.64
2022-08-19,600809,256.89,257.35,260.96,254.11,38202,1014689156.0,2.65,-0.59,-1.53,0.31
2022-08-22,600809,255.81,257.74,263.3,255.39,36098,962043573.0,3.07,0.15,0.39,0.3
2022-08-23,600809,257.71,253.96,258.71,251.32,58990,1540044965.0,2.87,-1.47,-3.78,0.48
2022-08-24,600809,252.58,255.31,257.51,252.31,41156,1082305438.0,2.05,0.53,1.35,0.34
2022-08-25,600809,256.31,268.31,268.31,256.31,98409,2675272867.0,4.7,5.09,13.0,0.81
2022-08-26,600809,273.81,279.24,289.31,272.81,165217,4787809870.0,6.15,4.07,10.93,1.36
2022-08-29,600809,277.31,277.61,285.97,276.58,73009,2095979095.0,3.36,-0.58,-1.63,0.6
2022-08-30,600809,277.6,276.4,279.34,271.9,48710,1378014033.0,2.68,-0.44,-1.21,0.4
2022-08-31,600809,275.51,285.31,292.19,274.32,106266,3122806039.0,6.47,3.22,8.91,0.87
2022-09-01,600809,285.18,284.89,288.97,281.32,54782,1603713069.0,2.68,-0.15,-0.42,0.45
2022-09-02,600809,286.89,280.84,287.31,277.39,47454,1365488941.0,3.48,-1.42,-4.05,0.39
2022-09-05,600809,275.31,275.09,278.8,270.11,61980,1742446774.0,3.09,-2.05,-5.75,0.51
2022-09-06,600809,277.37,278.33,281.08,274.34,42369,1209713755.0,2.45,1.18,3.24,0.35
2022-09-07,600809,278.67,270.43,278.71,268.31,58932,1642526465.0,3.74,-2.84,-7.9,0.48
2022-09-08,600809,270.43,277.9,283.62,270.43,82727,2378938568.0,4.88,2.76,7.47,0.68
2022-09-09,600809,280.89,283.52,285.81,273.32,77329,2250374665.0,4.49,2.02,5.62,0.64
2022-09-13,600809,283.52,285.31,288.8,279.92,56491,1655336055.0,3.13,0.63,1.79,0.46
2022-09-14,600809,281.31,284.61,285.19,279.31,28345,825329368.0,2.06,-0.25,-0.7,0.23
2022-09-15,600809,282.59,288.31,290.91,282.59,54853,1623148921.0,2.92,1.3,3.7,0.45
2022-09-16,600809,288.29,281.81,290.3,281.31,40787,1188143420.0,3.12,-2.25,-6.5,0.33
2022-09-19,600809,282.31,286.06,296.86,280.57,64372,1904601054.0,5.78,1.51,4.25,0.53
2022-09-20,600809,288.72,288.4,291.56,283.11,39674,1173351364.0,2.95,0.82,2.34,0.33
2022-09-21,600809,286.65,284.46,290.31,283.32,26994,791216073.0,2.42,-1.37,-3.94,0.22
2022-09-22,600809,282.44,284.75,286.31,280.69,25045,729079403.0,1.98,0.1,0.29,0.21
2022-09-23,600809,284.75,284.2,287.31,281.83,33368,975559390.0,1.92,-0.19,-0.55,0.27
2022-09-26,600809,281.66,291.96,295.5,280.31,63016,1891397417.0,5.34,2.73,7.76,0.52
2022-09-27,600809,290.6,300.49,302.14,290.36,68629,2102352342.0,4.03,2.92,8.53,0.56
2022-09-28,600809,299.31,299.16,307.26,297.41,54542,1691344077.0,3.28,-0.44,-1.33,0.45
2022-09-29,600809,302.31,296.59,303.31,295.31,42771,1306400672.0,2.67,-0.86,-2.57,0.35
2022-09-30,600809,301.31,295.2,302.11,292.43,32117,977504744.0,3.26,-0.47,-1.39,0.26
2022-10-10,600809,294.36,275.41,294.81,273.31,85946,2476798394.0,7.28,-6.7,-19.79,0.71
2022-10-11,600809,276.31,275.41,279.21,267.31,49362,1392864187.0,4.32,0.0,0.0,0.41
2022-10-12,600809,277.21,270.81,277.21,262.31,78964,2170774888.0,5.41,-1.67,-4.6,0.65
2022-10-13,600809,275.31,265.91,276.31,264.51,84429,2323970785.0,4.36,-1.81,-4.9,0.69
2022-10-14,600809,268.26,270.25,273.91,265.91,62814,1749058363.0,3.01,1.63,4.34,0.52
2022-10-17,600809,268.31,263.89,268.4,259.13,61339,1658097876.0,3.43,-2.35,-6.36,0.5
2022-10-18,600809,263.91,262.81,266.86,259.92,39312,1062617998.0,2.63,-0.41,-1.08,0.32
2022-10-19,600809,260.36,254.91,262.2,252.31,85313,2241118741.0,3.76,-3.01,-7.9,0.7
2022-10-20,600809,251.3,262.0,263.21,248.33,71650,1907010134.0,5.84,2.78,7.09,0.59
2022-10-21,600809,259.52,258.81,261.31,254.88,45630,1212867331.0,2.45,-1.22,-3.19,0.37
2022-10-24,600809,251.31,235.15,252.31,233.02,131501,3268183884.0,7.45,-9.14,-23.66,1.08
2022-10-25,600809,231.34,236.41,240.08,230.37,80654,1964153321.0,4.13,0.54,1.26,0.66
2022-10-26,600809,236.55,233.26,243.17,232.08,82793,2020309166.0,4.69,-1.33,-3.15,0.68
2022-10-27,600809,232.81,222.01,237.31,220.2,111935,2621068046.0,7.34,-4.82,-11.25,0.92
2022-10-28,600809,224.99,226.94,231.64,222.03,94276,2214050270.0,4.33,2.22,4.93,0.77
2022-10-31,600809,223.11,224.69,227.87,219.62,53334,1238028899.0,3.64,-0.99,-2.25,0.44
2022-11-01,600809,227.31,243.29,243.81,227.18,117083,2865023724.0,7.4,8.28,18.6,0.96
2022-11-02,600809,242.31,248.22,257.31,239.32,106827,2740037904.0,7.39,2.03,4.93,0.88
2022-11-03,600809,244.31,240.97,244.71,238.91,57442,1432417929.0,2.34,-2.92,-7.25,0.47
2022-11-04,600809,239.31,252.14,259.0,239.29,99028,2574443375.0,8.18,4.64,11.17,0.81
2022-11-07,600809,248.31,256.31,257.81,248.31,63690,1669043974.0,3.77,1.65,4.17,0.52
2022-11-08,600809,255.39,250.57,258.31,248.31,48395,1253632172.0,3.9,-2.24,-5.74,0.4
2022-11-09,600809,248.81,245.03,251.21,242.64,52210,1321635303.0,3.42,-2.21,-5.54,0.43
2022-11-10,600809,243.01,251.3,252.58,242.4,56171,1442353580.0,4.15,2.56,6.27,0.46
2022-11-11,600809,261.31,260.79,264.31,255.32,88342,2362645784.0,3.58,3.78,9.49,0.73
2022-11-14,600809,262.43,254.43,269.5,253.92,62167,1659516246.0,5.97,-2.44,-6.36,0.51
2022-11-15,600809,256.3,256.51,262.11,252.43,59706,1580949201.0,3.8,0.82,2.08,0.49
2022-11-16,600809,254.59,258.42,260.51,252.91,38457,1021403097.0,2.96,0.74,1.91,0.32
2022-11-17,600809,256.41,251.88,259.01,249.37,45293,1177213143.0,3.73,-2.53,-6.54,0.37
2022-11-18,600809,252.31,255.54,260.78,250.61,40122,1056128845.0,4.04,1.45,3.66,0.33
2022-11-21,600809,250.31,248.3,250.43,244.8,45931,1169034364.0,2.2,-2.83,-7.24,0.38
2022-11-22,600809,249.8,248.11,252.48,246.71,29631,759617436.0,2.32,-0.08,-0.19,0.24
2022-11-23,600809,247.31,245.61,248.81,243.31,27099,687975400.0,2.22,-1.01,-2.5,0.22
2022-11-24,600809,248.09,241.3,249.14,240.87,39322,984548975.0,3.37,-1.75,-4.31,0.32
2022-11-25,600809,241.61,241.19,242.8,235.3,36836,907073592.0,3.11,-0.05,-0.11,0.3
2022-11-28,600809,235.31,238.2,239.33,228.31,63774,1534786524.0,4.57,-1.24,-2.99,0.52
2022-11-29,600809,242.5,253.17,254.31,242.5,98811,2538807657.0,4.96,6.28,14.97,0.81
2022-11-30,600809,250.32,248.36,254.63,245.34,56848,1457120940.0,3.67,-1.9,-4.81,0.47
2022-12-01,600809,256.31,252.93,263.42,252.61,89470,2372006980.0,4.35,1.84,4.57,0.73
2022-12-02,600809,252.25,254.3,256.76,250.34,40775,1067474382.0,2.54,0.54,1.37,0.33
2022-12-05,600809,260.07,256.71,261.5,255.83,52622,1399011855.0,2.23,0.95,2.41,0.43
2022-12-06,600809,254.46,266.31,273.11,254.41,95587,2626363376.0,7.28,3.74,9.6,0.78
2022-12-07,600809,266.38,267.62,273.81,262.72,65283,1799399880.0,4.16,0.49,1.31,0.54
2022-12-08,600809,267.63,270.31,272.51,266.39,49146,1364294341.0,2.29,1.01,2.69,0.4
2022-12-09,600809,270.07,276.5,277.37,263.81,76906,2155048781.0,5.02,2.29,6.19,0.63
2022-12-12,600809,274.31,270.01,276.39,269.29,60300,1689497659.0,2.57,-2.35,-6.49,0.5
2022-12-13,600809,270.21,271.36,272.19,265.81,42524,1181663433.0,2.36,0.5,1.35,0.35
2022-12-14,600809,271.33,281.23,284.31,268.97,72986,2099337556.0,5.65,3.64,9.87,0.6
2022-12-15,600809,282.96,276.37,284.21,272.31,55989,1592503269.0,4.23,-1.73,-4.86,0.46
2022-12-16,600809,275.81,279.12,280.81,274.31,35428,1013384396.0,2.35,1.0,2.75,0.29
2022-12-19,600809,279.53,276.3,282.3,274.75,27791,791550644.0,2.7,-1.01,-2.82,0.23
2022-12-20,600809,274.82,264.05,276.1,261.67,55404,1519464232.0,5.22,-4.43,-12.25,0.45
2022-12-21,600809,266.25,270.15,272.31,266.22,41697,1158277771.0,2.31,2.31,6.1,0.34
2022-12-22,600809,275.06,275.09,278.31,269.31,35137,993157320.0,3.33,1.83,4.94,0.29
2022-12-23,600809,272.41,276.27,280.31,270.49,31933,908476869.0,3.57,0.43,1.18,0.26
2022-12-26,600809,277.21,274.01,278.89,273.31,30660,870892425.0,2.02,-0.82,-2.26,0.25
2022-12-27,600809,276.81,278.31,281.01,273.33,32975,943749589.0,2.8,1.57,4.3,0.27
2022-12-28,600809,276.84,277.66,279.19,274.11,28377,807910378.0,1.83,-0.23,-0.65,0.23
2022-12-29,600809,275.31,275.14,276.81,270.71,31607,889836146.0,2.2,-0.91,-2.52,0.26
2022-12-30,600809,275.31,277.3,279.01,275.31,29713,847125622.0,1.34,0.79,2.16,0.24
2023-01-03,600809,276.52,268.15,276.52,264.31,72342,1990649136.0,4.4,-3.3,-9.15,0.59
2023-01-04,600809,268.1,268.31,270.24,264.71,32210,887858688.0,2.06,0.06,0.16,0.26
2023-01-05,600809,271.93,278.37,282.01,269.59,70846,2025766700.0,4.63,3.75,10.06,0.58
2023-01-06,600809,278.37,279.81,282.56,273.56,53364,1530052029.0,3.23,0.52,1.44,0.44
2023-01-09,600809,282.0,282.29,284.64,277.41,51104,1477510763.0,2.58,0.89,2.48,0.42
2023-01-10,600809,281.19,286.31,291.07,279.31,52205,1537600438.0,4.17,1.42,4.02,0.43
2023-01-11,600809,286.31,286.31,289.14,283.32,40557,1192330232.0,2.03,0.0,0.0,0.33
2023-01-12,600809,288.61,289.61,291.29,286.88,47196,1402722347.0,1.54,1.15,3.3,0.39
2023-01-13,600809,288.55,298.87,301.0,288.55,66758,2039308523.0,4.3,3.2,9.26,0.55
2023-01-16,600809,298.83,304.21,311.11,298.38,65996,2072197094.0,4.26,1.79,5.34,0.54
2023-01-17,600809,306.29,298.31,306.29,296.43,45526,1396102412.0,3.24,-1.94,-5.9,0.37
2023-01-18,600809,298.31,291.44,302.29,290.29,55649,1675563319.0,4.02,-2.3,-6.87,0.46
2023-01-19,600809,291.22,290.79,293.06,285.27,49935,1485127638.0,2.67,-0.22,-0.65,0.41
2023-01-20,600809,295.31,288.71,297.2,286.71,49975,1494523376.0,3.61,-0.72,-2.08,0.41
2023-01-30,600809,292.31,289.24,292.81,283.11,72144,2137300615.0,3.36,0.18,0.53,0.59
2023-01-31,600809,289.21,283.86,292.31,281.31,48631,1425584469.0,3.8,-1.86,-5.38,0.4
2023-02-01,600809,283.86,283.24,285.21,277.6,50990,1473665102.0,2.68,-0.22,-0.62,0.42
2023-02-02,600809,285.19,283.71,286.81,281.22,52314,1523258530.0,1.97,0.17,0.47,0.43
2023-02-03,600809,280.31,278.89,282.31,273.31,56051,1595888479.0,3.17,-1.7,-4.82,0.46
2023-02-06,600809,275.99,273.66,275.99,268.44,53742,1506264471.0,2.71,-1.88,-5.23,0.44
2023-02-07,600809,275.15,276.85,277.83,273.81,39006,1107247593.0,1.47,1.17,3.19,0.32
2023-02-08,600809,277.31,272.77,278.36,271.31,29661,834642659.0,2.55,-1.47,-4.08,0.24
2023-02-09,600809,273.31,281.31,281.31,272.31,52026,1494236658.0,3.3,3.13,8.54,0.43
2023-02-10,600809,281.31,279.32,284.34,277.16,41467,1195036262.0,2.55,-0.71,-1.99,0.34
2023-02-13,600809,275.75,289.01,291.89,275.31,70575,2084382137.0,5.94,3.47,9.69,0.58
2023-02-14,600809,289.81,291.81,297.31,286.81,50532,1514833321.0,3.63,0.97,2.8,0.41
2023-02-15,600809,290.53,289.33,294.31,287.73,37556,1120162807.0,2.25,-0.85,-2.48,0.31
2023-02-16,600809,290.81,291.82,297.59,289.31,47733,1438690844.0,2.86,0.86,2.49,0.39
2023-02-17,600809,291.09,286.31,296.74,286.31,42244,1263385998.0,3.57,-1.89,-5.51,0.35
2023-02-20,600809,285.31,290.18,290.99,281.97,39065,1150868654.0,3.15,1.35,3.87,0.32
2023-02-21,600809,288.36,284.58,290.9,281.31,39750,1159202529.0,3.3,-1.93,-5.6,0.33
2023-02-22,600809,283.84,282.43,287.79,281.41,31066,906966147.0,2.24,-0.76,-2.15,0.26
2023-02-23,600809,282.37,281.31,284.3,277.6,28487,820084729.0,2.37,-0.4,-1.12,0.23
2023-02-24,600809,278.31,274.19,280.3,272.36,38917,1100035932.0,2.82,-2.53,-7.12,0.32
2023-02-27,600809,272.39,276.06,278.8,272.31,41131,1166480819.0,2.37,0.68,1.87,0.34
2023-02-28,600809,278.37,274.96,278.71,271.96,30326,855137042.0,2.45,-0.4,-1.1,0.25
2023-03-01,600809,274.54,276.61,278.3,272.69,37006,1050696386.0,2.04,0.6,1.65,0.3
2023-03-02,600809,277.22,271.21,277.29,269.39,55418,1549898371.0,2.86,-1.95,-5.4,0.46
2023-03-03,600809,272.61,267.89,274.16,266.31,46786,1292269597.0,2.89,-1.22,-3.32,0.38
2023-03-06,600809,267.31,266.61,267.81,262.37,40791,1115134333.0,2.03,-0.48,-1.28,0.33
2023-03-07,600809,266.23,258.96,266.29,258.31,67996,1830533550.0,2.99,-2.87,-7.65,0.56
2023-03-08,600809,257.33,256.99,259.98,255.28,43971,1164375920.0,1.81,-0.76,-1.97,0.36
2023-03-09,600809,258.64,255.8,258.96,252.42,41240,1087051976.0,2.54,-0.46,-1.19,0.34
2023-03-10,600809,252.56,254.46,258.31,252.44,41687,1100478680.0,2.29,-0.52,-1.34,0.34
2023-03-13,600809,256.31,263.51,265.29,255.49,70526,1903396817.0,3.85,3.56,9.05,0.58
2023-03-14,600809,263.45,264.41,268.19,259.46,57171,1558002366.0,3.31,0.34,0.9,0.47
2023-03-15,600809,270.32,260.41,271.32,260.31,46034,1253901136.0,4.16,-1.51,-4.0,0.38
2023-03-16,600809,262.21,265.82,269.99,260.31,59248,1619606575.0,3.72,2.08,5.41,0.49
2023-03-17,600809,266.31,259.54,267.31,257.81,62230,1677502606.0,3.57,-2.36,-6.28,0.51
2023-03-20,600809,256.31,258.54,261.66,254.31,35140,931971749.0,2.83,-0.39,-1.0,0.29
2023-03-21,600809,259.21,264.66,267.31,257.81,49769,1352532350.0,3.67,2.37,6.12,0.41
2023-03-22,600809,264.71,261.36,269.7,260.42,41065,1118663328.0,3.51,-1.25,-3.3,0.34
2023-03-23,600809,260.65,263.42,265.19,259.31,33312,901325912.0,2.25,0.79,2.06,0.27
2023-03-24,600809,263.23,265.91,267.46,262.04,32455,886271008.0,2.06,0.95,2.49,0.27
2023-03-27,600809,265.93,263.8,265.93,261.97,29515,800102458.0,1.49,-0.79,-2.11,0.24
2023-03-28,600809,264.29,267.14,268.31,263.76,31681,868300250.0,1.72,1.27,3.34,0.26
2023-03-29,600809,269.53,266.3,269.56,263.88,27795,760798928.0,2.13,-0.31,-0.84,0.23
2023-03-30,600809,266.31,267.31,268.97,263.83,33930,930567885.0,1.93,0.38,1.01,0.28
2023-03-31,600809,267.31,264.71,270.84,264.31,41232,1133221226.0,2.44,-0.97,-2.6,0.34
2023-04-03,600809,263.31,260.13,264.7,258.21,56802,1524827861.0,2.45,-1.73,-4.58,0.47
2023-04-04,600809,260.08,259.67,261.19,256.08,62067,1650868926.0,1.96,-0.18,-0.46,0.51
2023-04-06,600809,258.49,249.57,258.49,249.31,70047,1821538409.0,3.54,-3.89,-10.1,0.58
2023-04-07,600809,247.34,244.7,249.31,242.61,84525,2135026224.0,2.68,-1.95,-4.87,0.69
2023-04-10,600809,242.51,236.42,242.6,233.31,98290,2388850755.0,3.8,-3.38,-8.28,0.81
2023-04-11,600809,238.21,237.87,244.31,237.39,88128,2186408308.0,2.93,0.61,1.45,0.72
2023-04-12,600809,238.3,233.39,241.15,232.32,67018,1625569876.0,3.71,-1.88,-4.48,0.55
2023-04-13,600809,233.31,238.98,242.31,231.4,74041,1820516230.0,4.67,2.4,5.59,0.61
2023-04-14,600809,239.31,235.62,241.11,235.07,45244,1105303306.0,2.53,-1.41,-3.36,0.37
2023-04-17,600809,236.12,237.31,239.12,236.09,50568,1238692609.0,1.29,0.72,1.69,0.42
2023-04-18,600809,237.82,238.14,239.1,236.37,44693,1098210030.0,1.15,0.35,0.83,0.37
2023-04-19,600809,239.11,237.0,239.31,235.51,30360,743365963.0,1.6,-0.48,-1.14,0.25
2023-04-20,600809,237.1,234.25,237.61,232.79,31252,757671537.0,2.03,-1.16,-2.75,0.26
2023-04-21,600809,234.31,231.18,235.19,230.33,43654,1047443947.0,2.07,-1.31,-3.07,0.36
2023-04-24,600809,230.31,228.54,232.1,227.11,50793,1199000094.0,2.16,-1.14,-2.64,0.42
2023-04-25,600809,230.28,233.09,233.31,227.11,46232,1101924518.0,2.71,1.99,4.55,0.38
2023-04-26,600809,233.09,232.37,235.81,230.88,34265,823790621.0,2.12,-0.31,-0.72,0.28
2023-04-27,600809,232.64,236.43,237.31,229.81,51205,1239798696.0,3.23,1.75,4.06,0.42
2023-04-28,600809,244.31,240.77,249.07,239.61,84469,2127043787.0,4.0,1.84,4.34,0.69
2023-05-04,600809,240.31,231.32,243.3,231.31,64805,1573064746.0,4.98,-3.92,-9.45,0.53
2023-05-05,600809,231.32,232.71,233.0,228.89,37633,898976183.0,1.78,0.6,1.39,0.31
2023-05-08,600809,232.71,227.01,233.31,226.21,55989,1320195804.0,3.05,-2.45,-5.7,0.46
2023-05-09,600809,226.72,233.63,235.8,223.92,67667,1623001116.0,5.23,2.92,6.62,0.55
2023-05-10,600809,232.81,229.86,233.56,229.19,35360,843868451.0,1.87,-1.61,-3.77,0.29
2023-05-11,600809,232.31,228.38,233.55,228.07,26328,624431057.0,2.38,-0.64,-1.48,0.22
2023-05-12,600809,227.31,226.11,230.21,225.96,30998,728267957.0,1.86,-0.99,-2.27,0.25
2023-05-15,600809,224.41,227.64,227.81,223.6,26245,614678665.0,1.86,0.68,1.53,0.22
2023-05-16,600809,227.65,225.81,228.18,224.71,22703,529715110.0,1.52,-0.8,-1.83,0.19
2023-05-17,600809,225.81,222.51,226.74,221.48,34598,799604789.0,2.33,-1.46,-3.3,0.28
2023-05-18,600809,223.19,219.45,223.28,217.47,43444,988672401.0,2.61,-1.38,-3.06,0.36
2023-05-19,600809,218.3,224.59,224.97,215.31,57556,1316543211.0,4.4,2.34,5.14,0.47
2023-05-22,600809,212.31,217.3,218.04,201.36,197947,4325552290.0,7.43,-3.25,-7.29,1.62
2023-05-23,600809,213.31,206.09,215.31,203.91,167035,3610275063.0,5.25,-5.16,-11.21,1.37
2023-05-24,600809,203.31,207.71,211.42,203.13,74871,1619737979.0,4.02,0.79,1.62,0.61
2023-05-25,600809,207.18,207.96,211.44,203.67,61440,1322985460.0,3.74,0.12,0.25,0.5
2023-05-26,600809,207.76,209.67,211.39,206.99,48347,1049359656.0,2.12,0.82,1.71,0.4
2023-05-29,600809,209.73,206.42,210.8,205.8,34522,741841985.0,2.38,-1.55,-3.25,0.28
2023-05-30,600809,207.31,203.0,207.81,201.78,66549,1405752993.0,2.92,-1.66,-3.42,0.55
2023-05-31,600809,202.81,202.14,204.11,199.34,59561,1243658874.0,2.35,-0.42,-0.86,0.49
2023-06-01,600809,203.1,204.72,212.3,202.31,69878,1500623041.0,4.94,1.28,2.58,0.57
2023-06-02,600809,206.31,208.44,209.11,204.9,53833,1157687979.0,2.06,1.82,3.72,0.44
2023-06-05,600809,208.44,204.31,208.44,202.59,47671,1013215784.0,2.81,-1.98,-4.13,0.39
2023-06-06,600809,203.83,203.01,206.83,201.13,52440,1109566128.0,2.79,-0.64,-1.3,0.43
2023-06-07,600809,203.26,198.23,204.31,198.06,56666,1174881364.0,3.08,-2.35,-4.78,0.46
2023-06-08,600809,198.28,200.32,201.81,197.82,46136,956780099.0,2.01,1.05,2.09,0.38
2023-06-09,600809,200.33,196.51,201.72,196.51,56791,1166812334.0,2.6,-1.9,-3.81,0.47
2023-06-12,600809,196.66,198.36,200.34,193.92,87056,1789050798.0,3.27,0.94,1.85,0.71
2023-06-13,600809,198.37,197.11,199.88,190.08,102388,2076173759.0,4.94,-0.63,-1.25,0.84
2023-06-14,600809,197.11,203.14,205.31,195.96,114347,2400269391.0,4.74,3.06,6.03,0.94
2023-06-15,600809,203.95,211.88,212.17,202.31,90954,1966541471.0,4.85,4.3,8.74,0.75
2023-06-16,600809,212.28,212.28,214.51,210.32,67180,1477782931.0,1.98,0.19,0.4,0.55
2023-06-19,600809,212.28,207.34,213.31,206.51,51350,1112438190.0,3.2,-2.33,-4.94,0.42
2023-06-20,600809,206.69,201.31,207.61,200.89,75328,1585971222.0,3.24,-2.91,-6.03,0.62
2023-06-21,600809,199.31,195.91,201.19,195.71,68927,1413874017.0,2.72,-2.68,-5.4,0.56
2023-06-26,600809,195.33,191.23,195.33,187.74,74254,1444786907.0,3.87,-2.39,-4.68,0.61
2023-06-27,600809,191.12,187.52,191.43,181.93,104120,1983861145.0,4.97,-1.94,-3.71,0.85
2023-06-28,600809,187.43,187.17,191.28,184.53,59966,1150803291.0,3.6,-0.19,-0.35,0.49
2023-06-29,600809,187.01,181.22,187.07,180.18,104221,1945041606.0,3.68,-3.18,-5.95,0.85
2023-06-30,600809,183.28,180.7,184.03,180.25,68804,1279593822.0,2.09,-0.29,-0.52,0.56
2023-07-03,600809,180.7,191.8,191.8,179.58,110410,2121043878.0,6.76,6.14,11.1,0.91
2023-07-04,600809,189.63,196.91,197.43,188.73,92996,1853310943.0,4.54,2.66,5.11,0.76
2023-07-05,600809,196.91,193.68,197.13,191.8,51743,1023272357.0,2.71,-1.64,-3.23,0.42
2023-07-06,600809,192.33,193.56,197.13,191.64,48307,956904078.0,2.83,-0.06,-0.12,0.4
2023-07-07,600809,192.29,193.73,197.63,191.64,50100,997675395.0,3.09,0.09,0.17,0.41
2023-07-10,600809,193.76,197.0,200.63,193.76,56889,1149081509.0,3.55,1.69,3.27,0.47
2023-07-11,600809,197.54,197.54,198.63,195.64,34585,696070821.0,1.52,0.27,0.54,0.28
2023-07-12,600809,196.65,199.97,203.63,196.65,54079,1111017370.0,3.53,1.23,2.43,0.44
2023-07-13,600809,200.74,208.59,210.96,200.74,117544,2488090585.0,5.11,4.31,8.62,0.96
2023-07-14,600809,209.51,206.63,211.24,205.33,49543,1047920727.0,2.83,-0.94,-1.96,0.41
2023-07-17,600809,204.64,206.47,206.87,201.63,44664,933476033.0,2.54,-0.08,-0.16,0.37
2023-07-18,600809,207.63,207.04,208.83,205.34,33640,711411138.0,1.69,0.28,0.57,0.28
2023-07-19,600809,205.64,208.58,209.13,205.35,38051,808189348.0,1.83,0.74,1.54,0.31
2023-07-20,600809,210.31,208.63,212.63,207.39,43574,933242943.0,2.51,0.02,0.05,0.36
2023-07-21,600809,207.29,210.15,214.12,205.25,74726,1606564462.0,4.25,0.73,1.52,0.61
2023-07-24,600809,206.73,204.93,207.91,202.63,82513,1722858317.0,2.51,-2.48,-5.22,0.68
2023-07-25,600809,217.63,220.63,222.43,214.76,164223,3672159820.0,3.74,7.66,15.7,1.35
2023-07-26,600809,220.61,223.55,225.61,220.17,86920,1975369600.0,2.47,1.32,2.92,0.71
2023-07-27,600809,223.68,231.33,233.24,223.68,110267,2584319538.0,4.28,3.48,7.78,0.9
2023-07-28,600809,228.74,232.91,233.81,225.13,92098,2168100983.0,3.75,0.68,1.58,0.75
2023-07-31,600809,234.93,234.41,244.19,231.83,124154,3008034407.0,5.31,0.64,1.5,1.02
2023-08-01,600809,232.62,228.13,235.43,225.96,97276,2275481618.0,4.04,-2.68,-6.28,0.8
2023-08-02,600809,226.1,226.98,230.61,225.23,42908,993312548.0,2.36,-0.5,-1.15,0.35
2023-08-03,600809,228.43,230.2,231.98,222.83,54360,1264139255.0,4.03,1.42,3.22,0.45
2023-08-04,600809,233.23,229.78,236.62,228.23,46780,1101950042.0,3.64,-0.18,-0.42,0.38
2023-08-07,600809,229.51,227.56,231.1,225.63,45328,1051359908.0,2.38,-0.97,-2.22,0.37
2023-08-08,600809,225.63,226.33,228.96,224.83,30425,702369908.0,1.81,-0.54,-1.23,0.25
2023-08-09,600809,226.34,227.33,228.63,225.3,31355,724876589.0,1.47,0.44,1.0,0.26
2023-08-10,600809,225.96,227.59,228.53,224.88,25105,580133414.0,1.61,0.11,0.26,0.21
2023-08-11,600809,227.91,221.93,228.43,221.93,43862,999601676.0,2.86,-2.49,-5.66,0.36
2023-08-14,600809,217.63,219.9,220.31,214.86,48296,1071456342.0,2.46,-0.91,-2.03,0.4
2023-08-15,600809,219.88,219.63,221.21,216.63,32787,732313248.0,2.08,-0.12,-0.27,0.27
2023-08-16,600809,218.23,221.13,223.22,217.85,38923,877828147.0,2.45,0.68,1.5,0.32
2023-08-17,600809,220.09,225.35,225.58,218.91,44590,1013826732.0,3.02,1.91,4.22,0.37
2023-08-18,600809,225.41,221.39,227.73,221.03,33571,761866677.0,2.97,-1.76,-3.96,0.28
2023-08-21,600809,220.63,222.48,226.31,216.63,43441,988444849.0,4.37,0.49,1.09,0.36
2023-08-22,600809,223.02,222.08,223.83,217.89,39725,892403152.0,2.67,-0.18,-0.4,0.33
2023-08-23,600809,222.09,217.43,222.09,217.29,27444,614735226.0,2.16,-2.09,-4.65,0.22
2023-08-24,600809,218.73,225.55,226.9,216.54,57985,1323578584.0,4.76,3.73,8.12,0.48
2023-08-25,600809,226.42,226.48,227.63,223.43,49190,1131785822.0,1.86,0.41,0.93,0.4
2023-08-28,600809,241.13,230.63,242.62,228.34,81578,1935338574.0,6.31,1.83,4.15,0.67
2023-08-29,600809,230.63,238.42,240.32,228.93,75726,1824354760.0,4.94,3.38,7.79,0.62
2023-08-30,600809,239.52,237.63,241.13,236.63,43347,1053575427.0,1.89,-0.33,-0.79,0.36
2023-08-31,600809,238.61,237.68,239.53,235.43,34578,837664357.0,1.73,0.02,0.05,0.28
2023-09-01,600809,240.63,244.83,246.63,240.63,56784,1412112104.0,2.52,3.01,7.15,0.47
2023-09-04,600809,249.43,258.45,258.45,248.63,121232,3138866836.0,4.01,5.56,13.62,0.99
2023-09-05,600809,256.13,253.94,259.51,252.63,67824,1763440005.0,2.66,-1.75,-4.51,0.56
2023-09-06,600809,251.83,252.24,253.12,249.87,44096,1128220587.0,1.28,-0.67,-1.7,0.36
2023-09-07,600809,250.63,249.37,251.63,247.63,36283,921219042.0,1.59,-1.14,-2.87,0.3
2023-09-08,600809,247.54,251.16,251.82,247.26,28468,725317080.0,1.83,0.72,1.79,0.23
2023-09-11,600809,249.63,252.58,255.5,248.66,40920,1052393108.0,2.72,0.57,1.42,0.34
2023-09-12,600809,251.93,250.08,251.99,248.93,27514,701616631.0,1.21,-0.99,-2.5,0.23
2023-09-13,600809,251.63,251.43,256.19,249.67,37187,954827974.0,2.61,0.54,1.35,0.3
2023-09-14,600809,252.52,250.83,253.83,249.93,39360,1006327251.0,1.55,-0.24,-0.6,0.32
2023-09-15,600809,251.42,248.18,252.51,246.79,56997,1444051794.0,2.28,-1.06,-2.65,0.47
2023-09-18,600809,246.19,248.2,249.88,244.81,30931,781783818.0,2.04,0.01,0.02,0.25
2023-09-19,600809,249.93,245.63,250.13,242.63,39181,975957253.0,3.02,-1.04,-2.57,0.32
2023-09-20,600809,245.63,243.67,245.63,242.15,35796,888569783.0,1.42,-0.8,-1.96,0.29
2023-09-21,600809,242.67,237.13,243.16,236.85,47515,1156476613.0,2.59,-2.68,-6.54,0.39
2023-09-22,600809,237.13,241.94,242.43,235.68,49133,1199449867.0,2.85,2.03,4.81,0.4
2023-09-25,600809,241.96,240.35,244.63,239.63,29845,734136711.0,2.07,-0.66,-1.59,0.24
2023-09-26,600809,239.63,238.89,241.73,238.63,18502,451846501.0,1.29,-0.61,-1.46,0.15
2023-09-27,600809,239.64,237.34,242.03,236.15,26593,645893067.0,2.46,-0.65,-1.55,0.22
2023-09-28,600809,238.63,235.13,239.4,234.46,27839,669445406.0,2.08,-0.93,-2.21,0.23
2023-10-09,600809,235.13,238.67,239.62,231.63,42044,1015696975.0,3.4,1.51,3.54,0.34
2023-10-10,600809,242.79,236.53,244.21,236.53,32467,793200974.0,3.22,-0.9,-2.14,0.27
2023-10-11,600809,239.43,235.53,239.51,233.82,30256,725623412.0,2.41,-0.42,-1.0,0.25
2023-10-12,600809,239.59,230.62,240.63,230.06,50281,1190684036.0,4.49,-2.08,-4.91,0.41
2023-10-13,600809,229.83,225.88,229.83,225.13,41239,952966473.0,2.04,-2.06,-4.74,0.34
2023-10-16,600809,225.52,222.4,225.85,221.69,37515,853669852.0,1.84,-1.54,-3.48,0.31
2023-10-17,600809,223.63,225.03,227.93,220.3,34057,782219701.0,3.43,1.18,2.63,0.28
2023-10-18,600809,224.63,227.76,232.52,223.28,35154,817760032.0,4.11,1.21,2.73,0.29
2023-10-19,600809,226.63,219.63,227.13,219.63,57853,1307870746.0,3.29,-3.57,-8.13,0.47
2023-10-20,600809,217.4,219.04,222.42,217.13,38978,873186336.0,2.41,-0.27,-0.59,0.32
2023-10-23,600809,217.63,221.23,223.15,216.92,32300,725694182.0,2.84,1.0,2.19,0.26
2023-10-24,600809,221.23,225.71,228.62,219.86,46121,1056694978.0,3.96,2.03,4.48,0.38
2023-10-25,600809,234.13,235.08,239.87,233.23,68929,1657259484.0,2.94,4.15,9.37,0.57
2023-10-26,600809,233.13,238.51,239.11,233.13,39917,962056711.0,2.54,1.46,3.43,0.33
2023-10-27,600809,238.13,238.14,239.31,230.63,68953,1660142689.0,3.64,-0.16,-0.37,0.57
2023-10-30,600809,235.34,241.41,242.78,235.13,59327,1444143905.0,3.21,1.37,3.27,0.49
2023-10-31,600809,240.63,242.83,244.32,239.63,31292,769531844.0,1.94,0.59,1.42,0.26
2023-11-01,600809,254.63,246.64,257.63,246.64,69160,1765983187.0,4.53,1.57,3.81,0.57
2023-11-02,600809,250.88,242.36,250.88,241.43,33636,834075846.0,3.83,-1.74,-4.28,0.28
2023-11-03,600809,241.44,245.21,246.71,240.63,25046,624103777.0,2.51,1.18,2.85,0.21
2023-11-06,600809,248.63,247.12,248.63,242.88,37814,944772583.0,2.34,0.78,1.91,0.31
2023-11-07,600809,246.92,244.06,247.62,241.69,28653,710989485.0,2.4,-1.24,-3.06,0.23
2023-11-08,600809,241.63,244.13,244.65,240.62,30647,757092248.0,1.65,0.03,0.07,0.25
2023-11-09,600809,243.93,244.08,244.52,240.98,21677,536335087.0,1.45,-0.02,-0.05,0.18
2023-11-10,600809,242.79,239.93,243.61,238.83,34688,847878711.0,1.96,-1.7,-4.15,0.28
2023-11-13,600809,239.63,236.23,240.22,233.96,32268,775610186.0,2.61,-1.54,-3.7,0.26
2023-11-14,600809,236.63,236.51,238.59,234.23,22951,552077193.0,1.85,0.12,0.28,0.19
2023-11-15,600809,238.63,238.14,239.13,236.13,25332,613902507.0,1.27,0.69,1.63,0.21
2023-11-16,600809,237.43,233.63,238.61,232.63,25188,601263063.0,2.51,-1.89,-4.51,0.21
2023-11-17,600809,231.83,231.61,233.48,228.63,30434,714655763.0,2.08,-0.86,-2.02,0.25
2023-11-20,600809,229.14,232.07,233.53,227.93,25627,602868845.0,2.42,0.2,0.46,0.21
2023-11-21,600809,233.54,240.18,241.41,231.6,50106,1216082221.0,4.23,3.49,8.11,0.41
2023-11-22,600809,239.57,238.52,241.72,237.33,19278,468762172.0,1.83,-0.69,-1.66,0.16
2023-11-23,600809,237.75,235.97,238.62,232.91,21851,522678446.0,2.39,-1.07,-2.55,0.18
2023-11-24,600809,235.5,236.14,239.13,233.63,17547,423373902.0,2.33,0.07,0.17,0.14
2023-11-27,600809,234.36,232.83,235.43,229.8,29663,699988422.0,2.38,-1.4,-3.31,0.24
2023-11-28,600809,233.61,229.62,234.13,227.71,28284,662697334.0,2.76,-1.38,-3.21,0.23
2023-11-29,600809,229.57,232.61,233.12,226.08,30856,725044449.0,3.07,1.3,2.99,0.25
2023-11-30,600809,233.61,234.49,235.53,231.29,24159,575509984.0,1.82,0.81,1.88,0.2
2023-12-01,600809,235.21,231.48,236.37,229.51,36832,872807838.0,2.93,-1.28,-3.01,0.3
2023-12-04,600809,230.63,224.63,230.63,224.41,42908,990352559.0,2.69,-2.96,-6.85,0.35
2023-12-05,600809,222.64,217.85,224.06,217.83,37756,851063119.0,2.77,-3.02,-6.78,0.31
2023-12-06,600809,216.74,218.35,219.93,216.07,35628,792374657.0,1.77,0.23,0.5,0.29
2023-12-07,600809,217.31,220.41,221.13,216.75,40145,899166309.0,2.01,0.94,2.06,0.33
2023-12-08,600809,220.6,227.13,228.01,218.68,44341,1016051555.0,4.23,3.05,6.72,0.36
2023-12-11,600809,223.27,221.23,223.27,213.63,75593,1685044245.0,4.24,-2.6,-5.9,0.62
2023-12-12,600809,219.77,226.1,226.58,218.94,43051,984166944.0,3.45,2.2,4.87,0.35
2023-12-13,600809,226.1,217.63,226.1,217.51,52261,1171784483.0,3.8,-3.75,-8.47,0.43
2023-12-14,600809,218.78,211.83,220.21,211.66,59767,1306936494.0,3.93,-2.67,-5.8,0.49
2023-12-15,600809,213.34,213.13,218.58,211.83,47668,1042312939.0,3.19,0.61,1.3,0.39
2023-12-18,600809,211.39,213.9,216.11,210.3,29712,649886655.0,2.73,0.36,0.77,0.24
2023-12-19,600809,213.63,214.33,215.77,211.54,22002,480189355.0,1.98,0.2,0.43,0.18
2023-12-20,600809,214.33,211.43,216.01,210.98,29103,631844527.0,2.35,-1.35,-2.9,0.24
2023-12-21,600809,210.42,217.36,217.95,209.93,52918,1162342581.0,3.79,2.8,5.93,0.43
2023-12-22,600809,217.36,217.89,220.03,215.09,29337,651052439.0,2.27,0.24,0.53,0.24
2023-12-25,600809,217.59,222.29,223.31,216.91,35729,804778407.0,2.94,2.02,4.4,0.29
2023-12-26,600809,222.13,220.6,222.29,218.66,19423,436129328.0,1.63,-0.76,-1.69,0.16
2023-12-27,600809,220.14,221.13,222.58,218.52,22304,501884785.0,1.84,0.24,0.53,0.18
2023-12-28,600809,221.23,228.94,230.43,220.05,59240,1370903136.0,4.69,3.53,7.81,0.49
2023-12-29,600809,228.13,226.36,230.21,223.43,48087,1109359702.0,2.96,-1.13,-2.58,0.39
2024-01-02,600809,223.71,217.42,224.33,217.12,45686,1020209081.0,3.19,-3.95,-8.94,0.37
2024-01-03,600809,216.64,216.7,218.82,214.83,35216,777209472.0,1.84,-0.33,-0.72,0.29
2024-01-04,600809,216.63,213.13,216.63,210.8,40450,878534115.0,2.69,-1.65,-3.57,0.33
2024-01-05,600809,212.61,210.85,213.45,209.76,32365,699167419.0,1.73,-1.07,-2.28,0.27
2024-01-08,600809,210.16,209.14,212.13,206.63,29488,629175685.0,2.61,-0.81,-1.71,0.24
2024-01-09,600809,209.08,206.64,210.62,204.84,31829,673043907.0,2.76,-1.2,-2.5,0.26
2024-01-10,600809,205.63,208.73,211.63,203.94,29398,625384758.0,3.72,1.01,2.09,0.24
2024-01-11,600809,207.53,208.51,209.93,204.96,21581,458278277.0,2.38,-0.11,-0.22,0.18
2024-01-12,600809,206.74,207.1,208.11,203.13,27913,587909867.0,2.39,-0.68,-1.41,0.23
2024-01-15,600809,206.43,199.52,206.43,199.13,53801,1109787224.0,3.52,-3.66,-7.58,0.44
2024-01-16,600809,198.52,200.14,202.62,196.83,46967,958954118.0,2.9,0.31,0.62,0.38
2024-01-17,600809,199.34,192.02,200.13,190.06,73476,1449613535.0,5.03,-4.06,-8.12,0.6
2024-01-18,600809,193.63,199.97,200.24,191.51,83245,1661864360.0,4.55,4.14,7.95,0.68
2024-01-19,600809,197.68,201.11,203.43,196.63,53282,1090805772.0,3.4,0.57,1.14,0.44
2024-01-22,600809,199.63,197.86,200.6,195.63,51416,1042323562.0,2.47,-1.62,-3.25,0.42
2024-01-23,600809,197.34,196.89,199.34,194.63,31961,642172263.0,2.38,-0.49,-0.97,0.26
2024-01-24,600809,199.13,196.35,199.62,192.57,36187,721983266.0,3.58,-0.27,-0.54,0.3
2024-01-25,600809,196.26,199.92,201.22,194.13,44908,909502793.0,3.61,1.82,3.57,0.37
2024-01-26,600809,198.76,203.02,203.34,198.64,42764,882488343.0,2.35,1.55,3.1,0.35
2024-01-29,600809,203.82,203.83,208.23,202.03,41159,863434949.0,3.05,0.4,0.81,0.34
2024-01-30,600809,202.73,196.74,202.75,196.24,30391,616068728.0,3.19,-3.48,-7.09,0.25
2024-01-31,600809,195.63,195.74,197.8,193.6,37095,742806555.0,2.13,-0.51,-1.0,0.3
2024-02-01,600809,195.63,199.6,201.13,195.22,39460,802830247.0,3.02,1.97,3.86,0.32
2024-02-02,600809,200.65,205.13,208.04,199.51,68195,1429142156.0,4.27,2.77,5.53,0.56
2024-02-05,600809,202.37,210.28,212.83,201.21,67350,1434506074.0,5.66,2.51,5.15,0.55
2024-02-06,600809,209.71,215.43,216.93,209.23,63299,1386146221.0,3.66,2.45,5.15,0.52
2024-02-07,600809,216.62,221.96,222.63,213.63,64033,1436715629.0,4.18,3.03,6.53,0.52
2024-02-08,600809,222.14,220.83,225.33,215.76,55601,1244826495.0,4.31,-0.51,-1.13,0.46
2024-02-19,600809,225.41,220.45,227.63,219.17,55320,1256249711.0,3.83,-0.17,-0.38,0.45
2024-02-20,600809,220.51,218.8,223.81,216.54,38204,855020934.0,3.3,-0.75,-1.65,0.31
2024-02-21,600809,218.63,229.5,232.51,216.64,85796,1988638468.0,7.25,4.89,10.7,0.7
2024-02-22,600809,228.6,230.53,231.61,226.01,29619,690301653.0,2.44,0.45,1.03,0.24
2024-02-23,600809,227.78,229.09,234.02,227.18,31344,733924838.0,2.97,-0.62,-1.44,0.26
2024-02-26,600809,227.63,223.86,230.01,223.13,35743,819970561.0,3.0,-2.28,-5.23,0.29
2024-02-27,600809,221.85,221.7,223.61,219.53,40986,923039452.0,1.82,-0.96,-2.16,0.34
2024-02-28,600809,220.74,222.42,224.41,218.83,36886,837025922.0,2.52,0.32,0.72,0.3
2024-02-29,600809,222.42,228.69,229.13,221.58,43888,1012859648.0,3.39,2.82,6.27,0.36
2024-03-01,600809,227.53,232.63,234.91,226.48,48959,1155734822.0,3.69,1.72,3.94,0.4
2024-03-04,600809,232.53,232.23,236.0,231.19,35944,853958047.0,2.07,-0.17,-0.4,0.29
2024-03-05,600809,232.19,237.59,238.63,231.03,47095,1134536384.0,3.27,2.31,5.36,0.39
2024-03-06,600809,237.33,233.63,238.59,233.32,24440,584376559.0,2.22,-1.67,-3.96,0.2
2024-03-07,600809,234.32,233.41,235.2,232.03,25031,595347610.0,1.36,-0.09,-0.22,0.21
2024-03-08,600809,232.83,232.63,235.08,231.44,21278,504534089.0,1.56,-0.33,-0.78,0.17
2024-03-11,600809,232.13,237.74,239.18,231.99,33151,800155870.0,3.09,2.2,5.11,0.27
2024-03-12,600809,237.74,251.07,253.43,237.28,73699,1859518774.0,6.79,5.61,13.33,0.6
2024-03-13,600809,248.13,250.33,252.34,247.51,34011,864856596.0,1.92,-0.29,-0.74,0.28
2024-03-14,600809,249.96,247.01,253.37,240.83,46981,1179116331.0,5.01,-1.33,-3.32,0.39
2024-03-15,600809,245.2,247.51,248.62,243.63,35003,875398298.0,2.02,0.2,0.5,0.29
2024-03-18,600809,245.23,245.78,246.9,243.13,26101,651079201.0,1.52,-0.7,-1.73,0.21
2024-03-19,600809,243.63,246.11,249.63,241.79,38545,967711592.0,3.19,0.13,0.33,0.32
2024-03-20,600809,245.17,244.43,246.13,243.53,32736,814536560.0,1.06,-0.68,-1.68,0.27
2024-03-21,600809,247.13,245.36,248.62,244.43,30063,753797264.0,1.71,0.38,0.93,0.25
2024-03-22,600809,245.37,242.48,245.63,238.73,32884,807906216.0,2.81,-1.17,-2.88,0.27
2024-03-25,600809,243.63,242.15,243.63,238.86,25733,631447154.0,1.97,-0.14,-0.33,0.21
2024-03-26,600809,243.62,245.81,246.62,242.08,29790,741151822.0,1.87,1.51,3.66,0.24
2024-03-27,600809,245.47,241.89,247.42,240.89,26500,655799970.0,2.66,-1.59,-3.92,0.22
2024-03-28,600809,241.63,240.73,244.61,240.33,28248,696652134.0,1.77,-0.48,-1.16,0.23
2024-03-29,600809,240.64,240.71,242.52,239.2,14115,345548146.0,1.38,-0.01,-0.02,0.12
2024-04-01,600809,240.63,248.17,252.63,240.62,41622,1053377823.0,4.99,3.1,7.46,0.34
2024-04-02,600809,247.13,249.93,251.71,246.14,32703,831542744.0,2.24,0.71,1.76,0.27
2024-04-03,600809,249.93,249.31,251.83,248.18,18575,472234982.0,1.46,-0.25,-0.62,0.15
2024-04-08,600809,245.63,242.25,245.63,240.88,46521,1147898214.0,1.91,-2.83,-7.06,0.38
2024-04-09,600809,242.25,241.18,244.48,240.29,23788,585050099.0,1.73,-0.44,-1.07,0.19
2024-04-10,600809,242.28,240.39,244.13,237.14,34377,842622561.0,2.9,-0.33,-0.79,0.28
2024-04-11,600809,238.03,239.34,241.63,237.63,23248,566389666.0,1.66,-0.44,-1.05,0.19
2024-04-12,600809,239.03,235.73,241.43,235.63,27649,669019620.0,2.42,-1.51,-3.61,0.23
2024-04-15,600809,235.72,247.42,247.53,234.22,55703,1383899163.0,5.65,4.96,11.69,0.46
2024-04-16,600809,244.63,243.44,247.13,240.83,35752,884230219.0,2.55,-1.61,-3.98,0.29
2024-04-17,600809,240.93,238.86,243.23,237.03,37262,907131052.0,2.55,-1.88,-4.58,0.31
2024-04-18,600809,237.82,238.03,242.08,234.63,28625,695752262.0,3.12,-0.35,-0.83,0.23
2024-04-19,600809,236.45,234.51,239.13,232.13,28495,679538833.0,2.94,-1.48,-3.52,0.23
2024-04-22,600809,236.5,239.33,241.45,235.18,29764,725940738.0,2.67,2.06,4.82,0.24
2024-04-23,600809,240.3,244.03,244.68,237.38,38966,961016220.0,3.05,1.96,4.7,0.32
2024-04-24,600809,245.28,244.72,245.33,241.13,22173,550722672.0,1.72,0.28,0.69,0.18
2024-04-25,600809,244.63,241.21,244.63,238.8,31800,778419764.0,2.38,-1.43,-3.51,0.26
2024-04-26,600809,244.63,247.92,251.61,244.63,67284,1699728935.0,2.89,2.78,6.71,0.55
2024-04-29,600809,247.94,253.68,260.63,247.91,81868,2127934678.0,5.13,2.32,5.76,0.67
2024-04-30,600809,255.43,257.94,263.01,254.43,61032,1609490302.0,3.38,1.68,4.26,0.5
2024-05-06,600809,262.62,264.63,269.31,261.13,72194,1947736842.0,3.17,2.59,6.69,0.59
2024-05-07,600809,263.63,265.75,268.19,260.63,37961,1025801043.0,2.86,0.42,1.12,0.31
2024-05-08,600809,265.7,264.33,267.13,263.71,25621,689723573.0,1.29,-0.53,-1.42,0.21
2024-05-09,600809,265.19,264.66,266.63,263.43,35974,968339618.0,1.21,0.12,0.33,0.29
2024-05-10,600809,265.59,265.95,267.48,262.73,27174,732408841.0,1.79,0.49,1.29,0.22
2024-05-13,600809,263.66,259.75,264.63,259.42,51867,1375418590.0,1.96,-2.33,-6.2,0.43
2024-05-14,600809,260.16,258.8,260.75,255.63,38042,996393484.0,1.97,-0.37,-0.95,0.31
2024-05-15,600809,258.76,256.08,260.22,255.76,22963,600762410.0,1.72,-1.05,-2.72,0.19
2024-05-16,600809,257.43,257.43,259.52,251.81,41132,1073935391.0,3.01,0.53,1.35,0.34
2024-05-17,600809,257.77,259.4,261.22,254.43,35229,922611637.0,2.64,0.77,1.97,0.29
2024-05-20,600809,259.4,260.2,267.13,258.63,39987,1068149546.0,3.28,0.31,0.8,0.33
2024-05-21,600809,254.62,256.96,257.63,250.93,34760,900720099.0,2.57,-1.25,-3.24,0.28
2024-05-22,600809,256.96,255.05,257.63,252.33,28807,744935068.0,2.06,-0.74,-1.91,0.24
2024-05-23,600809,256.15,253.08,256.63,252.71,20551,529938843.0,1.54,-0.77,-1.97,0.17
2024-05-24,600809,253.24,247.77,253.53,245.63,37409,944087538.0,3.12,-2.1,-5.31,0.31
2024-05-27,600809,247.51,246.79,250.21,245.65,29156,734931392.0,1.84,-0.4,-0.98,0.24
2024-05-28,600809,245.77,243.6,247.04,243.28,23678,588936139.0,1.52,-1.29,-3.19,0.19
2024-05-29,600809,243.6,241.01,244.6,239.98,30113,741258527.0,1.9,-1.06,-2.59,0.25
2024-05-30,600809,239.74,239.13,242.63,236.87,32740,798201752.0,2.39,-0.78,-1.88,0.27
2024-05-31,600809,239.63,236.97,241.17,236.97,29509,717187898.0,1.76,-0.9,-2.16,0.24
2024-06-03,600809,237.43,238.73,242.38,235.71,39717,966361002.0,2.81,0.74,1.76,0.33
2024-06-04,600809,238.73,239.54,242.05,237.63,36655,896859463.0,1.85,0.34,0.81,0.3
2024-06-05,600809,239.13,239.59,242.96,238.13,36256,885219954.0,2.02,0.02,0.05,0.3
2024-06-06,600809,239.51,237.46,240.61,234.13,42557,1028689713.0,2.7,-0.89,-2.13,0.35
2024-06-07,600809,239.61,233.06,239.93,232.06,44043,1050139033.0,3.31,-1.85,-4.4,0.36
2024-06-11,600809,232.32,227.44,233.43,225.94,53643,1248061460.0,3.21,-2.41,-5.62,0.44
2024-06-12,600809,227.3,227.37,230.53,226.63,33791,787721431.0,1.71,-0.03,-0.07,0.28
2024-06-13,600809,227.61,224.03,228.53,222.45,46359,1058056561.0,2.67,-1.47,-3.34,0.38
2024-06-14,600809,224.03,230.44,231.51,222.17,70290,1627889188.0,4.17,2.86,6.41,0.58
2024-06-17,600809,229.43,228.92,230.13,223.13,51235,1183020084.0,3.04,-0.66,-1.52,0.42
2024-06-18,600809,228.13,223.5,230.63,222.43,44506,1022918815.0,3.58,-2.37,-5.42,0.36
2024-06-19,600809,223.63,220.71,224.43,220.13,40875,923798513.0,1.92,-1.25,-2.79,0.34
2024-06-20,600809,220.63,219.85,221.44,215.62,51719,1149657738.0,2.64,-0.39,-0.86,0.42
2024-06-21,600809,217.63,212.63,219.12,211.27,73629,1604356267.0,3.57,-3.28,-7.22,0.6
2024-06-24,600809,208.64,214.77,217.63,208.01,66266,1443943443.0,4.52,1.01,2.14,0.54
2024-06-25,600809,214.68,214.4,217.61,213.05,50090,1097975599.0,2.12,-0.17,-0.37,0.41
2024-06-26,600809,212.18,213.68,217.22,212.18,35188,770614614.0,2.35,-0.34,-0.72,0.29
2024-06-27,600809,212.83,211.64,213.63,208.43,43280,931236697.0,2.43,-0.95,-2.04,0.35
2024-06-28,600809,210.63,206.51,212.13,206.08,48003,1018714811.0,2.86,-2.42,-5.13,0.39
2024-07-01,600809,204.63,202.69,207.26,199.66,60467,1249992167.0,3.68,-1.85,-3.82,0.5
2024-07-02,600809,201.63,204.27,207.03,200.25,52774,1101803713.0,3.35,0.78,1.58,0.43
2024-07-03,600809,204.13,199.04,205.44,198.63,41840,858122704.0,3.33,-2.56,-5.23,0.34
2024-07-04,600809,199.04,196.98,201.23,195.13,47284,954006983.0,3.06,-1.03,-2.06,0.39
2024-07-05,600809,196.65,193.5,198.56,192.89,45332,881971499.0,2.88,-1.77,-3.48,0.37
2024-07-08,600809,192.88,190.0,194.36,188.88,50222,959466218.0,2.83,-1.81,-3.5,0.41
2024-07-09,600809,189.02,189.8,190.98,184.23,99167,1858001733.0,3.55,-0.11,-0.2,0.81
2024-07-10,600809,187.91,191.28,195.67,186.66,65058,1246236821.0,4.75,0.78,1.48,0.53
2024-07-11,600809,193.65,193.19,198.56,190.51,76746,1497542128.0,4.21,1.0,1.91,0.63
2024-07-12,600809,194.96,197.22,198.65,192.35,73127,1433158257.0,3.26,2.09,4.03,0.6
2024-07-15,600809,197.1,195.9,199.48,194.49,47412,931386465.0,2.53,-0.67,-1.32,0.39
2024-07-16,600809,194.99,193.18,196.2,192.04,50324,974223634.0,2.12,-1.39,-2.72,0.41
2024-07-17,600809,193.0,199.4,199.61,190.7,66997,1317540300.0,4.61,3.22,6.22,0.55
2024-07-18,600809,198.5,200.3,204.3,198.0,61207,1232216709.0,3.16,0.45,0.9,0.5
2024-07-19,600809,199.2,204.01,204.66,196.83,69484,1403420242.0,3.91,1.85,3.71,0.57
2024-07-22,600809,204.09,197.0,204.09,196.3,67253,1339006204.0,3.82,-3.44,-7.01,0.55
2024-07-23,600809,197.0,185.29,197.59,185.29,84168,1591115756.0,6.24,-5.94,-11.71,0.69
2024-07-24,600809,184.99,181.0,186.55,180.01,73152,1334453523.0,3.53,-2.32,-4.29,0.6
2024-07-25,600809,181.01,181.47,184.45,179.66,58104,1053333178.0,2.65,0.26,0.47,0.48
2024-07-26,600809,181.79,182.35,183.7,179.27,44074,800434707.0,2.44,0.48,0.88,0.36
2024-07-29,600809,180.23,178.65,182.99,178.01,54955,987331352.0,2.73,-2.03,-3.7,0.45
2024-07-30,600809,176.99,180.76,180.79,173.2,77579,1372333723.0,4.25,1.18,2.11,0.64
2024-07-31,600809,180.14,184.33,188.0,180.1,88852,1643340571.0,4.37,1.97,3.57,0.73
2024-08-01,600809,184.25,178.23,184.3,177.0,66236,1188664352.0,3.96,-3.31,-6.1,0.54
2024-08-02,600809,177.0,177.0,179.99,176.03,35439,629652559.0,2.22,-0.69,-1.23,0.29
2024-08-05,600809,177.2,183.42,186.02,176.39,90165,1653251931.0,5.44,3.63,6.42,0.74
2024-08-06,600809,183.59,185.0,186.4,182.01,62940,1157218497.0,2.39,0.86,1.58,0.52
2024-08-07,600809,184.94,191.0,191.97,183.38,78184,1474820219.0,4.64,3.24,6.0,0.64
2024-08-08,600809,189.9,194.9,200.55,189.3,81030,1585671738.0,5.89,2.04,3.9,0.66
2024-08-09,600809,195.8,193.5,198.18,192.5,48145,938133175.0,2.91,-0.72,-1.4,0.39
2024-08-12,600809,191.67,191.29,193.47,189.62,34544,660577440.0,1.99,-1.14,-2.21,0.28
2024-08-13,600809,191.63,188.88,191.66,187.45,33455,630608921.0,2.2,-1.26,-2.41,0.27
2024-08-14,600809,188.8,185.55,188.98,183.4,47676,882444102.0,2.95,-1.76,-3.33,0.39
2024-08-15,600809,184.55,185.31,188.58,184.0,43441,807088591.0,2.47,-0.13,-0.24,0.36
2024-08-16,600809,185.2,183.8,185.2,181.75,34084,624849759.0,1.86,-0.81,-1.51,0.28
2024-08-19,600809,184.0,184.03,189.07,183.56,38744,718104493.0,3.0,0.13,0.23,0.32
2024-08-20,600809,184.0,182.17,184.0,180.71,36856,671133816.0,1.79,-1.01,-1.86,0.3
2024-08-21,600809,181.2,180.81,183.32,180.7,28929,525675064.0,1.44,-0.75,-1.36,0.24
2024-08-22,600809,180.72,178.67,181.7,177.3,42291,755119231.0,2.43,-1.18,-2.14,0.35
2024-08-23,600809,178.7,177.78,180.71,176.87,31556,562661542.0,2.15,-0.5,-0.89,0.26
2024-08-26,600809,178.0,175.71,179.5,174.3,36835,648294621.0,2.92,-1.16,-2.07,0.3
2024-08-27,600809,175.03,175.74,177.9,172.19,42511,743970386.0,3.25,0.02,0.03,0.35
2024-08-28,600809,166.55,165.6,168.0,158.18,173571,2795210223.0,5.59,-5.77,-10.14,1.42
2024-08-29,600809,162.0,166.6,168.39,161.25,93533,1550683764.0,4.31,0.6,1.0,0.77
2024-08-30,600809,166.0,176.83,179.99,164.46,106244,1845164524.0,9.32,6.14,10.23,0.87
2024-09-02,600809,175.0,167.44,175.0,167.44,69134,1176306101.0,4.28,-5.31,-9.39,0.57
2024-09-03,600809,167.43,169.65,170.88,167.06,37347,631884792.0,2.28,1.32,2.21,0.31
2024-09-04,600809,169.3,167.59,171.92,167.47,29610,499012649.0,2.62,-1.21,-2.06,0.24
2024-09-05,600809,167.59,168.2,168.78,166.3,28962,484968379.0,1.48,0.36,0.61,0.24
2024-09-06,600809,167.62,163.99,168.2,163.8,25024,414467977.0,2.62,-2.5,-4.21,0.21
2024-09-09,600809,162.6,159.91,164.5,159.57,43233,695322848.0,3.01,-2.49,-4.08,0.35
2024-09-10,600809,159.6,159.65,163.7,158.82,50361,810008755.0,3.05,-0.16,-0.26,0.41
2024-09-11,600809,159.66,159.9,161.0,157.15,34366,547512005.0,2.41,0.16,0.25,0.28
2024-09-12,600809,159.5,154.15,160.13,154.11,68205,1066200103.0,3.76,-3.6,-5.75,0.56
2024-09-13,600809,153.0,150.2,154.45,149.7,81975,1241304363.0,3.08,-2.56,-3.95,0.67
2024-09-18,600809,149.7,147.79,151.39,147.3,57636,855742611.0,2.72,-1.6,-2.41,0.47
2024-09-19,600809,148.15,153.14,158.05,147.01,109400,1682104307.0,7.47,3.62,5.35,0.9
2024-09-20,600809,151.9,154.23,155.0,151.14,63484,971352686.0,2.52,0.71,1.09,0.52
2024-09-23,600809,154.41,154.48,160.56,154.41,64655,1015447425.0,3.99,0.16,0.25,0.53
2024-09-24,600809,157.8,165.05,165.05,154.23,132310,2123235016.0,7.0,6.84,10.57,1.08
2024-09-25,600809,168.35,164.45,170.48,163.89,122273,2047073490.0,3.99,-0.36,-0.6,1.0
2024-09-26,600809,164.63,180.9,180.9,164.0,146033,2541322457.0,10.28,10.0,16.45,1.2
2024-09-27,600809,192.0,198.99,198.99,190.01,143905,2820087316.0,4.96,10.0,18.09,1.18
2024-09-30,600809,216.01,218.89,218.89,208.02,179661,3895009332.0,5.46,10.0,19.9,1.47
2024-10-08,600809,240.78,230.8,240.78,219.4,250879,5871375138.0,9.77,5.44,11.91,2.06
2024-10-09,600809,225.0,207.72,225.0,207.72,200981,4266851727.0,7.49,-10.0,-23.08,1.65
2024-10-10,600809,208.06,209.35,216.38,203.31,139629,2939525481.0,6.29,0.78,1.63,1.14
2024-10-11,600809,208.5,199.36,208.5,196.56,103498,2083314204.0,5.7,-4.77,-9.99,0.85
2024-10-14,600809,199.45,202.15,204.34,193.7,95384,1904056517.0,5.34,1.4,2.79,0.78
2024-10-15,600809,202.0,192.81,202.0,192.35,71448,1408471813.0,4.77,-4.62,-9.34,0.59
2024-10-16,600809,190.0,190.5,195.5,189.0,62787,1202989858.0,3.37,-1.2,-2.31,0.51
2024-10-17,600809,191.67,184.19,192.0,183.9,72876,1364958041.0,4.25,-3.31,-6.31,0.6
2024-10-18,600809,182.5,191.03,195.01,181.37,120522,2257671533.0,7.41,3.71,6.84,0.99
2024-10-21,600809,190.8,193.14,195.75,189.0,85651,1643940252.0,3.53,1.1,2.11,0.7
2024-10-22,600809,192.4,196.0,196.95,191.3,81712,1595091261.0,2.93,1.48,2.86,0.67
2024-10-23,600809,196.0,199.02,203.0,194.18,84648,1683119739.0,4.5,1.54,3.02,0.69
2024-10-24,600809,196.0,192.75,197.9,192.28,48650,945846308.0,2.82,-3.15,-6.27,0.4
2024-10-25,600809,192.46,195.0,197.45,191.5,51251,997425861.0,3.09,1.17,2.25,0.42
2024-10-28,600809,198.5,204.47,205.0,194.23,112954,2274319620.0,5.52,4.86,9.47,0.93
2024-10-29,600809,201.12,203.34,209.88,201.12,74523,1532478414.0,4.28,-0.55,-1.13,0.61
2024-10-30,600809,200.97,197.1,204.2,195.6,63049,1253417058.0,4.23,-3.07,-6.24,0.52
2024-10-31,600809,199.0,200.9,203.0,197.09,65249,1303777792.0,3.0,1.93,3.8,0.53
