trade_date,pe,pe_ttm,pb,ps,ps_ttm,dv_ratio,dv_ttm,total_mv
2001-03-15,34.4959,35.4118,5.0815,2.8686,2.5859,0.0,,476643.026
2001-03-16,34.1956,35.1035,5.0372,2.8436,2.5633,0.0,,472493.794
2001-03-19,34.2332,35.1421,5.0427,2.8467,2.5662,0.0,,473012.448
2001-03-20,34.9839,35.9127,5.1533,2.9091,2.6224,0.0,,483385.528
2001-03-21,35.9974,36.9531,5.3026,2.9934,2.6984,0.0,,497389.186
2001-03-22,36.2601,37.2228,5.3413,3.0153,2.7181,0.0,,501019.764
2001-03-23,35.6596,36.6063,5.2529,2.9653,2.6731,0.0,,492721.3
2001-03-26,36.1475,37.1073,5.3247,3.0059,2.7097,0.0,,499463.802
2001-03-27,36.3352,37.2999,5.3524,3.0215,2.7237,0.0,,502057.072
2001-03-28,36.4103,37.377,5.3634,3.0278,2.7294,0.0,,503094.38
2001-03-29,36.6355,37.6082,5.3966,3.0465,2.7462,0.0,,506206.304
2001-03-30,36.3728,37.3384,5.3579,3.0246,2.7265,0.0,,502575.726
2001-04-02,36.2226,37.1843,5.3358,3.0121,2.7153,0.0,,500501.11
2001-04-03,31.8099,31.8099,3.8953,2.3374,2.3374,0.0,,515542.076
2001-04-04,31.1379,31.1379,3.813,2.288,2.288,0.0,,504650.342
2001-04-05,31.3299,31.3299,3.8365,2.3021,2.3021,0.0,,507762.266
2001-04-06,31.1059,31.1059,3.8091,2.2857,2.2857,0.0,,504131.688
2001-04-09,31.4259,31.4259,3.8483,2.3092,2.3092,0.0,,509318.228
2001-04-10,31.3299,31.3299,3.8365,2.3021,2.3021,0.0,,507762.266
2001-04-11,31.0419,31.0419,3.8012,2.281,2.281,0.0,,503094.38
2001-04-12,31.0419,31.0419,3.8012,2.281,2.281,0.0,,503094.38
2001-04-13,30.8818,30.8818,3.7817,2.2692,2.2692,0.0,,500501.11
2001-04-16,31.2339,31.2339,3.8248,2.2951,2.2951,0.0,,506206.304
2001-04-17,31.6819,31.6819,3.8796,2.328,2.328,0.0,,513467.46
2001-04-18,31.6179,31.6179,3.8718,2.3233,2.3233,0.0,,512430.152
2001-04-19,31.4259,31.4259,3.8483,2.3092,2.3092,0.0,,509318.228
2001-04-20,31.1379,31.1379,3.813,2.288,2.288,0.0,,504650.342
2001-04-23,30.6898,30.6898,3.7581,2.2551,2.2551,0.0,,497389.186
2001-04-24,30.6898,30.6898,3.7581,2.2551,2.2551,0.0,,497389.186
2001-04-25,30.1778,30.1778,3.6954,2.2175,2.2175,0.0,,489090.722
2001-04-26,29.9858,29.9858,3.6719,2.2034,2.2034,0.0,,485978.798
2001-04-27,30.1458,30.1458,3.6915,2.2151,2.2151,0.0,,488572.068
2001-04-30,30.4018,30.4018,3.7229,2.2339,2.2339,0.0,,492721.3
2001-05-08,30.4978,30.4978,3.7346,2.241,2.241,0.0,,494277.262
2001-05-09,30.0178,30.0178,3.6758,2.2057,2.2057,0.0,,486497.452
2001-05-10,30.1778,30.1778,3.6954,2.2175,2.2175,0.0,,489090.722
2001-05-11,30.0818,30.0818,3.6837,2.2104,2.2104,0.0,,487534.76
2001-05-14,30.5618,30.5618,3.7425,2.2457,2.2457,0.0,,495314.57
2001-05-15,30.7538,30.7538,3.766,2.2598,2.2598,0.0,,498426.494
2001-05-16,30.6578,30.6578,3.7542,2.2528,2.2528,0.0,,496870.532
2001-05-17,31.0099,31.0099,3.7973,2.2786,2.2786,0.0,,502575.726
2001-05-21,31.1059,31.1059,3.8091,2.2857,2.2857,0.0,,504131.688
2001-05-22,30.7218,30.7218,3.7621,2.2575,2.2575,0.0,,497907.84
2001-05-23,30.4978,30.4978,3.7346,2.241,2.241,0.0,,494277.262
2001-05-24,30.5938,30.5938,3.7464,2.2481,2.2481,0.0,,495833.224
2001-05-25,30.6258,30.6258,3.7503,2.2504,2.2504,0.0,,496351.878
2001-05-28,30.5618,30.5618,3.7425,2.2457,2.2457,0.0,,495314.57
2001-05-29,30.1138,30.1138,3.6876,2.2128,2.2128,0.0,,488053.414
2001-05-30,30.4018,30.4018,3.7229,2.2339,2.2339,0.0,,492721.3
2001-05-31,30.1458,30.1458,3.6915,2.2151,2.2151,0.0,,488572.068
2001-06-01,30.0818,30.0818,3.6837,2.2104,2.2104,0.0,,487534.76
2001-06-04,29.8258,29.8258,3.6523,2.1916,2.1916,0.0,,483385.528
2001-06-05,30.4978,30.4978,3.7346,2.241,2.241,0.0,,494277.262
2001-06-06,30.4978,30.4978,3.7346,2.241,2.241,0.0,,494277.262
2001-06-07,30.4018,30.4018,3.7229,2.2339,2.2339,0.0,,492721.3
2001-06-08,30.1458,30.1458,3.6915,2.2151,2.2151,0.0,,488572.068
2001-06-11,30.4978,30.4978,3.7346,2.241,2.241,0.0,,494277.262
2001-06-12,30.7218,30.7218,3.7621,2.2575,2.2575,0.0,,497907.84
2001-06-13,30.8178,30.8178,3.7738,2.2645,2.2645,0.0,,499463.802
2001-06-14,30.2738,30.2738,3.7072,2.2245,2.2245,0.0,,490646.684
2001-06-15,30.6898,30.6898,3.7581,2.2551,2.2551,0.0,,497389.186
2001-06-18,30.0178,30.0178,3.6758,2.2057,2.2057,0.0,,486497.452
2001-06-19,30.9459,30.9459,3.7895,2.2739,2.2739,0.0,,501538.418
2001-06-20,31.0739,31.0739,3.8052,2.2833,2.2833,0.0,,503613.034
2001-06-21,30.9138,30.9138,3.7856,2.2716,2.2716,0.0,,501019.764
2001-06-22,31.2659,31.2659,3.8287,2.2974,2.2974,0.0,,506724.958
2001-06-25,31.3299,31.3299,3.8365,2.3021,2.3021,0.0,,507762.266
2001-06-26,31.0739,31.0739,3.8052,2.2833,2.2833,0.0,,503613.034
2001-06-27,30.9459,30.9459,3.7895,2.2739,2.2739,0.0,,501538.418
2001-06-28,30.7218,30.7218,3.7621,2.2575,2.2575,0.0,,497907.84
2001-06-29,30.6258,30.6258,3.7503,2.2504,2.2504,0.0,,496351.878
2001-07-02,30.7858,30.7858,3.7699,2.2622,2.2622,0.0,,498945.148
2001-07-03,30.9779,30.9779,3.7934,2.2763,2.2763,0.0,,502057.072
2001-07-04,30.0178,30.0178,3.6758,2.2057,2.2057,0.0,4.3774,486497.452
2001-07-05,29.8578,29.8578,3.6563,2.194,2.194,0.0,4.4009,483904.182
2001-07-06,29.6658,29.6658,3.6327,2.1799,2.1799,0.0,4.4294,480792.258
2001-07-09,29.7938,29.7938,3.6484,2.1893,2.1893,0.0,4.4103,482866.874
2001-07-10,29.9218,29.9218,3.6641,2.1987,2.1987,0.0,4.3915,484941.49
2001-07-11,29.6018,29.6018,3.6249,2.1752,2.1752,0.0,4.4389,479754.95
2001-07-12,29.5058,29.5058,3.6131,2.1681,2.1681,0.0,4.4534,478198.988
2001-07-13,29.4098,29.4098,3.6014,2.161,2.161,0.0,4.4679,476643.026
2001-07-16,29.3778,29.3778,3.5975,2.1587,2.1587,0.0,4.4728,476124.372
2001-07-17,29.1857,29.1857,3.574,2.1446,2.1446,0.0,4.5022,473012.448
2001-07-18,29.3138,29.3138,3.5896,2.154,2.154,0.0,4.4825,475087.064
2001-07-19,29.1217,29.1217,3.5661,2.1399,2.1399,0.0,4.5121,471975.14
2001-07-20,28.4817,28.4817,3.4877,2.0929,2.0929,0.0,4.6135,461602.06
2001-07-23,28.1617,28.1617,3.4486,2.0693,2.0693,0.0,4.6659,456415.52
2001-07-24,28.4497,28.4497,3.4838,2.0905,2.0905,0.0,4.6187,461083.406
2001-07-25,28.0337,28.0337,3.4329,2.0599,2.0599,0.0,4.6872,454340.904
2001-07-26,27.6497,27.6497,3.3859,2.0317,2.0317,0.0,4.7523,448117.056
2001-07-27,27.2336,27.2336,3.3349,2.0011,2.0011,0.0,4.8249,441374.554
2001-07-30,26.3056,26.3056,3.2213,1.933,1.933,0.0,4.9951,426333.588
2001-07-31,26.3056,26.3056,3.2213,1.933,1.933,0.0,4.9951,426333.588
2001-08-01,27.2016,27.2016,3.331,1.9988,1.9988,0.0,4.8306,440855.9
2001-08-02,26.5616,26.5616,3.2526,1.9518,1.9518,0.0,4.947,430482.82
2001-08-03,26.5296,26.5296,3.2487,1.9494,1.9494,0.0,4.953,429964.166
2001-08-06,26.1776,26.1776,3.2056,1.9235,1.9235,0.0,5.0196,424258.972
2001-08-07,26.5296,26.5296,3.2487,1.9494,1.9494,0.0,4.953,429964.166
2001-08-08,26.3376,26.3376,3.2252,1.9353,1.9353,0.0,4.9891,426852.242
2001-08-09,27.0736,27.0736,3.3153,1.9894,1.9894,0.0,4.8534,438781.284
2001-08-10,27.3616,27.3616,3.3506,2.0106,2.0106,0.0,4.8024,443449.17
2001-08-13,27.4256,27.4256,3.3584,2.0153,2.0153,0.0,4.7911,444486.478
2001-08-14,27.6497,27.6497,3.3859,2.0317,2.0317,0.0,4.7523,448117.056
2001-08-15,28.1297,28.1297,3.4446,2.067,2.067,0.0,4.6712,455896.866
2001-08-16,28.5457,28.5457,3.4956,2.0976,2.0976,0.0,4.6032,462639.368
2001-08-17,28.7697,26.923,3.3519,2.114,1.8788,0.0,4.5673,466269.946
2001-08-21,27.9377,26.1444,3.2549,2.0529,1.8244,0.0,4.7033,452784.942
2001-08-22,26.8816,25.1561,3.1319,1.9753,1.7555,0.0,4.8881,435669.36
2001-08-23,26.9456,25.216,3.1393,1.98,1.7596,0.0,4.8765,436706.668
2001-08-24,26.6256,24.9165,3.1021,1.9565,1.7387,0.0,4.9351,431520.128
2001-08-27,25.9856,24.3175,3.0275,1.9094,1.6969,0.0,5.0567,421147.048
2001-08-28,26.4016,24.7069,3.076,1.94,1.7241,0.0,4.977,427889.55
2001-08-29,26.4656,24.7668,3.0834,1.9447,1.7283,0.0,4.9649,428926.858
2001-08-30,26.3056,24.617,3.0648,1.933,1.7178,0.0,4.9951,426333.588
2001-08-31,26.3696,24.6769,3.0722,1.9377,1.722,0.0,4.983,427370.896
2001-09-03,26.2736,24.5871,3.061,1.9306,1.7158,0.0,5.0012,425814.934
2001-09-04,26.7856,25.0662,3.1207,1.9682,1.7492,0.0,4.9056,434113.398
2001-09-05,26.7216,25.0063,3.1132,1.9635,1.745,0.0,4.9174,433076.09
2001-09-06,26.4336,24.7368,3.0797,1.9424,1.7262,0.0,4.971,428408.204
2001-09-07,26.0176,24.3475,3.0312,1.9118,1.699,0.0,5.0504,421665.702
2001-09-10,26.4336,24.7368,3.0797,1.9424,1.7262,0.0,4.971,428408.204
2001-09-11,26.4016,24.7069,3.076,1.94,1.7241,0.0,4.977,427889.55
2001-09-12,25.9856,24.3175,3.0275,1.9094,1.6969,0.0,5.0567,421147.048
2001-09-13,25.9856,24.3175,3.0275,1.9094,1.6969,0.0,5.0567,421147.048
2001-09-14,25.7935,24.1379,3.0051,1.8953,1.6844,0.0,5.0943,418035.124
2001-09-17,25.4095,23.7785,2.9604,1.8671,1.6593,0.0,5.1713,411811.276
2001-09-18,25.5695,23.9282,2.979,1.8789,1.6698,0.0,5.1389,414404.546
2001-09-19,25.6975,24.048,2.9939,1.8883,1.6781,0.0,5.1133,416479.162
2001-09-20,25.9536,24.2876,3.0238,1.9071,1.6949,0.0,5.0629,420628.394
2001-09-21,25.5055,23.8683,2.9716,1.8742,1.6656,0.0,5.1518,413367.238
2001-09-24,25.3775,23.7485,2.9566,1.8648,1.6572,0.0,5.1778,411292.622
2001-09-25,25.3775,23.7485,2.9566,1.8648,1.6572,0.0,5.1778,411292.622
2001-09-26,25.1215,23.509,2.9268,1.8459,1.6405,0.0,5.2306,407143.39
2001-09-27,25.5055,23.8683,2.9716,1.8742,1.6656,0.0,5.1518,413367.238
2001-09-28,25.2815,23.6587,2.9455,1.8577,1.651,0.0,5.1975,409736.66
2001-10-08,24.5455,22.9699,2.8597,1.8036,1.6029,0.0,5.3533,397807.618
2001-10-09,24.6415,23.0597,2.8709,1.8107,1.6092,0.0,5.3325,399363.58
2001-10-10,24.0014,22.4608,2.7963,1.7636,1.5674,0.0,5.4747,388990.5
2001-10-11,23.2654,21.772,2.7106,1.7096,1.5193,0.0,5.6479,377061.458
2001-10-12,24.2254,22.6704,2.8224,1.7801,1.582,0.0,5.4241,392621.078
2001-10-15,24.7695,23.1795,2.8858,1.8201,1.6175,0.0,5.3049,401438.196
2001-10-16,23.8414,22.311,2.7777,1.7519,1.5569,0.0,5.5114,386397.23
2001-10-17,23.6814,22.1613,2.759,1.7401,1.5465,0.0,5.5487,383803.96
2001-10-18,23.6814,22.1613,2.759,1.7401,1.5465,0.0,5.5487,383803.96
2001-10-19,23.0094,21.5324,2.6807,1.6907,1.5026,0.0,5.7107,372912.226
2001-10-22,22.0173,20.604,2.5652,1.6178,1.4378,0.0,5.968,356833.952
2001-10-23,24.2254,22.6704,2.8224,1.7801,1.582,0.0,5.4241,392621.078
2001-10-24,24.5455,22.9699,2.8597,1.8036,1.6029,0.0,5.3533,397807.618
2001-10-25,23.5214,22.0116,2.7404,1.7284,1.536,0.0,5.5864,381210.69
2001-10-26,23.6174,22.1014,2.7516,1.7354,1.5423,0.0,5.5637,382766.652
2001-10-29,23.7774,22.2512,2.7702,1.7472,1.5527,0.0,5.5263,385359.922
2001-10-30,23.5534,22.0415,2.7441,1.7307,1.5381,0.0,5.5788,381729.344
2001-10-31,23.3614,21.8618,2.7218,1.7166,1.5256,0.0,5.6247,378617.42
2001-11-01,23.8734,22.341,2.7814,1.7542,1.559,0.0,5.504,386915.884
2001-11-02,23.7134,22.1913,2.7628,1.7425,1.5486,0.0,5.5412,384322.614
2001-11-05,23.5534,22.0415,2.7441,1.7307,1.5381,0.0,5.5788,381729.344
2001-11-06,23.4574,21.9517,2.7329,1.7237,1.5318,0.0,5.6017,380173.382
2001-11-07,22.3373,20.9035,2.6024,1.6414,1.4587,0.0,5.8825,362020.492
2001-11-08,22.8814,21.4126,2.6658,1.6813,1.4942,0.0,5.7427,370837.61
2001-11-09,23.4254,21.9217,2.7292,1.7213,1.5298,0.0,5.6093,379654.728
2001-11-12,23.4254,21.9217,2.7292,1.7213,1.5298,0.0,5.6093,379654.728
2001-11-13,23.0734,21.5923,2.6882,1.6954,1.5068,0.0,5.6949,373949.534
2001-11-14,23.0734,21.5923,2.6882,1.6954,1.5068,0.0,5.6949,373949.534
2001-11-15,22.9774,21.5025,2.677,1.6884,1.5005,0.0,5.7187,372393.572
2001-11-16,23.5214,22.0116,2.7404,1.7284,1.536,0.0,5.5864,381210.69
2001-11-19,23.8734,22.341,2.7814,1.7542,1.559,0.0,5.504,386915.884
2001-11-20,24.5135,22.94,2.856,1.8013,1.6008,0.0,5.3603,397288.964
2001-11-21,24.4495,22.8801,2.8485,1.7966,1.5966,0.0,5.3744,396251.656
2001-11-22,24.6415,23.0597,2.8709,1.8107,1.6092,0.0,5.3325,399363.58
2001-11-23,24.3855,22.8202,2.8411,1.7919,1.5925,0.0,5.3885,395214.348
2001-11-26,24.7375,23.1496,2.8821,1.8177,1.6154,0.0,5.3118,400919.542
2001-11-27,24.8015,23.2095,2.8895,1.8224,1.6196,0.0,5.2981,401956.85
2001-11-28,25.0255,23.4191,2.9156,1.8389,1.6343,0.0,5.2507,405587.428
2001-11-29,25.1215,23.509,2.9268,1.8459,1.6405,0.0,5.2306,407143.39
2001-11-30,25.4415,23.8084,2.9641,1.8695,1.6614,0.0,5.1648,412329.93
2001-12-03,25.5695,23.9282,2.979,1.8789,1.6698,0.0,5.1389,414404.546
2001-12-04,25.9216,24.2577,3.02,1.9047,1.6928,0.0,5.0691,420109.74
2001-12-05,25.6015,23.9582,2.9827,1.8812,1.6719,0.0,5.1325,414923.2
2001-12-06,25.9536,24.2876,3.0238,1.9071,1.6949,0.0,5.0629,420628.394
2001-12-07,26.1456,24.4673,3.0461,1.9212,1.7074,0.0,5.0257,423740.318
2001-12-10,25.9536,24.2876,3.0238,1.9071,1.6949,0.0,5.0629,420628.394
2001-12-11,25.9216,24.2577,3.02,1.9047,1.6928,0.0,5.0691,420109.74
2001-12-12,25.3455,23.7186,2.9529,1.8624,1.6551,0.0,5.1844,410773.968
2001-12-13,24.8655,23.2694,2.897,1.8271,1.6238,0.0,5.2844,402994.158
2001-12-14,24.8335,23.2394,2.8933,1.8248,1.6217,0.0,5.2913,402475.504
2001-12-17,24.7375,23.1496,2.8821,1.8177,1.6154,0.0,5.3118,400919.542
2001-12-18,25.1215,23.509,2.9268,1.8459,1.6405,0.0,5.2306,407143.39
2001-12-19,24.8975,23.2993,2.9007,1.8295,1.6259,0.0,5.2776,403512.812
2001-12-20,24.3855,22.8202,2.8411,1.7919,1.5925,0.0,5.3885,395214.348
2001-12-21,24.6415,23.0597,2.8709,1.8107,1.6092,0.0,5.3325,399363.58
2001-12-24,24.0654,22.5207,2.8038,1.7683,1.5716,0.0,5.4601,390027.808
2001-12-25,24.0014,22.4608,2.7963,1.7636,1.5674,0.0,5.4747,388990.5
2001-12-26,24.1614,22.6105,2.815,1.7754,1.5778,0.0,5.4384,391583.77
2001-12-27,24.4815,22.91,2.8522,1.7989,1.5987,0.0,5.3673,396770.31
2001-12-28,25.2175,23.5988,2.938,1.853,1.6468,0.0,5.2107,408699.352
2001-12-31,25.8895,24.2277,3.0163,1.9024,1.6907,0.0,5.0754,419591.086
2002-01-04,24.8335,23.2394,2.8933,1.8248,1.6217,5.2913,5.2913,402475.504
2002-01-07,24.6095,23.0298,2.8672,1.8083,1.6071,5.3394,5.3394,398844.926
2002-01-08,24.5775,22.9998,2.8634,1.806,1.605,5.3464,5.3464,398326.272
2002-01-09,24.3215,22.7603,2.8336,1.7872,1.5883,5.4026,5.4026,394177.04
2002-01-10,24.3215,22.7603,2.8336,1.7872,1.5883,5.4026,5.4026,394177.04
2002-01-11,23.7134,22.1913,2.7628,1.7425,1.5486,5.5412,5.5412,384322.614
2002-01-14,22.4333,20.9933,2.6136,1.6484,1.465,5.8574,5.8574,363576.454
2002-01-15,22.4013,20.9634,2.6099,1.6461,1.4629,5.8657,5.8657,363057.8
2002-01-16,23.0094,21.5324,2.6807,1.6907,1.5026,5.7107,5.7107,372912.226
2002-01-17,22.1453,20.7238,2.5801,1.6273,1.4462,5.9335,5.9335,358908.568
2002-01-18,21.9533,20.5441,2.5577,1.6131,1.4336,5.9854,5.9854,355796.644
2002-01-21,21.4413,20.065,2.498,1.5755,1.4002,6.1284,6.1284,347498.18
2002-01-22,21.7613,20.3644,2.5353,1.599,1.4211,6.0383,6.0383,352684.72
2002-01-23,23.4254,21.9217,2.7292,1.7213,1.5298,5.6093,5.6093,379654.728
2002-01-24,23.5534,22.0415,2.7441,1.7307,1.5381,5.5788,5.5788,381729.344
2002-01-25,23.5534,22.0415,2.7441,1.7307,1.5381,5.5788,5.5788,381729.344
2002-01-28,22.0813,20.6639,2.5726,1.6226,1.442,5.9507,5.9507,357871.26
2002-01-29,22.7214,21.2629,2.6472,1.6696,1.4838,5.7831,5.7831,368244.34
2002-01-30,22.6574,21.203,2.6397,1.6649,1.4796,5.7995,5.7995,367207.032
2002-01-31,23.9694,22.4308,2.7926,1.7613,1.5653,5.482,5.482,388471.846
2002-02-01,24.2895,22.7303,2.8299,1.7848,1.5862,5.4098,5.4098,393658.386
2002-02-04,24.5455,22.9699,2.8597,1.8036,1.6029,5.3533,5.3533,397807.618
2002-02-05,24.3855,22.8202,2.8411,1.7919,1.5925,5.3885,5.3885,395214.348
2002-02-06,24.4175,22.8501,2.8448,1.7942,1.5945,5.3814,5.3814,395733.002
2002-02-07,24.8655,23.2694,2.897,1.8271,1.6238,5.2844,5.2844,402994.158
2002-02-08,24.5775,22.9998,2.8634,1.806,1.605,5.3464,5.3464,398326.272
2002-02-25,26.0496,24.3774,3.0349,1.9141,1.7011,5.0442,5.0442,422184.356
2002-02-26,26.2416,24.5571,3.0573,1.9282,1.7137,5.0073,5.0073,425296.28
2002-02-27,26.4976,24.7967,3.0871,1.9471,1.7304,4.959,4.959,429445.512
2002-02-28,25.9856,24.3175,3.0275,1.9094,1.6969,5.0567,5.0567,421147.048
2002-03-01,25.7615,24.1079,3.0014,1.893,1.6823,5.1006,5.1006,417516.47
2002-03-04,26.7856,25.0662,3.1207,1.9682,1.7492,4.9056,4.9056,434113.398
2002-03-05,27.0736,25.3358,3.1543,1.9894,1.768,4.8534,4.8534,438781.284
2002-03-06,27.3296,25.5753,3.1841,2.0082,1.7847,4.808,4.808,442930.516
2002-03-07,27.9697,26.1743,3.2586,2.0552,1.8265,4.698,4.698,453303.596
2002-03-08,28.2257,26.4139,3.2885,2.074,1.8432,4.6553,4.6553,457452.828
2002-03-11,28.8337,26.9829,3.3593,2.1187,1.8829,4.5572,4.5572,467307.254
2002-03-12,28.7697,26.923,3.3519,2.114,1.8788,4.5673,4.5673,466269.946
2002-03-13,28.3537,26.5337,3.3034,2.0834,1.8516,4.6343,4.6343,459527.444
2002-03-14,26.9268,26.9268,3.2408,1.9697,1.9697,4.598,4.598,463158.022
2002-03-15,26.0825,26.0825,3.1392,1.9079,1.9079,4.7468,4.7468,448635.71
2002-03-18,26.2935,26.2935,3.1646,1.9233,1.9233,4.7087,4.7087,452266.288
2002-03-19,26.6855,26.6855,3.2118,1.952,1.952,4.6396,4.6396,459008.79
2002-03-20,26.9268,26.9268,3.2408,1.9697,1.9697,4.598,4.598,463158.022
2002-03-21,27.1077,27.1077,3.2626,1.9829,1.9829,4.5673,4.5673,466269.946
2002-03-22,26.8061,26.8061,3.2263,1.9608,1.9608,4.6187,4.6187,461083.406
2002-03-25,26.6252,26.6252,3.2046,1.9476,1.9476,4.6501,4.6501,457971.482
2002-03-26,26.4443,26.4443,3.1828,1.9344,1.9344,4.6819,4.6819,454859.558
2002-03-27,26.4745,26.4745,3.1864,1.9366,1.9366,4.6765,4.6765,455378.212
2002-03-28,26.8665,26.8665,3.2336,1.9652,1.9652,4.6083,4.6083,462120.714
2002-03-29,26.2332,26.2332,3.1574,1.9189,1.9189,4.7196,4.7196,451228.98
2002-04-01,26.5046,26.5046,3.19,1.9388,1.9388,4.6712,4.6712,455896.866
2002-04-02,25.9619,25.9619,3.1247,1.8991,1.8991,4.7689,4.7689,446561.094
2002-04-03,26.0825,26.0825,3.1392,1.9079,1.9079,4.7468,4.7468,448635.71
2002-04-04,26.776,26.776,3.2227,1.9586,1.9586,4.6239,4.6239,460564.752
2002-04-05,26.2935,26.2935,3.1646,1.9233,1.9233,4.7087,4.7087,452266.288
2002-04-08,26.2935,26.2935,3.1646,1.9233,1.9233,4.7087,4.7087,452266.288
2002-04-09,27.6504,27.6504,3.3279,2.0226,2.0226,4.4777,4.4777,475605.718
2002-04-10,27.7409,27.7409,3.3388,2.0292,2.0292,4.4631,4.4631,477161.68
2002-04-11,27.1378,27.1378,3.2662,1.9851,1.9851,4.5622,4.5622,466788.6
2002-04-12,27.2886,27.2886,3.2844,1.9961,1.9961,4.537,4.537,469381.87
2002-04-15,26.9569,26.9569,3.2445,1.9719,1.9719,4.5929,4.5929,463676.676
2002-04-16,26.6554,26.6554,3.2082,1.9498,1.9498,4.6448,4.6448,458490.136
2002-04-17,27.1378,27.1378,3.2662,1.9851,1.9851,4.5622,4.5622,466788.6
2002-04-18,26.8966,26.8966,3.2372,1.9675,1.9675,4.6032,4.6032,462639.368
2002-04-19,26.8363,26.8363,3.23,1.963,1.963,4.6135,4.6135,461602.06
2002-04-22,26.6554,26.6554,3.2082,1.9498,1.9498,4.6448,4.6448,458490.136
2002-04-23,26.5951,26.5951,3.2009,1.9454,1.9454,4.6553,4.6553,457452.828
2002-04-24,26.4142,26.4142,3.1791,1.9322,1.9322,4.6872,4.6872,454340.904
2002-04-25,26.5348,26.5348,3.1937,1.941,1.941,4.6659,4.6659,456415.52
2002-04-26,26.9871,26.9871,3.2481,1.9741,1.9741,4.5877,4.5877,464195.33
2002-04-29,27.3489,27.3489,3.2917,2.0005,2.0005,4.527,4.527,470419.178
2002-04-30,27.1077,27.1077,3.164,1.9829,1.9829,4.5673,4.5673,466269.946
2002-05-08,26.8665,26.8665,3.1358,1.9652,1.9652,4.6083,4.6083,462120.714
2002-05-09,26.5649,26.5649,3.1007,1.9432,1.9432,4.6606,4.6606,456934.174
2002-05-10,26.5348,26.5348,3.0971,1.941,1.941,4.6659,4.6659,456415.52
2002-05-13,26.4443,26.4443,3.0866,1.9344,1.9344,4.6819,4.6819,454859.558
2002-05-14,26.3539,26.3539,3.076,1.9277,1.9277,4.698,4.698,453303.596
2002-05-16,25.208,25.208,2.9423,1.8439,1.8439,4.9115,4.9115,433594.744
2002-05-17,25.7809,25.7809,3.0091,1.8858,1.8858,4.8024,4.8024,443449.17
2002-05-20,24.9065,24.9065,2.9071,1.8219,1.8219,4.971,4.971,428408.204
2002-05-21,26.0825,26.0825,3.0443,1.9079,1.9079,4.7468,4.7468,448635.71
2002-05-22,25.3286,25.3286,2.9564,1.8528,1.8528,4.8881,4.8881,435669.36
2002-05-23,25.4794,25.4794,2.974,1.8638,1.8638,4.8592,4.8592,438262.63
2002-05-24,25.389,25.389,2.9634,1.8572,1.8572,4.8765,4.8765,436706.668
2002-05-27,25.389,25.389,2.9634,1.8572,1.8572,4.8765,4.8765,436706.668
2002-05-28,25.3588,25.3588,2.9599,1.855,1.855,4.8823,4.8823,436188.014
2002-05-29,24.997,24.997,2.9176,1.8285,1.8285,4.953,4.953,429964.166
2002-05-30,24.9367,24.9367,2.9106,1.8241,1.8241,4.9649,4.9649,428926.858
2002-05-31,24.8763,24.8763,2.9036,1.8197,1.8197,4.977,4.977,427889.55
2002-06-03,24.3336,24.3336,2.8402,1.78,1.78,5.088,5.088,418553.778
2002-06-04,24.3939,24.3939,2.8472,1.7844,1.7844,5.0754,5.0754,419591.086
2002-06-05,24.3034,24.3034,2.8367,1.7778,1.7778,5.0943,5.0943,418035.124
2002-06-06,25.2683,25.2683,2.9493,1.8483,1.8483,4.8998,4.8998,434632.052
2002-06-07,25.2382,25.2382,2.9458,1.8461,1.8461,4.9056,4.9056,434113.398
2002-06-10,25.2382,25.2382,2.9458,1.8461,1.8461,4.9056,4.9056,434113.398
2002-06-11,25.9317,25.9317,3.0267,1.8969,1.8969,4.7744,4.7744,446042.44
2002-06-12,25.7809,25.7809,3.0091,1.8858,1.8858,4.8024,4.8024,443449.17
2002-06-13,25.6302,25.6302,2.9915,1.8748,1.8748,4.8306,4.8306,440855.9
2002-06-14,25.6905,25.6905,2.9986,1.8792,1.8792,4.8193,4.8193,441893.208
2002-06-17,24.9487,24.9487,2.912,1.825,1.825,4.9625,7.5744,429134.3196
2002-06-18,25.1176,25.1176,2.9317,1.8373,1.8373,4.9292,7.5235,432038.782
2002-06-19,24.8221,24.8221,2.8972,1.8157,1.8157,4.9879,7.6131,426955.9728
2002-06-20,24.8221,24.8221,2.8972,1.8157,1.8157,4.9879,7.6131,426955.9728
2002-06-21,25.793,25.793,3.0106,1.8867,1.8867,4.8001,7.3265,443656.6316
2002-06-24,28.3681,28.3681,3.3111,2.0751,2.0751,4.3644,6.6614,487949.6832
2002-06-25,28.1148,28.1148,3.2816,2.0566,2.0566,4.4037,6.7214,483592.9896
2002-06-26,28.2837,28.2837,3.3013,2.0689,2.0689,4.3774,6.6813,486497.452
2002-06-27,28.6636,28.6636,3.3456,2.0967,2.0967,4.3194,6.5928,493032.4924
2002-06-28,29.9722,29.9722,3.4984,2.1924,2.1924,4.1308,6.3049,515542.076
2002-07-01,28.3681,28.3681,3.3111,2.0751,2.0751,4.3644,6.6614,487949.6832
2002-07-02,29.339,29.339,3.4244,2.1461,2.1461,4.2199,6.441,504650.342
2002-07-03,29.4234,29.4234,3.4343,2.1523,2.1523,4.2078,6.4225,506102.5732
2002-07-04,29.1279,29.1279,3.3998,2.1307,2.1307,4.2505,2.2371,501019.764
2002-07-05,28.9591,28.9591,3.3801,2.1183,2.1183,4.2753,2.2502,498115.3016
2002-07-08,28.9169,28.9169,3.3752,2.1152,2.1152,4.2816,2.2534,497389.186
2002-07-09,28.8324,28.8324,3.3653,2.1091,2.1091,4.2941,2.26,495936.9548
2002-07-10,27.8615,27.8615,3.252,2.038,2.038,4.4437,2.3388,479236.296
2002-07-11,27.9882,27.9882,3.2668,2.0473,2.0473,4.4236,2.3282,481414.6428
2002-07-12,28.0726,28.0726,3.2766,2.0535,2.0535,4.4103,2.3212,482866.874
2002-07-15,27.7349,27.7349,3.2372,2.0288,2.0288,4.464,2.3495,477057.9492
2002-07-16,27.6927,27.6927,3.2323,2.0257,2.0257,4.4708,2.3531,476331.8336
2002-07-18,28.157,28.157,3.2865,2.0596,2.0596,4.3971,2.3143,484319.1052
2002-07-19,28.3681,28.3681,3.3111,2.0751,2.0751,4.3644,2.297,487949.6832
2002-07-22,27.9459,27.9459,3.2618,2.0442,2.0442,4.4303,2.3317,480688.5272
2002-07-23,27.9037,27.9037,3.2569,2.0411,2.0411,4.437,2.3353,479962.4116
2002-07-24,27.9459,27.9459,3.2618,2.0442,2.0442,4.4303,2.3317,480688.5272
2002-07-25,27.8193,27.8193,3.2471,2.0349,2.0349,4.4505,2.3424,478510.1804
2002-07-26,27.6927,27.6927,3.2323,2.0257,2.0257,4.4708,2.3531,476331.8336
2002-07-29,27.3972,27.3972,3.1978,2.0041,2.0041,4.5191,2.3784,471249.0244
2002-07-30,27.3972,27.3972,3.1978,2.0041,2.0041,4.5191,2.3784,471249.0244
2002-07-31,27.3549,27.3549,3.1929,2.001,2.001,4.526,2.3821,470522.9088
2002-08-01,27.1861,27.1861,3.1732,1.9886,1.9886,4.5541,2.3969,467618.4464
2002-08-02,27.566,27.566,3.2175,2.0164,2.0164,4.4914,2.3639,474153.4868
2002-08-05,27.6082,27.6082,3.2224,2.0195,2.0195,4.4845,2.3603,474879.6024
2002-08-06,27.8615,27.8615,3.252,2.038,2.038,4.4437,2.3388,479236.296
2002-08-07,27.7771,27.7771,3.2421,2.0319,2.0319,4.4572,2.3459,477784.0648
2002-08-08,27.3127,26.4145,3.0948,1.9979,1.8072,4.533,2.3858,469796.7932
2002-08-09,27.3549,26.4554,3.0996,2.001,1.81,4.526,2.3821,470522.9088
2002-08-12,27.2283,26.3329,3.0852,1.9917,1.8016,4.5471,2.3932,468344.562
2002-08-13,27.4394,26.537,3.1091,2.0072,1.8156,4.5121,2.3748,471975.14
2002-08-14,27.5238,26.6187,3.1187,2.0133,1.8212,4.4983,2.3675,473427.3712
2002-08-15,27.3127,26.4145,3.0948,1.9979,1.8072,4.533,2.3858,469796.7932
2002-08-16,27.566,26.6595,3.1235,2.0164,1.824,4.4914,2.3639,474153.4868
2002-08-19,27.3972,26.4962,3.1043,2.0041,1.8128,4.5191,2.3784,471249.0244
2002-08-20,27.7771,26.8636,3.1474,2.0319,1.8379,4.4572,2.3459,477784.0648
2002-08-21,27.5238,26.6187,3.1187,2.0133,1.8212,4.4983,2.3675,473427.3712
2002-08-22,27.6927,26.782,3.1378,2.0257,1.8324,4.4708,2.3531,476331.8336
2002-08-23,27.9882,27.0678,3.1713,2.0473,1.8519,4.4236,2.3282,481414.6428
2002-08-26,27.6927,26.782,3.1378,2.0257,1.8324,4.4708,2.3531,476331.8336
2002-08-27,27.6927,26.782,3.1378,2.0257,1.8324,4.4708,2.3531,476331.8336
2002-08-28,27.6082,26.7003,3.1283,2.0195,1.8268,4.4845,2.3603,474879.6024
2002-08-29,27.4394,26.537,3.1091,2.0072,1.8156,4.5121,2.3748,471975.14
2002-08-30,27.3549,26.4554,3.0996,2.001,1.81,4.526,2.3821,470522.9088
2002-09-02,27.3972,26.4962,3.1043,2.0041,1.8128,4.5191,2.3784,471249.0244
2002-09-03,27.3549,26.4554,3.0996,2.001,1.81,4.526,2.3821,470522.9088
2002-09-04,27.2705,26.3737,3.09,1.9948,1.8044,4.54,2.3895,469070.6776
2002-09-05,26.8484,25.9655,3.0422,1.9639,1.7765,4.6114,2.4271,461809.5216
2002-09-06,26.5951,25.7205,3.0135,1.9454,1.7597,4.6553,2.4502,457452.828
2002-09-09,26.6373,25.7613,3.0182,1.9485,1.7625,4.648,2.4463,458178.9436
2002-09-10,26.6373,25.7613,3.0182,1.9485,1.7625,4.648,2.4463,458178.9436
2002-09-11,26.4684,25.598,2.9991,1.9361,1.7513,4.6776,2.4619,455274.4812
2002-09-12,26.4684,25.598,2.9991,1.9361,1.7513,4.6776,2.4619,455274.4812
2002-09-13,26.384,25.5164,2.9896,1.93,1.7458,4.6926,2.4698,453822.25
2002-09-16,25.9196,25.0673,2.9369,1.896,1.715,4.7767,2.514,445834.9784
2002-09-17,25.9196,25.0673,2.9369,1.896,1.715,4.7767,2.514,445834.9784
2002-09-18,25.793,24.9448,2.9226,1.8867,1.7067,4.8001,2.5264,443656.6316
2002-09-19,26.1729,25.3122,2.9656,1.9145,1.7318,4.7304,2.4897,450191.672
2002-09-20,25.7508,24.904,2.9178,1.8836,1.7039,4.808,2.5305,442930.516
2002-09-23,25.9196,25.0673,2.9369,1.896,1.715,4.7767,2.514,445834.9784
2002-09-24,25.8352,24.9856,2.9274,1.8898,1.7094,4.7923,2.5222,444382.7472
2002-09-25,25.9619,25.1081,2.9417,1.8991,1.7178,4.7689,2.5099,446561.094
2002-09-26,25.9196,25.0673,2.9369,1.896,1.715,4.7767,2.514,445834.9784
2002-09-27,26.0463,25.1898,2.9513,1.9053,1.7234,4.7534,2.5018,448013.3252
2002-10-08,26.0041,25.1489,2.9465,1.9022,1.7206,4.7611,2.5059,447287.2096
2002-10-09,25.3709,24.5365,2.8748,1.8558,1.6787,4.88,2.5684,436395.4756
2002-10-10,25.3709,24.5365,2.8748,1.8558,1.6787,4.88,2.5684,436395.4756
2002-10-11,25.3709,24.5365,2.8748,1.8558,1.6787,4.88,2.5684,436395.4756
2002-10-14,25.5397,24.6998,2.8939,1.8682,1.6899,4.8477,2.5514,439299.938
2002-10-15,25.4553,24.6182,2.8843,1.862,1.6843,4.8638,2.5599,437847.7068
2002-10-16,25.5819,24.7407,2.8987,1.8713,1.6927,4.8397,2.5472,440026.0536
2002-10-17,24.9909,24.1691,2.8317,1.8281,1.6536,4.9542,2.6075,429860.4352
2002-10-18,24.4421,23.6384,2.7695,1.7879,1.6173,5.0654,2.666,420420.9324
2002-10-21,24.611,23.8017,2.7887,1.8003,1.6284,5.0306,2.6477,423325.3948
2002-10-22,25.0331,24.2099,2.8365,1.8311,1.6564,4.9458,2.6031,430586.5508
2002-10-23,24.9487,24.1283,2.8269,1.825,1.6508,4.9625,2.6119,429134.3196
2002-10-24,24.9065,24.0874,2.8221,1.8219,1.648,4.971,2.6163,428408.204
2002-10-25,24.3999,23.5975,2.7647,1.7848,1.6145,5.0742,2.6706,419694.8168
2002-10-28,24.2311,23.4342,2.7456,1.7725,1.6033,5.1095,2.6892,416790.3544
2002-10-29,24.3577,23.5567,2.76,1.7817,1.6117,5.083,2.6752,418968.7012
2002-10-30,24.3155,23.5159,2.6905,1.7786,1.6089,5.0918,2.6799,418242.5856
2002-10-31,24.3155,23.5159,2.6905,1.7786,1.6089,5.0918,2.6799,418242.5856
2002-11-01,24.4844,23.6792,2.7092,1.791,1.6201,5.0567,2.6614,421147.048
2002-11-04,24.7376,23.9241,2.7372,1.8095,1.6368,5.0049,2.6342,425503.7416
2002-11-05,25.0754,24.2508,2.7746,1.8342,1.6592,4.9375,2.5987,431312.6664
2002-11-06,25.1176,24.2916,2.7792,1.8373,1.662,4.9292,2.5943,432038.782
2002-11-07,24.9487,24.1283,2.7605,1.825,1.6508,4.9625,2.6119,429134.3196
2002-11-08,24.3155,23.5159,2.6905,1.7786,1.6089,5.0918,2.6799,418242.5856
2002-11-11,24.0622,23.2709,2.6624,1.7601,1.5921,5.1454,2.7081,413885.892
2002-11-12,23.7245,22.9443,2.6251,1.7354,1.5698,5.2186,2.7466,408076.9672
2002-11-13,23.7667,22.9851,2.6298,1.7385,1.5726,5.2094,2.7418,408803.0828
2002-11-14,23.5134,22.7402,2.6017,1.72,1.5558,5.2655,2.7713,404446.3892
2002-11-15,23.5134,22.7402,2.6017,1.72,1.5558,5.2655,2.7713,404446.3892
2002-11-18,23.3446,22.5769,2.583,1.7076,1.5446,5.3036,2.7913,401541.9268
2002-11-19,23.5134,22.7402,2.6017,1.72,1.5558,5.2655,2.7713,404446.3892
2002-11-20,22.9224,22.1686,2.5363,1.6767,1.5167,5.4012,2.8427,394280.7708
2002-11-21,22.2048,21.4746,2.4569,1.6243,1.4692,5.5758,2.9346,381936.8056
2002-11-22,22.2048,21.4746,2.4569,1.6243,1.4692,5.5758,2.9346,381936.8056
2002-11-25,22.2048,21.4746,2.4569,1.6243,1.4692,5.5758,2.9346,381936.8056
2002-11-26,21.3183,20.6172,2.3588,1.5594,1.4106,5.8077,3.0567,366688.378
2002-11-27,21.6982,20.9847,2.4009,1.5872,1.4357,5.706,3.0031,373223.4184
2002-11-28,22.5003,21.7604,2.4896,1.6459,1.4888,5.5026,2.8961,387019.6148
2002-11-29,22.7536,22.0053,2.5176,1.6644,1.5055,5.4413,2.8638,391376.3084
2002-12-02,22.1626,21.4337,2.4523,1.6212,1.4664,5.5864,2.9402,381210.69
2002-12-03,22.7114,21.9645,2.513,1.6613,1.5028,5.4514,2.8692,390650.1928
2002-12-04,22.8802,22.1278,2.5317,1.6737,1.5139,5.4112,2.848,393554.6552
2002-12-05,22.7114,21.9645,2.513,1.6613,1.5028,5.4514,2.8692,390650.1928
2002-12-06,22.8802,22.1278,2.5317,1.6737,1.5139,5.4112,2.848,393554.6552
2002-12-09,22.7536,22.0053,2.5176,1.6644,1.5055,5.4413,2.8638,391376.3084
2002-12-10,22.5425,21.8012,2.4943,1.649,1.4916,5.4923,2.8907,387745.7304
2002-12-11,22.4581,21.7195,2.485,1.6428,1.486,5.5129,2.9015,386293.4992
2002-12-12,22.5003,21.7604,2.4896,1.6459,1.4888,5.5026,2.8961,387019.6148
2002-12-13,22.6691,21.9237,2.5083,1.6582,1.5,5.4616,2.8745,389924.0772
2002-12-16,23.0491,22.2911,2.5503,1.686,1.5251,5.3715,2.8271,396459.1176
2002-12-17,23.1757,22.4136,2.5644,1.6953,1.5335,5.3422,2.8117,398637.4644
2002-12-18,23.0913,22.3319,2.555,1.6891,1.5279,5.3617,2.822,397185.2332
2002-12-19,23.0913,22.3319,2.555,1.6891,1.5279,5.3617,2.822,397185.2332
2002-12-20,23.429,22.6585,2.5924,1.7138,1.5502,5.2844,2.7813,402994.158
2002-12-23,23.5556,22.781,2.6064,1.7231,1.5586,5.256,2.7663,405172.5048
2002-12-24,23.7667,22.9851,2.6298,1.7385,1.5726,5.2094,2.7418,408803.0828
2002-12-25,23.3868,22.6177,2.5877,1.7107,1.5474,5.294,2.7863,402268.0424
2002-12-26,22.7958,22.0461,2.5223,1.6675,1.5083,5.4312,2.8585,392102.424
2002-12-27,23.3446,22.5769,2.583,1.7076,1.5446,5.3036,2.7913,401541.9268
2002-12-30,23.0913,22.3319,2.555,1.6891,1.5279,5.3617,2.822,397185.2332
2002-12-31,22.6691,21.9237,2.5083,1.6582,1.5,5.4616,2.8745,389924.0772
2003-01-02,21.5293,20.8214,2.3822,1.5748,1.4245,3.0267,3.0267,370318.956
2003-01-03,21.6138,20.903,2.3915,1.581,1.4301,3.0149,3.0149,371771.1872
2003-01-06,21.6982,20.9847,2.4009,1.5872,1.4357,3.0031,3.0031,373223.4184
2003-01-07,21.7404,21.0255,2.4055,1.5903,1.4385,2.9973,2.9973,373949.534
2003-01-08,22.247,21.5154,2.4616,1.6273,1.472,2.9291,2.9291,382662.9212
2003-01-09,22.7114,21.9645,2.513,1.6613,1.5028,2.8692,2.8692,390650.1928
2003-01-10,22.7114,21.9645,2.513,1.6613,1.5028,2.8692,2.8692,390650.1928
2003-01-13,22.9224,22.1686,2.5363,1.6767,1.5167,2.8427,2.8427,394280.7708
2003-01-14,24.0622,23.2709,2.6624,1.7601,1.5921,2.7081,2.7081,413885.892
2003-01-15,23.7245,22.9443,2.6251,1.7354,1.5698,2.7466,2.7466,408076.9672
2003-01-16,24.0622,23.2709,2.6624,1.7601,1.5921,2.7081,2.7081,413885.892
2003-01-17,23.7245,22.9443,2.6251,1.7354,1.5698,2.7466,2.7466,408076.9672
2003-01-20,23.6823,22.9035,2.6204,1.7323,1.567,2.7515,2.7515,407350.8516
2003-01-21,22.9646,22.2094,2.541,1.6798,1.5195,2.8375,2.8375,395006.8864
2003-01-22,23.0913,22.3319,2.555,1.6891,1.5279,2.822,2.822,397185.2332
2003-01-23,23.0069,22.2503,2.5457,1.6829,1.5223,2.8323,2.8323,395733.002
2003-01-24,23.5134,22.7402,2.6017,1.72,1.5558,2.7713,2.7713,404446.3892
2003-01-27,23.6401,22.8627,2.6157,1.7292,1.5642,2.7565,2.7565,406624.736
2003-01-28,23.8934,23.1076,2.6438,1.7478,1.581,2.7272,2.7272,410981.4296
2003-01-29,24.1889,23.3934,2.6765,1.7694,1.6005,2.6939,2.6939,416064.2388
2003-02-10,23.6401,22.8627,2.6157,1.7292,1.5642,2.7565,2.7565,406624.736
2003-02-11,23.8934,23.1076,2.6438,1.7478,1.581,2.7272,2.7272,410981.4296
2003-02-12,24.1466,23.3526,2.6718,1.7663,1.5977,2.6986,2.6986,415338.1232
2003-02-13,24.3155,23.5159,2.6905,1.7786,1.6089,2.6799,2.6799,418242.5856
2003-02-14,24.5688,23.7608,2.7185,1.7972,1.6257,2.6523,2.6523,422599.2792
2003-02-17,24.3155,23.5159,2.6905,1.7786,1.6089,2.6799,2.6799,418242.5856
2003-02-18,24.4421,23.6384,2.7045,1.7879,1.6173,2.666,2.666,420420.9324
2003-02-19,24.8221,24.0058,2.7465,1.8157,1.6424,2.6252,2.6252,426955.9728
2003-02-20,24.4844,23.6792,2.7092,1.791,1.6201,2.6614,2.6614,421147.048
2003-02-21,24.02,23.2301,2.6578,1.757,1.5893,2.7129,2.7129,413159.7764
2003-02-24,23.9778,23.1893,2.6531,1.7539,1.5865,2.7176,2.7176,412433.6608
2003-02-25,24.3999,23.5975,2.6998,1.7848,1.6145,2.6706,2.6706,419694.8168
2003-02-26,24.4421,23.6384,2.7045,1.7879,1.6173,2.666,2.666,420420.9324
2003-02-27,24.611,23.8017,2.7232,1.8003,1.6284,2.6477,2.6477,423325.3948
2003-02-28,24.2733,23.4751,2.6858,1.7756,1.6061,2.6845,2.6845,417516.47
2003-03-03,24.4844,23.6792,2.7092,1.791,1.6201,2.6614,2.6614,421147.048
2003-03-04,24.6532,23.8425,2.7278,1.8033,1.6312,2.6432,2.6432,424051.5104
2003-03-05,24.7799,23.965,2.7419,1.8126,1.6396,2.6297,2.6297,426229.8572
2003-03-06,24.3155,23.5159,2.6905,1.7786,1.6089,2.6799,2.6799,418242.5856
2003-03-07,24.1889,23.3934,2.6765,1.7694,1.6005,2.6939,2.6939,416064.2388
2003-03-10,23.4712,22.6994,2.5971,1.7169,1.553,2.7763,2.7763,403720.2736
2003-03-11,22.8249,22.8249,2.6319,1.3698,1.3698,2.7763,2.7763,403720.2736
2003-03-12,22.9891,22.9891,2.6508,1.3797,1.3797,2.7565,2.7565,406624.736
2003-03-13,22.907,22.907,2.6414,1.3748,1.3748,2.7663,2.7663,405172.5048
2003-03-14,22.7839,22.7839,2.6272,1.3674,1.3674,2.7813,2.7813,402994.158
2003-03-17,22.7428,22.7428,2.6224,1.3649,1.3649,2.7863,2.7863,402268.0424
2003-03-18,22.5786,22.5786,2.6035,1.3551,1.3551,2.8066,2.8066,399363.58
2003-03-19,22.5786,22.5786,2.6035,1.3551,1.3551,2.8066,2.8066,399363.58
2003-03-20,22.6607,22.6607,2.613,1.36,1.36,2.7964,2.7964,400815.8112
2003-03-21,22.7018,22.7018,2.6177,1.3624,1.3624,2.7913,2.7913,401541.9268
2003-03-24,22.8249,22.8249,2.6319,1.3698,1.3698,2.7763,2.7763,403720.2736
2003-03-25,22.8249,22.8249,2.6319,1.3698,1.3698,2.7763,2.7763,403720.2736
2003-03-26,22.5786,22.5786,2.6035,1.3551,1.3551,2.8066,2.8066,399363.58
2003-03-27,23.1533,23.1533,2.6698,1.3895,1.3895,2.7369,2.7369,409529.1984
2003-03-28,23.7281,23.7281,2.736,1.424,1.424,2.6706,2.6706,419694.8168
2003-03-31,23.8512,23.8512,2.7502,1.4314,1.4314,2.6568,2.6568,421873.1636
2003-04-01,23.8102,23.8102,2.7455,1.429,1.429,2.6614,2.6614,421147.048
2003-04-02,23.9744,23.9744,2.7644,1.4388,1.4388,2.6432,2.6432,424051.5104
2003-04-03,24.0154,24.0154,2.7692,1.4413,1.4413,2.6387,2.6387,424777.626
2003-04-04,24.0975,24.0975,2.7786,1.4462,1.4462,2.6297,2.6297,426229.8572
2003-04-07,23.7281,23.7281,2.736,1.424,1.424,2.6706,2.6706,419694.8168
2003-04-08,23.6049,23.6049,2.7218,1.4166,1.4166,2.6845,2.6845,417516.47
2003-04-09,24.0565,24.0565,2.7739,1.4437,1.4437,2.6342,2.6342,425503.7416
2003-04-10,24.5491,24.5491,2.8307,1.4733,1.4733,2.5813,2.5813,434217.1288
2003-04-11,25.1649,25.1649,2.9017,1.5103,1.5103,2.5181,2.5181,445108.8628
2003-04-14,25.5754,25.5754,2.949,1.5349,1.5349,2.4777,2.4777,452370.0188
2003-04-15,25.3701,25.3701,2.9254,1.5226,1.5226,2.4978,2.4978,448739.4408
2003-04-16,24.6723,24.6723,2.8449,1.4807,1.4807,2.5684,2.5684,436395.4756
2003-04-17,24.2207,24.2207,2.7928,1.4536,1.4536,2.6163,2.6163,428408.204
2003-04-18,24.4259,24.4259,2.8165,1.4659,1.4659,2.5943,2.5943,432038.782
2003-04-21,23.7281,23.7281,2.736,1.424,1.424,2.6706,2.6706,419694.8168
2003-04-22,23.3586,23.3586,2.6934,1.4019,1.4019,2.7129,2.7129,413159.7764
2003-04-23,22.907,22.907,2.6414,1.3748,1.3748,2.7663,2.7663,405172.5048
2003-04-24,22.3733,22.3733,2.5798,1.3427,1.3427,2.8323,2.8323,395733.002
2003-04-25,22.2091,22.2091,2.5609,1.3329,1.3329,2.8533,2.8533,392828.5396
2003-04-28,22.9891,22.9891,2.6508,1.3797,1.3797,2.7565,2.7565,406624.736
2003-04-29,22.0039,22.0039,2.5372,1.3206,1.3206,2.8799,2.8799,389197.9616
2003-04-30,22.1681,23.184,2.4963,1.3304,1.2766,2.8585,2.8585,392102.424
2003-05-12,21.2239,22.1965,2.39,1.2737,1.2222,2.9857,2.9857,375401.7652
2003-05-13,20.7313,21.6813,2.3345,1.2442,1.1938,3.0567,3.0567,366688.378
2003-05-14,21.1418,22.1106,2.3807,1.2688,1.2175,2.9973,2.9973,373949.534
2003-05-15,22.0039,23.0122,2.4778,1.3206,1.2671,2.8799,2.8799,389197.9616
2003-05-16,22.5786,23.6133,2.5425,1.3551,1.3002,2.8066,2.8066,399363.58
2003-05-19,22.6197,23.6562,2.5471,1.3575,1.3026,2.8015,2.8015,400089.6956
2003-05-20,22.1681,23.184,2.4963,1.3304,1.2766,2.8585,2.8585,392102.424
2003-05-21,22.2091,23.2269,2.5009,1.3329,1.2789,2.8533,2.8533,392828.5396
2003-05-22,22.2502,23.2698,2.5055,1.3353,1.2813,2.848,2.848,393554.6552
2003-05-23,22.7018,23.7421,2.5564,1.3624,1.3073,2.7913,2.7913,401541.9268
2003-05-26,22.6607,23.6992,2.5518,1.36,1.3049,2.7964,2.7964,400815.8112
2003-05-27,22.5786,23.6133,2.5425,1.3551,1.3002,2.8066,2.8066,399363.58
2003-05-28,22.2912,23.3128,2.5102,1.3378,1.2837,2.8427,2.8427,394280.7708
2003-05-29,22.3733,23.3986,2.5194,1.3427,1.2884,2.8323,2.8323,395733.002
2003-05-30,23.2354,24.3002,2.6165,1.3945,1.338,2.7272,2.7272,410981.4296
2003-06-02,23.5228,24.6008,2.6488,1.4117,1.3546,2.6939,2.6939,416064.2388
2003-06-03,23.0302,24.0856,2.5934,1.3822,1.3262,2.7515,2.7515,407350.8516
2003-06-04,23.1123,24.1714,2.6026,1.3871,1.3309,2.7418,2.7418,408803.0828
2003-06-05,22.7839,23.828,2.5656,1.3674,1.312,2.7813,2.7813,402994.158
2003-06-06,22.4144,23.4416,2.524,1.3452,1.2907,2.8271,2.8271,396459.1176
2003-06-09,22.086,23.0981,2.487,1.3255,1.2718,2.8692,2.8692,390650.1928
2003-06-10,22.2091,23.2269,2.5009,1.3329,1.2789,2.8533,2.8533,392828.5396
2003-06-11,22.7018,23.7421,2.5564,1.3624,1.3073,2.7913,2.7913,401541.9268
2003-06-13,22.5786,23.6133,2.5425,1.3551,1.3002,2.8066,2.8066,399363.58
2003-06-16,22.2502,23.2698,2.5055,1.3353,1.2813,2.848,2.848,393554.6552
2003-06-17,22.2502,23.2698,2.5055,1.3353,1.2813,2.848,,393554.6552
2003-06-18,22.2091,23.2269,2.5009,1.3329,1.2789,2.8533,,392828.5396
2003-06-19,22.086,23.0981,2.487,1.3255,1.2718,2.8692,,390650.1928
2003-06-20,22.0449,23.0552,2.4824,1.323,1.2695,2.8745,,389924.0772
2003-06-23,22.2502,23.2698,2.5055,1.3353,1.2813,2.848,,393554.6552
2003-06-24,22.1681,23.184,2.4963,1.3304,1.2766,2.8585,,392102.424
2003-06-25,22.127,23.141,2.4917,1.328,1.2742,2.8638,,391376.3084
2003-06-26,21.8807,22.8834,2.4639,1.3132,1.26,2.8961,,387019.6148
2003-06-27,21.4291,22.4112,2.4131,1.2861,1.234,2.9571,,379032.3432
2003-06-30,21.3881,22.3682,2.4085,1.2836,1.2316,2.9628,,378306.2276
2003-07-01,21.3881,22.3682,2.4085,1.2836,1.2316,2.9628,,378306.2276
2003-07-02,21.1828,22.1536,2.3853,1.2713,1.2198,2.9915,,374675.6496
2003-07-03,21.1418,22.1106,2.3807,1.2688,1.2175,2.9973,,373949.534
2003-07-04,21.1418,22.1106,2.3807,1.2688,1.2175,2.9973,,373949.534
2003-07-07,21.1418,22.1106,2.3807,1.2688,1.2175,2.9973,,373949.534
2003-07-08,21.4291,22.4112,2.4131,1.2861,1.234,2.9571,,379032.3432
2003-07-09,21.306,22.2824,2.3992,1.2787,1.2269,2.9742,,376853.9964
2003-07-10,21.5523,22.54,2.4269,1.2935,1.2411,2.9402,,381210.69
2003-07-11,21.6344,22.6258,2.4362,1.2984,1.2458,2.9291,,382662.9212
2003-07-14,21.0186,21.9818,2.3668,1.2614,1.2104,3.0149,4.2208,371771.1872
2003-07-15,20.9365,21.896,2.3576,1.2565,1.2056,3.0267,4.2374,370318.956
2003-07-16,21.0597,22.0248,2.3715,1.2639,1.2127,3.009,4.2126,372497.3028
2003-07-17,21.2649,22.2394,2.3946,1.2762,1.2246,2.9799,4.1719,376127.8808
2003-07-18,20.9365,21.896,2.3576,1.2565,1.2056,3.0267,4.2374,370318.956
2003-07-21,20.8544,21.8101,2.3484,1.2516,1.2009,3.0386,4.2541,368866.7248
2003-07-22,20.8955,21.853,2.353,1.254,1.2033,3.0326,4.2457,369592.8404
2003-07-23,21.0597,22.0248,2.3715,1.2639,1.2127,3.009,4.2126,372497.3028
2003-07-24,20.9776,21.9389,2.3622,1.259,1.208,3.0208,4.2291,371045.0716
2003-07-25,20.7313,21.6813,2.3345,1.2442,1.1938,3.0567,4.2793,366688.378
2003-07-28,20.7313,21.6813,2.3345,1.2442,1.1938,3.0567,4.2793,366688.378
2003-07-29,20.7723,21.7242,2.3391,1.2466,1.1962,3.0506,4.2709,367414.4936
2003-07-30,20.8544,21.8101,2.3484,1.2516,1.2009,3.0386,4.2541,368866.7248
2003-07-31,20.6902,21.6384,2.3299,1.2417,1.1915,3.0627,4.2878,365962.2624
2003-08-01,20.7313,21.6813,2.3345,1.2442,1.1938,3.0567,4.2793,366688.378
2003-08-04,21.0186,21.9818,2.3668,1.2614,1.2104,3.0149,4.2208,371771.1872
2003-08-05,21.0597,22.0248,2.3715,1.2639,1.2127,3.009,4.2126,372497.3028
2003-08-06,21.2239,22.1965,2.39,1.2737,1.2222,2.9857,4.18,375401.7652
2003-08-07,21.0186,21.9818,2.3668,1.2614,1.2104,3.0149,4.2208,371771.1872
2003-08-08,20.8544,21.8101,2.3484,1.2516,1.2009,3.0386,4.2541,368866.7248
2003-08-11,20.9776,21.9389,2.3622,1.259,1.208,3.0208,4.2291,371045.0716
2003-08-12,21.2239,22.1965,2.39,1.2737,1.2222,2.9857,4.18,375401.7652
2003-08-13,21.1418,22.1106,2.3807,1.2688,1.2175,2.9973,4.1962,373949.534
2003-08-14,20.9365,21.896,2.3576,1.2565,1.2056,3.0267,4.2374,370318.956
2003-08-15,20.8955,21.853,2.353,1.254,1.2033,3.0326,4.2457,369592.8404
2003-08-18,20.9365,21.896,2.3576,1.2565,1.2056,3.0267,4.2374,370318.956
2003-08-19,20.8544,21.8101,2.3484,1.2516,1.2009,3.0386,4.2541,368866.7248
2003-08-20,20.9365,21.896,2.3576,1.2565,1.2056,3.0267,4.2374,370318.956
2003-08-21,20.8134,21.7672,2.3437,1.2491,1.1986,3.0446,4.2624,368140.6092
2003-08-22,20.7723,21.7242,2.3391,1.2466,1.1962,3.0506,4.2709,367414.4936
2003-08-25,20.6492,21.5954,2.3252,1.2393,1.1891,3.0688,4.2963,365236.1468
2003-08-26,20.6081,21.5525,2.3206,1.2368,1.1867,3.0749,4.3049,364510.0312
2003-08-27,20.526,21.4666,2.3114,1.2319,1.182,3.0872,4.3221,363057.8
2003-08-28,20.1155,21.0373,2.2651,1.2072,1.1584,3.1502,4.4103,355796.644
2003-08-29,19.7871,37.3676,2.2729,1.1875,1.1831,3.2025,4.4835,349987.7192
2003-09-01,20.3618,38.453,2.3389,1.222,1.2175,3.1121,4.357,360153.3376
2003-09-02,20.1976,38.1429,2.3201,1.2122,1.2077,3.1374,4.3924,357248.8752
2003-09-03,20.526,38.7631,2.3578,1.2319,1.2273,3.0872,4.3221,363057.8
2003-09-04,20.4028,38.5305,2.3436,1.2245,1.2199,3.1059,4.3482,360879.4532
2003-09-05,20.6081,38.9182,2.3672,1.2368,1.2322,3.0749,4.3049,364510.0312
2003-09-08,20.1976,38.1429,2.3201,1.2122,1.2077,3.1374,4.3924,357248.8752
2003-09-09,19.9923,37.7553,2.2965,1.1998,1.1954,3.1696,4.4375,353618.2972
2003-09-10,19.8692,37.5227,2.2823,1.1924,1.188,3.1893,4.465,351439.9504
2003-09-11,19.9102,37.6002,2.2871,1.1949,1.1905,3.1827,4.4558,352166.066
2003-09-12,19.6229,37.0575,2.2541,1.1777,1.1733,3.2293,4.521,347083.2568
2003-09-15,19.4586,36.7474,2.2352,1.1678,1.1635,3.2566,4.5592,344178.7944
2003-09-16,19.6229,37.0575,2.2541,1.1777,1.1733,3.2293,4.521,347083.2568
2003-09-17,19.4176,36.6699,2.2305,1.1653,1.161,3.2635,4.5688,343452.6788
2003-09-18,19.4997,36.8249,2.2399,1.1703,1.1659,3.2497,4.5496,344904.91
2003-09-19,19.5818,36.98,2.2493,1.1752,1.1708,3.2361,4.5305,346357.1412
2003-09-22,19.4586,36.7474,2.2352,1.1678,1.1635,3.2566,4.5592,344178.7944
2003-09-23,19.5818,36.98,2.2493,1.1752,1.1708,3.2361,4.5305,346357.1412
2003-09-24,19.705,37.2126,2.2635,1.1826,1.1782,3.2159,4.5022,348535.488
2003-09-25,19.4176,36.6699,2.2305,1.1653,1.161,3.2635,4.5688,343452.6788
2003-09-26,19.4997,36.8249,2.2399,1.1703,1.1659,3.2497,4.5496,344904.91
2003-09-29,19.2944,36.4373,2.2163,1.158,1.1537,3.2843,4.598,341274.332
2003-09-30,19.4176,36.6699,2.2305,1.1653,1.161,3.2635,4.5688,343452.6788
2003-10-08,19.1302,36.1272,2.1975,1.1481,1.1438,3.3125,4.6375,338369.8696
2003-10-09,19.0892,36.0497,2.1927,1.1456,1.1414,3.3196,4.6474,337643.754
2003-10-10,19.8281,37.4452,2.2776,1.19,1.1856,3.1959,4.4742,350713.8348
2003-10-13,19.5818,36.98,2.2493,1.1752,1.1708,3.2361,4.5305,346357.1412
2003-10-14,19.2944,36.4373,2.2163,1.158,1.1537,3.2843,4.598,341274.332
2003-10-15,19.2123,36.2823,2.2069,1.153,1.1487,3.2983,4.6176,339822.1008
2003-10-16,19.1302,36.1272,2.1975,1.1481,1.1438,3.3125,4.6375,338369.8696
2003-10-17,19.1302,36.1272,2.1975,1.1481,1.1438,3.3125,4.6375,338369.8696
2003-10-20,18.925,35.7396,2.1739,1.1358,1.1316,3.3484,4.6878,334739.2916
2003-10-21,18.925,35.7396,2.1739,1.1358,1.1316,3.3484,4.6878,334739.2916
2003-10-22,19.4176,36.6699,2.2305,1.1653,1.161,3.2635,4.5688,343452.6788
2003-10-23,19.2534,36.3598,2.2116,1.1555,1.1512,3.2913,4.6078,340548.2164
2003-10-24,19.0071,35.8946,2.1833,1.1407,1.1365,3.3339,4.6675,336191.5228
2003-10-27,18.8429,35.5845,2.1645,1.1309,1.1267,3.363,4.7082,333287.0604
2003-10-28,18.7197,35.3519,2.1503,1.1235,1.1193,3.3851,4.7392,331108.7136
2003-10-29,18.2271,34.4216,2.0937,1.0939,1.0898,3.4766,4.8672,322395.3264
2003-10-30,18.0218,34.034,2.0701,1.0816,1.0776,3.5162,4.9227,318764.7484
2003-10-31,17.8987,38.1234,2.0213,1.0742,1.0546,3.5404,4.9566,316586.4016
2003-11-03,18.0629,38.4731,2.0398,1.084,1.0642,3.5082,4.9115,319490.864
2003-11-04,18.3502,39.0852,2.0723,1.1013,1.0812,3.4533,4.8346,324573.6732
2003-11-05,18.0218,38.3857,2.0352,1.0816,1.0618,3.5162,4.9227,318764.7484
2003-11-06,17.5292,37.3364,1.9796,1.052,1.0328,3.615,5.061,310051.3612
2003-11-07,17.2008,36.6369,1.9425,1.0323,1.0134,3.684,5.1577,304242.4364
2003-11-10,17.1187,36.462,1.9332,1.0274,1.0086,3.7017,5.1824,302790.2052
2003-11-11,17.365,36.9867,1.961,1.0422,1.0231,3.6492,5.1089,307146.8988
2003-11-12,17.5292,37.3364,1.9796,1.052,1.0328,3.615,5.061,310051.3612
2003-11-13,17.4882,37.249,1.9749,1.0495,1.0304,3.6235,5.0729,309325.2456
2003-11-14,17.6524,37.5988,1.9935,1.0594,1.04,3.5898,5.0257,312229.708
2003-11-17,17.6524,37.5988,1.9935,1.0594,1.04,3.5898,5.0257,312229.708
2003-11-18,17.2418,36.7244,1.9471,1.0348,1.0159,3.6753,5.1454,304968.552
2003-11-19,17.7755,37.8611,2.0074,1.0668,1.0473,3.5649,4.9909,314408.0548
2003-11-20,18.4734,39.3475,2.0862,1.1087,1.0884,3.4303,4.8024,326752.02
2003-11-21,18.0629,38.4731,2.0398,1.084,1.0642,3.5082,4.9115,319490.864
2003-11-24,18.7608,39.9596,2.1187,1.1259,1.1054,3.3777,4.7288,331834.8292
2003-11-25,18.8018,40.047,2.1233,1.1284,1.1078,3.3703,4.7185,332560.9448
2003-11-26,18.8429,40.1345,2.1279,1.1309,1.1102,3.363,4.7082,333287.0604
2003-11-27,18.6787,39.7847,2.1094,1.121,1.1005,3.3926,4.7496,330382.598
2003-11-28,18.7608,39.9596,2.1187,1.1259,1.1054,3.3777,4.7288,331834.8292
2003-12-01,19.2944,41.0963,2.1789,1.158,1.1368,3.2843,4.598,341274.332
2003-12-02,19.8692,42.3205,2.2438,1.1924,1.1707,3.1893,4.465,351439.9504
2003-12-03,19.746,42.0581,2.2299,1.1851,1.1634,3.2092,4.4928,349261.6036
2003-12-04,19.4997,41.5335,2.2021,1.1703,1.1489,3.2497,4.5496,344904.91
2003-12-05,19.5818,41.7084,2.2114,1.1752,1.1537,3.2361,4.5305,346357.1412
2003-12-08,19.0071,40.4842,2.1465,1.1407,1.1199,3.3339,4.6675,336191.5228
2003-12-09,18.925,40.3094,2.1372,1.1358,1.115,3.3484,4.6878,334739.2916
2003-12-10,19.0071,40.4842,2.1465,1.1407,1.1199,3.3339,4.6675,336191.5228
2003-12-11,19.0071,40.4842,2.1465,1.1407,1.1199,3.3339,4.6675,336191.5228
2003-12-12,18.8839,40.2219,2.1326,1.1333,1.1126,3.3557,4.698,334013.176
2003-12-15,19.1713,40.834,2.165,1.1506,1.1295,3.3054,4.6275,339095.9852
2003-12-16,19.0892,40.6591,2.1557,1.1456,1.1247,3.3196,4.6474,337643.754
2003-12-17,18.7608,39.9596,2.1187,1.1259,1.1054,3.3777,4.7288,331834.8292
2003-12-18,18.2681,38.9103,2.063,1.0964,1.0763,3.4688,4.8563,323121.442
2003-12-19,17.7345,37.7736,2.0028,1.0643,1.0449,3.5732,5.0024,313681.9392
2003-12-22,18.0629,38.4731,2.0398,1.084,1.0642,3.5082,4.9115,319490.864
2003-12-23,18.5145,39.435,2.0908,1.1111,1.0908,3.4226,4.7917,327478.1356
2003-12-24,18.5145,39.435,2.0908,1.1111,1.0908,3.4226,4.7917,327478.1356
2003-12-25,18.3092,38.9978,2.0677,1.0988,1.0787,3.461,4.8454,323847.5576
2003-12-26,18.145,38.648,2.0491,1.089,1.0691,3.4923,4.8893,320943.0952
2003-12-29,17.8987,38.1234,2.0213,1.0742,1.0546,3.5404,4.9566,316586.4016
2003-12-30,17.8166,37.9485,2.012,1.0693,1.0497,3.5567,4.9794,315134.1704
2003-12-31,17.6934,37.6862,1.9981,1.0619,1.0425,3.5815,5.0141,312955.8236
2004-01-02,18.4734,39.3475,2.0862,1.1087,1.0884,4.8024,4.8024,326752.02
2004-01-05,18.4734,39.3475,2.0862,1.1087,1.0884,4.8024,4.8024,326752.02
2004-01-06,18.5145,39.435,2.0908,1.1111,1.0908,4.7917,4.7917,327478.1356
2004-01-07,19.2534,41.0089,2.1743,1.1555,1.1344,4.6078,4.6078,340548.2164
2004-01-08,19.1713,40.834,2.165,1.1506,1.1295,4.6275,4.6275,339095.9852
2004-01-09,18.6787,39.7847,2.1094,1.121,1.1005,4.7496,4.7496,330382.598
2004-01-12,18.5145,39.435,2.0908,1.1111,1.0908,4.7917,4.7917,327478.1356
2004-01-13,18.7197,39.8722,2.114,1.1235,1.1029,4.7392,4.7392,331108.7136
2004-01-14,18.8839,40.2219,2.1326,1.1333,1.1126,4.698,4.698,334013.176
2004-01-15,19.0481,40.5717,2.1511,1.1432,1.1223,4.6575,4.6575,336917.6384
2004-01-16,18.8839,40.2219,2.1326,1.1333,1.1126,4.698,4.698,334013.176
2004-01-29,19.4586,41.4461,2.1975,1.1678,1.1465,4.5592,4.5592,344178.7944
2004-01-30,19.1302,40.7466,2.1604,1.1481,1.1271,4.6375,4.6375,338369.8696
2004-02-02,19.9513,42.4953,2.2531,1.1974,1.1755,4.4466,4.4466,352892.1816
2004-02-03,20.4849,43.632,2.3134,1.2294,1.2069,4.3308,4.3308,362331.6844
2004-02-04,20.526,43.7195,2.318,1.2319,1.2094,4.3221,4.3221,363057.8
2004-02-05,20.9365,44.5939,2.3644,1.2565,1.2335,4.2374,4.2374,370318.956
2004-02-06,20.6081,43.8944,2.3273,1.2368,1.2142,4.3049,4.3049,364510.0312
2004-02-09,20.8134,44.3316,2.3505,1.2491,1.2263,4.2624,4.2624,368140.6092
2004-02-10,21.1418,45.0311,2.3875,1.2688,1.2456,4.1962,4.1962,373949.534
2004-02-11,20.8955,44.5064,2.3597,1.254,1.2311,4.2457,4.2457,369592.8404
2004-02-12,21.1007,44.9436,2.3829,1.2664,1.2432,4.2044,4.2044,373223.4184
2004-02-13,21.2649,45.2934,2.4014,1.2762,1.2529,4.1719,4.1719,376127.8808
2004-02-16,21.7576,46.3427,2.4571,1.3058,1.2819,4.0775,4.0775,384841.268
2004-02-17,21.7165,46.2552,2.4524,1.3033,1.2795,4.0852,4.0852,384115.1524
2004-02-18,21.7986,46.4301,2.4617,1.3082,1.2843,4.0698,4.0698,385567.3836
2004-02-19,21.5934,45.9929,2.4385,1.2959,1.2722,4.1085,4.1085,381936.8056
2004-02-20,21.347,45.4683,2.4107,1.2811,1.2577,4.1559,4.1559,377580.112
2004-02-23,21.1007,44.9436,2.3829,1.2664,1.2432,4.2044,4.2044,373223.4184
2004-02-24,21.5523,45.9055,2.4339,1.2935,1.2698,4.1163,4.1163,381210.69
2004-02-25,21.7576,46.3427,2.4571,1.3058,1.2819,4.0775,4.0775,384841.268
2004-02-26,21.4291,45.6431,2.42,1.2861,1.2626,4.14,4.14,379032.3432
2004-02-27,21.7576,46.3427,2.4571,1.3058,1.2819,4.0775,4.0775,384841.268
2004-03-01,22.2091,47.3045,2.5081,1.3329,1.3085,3.9946,3.9946,392828.5396
2004-03-02,22.5786,48.0914,2.5498,1.3551,1.3303,3.9292,3.9292,399363.58
2004-03-03,22.0449,46.9547,2.4895,1.323,1.2988,4.0243,4.0243,389924.0772
2004-03-04,22.0449,46.9547,2.4895,1.323,1.2988,4.0243,4.0243,389924.0772
2004-03-05,22.0039,46.8673,2.4849,1.3206,1.2964,4.0318,4.0318,389197.9616
2004-03-08,21.6344,46.0803,2.4432,1.2984,1.2747,4.1007,4.1007,382662.9212
2004-03-09,21.1418,45.0311,2.3875,1.2688,1.2456,4.1962,4.1962,373949.534
2004-03-10,21.347,45.4683,2.4107,1.2811,1.2577,4.1559,4.1559,377580.112
2004-03-11,21.5523,45.9055,2.4339,1.2935,1.2698,4.1163,4.1163,381210.69
2004-03-12,21.5523,45.9055,2.4339,1.2935,1.2698,4.1163,4.1163,381210.69
2004-03-15,21.9218,46.6924,2.4756,1.3156,1.2916,4.0469,4.0469,387745.7304
2004-03-16,21.9218,46.6924,2.4756,1.3156,1.2916,4.0469,4.0469,387745.7304
2004-03-17,22.2502,47.3919,2.5127,1.3353,1.3109,3.9872,3.9872,393554.6552
2004-03-18,21.8397,46.5175,2.4664,1.3107,1.2868,4.0621,4.0621,386293.4992
2004-03-19,21.9218,46.6924,2.4756,1.3156,1.2916,4.0469,4.0469,387745.7304
2004-03-22,21.8807,46.605,2.471,1.3132,1.2892,4.0545,4.0545,387019.6148
2004-03-23,21.9218,46.6924,2.4756,1.3156,1.2916,4.0469,4.0469,387745.7304
2004-03-24,21.9218,46.6924,2.4756,1.3156,1.2916,4.0469,4.0469,387745.7304
2004-03-25,22.0039,46.8673,2.4849,1.3206,1.2964,4.0318,4.0318,389197.9616
2004-03-26,21.7986,46.4301,2.4617,1.3082,1.2843,4.0698,4.0698,385567.3836
2004-03-29,21.7986,46.4301,2.4617,1.3082,1.2843,4.0698,4.0698,385567.3836
2004-03-30,21.6344,46.0803,2.4432,1.2984,1.2747,4.1007,4.1007,382662.9212
2004-03-31,21.8807,46.605,2.471,1.3132,1.2892,4.0545,4.0545,387019.6148
2004-04-01,22.0039,46.8673,2.4849,1.3206,1.2964,4.0318,4.0318,389197.9616
2004-04-02,23.3175,49.6653,2.6332,1.3994,1.3738,3.8047,3.8047,412433.6608
2004-04-05,23.0712,49.1407,2.6054,1.3846,1.3593,3.8453,3.8453,408076.9672
2004-04-06,23.3175,49.6653,2.6332,1.3994,1.3738,3.8047,3.8047,412433.6608
2004-04-07,23.3175,49.6653,2.6332,1.3994,1.3738,3.8047,3.8047,412433.6608
2004-04-08,22.907,48.7909,2.5869,1.3748,1.3496,3.8729,3.8729,405172.5048
2004-04-09,22.4554,47.8291,2.5359,1.3477,1.323,3.9507,3.9507,397185.2332
2004-04-12,22.6197,48.1789,2.5544,1.3575,1.3327,3.9221,3.9221,400089.6956
2004-04-13,22.1681,47.217,2.5034,1.3304,1.3061,4.002,4.002,392102.424
2004-04-14,21.8397,46.5175,2.4664,1.3107,1.2868,4.0621,4.0621,386293.4992
2004-04-15,21.7986,46.4301,2.4617,1.3082,1.2843,4.0698,4.0698,385567.3836
2004-04-16,22.2091,47.3045,2.5081,1.3329,1.3085,3.9946,3.9946,392828.5396
2004-04-19,47.7019,47.7019,2.4377,1.2495,1.2495,3.9798,3.9798,394280.7708
2004-04-20,48.0533,48.0533,2.4556,1.2587,1.2587,3.9507,3.9507,397185.2332
2004-04-21,47.3506,47.3506,2.4197,1.2403,1.2403,4.0094,4.0094,391376.3084
2004-04-22,47.4384,47.4384,2.4242,1.2426,1.2426,4.002,4.002,392102.424
2004-04-23,45.7693,45.7693,2.3389,1.1989,1.1989,4.1479,4.1479,378306.2276
2004-04-26,45.5057,45.5057,2.3254,1.192,1.192,4.1719,4.1719,376127.8808
2004-04-27,45.5936,45.5936,2.3299,1.1943,1.1943,4.1639,4.1639,376853.9964
2004-04-28,45.7693,45.7693,2.3389,1.1989,1.1989,4.1479,4.1479,378306.2276
2004-04-29,45.2422,45.2422,2.312,1.1851,1.1851,4.1962,4.1962,373949.534
2004-04-30,45.5936,49.6571,2.2864,1.1943,1.1609,4.1639,4.1639,376853.9964
2004-05-10,43.9244,47.8392,2.2027,1.1506,1.1184,4.3221,4.3221,363057.8
2004-05-11,44.2758,48.2219,2.2203,1.1598,1.1274,4.2878,4.2878,365962.2624
2004-05-12,44.8908,48.8917,2.2511,1.1759,1.143,4.2291,4.2291,371045.0716
2004-05-13,45.1543,49.1787,2.2643,1.1828,1.1497,4.2044,4.2044,373223.4184
2004-05-14,44.4515,48.4133,2.2291,1.1644,1.1318,4.2709,4.2709,367414.4936
2004-05-17,44.1001,48.0306,2.2115,1.1552,1.1229,4.3049,4.3049,364510.0312
2004-05-18,44.0123,47.9349,2.2071,1.1529,1.1206,4.3135,4.3135,363783.9156
2004-05-19,44.2758,48.2219,2.2203,1.1598,1.1274,4.2878,4.2878,365962.2624
2004-05-20,44.8029,48.796,2.2467,1.1736,1.1408,4.2374,4.2374,370318.956
2004-05-21,44.7151,48.7003,2.2423,1.1713,1.1385,4.2457,4.2457,369592.8404
2004-05-24,44.2758,48.2219,2.2203,1.1598,1.1274,4.2878,4.2878,365962.2624
2004-05-25,43.9244,47.8392,2.2027,1.1506,1.1184,4.3221,4.3221,363057.8
2004-05-26,43.046,46.8824,2.1586,1.1276,1.096,4.4103,4.4103,355796.644
2004-05-27,43.9244,47.8392,2.2027,1.1506,1.1184,4.3221,4.3221,363057.8
2004-05-28,43.9244,47.8392,2.2027,1.1506,1.1184,4.3221,4.3221,363057.8
2004-05-31,44.1001,48.0306,2.2115,1.1552,1.1229,4.3049,4.3049,364510.0312
2004-06-01,44.6272,48.6046,2.2379,1.169,1.1363,4.2541,4.2541,368866.7248
2004-06-02,44.1001,48.0306,2.2115,1.1552,1.1229,4.3049,4.3049,364510.0312
2004-06-03,43.6609,47.5522,2.1895,1.1437,1.1117,4.3482,4.3482,360879.4532
2004-06-04,43.4852,47.3608,2.1806,1.1391,1.1072,4.3658,4.3658,359427.222
2004-06-07,43.046,46.8824,2.1586,1.1276,1.096,4.4103,4.4103,355796.644
2004-06-08,42.9581,46.7867,2.1542,1.1253,1.0938,4.4193,4.4193,355070.5284
2004-06-09,42.5189,46.3084,2.1322,1.1138,1.0826,4.465,4.465,351439.9504
2004-06-11,42.9581,46.7867,2.1542,1.1253,1.0938,4.4193,4.4193,355070.5284
2004-06-14,42.9581,46.7867,2.1542,1.1253,1.0938,4.4193,4.4193,355070.5284
2004-06-15,43.046,46.8824,2.1586,1.1276,1.096,4.4103,4.4103,355796.644
2004-06-16,43.3095,47.1695,2.1718,1.1345,1.1027,4.3835,4.3835,357974.9908
2004-06-17,42.7824,46.5954,2.1454,1.1207,1.0893,4.4375,4.4375,353618.2972
2004-06-18,41.9918,45.7343,2.1058,1.1,1.0692,4.521,4.521,347083.2568
2004-06-21,41.8161,45.5429,2.0969,1.0954,1.0647,4.54,4.54,345631.0256
2004-06-22,41.6404,45.3516,2.0881,1.0908,1.0602,4.5592,4.5592,344178.7944
2004-06-23,41.9039,45.6386,2.1013,1.0977,1.067,4.5305,4.5305,346357.1412
2004-06-24,41.8161,45.5429,2.0969,1.0954,1.0647,4.54,4.54,345631.0256
2004-06-25,41.289,44.9689,2.0705,1.0815,1.0513,4.598,4.598,341274.332
2004-06-28,41.0254,44.6818,2.0573,1.0746,1.0446,4.6275,4.6275,339095.9852
2004-06-29,40.9376,44.5861,2.0529,1.0723,1.0424,4.6375,4.6375,338369.8696
2004-06-30,40.9376,44.5861,2.0529,1.0723,1.0424,4.6375,4.6375,338369.8696
2004-07-01,41.8161,45.5429,2.0969,1.0954,1.0647,4.54,4.54,345631.0256
2004-07-02,41.7282,45.4472,2.0925,1.0931,1.0625,4.5496,4.5496,344904.91
2004-07-05,41.5525,45.2559,2.0837,1.0885,1.058,4.5688,4.5688,343452.6788
2004-07-06,41.9918,45.7343,2.1058,1.1,1.0692,4.521,4.521,347083.2568
2004-07-07,41.9039,45.6386,2.1013,1.0977,1.067,4.5305,4.5305,346357.1412
2004-07-08,40.674,44.2991,2.0397,1.0654,1.0356,4.6675,4.6675,336191.5228
2004-07-09,40.2348,43.8207,2.0176,1.0539,1.0245,4.7185,4.7185,332560.9448
2004-07-12,40.1469,43.725,2.0132,1.0516,1.0222,4.7288,4.7288,331834.8292
2004-07-13,40.1469,43.725,2.0132,1.0516,1.0222,4.7288,4.7288,331834.8292
2004-07-14,39.7077,43.2466,1.9912,1.0401,1.011,4.7811,,328204.2512
2004-07-15,38.9171,42.3855,1.9516,1.0194,0.9909,4.8782,,321669.2108
2004-07-16,40.2348,43.8207,2.0176,1.0539,1.0245,4.7185,,332560.9448
2004-07-19,40.4983,44.1077,2.0309,1.0608,1.0312,4.6878,,334739.2916
2004-07-20,39.6199,43.151,1.9868,1.0378,1.0088,4.7917,,327478.1356
2004-07-21,39.7955,43.3423,1.9956,1.0424,1.0133,4.7705,,328930.3668
2004-07-22,39.0928,42.5769,1.9604,1.024,0.9954,4.8563,,323121.442
2004-07-23,38.6535,42.0985,1.9383,1.0125,0.9842,4.9115,,319490.864
2004-07-26,38.0386,41.4288,1.9075,0.9964,0.9685,4.9909,2.4954,314408.0548
2004-07-27,38.0386,41.4288,1.9075,0.9964,0.9685,4.9909,2.4954,314408.0548
2004-07-28,37.9507,41.3331,1.9031,0.9941,0.9663,5.0024,2.5012,313681.9392
2004-07-29,38.0386,41.4288,1.9075,0.9964,0.9685,4.9909,2.4954,314408.0548
2004-07-30,38.0386,41.4288,1.9075,0.9964,0.9685,4.9909,2.4954,314408.0548
2004-08-02,37.5115,40.8547,1.8811,0.9826,0.9551,5.061,2.5305,310051.3612
2004-08-03,37.5115,40.8547,1.8811,0.9826,0.9551,5.061,2.5305,310051.3612
2004-08-04,38.2143,41.6201,1.9163,1.001,0.973,4.968,2.484,315860.286
2004-08-05,37.775,41.1417,1.8943,0.9895,0.9618,5.0257,2.5129,312229.708
2004-08-06,38.2143,41.6201,1.9163,1.001,0.973,4.968,2.484,315860.286
2004-08-09,37.5115,40.8547,1.8811,0.9826,0.9551,5.061,2.5305,310051.3612
2004-08-10,37.6872,41.046,1.8899,0.9872,0.9596,5.0374,2.5187,311503.5924
2004-08-11,37.8629,41.2374,1.8987,0.9918,0.9641,5.0141,2.507,312955.8236
2004-08-12,37.5115,40.8547,1.8811,0.9826,0.9551,5.061,2.5305,310051.3612
2004-08-13,38.2143,41.6201,1.9163,1.001,0.973,4.968,2.484,315860.286
2004-08-16,37.5115,40.8547,1.8811,0.9826,0.9551,5.061,2.5305,310051.3612
2004-08-17,37.3358,40.6633,1.8723,0.978,0.9506,5.0848,2.5424,308599.13
2004-08-18,37.4236,40.759,1.8767,0.9803,0.9529,5.0729,2.5365,309325.2456
2004-08-19,37.3358,40.6633,1.8723,0.978,0.9506,5.0848,2.5424,308599.13
2004-08-20,37.3358,40.6633,1.8723,0.978,0.9506,5.0848,2.5424,308599.13
2004-08-23,35.9302,39.1325,1.8018,0.9412,0.9149,5.2838,2.6419,296981.2804
2004-08-24,36.8965,40.1849,1.8502,0.9665,0.9395,5.1454,2.5727,304968.552
2004-08-25,37.5115,40.8547,1.8811,0.9826,0.9551,5.061,2.5305,310051.3612
2004-08-26,37.6872,19.6844,1.8329,0.9872,0.8926,5.0374,2.5187,311503.5924
2004-08-27,37.3358,19.5008,1.8158,0.978,0.8843,5.0848,2.5424,308599.13
2004-08-30,37.2479,19.4549,1.8115,0.9757,0.8822,5.0968,2.5484,307873.0144
2004-08-31,37.775,19.7303,1.8372,0.9895,0.8947,5.0257,2.5129,312229.708
2004-09-01,37.2479,19.4549,1.8115,0.9757,0.8822,5.0968,2.5484,307873.0144
2004-09-02,37.8629,19.7761,1.8414,0.9918,0.8968,5.0141,2.507,312955.8236
2004-09-03,38.2143,19.9597,1.8585,1.001,0.9051,4.968,2.484,315860.286
2004-09-06,38.4778,20.0973,1.8714,1.0079,0.9114,4.9339,2.467,318038.6328
2004-09-07,38.6535,20.1891,1.8799,1.0125,0.9155,4.9115,2.4557,319490.864
2004-09-08,38.3021,20.0056,1.8628,1.0033,0.9072,4.9566,2.4783,316586.4016
2004-09-09,37.5993,19.6385,1.8286,0.9849,0.8906,5.0492,2.5246,310777.4768
2004-09-10,38.39,20.0514,1.8671,1.0056,0.9093,4.9452,2.4726,317312.5172
2004-09-13,37.9507,19.822,1.8457,0.9941,0.8989,5.0024,2.5012,313681.9392
2004-09-14,39.0049,20.3726,1.897,1.0217,0.9239,4.8672,2.4336,322395.3264
2004-09-15,39.9712,20.8774,1.944,1.047,0.9467,4.7496,2.3748,330382.598
2004-09-16,40.1469,20.9691,1.9525,1.0516,0.9509,4.7288,2.3644,331834.8292
2004-09-17,40.9376,21.3821,1.991,1.0723,0.9696,4.6375,2.3187,338369.8696
2004-09-20,41.7282,21.795,2.0294,1.0931,0.9884,4.5496,2.2748,344904.91
2004-09-21,41.2011,21.5197,2.0038,1.0792,0.9759,4.6078,2.3039,340548.2164
2004-09-22,40.2348,21.015,1.9568,1.0539,0.953,4.7185,2.3592,332560.9448
2004-09-23,42.1675,22.0245,2.0508,1.1046,0.9988,4.5022,2.2511,348535.488
2004-09-24,41.2011,21.5197,2.0038,1.0792,0.9759,4.6078,2.3039,340548.2164
2004-09-27,41.3768,21.6115,2.0123,1.0838,0.98,4.5882,2.2941,342000.4476
2004-09-28,41.6404,21.7492,2.0252,1.0908,0.9863,4.5592,2.2796,344178.7944
2004-09-29,41.8161,21.8409,2.0337,1.0954,0.9904,4.54,2.27,345631.0256
2004-09-30,41.1133,21.4739,1.9995,1.0769,0.9738,4.6176,2.3088,339822.1008
2004-10-08,40.7619,21.2903,1.9824,1.0677,0.9655,4.6575,2.3287,336917.6384
2004-10-11,40.4105,21.1068,1.9653,1.0585,0.9572,4.698,2.349,334013.176
2004-10-12,40.7619,21.2903,1.9824,1.0677,0.9655,4.6575,2.3287,336917.6384
2004-10-13,40.1469,20.9691,1.9525,1.0516,0.9509,4.7288,2.3644,331834.8292
2004-10-14,39.3563,20.5562,1.9141,1.0309,0.9322,4.8238,2.4119,325299.7888
2004-10-15,38.7414,20.235,1.8842,1.0148,0.9176,4.9004,2.4502,320216.9796
2004-10-18,38.39,20.0514,1.8671,1.0056,0.9093,4.9452,2.4726,317312.5172
2004-10-19,38.3021,20.0056,1.8628,1.0033,0.9072,4.9566,2.4783,316586.4016
2004-10-20,38.0386,19.8679,1.85,0.9964,0.901,4.9909,2.4954,314408.0548
2004-10-21,37.2479,19.4549,1.8115,0.9757,0.8822,5.0968,2.5484,307873.0144
2004-10-22,37.5115,19.5926,1.8244,0.9826,0.8885,5.061,2.5305,310051.3612
2004-10-25,37.775,19.7303,1.8372,0.9895,0.8947,5.0257,2.5129,312229.708
2004-10-26,38.3021,20.0056,1.8628,1.0033,0.9072,4.9566,2.4783,316586.4016
2004-10-27,38.39,20.0514,1.8671,1.0056,0.9093,4.9452,2.4726,317312.5172
2004-10-28,38.9171,20.3267,1.8927,1.0194,0.9218,4.8782,2.4391,321669.2108
2004-10-29,38.7414,18.762,1.8799,1.0148,0.8989,4.9004,2.4502,320216.9796
2004-11-01,38.0386,18.4217,1.8458,0.9964,0.8826,4.9909,2.4954,314408.0548
2004-11-02,37.775,18.294,1.833,0.9895,0.8764,5.0257,2.5129,312229.708
2004-11-03,38.39,18.5919,1.8628,1.0056,0.8907,4.9452,2.4726,317312.5172
2004-11-04,38.7414,18.762,1.8799,1.0148,0.8989,4.9004,2.4502,320216.9796
2004-11-05,39.1806,18.9748,1.9012,1.0263,0.9091,4.8454,2.4227,323847.5576
2004-11-08,39.0049,18.8897,1.8927,1.0217,0.905,4.8672,2.4336,322395.3264
2004-11-09,39.7955,19.2726,1.931,1.0424,0.9233,4.7705,2.3853,328930.3668
2004-11-10,40.8497,19.7831,1.9822,1.07,0.9478,4.6474,2.3237,337643.754
2004-11-11,40.7619,19.7406,1.9779,1.0677,0.9457,4.6575,2.3287,336917.6384
2004-11-12,40.3226,19.5278,1.9566,1.0562,0.9356,4.7082,2.3541,333287.0604
2004-11-15,40.5862,19.6555,1.9694,1.0631,0.9417,4.6776,2.3388,335465.4072
2004-11-16,40.1469,19.4427,1.9481,1.0516,0.9315,4.7288,2.3644,331834.8292
2004-11-17,39.3563,19.0598,1.9097,1.0309,0.9131,4.8238,2.4119,325299.7888
2004-11-18,39.4442,19.1024,1.914,1.0332,0.9152,4.813,2.4065,326025.9044
2004-11-19,40.674,19.698,1.9737,1.0654,0.9437,4.6675,2.3338,336191.5228
2004-11-22,40.9376,19.8256,1.9864,1.0723,0.9498,4.6375,2.3187,338369.8696
2004-11-23,40.1469,19.4427,1.9481,1.0516,0.9315,4.7288,2.3644,331834.8292
2004-11-24,40.2348,19.4853,1.9523,1.0539,0.9335,4.7185,2.3592,332560.9448
2004-11-25,40.0591,19.4002,1.9438,1.0493,0.9294,4.7392,2.3696,331108.7136
2004-11-26,40.0591,19.4002,1.9438,1.0493,0.9294,4.7392,2.3696,331108.7136
2004-11-29,39.532,19.1449,1.9182,1.0355,0.9172,4.8024,2.4012,326752.02
2004-11-30,39.6199,19.1875,1.9225,1.0378,0.9192,4.7917,2.3959,327478.1356
2004-12-01,39.3563,19.0598,1.9097,1.0309,0.9131,4.8238,2.4119,325299.7888
2004-12-02,39.532,19.1449,1.9182,1.0355,0.9172,4.8024,2.4012,326752.02
2004-12-03,40.2348,19.4853,1.9523,1.0539,0.9335,4.7185,2.3592,332560.9448
2004-12-06,40.3226,19.5278,1.9566,1.0562,0.9356,4.7082,2.3541,333287.0604
2004-12-07,39.4442,19.1024,1.914,1.0332,0.9152,4.813,2.4065,326025.9044
2004-12-08,39.4442,19.1024,1.914,1.0332,0.9152,4.813,2.4065,326025.9044
2004-12-09,39.9712,19.3577,1.9395,1.047,0.9274,4.7496,2.3748,330382.598
2004-12-10,39.2685,19.0173,1.9054,1.0286,0.9111,4.8346,2.4173,324573.6732
2004-12-13,39.0928,18.9322,1.8969,1.024,0.907,4.8563,2.4282,323121.442
2004-12-14,39.3563,19.0598,1.9097,1.0309,0.9131,4.8238,2.4119,325299.7888
2004-12-15,39.0928,18.9322,1.8969,1.024,0.907,4.8563,2.4282,323121.442
2004-12-16,38.3021,18.5493,1.8586,1.0033,0.8887,4.9566,2.4783,316586.4016
2004-12-17,37.8629,18.3366,1.8372,0.9918,0.8785,5.0141,2.507,312955.8236
2004-12-20,37.6872,18.2515,1.8287,0.9872,0.8744,5.0374,2.5187,311503.5924
2004-12-21,37.6872,18.2515,1.8287,0.9872,0.8744,5.0374,2.5187,311503.5924
2004-12-22,38.4778,18.6344,1.8671,1.0079,0.8928,4.9339,2.467,318038.6328
2004-12-23,37.9507,18.3791,1.8415,0.9941,0.8805,5.0024,2.5012,313681.9392
2004-12-24,37.8629,18.3366,1.8372,0.9918,0.8785,5.0141,2.507,312955.8236
2004-12-27,38.1264,18.4642,1.85,0.9987,0.8846,4.9794,2.4897,315134.1704
2004-12-28,38.39,18.5919,1.8628,1.0056,0.8907,4.9452,2.4726,317312.5172
2004-12-29,38.0386,18.4217,1.8458,0.9964,0.8826,4.9909,2.4954,314408.0548
2004-12-30,38.2143,18.5068,1.8543,1.001,0.8866,4.968,2.484,315860.286
2004-12-31,38.1264,18.4642,1.85,0.9987,0.8846,4.9794,2.4897,315134.1704
2005-01-04,37.6872,18.2515,1.8287,0.9872,0.8744,2.5187,2.5187,311503.5924
2005-01-05,38.1264,18.4642,1.85,0.9987,0.8846,2.4897,2.4897,315134.1704
2005-01-06,38.4778,18.6344,1.8671,1.0079,0.8928,2.467,2.467,318038.6328
2005-01-07,38.9171,18.8471,1.8884,1.0194,0.9029,2.4391,2.4391,321669.2108
2005-01-10,38.8292,18.8046,1.8841,1.0171,0.9009,2.4446,2.4446,320943.0952
2005-01-11,39.0928,18.9322,1.8969,1.024,0.907,2.4282,2.4282,323121.442
2005-01-12,39.2685,19.0173,1.9054,1.0286,0.9111,2.4173,2.4173,324573.6732
2005-01-13,39.0928,18.9322,1.8969,1.024,0.907,2.4282,2.4282,323121.442
2005-01-14,38.4778,18.6344,1.8671,1.0079,0.8928,2.467,2.467,318038.6328
2005-01-17,37.775,18.294,1.833,0.9895,0.8764,2.5129,2.5129,312229.708
2005-01-18,38.1264,18.4642,1.85,0.9987,0.8846,2.4897,2.4897,315134.1704
2005-01-19,37.6872,18.2515,1.8287,0.9872,0.8744,2.5187,2.5187,311503.5924
2005-01-20,36.8087,17.8261,1.7861,0.9642,0.854,2.5788,2.5788,304242.4364
2005-01-21,37.5993,18.209,1.8245,0.9849,0.8724,2.5246,2.5246,310777.4768
2005-01-24,37.8629,18.3366,1.8372,0.9918,0.8785,2.507,2.507,312955.8236
2005-01-25,37.5115,18.1664,1.8202,0.9826,0.8703,2.5305,2.5305,310051.3612
2005-01-26,37.3358,18.0813,1.8117,0.978,0.8663,2.5424,2.5424,308599.13
2005-01-27,36.8965,17.8686,1.7904,0.9665,0.8561,2.5727,2.5727,304968.552
2005-01-28,36.8087,17.8261,1.7861,0.9642,0.854,2.5788,2.5788,304242.4364
2005-01-31,36.018,17.4432,1.7477,0.9435,0.8357,2.6354,2.6354,297707.396
2005-02-01,35.7545,17.3155,1.7349,0.9366,0.8296,2.6549,2.6549,295529.0492
2005-02-02,37.3358,18.0813,1.8117,0.978,0.8663,2.5424,2.5424,308599.13
2005-02-03,36.7208,17.7835,1.7818,0.9619,0.852,2.585,2.585,303516.3208
2005-02-04,37.0722,17.9537,1.7989,0.9711,0.8601,2.5605,2.5605,306420.7832
2005-02-16,37.0722,17.9537,1.7989,0.9711,0.8601,2.5605,2.5605,306420.7832
2005-02-17,37.3358,18.0813,1.8117,0.978,0.8663,2.5424,2.5424,308599.13
2005-02-18,36.633,17.741,1.7776,0.9596,0.8499,2.5912,2.5912,302790.2052
2005-02-21,36.9844,17.9111,1.7946,0.9688,0.8581,2.5666,2.5666,305694.6676
2005-02-22,37.775,18.294,1.833,0.9895,0.8764,2.5129,2.5129,312229.708
2005-02-23,38.3021,18.5493,1.8586,1.0033,0.8887,2.4783,2.4783,316586.4016
2005-02-24,38.3021,18.5493,1.8586,1.0033,0.8887,2.4783,2.4783,316586.4016
2005-02-25,38.4778,18.6344,1.8671,1.0079,0.8928,2.467,2.467,318038.6328
2005-02-28,38.6535,18.7195,1.8756,1.0125,0.8968,2.4557,2.4557,319490.864
2005-03-01,38.39,18.5919,1.8628,1.0056,0.8907,2.4726,2.4726,317312.5172
2005-03-02,37.5115,18.1664,1.8202,0.9826,0.8703,2.5305,2.5305,310051.3612
2005-03-03,37.8629,18.3366,1.8372,0.9918,0.8785,2.507,2.507,312955.8236
2005-03-04,37.775,18.294,1.833,0.9895,0.8764,2.5129,2.5129,312229.708
2005-03-07,37.6872,18.2515,1.8287,0.9872,0.8744,2.5187,2.5187,311503.5924
2005-03-08,38.1264,18.4642,1.85,0.9987,0.8846,2.4897,2.4897,315134.1704
2005-03-09,37.9507,18.3791,1.8415,0.9941,0.8805,2.5012,2.5012,313681.9392
2005-03-10,36.9844,17.9111,1.7946,0.9688,0.8581,2.5666,2.5666,305694.6676
2005-03-11,37.775,18.294,1.833,0.9895,0.8764,2.5129,2.5129,312229.708
2005-03-14,37.2479,18.0388,1.8074,0.9757,0.8642,2.5484,2.5484,307873.0144
2005-03-15,36.5451,17.6984,1.7733,0.9573,0.8479,2.5974,2.5974,302064.0896
2005-03-16,35.7545,17.3155,1.7349,0.9366,0.8296,2.6549,2.6549,295529.0492
2005-03-17,35.7545,17.3155,1.7349,0.9366,0.8296,2.6549,2.6549,295529.0492
2005-03-18,35.7545,17.3155,1.7349,0.9366,0.8296,2.6549,2.6549,295529.0492
2005-03-21,35.8423,17.3581,1.7392,0.9389,0.8316,2.6484,2.6484,296255.1648
2005-03-22,33.3826,16.1668,1.6198,0.8744,0.7745,2.8435,2.8435,275923.928
2005-03-23,33.9097,16.4221,1.6454,0.8882,0.7868,2.7993,2.7993,280280.6216
2005-03-24,33.9097,16.4221,1.6454,0.8882,0.7868,2.7993,2.7993,280280.6216
2005-03-25,33.5583,16.2519,1.6284,0.879,0.7786,2.8286,2.8286,277376.1592
2005-03-28,17.2254,17.2254,1.5851,0.7536,0.7536,2.836,2.836,276650.0436
2005-03-29,17.1349,17.1349,1.5768,0.7496,0.7496,2.851,2.851,275197.8124
2005-03-30,16.9993,16.9993,1.5643,0.7437,0.7437,2.8737,2.8737,273019.4656
2005-03-31,17.0445,17.0445,1.5685,0.7456,0.7456,2.8661,2.8661,273745.5812
2005-04-01,17.4966,17.4966,1.6101,0.7654,0.7654,2.7921,2.7921,281006.7372
2005-04-04,17.9939,17.9939,1.6558,0.7872,0.7872,2.7149,2.7149,288994.0088
2005-04-05,17.6775,17.6775,1.6267,0.7733,0.7733,2.7635,2.7635,283911.1996
2005-04-06,18.0844,18.0844,1.6641,0.7911,0.7911,2.7013,2.7013,290446.24
2005-04-07,18.0844,18.0844,1.6641,0.7911,0.7911,2.7013,2.7013,290446.24
2005-04-08,18.8077,18.8077,1.7307,0.8228,0.8228,2.5974,2.5974,302064.0896
2005-04-11,18.6721,18.6721,1.7182,0.8168,0.8168,2.6163,2.6163,299885.7428
2005-04-12,18.5365,18.5365,1.7057,0.8109,0.8109,2.6354,2.6354,297707.396
2005-04-13,18.6721,18.6721,1.7182,0.8168,0.8168,2.6163,2.6163,299885.7428
2005-04-14,17.9939,17.9939,1.6558,0.7872,0.7872,2.7149,2.7149,288994.0088
2005-04-15,17.6323,17.6323,1.6225,0.7714,0.7714,2.7706,2.7706,283185.084
2005-04-18,17.4062,17.4062,1.6017,0.7615,0.7615,2.8066,2.8066,279554.506
2005-04-19,17.587,17.587,1.6184,0.7694,0.7694,2.7777,2.7777,282458.9684
2005-04-20,17.8583,17.8583,1.6433,0.7812,0.7812,2.7355,2.7355,286815.662
2005-04-21,18.0844,18.0844,1.6641,0.7911,0.7911,2.7013,2.7013,290446.24
2005-04-22,18.0392,18.0392,1.66,0.7892,0.7892,2.7081,2.7081,289720.1244
2005-04-25,18.2652,18.2652,1.6808,0.799,0.799,2.6746,2.6746,293350.7024
2005-04-26,18.0844,18.0844,1.6641,0.7911,0.7911,2.7013,2.7013,290446.24
2005-04-27,17.6775,18.4191,1.605,0.7733,0.7751,2.7635,2.7635,283911.1996
2005-04-28,18.1748,18.9372,1.6502,0.7951,0.7969,2.6879,2.6879,291898.4712
2005-04-29,18.0844,18.843,1.642,0.7911,0.7929,2.7013,2.7013,290446.24
2005-05-09,18.0392,18.7959,1.6379,0.7892,0.791,2.7081,2.7081,289720.1244
2005-05-10,18.3104,19.0786,1.6625,0.801,0.8029,2.668,2.668,294076.818
2005-05-11,17.9487,18.7017,1.6297,0.7852,0.787,2.7217,2.7217,288267.8932
2005-05-12,17.1349,17.8538,1.5558,0.7496,0.7513,2.851,2.851,275197.8124
2005-05-13,17.4062,18.1364,1.5804,0.7615,0.7632,2.8066,2.8066,279554.506
2005-05-16,17.4514,18.1835,1.5845,0.7634,0.7652,2.7993,2.7993,280280.6216
2005-05-17,17.4966,18.2306,1.5886,0.7654,0.7672,2.7921,2.7921,281006.7372
2005-05-18,17.4966,18.2306,1.5886,0.7654,0.7672,2.7921,2.7921,281006.7372
2005-05-19,17.4966,18.2306,1.5886,0.7654,0.7672,2.7921,2.7921,281006.7372
2005-05-20,17.587,18.3248,1.5968,0.7694,0.7711,2.7777,2.7777,282458.9684
2005-05-23,17.4514,18.1835,1.5845,0.7634,0.7652,2.7993,2.7993,280280.6216
2005-05-24,17.587,18.3248,1.5968,0.7694,0.7711,2.7777,2.7777,282458.9684
2005-05-25,17.6323,18.372,1.6009,0.7714,0.7731,2.7706,2.7706,283185.084
2005-05-26,17.3158,18.0422,1.5722,0.7575,0.7592,2.8212,2.8212,278102.2748
2005-05-30,17.1349,17.8538,1.5558,0.7496,0.7513,2.851,2.851,275197.8124
2005-05-31,17.0897,17.8067,1.5517,0.7476,0.7493,2.8585,2.8585,274471.6968
2005-06-01,16.728,17.4298,1.5188,0.7318,0.7335,2.9203,2.9203,268662.772
2005-06-02,16.3211,17.0058,1.4819,0.714,0.7156,2.9932,2.9932,262127.7316
2005-06-03,16.0951,16.7703,1.4614,0.7041,0.7057,3.0352,3.0352,258497.1536
2005-06-06,16.3664,17.0529,1.486,0.716,0.7176,2.9849,2.9849,262853.8472
2005-06-07,16.1855,16.8645,1.4696,0.7081,0.7097,3.0182,3.0182,259949.3848
2005-06-08,17.4966,18.2306,1.5886,0.7654,0.7672,2.7921,2.7921,281006.7372
2005-06-09,17.4062,18.1364,1.5804,0.7615,0.7632,2.8066,2.8066,279554.506
2005-06-10,16.9993,17.7124,1.5435,0.7437,0.7454,2.8737,2.8737,273019.4656
2005-06-13,17.1349,17.8538,1.5558,0.7496,0.7513,2.851,2.851,275197.8124
2005-06-14,16.9541,17.6653,1.5394,0.7417,0.7434,2.8814,2.8814,272293.35
2005-06-15,16.5472,17.2414,1.5024,0.7239,0.7255,2.9523,2.9523,265758.3096
2005-06-16,16.728,17.4298,1.5188,0.7318,0.7335,2.9203,2.9203,268662.772
2005-06-17,16.9089,17.6182,1.5352,0.7397,0.7414,2.8891,2.8891,271567.2344
2005-06-20,17.0445,17.7596,1.5476,0.7456,0.7474,2.8661,2.8661,273745.5812
2005-06-21,16.6376,17.3356,1.5106,0.7278,0.7295,2.9362,2.9362,267210.5408
2005-06-22,16.6376,17.3356,1.5106,0.7278,0.7295,2.9362,2.9362,267210.5408
2005-06-23,16.4116,17.1,1.4901,0.718,0.7196,2.9767,2.9767,263579.9628
2005-06-24,16.2759,16.9587,1.4778,0.712,0.7137,3.0015,3.0015,261401.616
2005-06-27,16.5924,17.2885,1.5065,0.7259,0.7275,2.9442,2.9442,266484.4252
2005-06-28,16.4116,17.1,1.4901,0.718,0.7196,2.9767,2.9767,263579.9628
2005-06-29,16.3211,17.0058,1.4819,0.714,0.7156,2.9932,2.9932,262127.7316
2005-06-30,16.0951,16.7703,1.4614,0.7041,0.7057,3.0352,3.0352,258497.1536
2005-07-01,15.4621,16.1108,1.4039,0.6764,0.678,3.1594,3.1594,248331.5352
2005-07-04,14.784,15.4042,1.3423,0.6468,0.6482,3.3044,3.3044,237439.8012
2005-07-05,14.4223,15.0273,1.3095,0.6309,0.6324,3.3872,3.3872,231630.8764
2005-07-06,14.2866,14.886,1.2972,0.625,0.6264,3.4194,3.4194,229452.5296
2005-07-07,14.3771,14.9802,1.3054,0.629,0.6304,3.3979,3.3979,230904.7608
2005-07-08,14.0154,14.6033,1.2725,0.6131,0.6145,3.4856,3.4856,225095.836
2005-07-11,13.8798,14.462,1.2602,0.6072,0.6086,3.5196,3.5196,222917.4892
2005-07-12,14.0606,14.6505,1.2766,0.6151,0.6165,3.4744,3.4744,225821.9516
2005-07-13,14.1058,14.6976,1.2807,0.6171,0.6185,3.4632,3.4632,226548.0672
2005-07-14,14.1962,14.7918,1.289,0.621,0.6225,3.4412,3.4412,228000.2984
2005-07-15,13.925,14.5091,1.2643,0.6092,0.6106,3.5082,3.5082,223643.6048
2005-07-18,13.7441,14.3207,1.2479,0.6013,0.6026,3.5544,3.5544,220739.1424
2005-07-19,13.7441,14.3207,1.2479,0.6013,0.6026,3.5544,3.5544,220739.1424
2005-07-20,13.7893,14.3678,1.252,0.6032,0.6046,3.5427,3.5427,221465.258
2005-07-21,13.3372,13.8967,1.237,0.5835,0.5848,3.6628,10.9884,214204.102
2005-07-22,13.9702,14.5562,1.2958,0.6112,0.6126,3.4969,10.4906,224369.7204
2005-07-25,14.2414,14.8389,1.3209,0.623,0.6244,3.4303,10.2908,228726.414
2005-07-26,14.4223,15.0273,1.3377,0.6309,0.6324,3.3872,6.7745,231630.8764
2005-07-27,14.5579,15.1686,1.3503,0.6369,0.6383,3.3557,6.7114,233809.2232
2005-07-28,14.4675,15.0744,1.3419,0.6329,0.6344,3.3767,6.7533,232356.992
2005-07-29,14.3771,14.9802,1.3335,0.629,0.6304,3.3979,6.7958,230904.7608
2005-08-01,14.3771,14.9802,1.3335,0.629,0.6304,3.3979,6.7958,230904.7608
2005-08-02,15.01,15.6397,1.3922,0.6566,0.6581,3.2546,6.5092,241070.3792
2005-08-03,15.1909,15.8281,1.409,0.6646,0.6661,3.2159,6.4317,243974.8416
2005-08-04,15.01,15.6397,1.3922,0.6566,0.6581,3.2546,6.5092,241070.3792
2005-08-05,15.1004,15.7339,1.4006,0.6606,0.6621,3.2351,6.4702,242522.6104
2005-08-08,15.1909,15.8281,1.409,0.6646,0.6661,3.2159,6.4317,243974.8416
2005-08-09,15.1909,15.8281,1.409,0.6646,0.6661,3.2159,6.4317,243974.8416
2005-08-10,15.3717,16.0166,1.4257,0.6725,0.674,3.178,6.3561,246879.304
2005-08-11,15.6882,16.3463,1.4551,0.6863,0.6879,3.1139,6.2278,251962.1132
2005-08-12,15.3717,16.0166,1.4257,0.6725,0.674,3.178,6.3561,246879.304
2005-08-15,15.7786,16.4405,1.4635,0.6903,0.6918,3.0961,6.1921,253414.3444
2005-08-16,15.8238,16.4876,1.4677,0.6922,0.6938,3.0872,6.1745,254140.46
2005-08-17,15.7786,16.4405,1.4635,0.6903,0.6918,3.0961,6.1921,253414.3444
2005-08-18,14.9196,15.5455,1.3838,0.6527,0.6542,3.2743,6.5487,239618.148
2005-08-19,14.6031,15.2157,1.3545,0.6388,0.6403,3.3453,6.6906,234535.3388
2005-08-22,14.6483,15.2629,1.3587,0.6408,0.6423,3.335,6.6699,235261.4544
2005-08-23,14.4223,15.0273,1.3377,0.6309,0.6324,3.3872,6.7745,231630.8764
2005-08-24,14.5127,15.1215,1.3461,0.6349,0.6363,3.3661,6.7323,233083.1076
2005-08-25,14.9648,15.5926,1.388,0.6547,0.6562,3.2644,6.5289,240344.2636
2005-08-26,15.2361,15.8752,1.4132,0.6665,0.6681,3.2063,6.4126,244700.9572
2005-08-29,15.5526,16.205,1.4425,0.6804,0.6819,3.1411,6.2821,249783.7664
2005-08-30,15.5073,16.1579,1.4383,0.6784,0.68,3.1502,6.3005,249057.6508
2005-08-31,16.4568,19.162,1.5264,0.7199,0.703,2.9685,5.937,264306.0784
2005-09-01,16.6376,19.3726,1.5432,0.7278,0.7107,2.9362,5.8724,267210.5408
2005-09-02,16.5924,19.3199,1.539,0.7259,0.7087,2.9442,5.8884,266484.4252
2005-09-05,16.6376,19.3726,1.5432,0.7278,0.7107,2.9362,5.8724,267210.5408
2005-09-06,15.9595,18.5829,1.4803,0.6982,0.6817,3.061,6.122,256318.8068
2005-09-07,16.3664,19.0567,1.518,0.716,0.6991,2.9849,5.9698,262853.8472
2005-09-08,16.0951,18.7408,1.4928,0.7041,0.6875,3.0352,6.0704,258497.1536
2005-09-09,16.0951,18.7408,1.4928,0.7041,0.6875,3.0352,6.0704,258497.1536
2005-09-12,16.4116,19.1093,1.5222,0.718,0.701,2.9767,5.9533,263579.9628
2005-09-13,17.0897,19.899,1.5851,0.7476,0.73,2.8585,5.7171,274471.6968
2005-09-14,17.587,20.4781,1.6312,0.7694,0.7512,2.7777,5.5554,282458.9684
2005-09-15,17.5418,20.4254,1.627,0.7674,0.7493,2.7849,5.5697,281732.8528
2005-09-16,17.6323,20.5307,1.6354,0.7714,0.7532,2.7706,5.5412,283185.084
2005-09-19,17.6775,20.5833,1.6396,0.7733,0.7551,2.7635,5.527,283911.1996
2005-09-20,17.1349,19.9516,1.5893,0.7496,0.7319,2.851,5.702,275197.8124
2005-09-21,16.9089,19.6884,1.5683,0.7397,0.7223,2.8891,5.7782,271567.2344
2005-09-22,16.5924,19.3199,1.539,0.7259,0.7087,2.9442,5.8884,266484.4252
2005-09-23,16.728,19.4778,1.5515,0.7318,0.7145,2.9203,5.8407,268662.772
2005-09-26,16.5924,19.3199,1.539,0.7259,0.7087,2.9442,5.8884,266484.4252
2005-09-27,16.1403,18.7935,1.497,0.7061,0.6894,3.0267,6.0534,259223.2692
2005-09-28,16.2307,18.8988,1.5054,0.71,0.6933,3.0098,6.0197,260675.5004
2005-09-29,16.5924,19.3199,1.539,0.7259,0.7087,2.9442,5.8884,266484.4252
2005-09-30,16.7732,19.5305,1.5557,0.7338,0.7165,2.9125,5.825,269388.8876
2005-10-10,16.9089,19.6884,1.5683,0.7397,0.7223,2.8891,5.7782,271567.2344
2005-10-11,16.9993,19.7937,1.5767,0.7437,0.7261,2.8737,5.7475,273019.4656
2005-10-12,17.2254,20.0569,1.5977,0.7536,0.7358,2.836,5.6721,276650.0436
2005-10-13,16.9993,19.7937,1.5767,0.7437,0.7261,2.8737,5.7475,273019.4656
2005-10-14,16.6376,19.3726,1.5432,0.7278,0.7107,2.9362,5.8724,267210.5408
2005-10-17,16.0951,18.7408,1.4928,0.7041,0.6875,3.0352,6.0704,258497.1536
2005-10-18,16.4568,19.162,1.5264,0.7199,0.703,2.9685,5.937,264306.0784
2005-10-19,16.2759,18.9514,1.5096,0.712,0.6952,3.0015,6.0029,261401.616
2005-10-20,16.2759,18.9514,1.5096,0.712,0.6952,3.0015,6.0029,261401.616
2005-10-21,16.1403,18.7935,1.497,0.7061,0.6894,3.0267,6.0534,259223.2692
2005-10-24,16.1403,18.7935,1.497,0.7061,0.6894,3.0267,6.0534,259223.2692
2005-10-25,15.3265,17.8459,1.4216,0.6705,0.6547,3.1874,6.3748,246153.1884
2005-10-26,14.6483,17.0563,1.3587,0.6408,0.6257,3.335,6.6699,235261.4544
2005-10-27,14.6935,17.1089,1.3628,0.6428,0.6276,3.3247,6.6494,235987.57
2005-10-28,14.5579,18.141,1.3278,0.6369,0.5964,3.3557,6.7114,233809.2232
2005-10-31,14.5127,18.0847,1.3237,0.6349,0.5945,3.3661,6.7323,233083.1076
2005-11-01,14.6935,18.31,1.3402,0.6428,0.6019,3.3247,6.6494,235987.57
2005-11-02,14.8744,18.5354,1.3567,0.6507,0.6093,3.2843,6.5686,238892.0324
2005-11-03,14.4675,18.0283,1.3196,0.6329,0.5927,3.3767,6.7533,232356.992
2005-11-04,14.5579,18.141,1.3278,0.6369,0.5964,3.3557,6.7114,233809.2232
2005-11-07,14.5579,18.141,1.3278,0.6369,0.5964,3.3557,6.7114,233809.2232
2005-11-08,14.6935,18.31,1.3402,0.6428,0.6019,3.3247,6.6494,235987.57
2005-11-09,14.7388,18.3664,1.3443,0.6448,0.6038,3.3145,6.629,236713.6856
2005-11-10,14.1962,17.6903,1.2948,0.621,0.5816,3.4412,6.8824,228000.2984
2005-11-11,14.5127,18.0847,1.3237,0.6349,0.5945,3.3661,6.7323,233083.1076
2005-11-14,14.3771,17.9157,1.3113,0.629,0.589,3.3979,6.7958,230904.7608
2005-11-15,14.2414,17.7467,1.299,0.623,0.5834,3.4303,6.8605,228726.414
2005-11-16,14.3319,17.8593,1.3072,0.627,0.5871,3.4086,6.8172,230178.6452
2005-11-17,14.5127,18.0847,1.3237,0.6349,0.5945,3.3661,6.7323,233083.1076
2005-11-18,14.6935,18.31,1.3402,0.6428,0.6019,3.3247,6.6494,235987.57
2005-11-21,14.4675,18.0283,1.3196,0.6329,0.5927,3.3767,6.7533,232356.992
2005-11-22,14.151,17.634,1.2907,0.6191,0.5797,3.4522,6.9043,227274.1828
2005-11-23,14.2866,17.803,1.3031,0.625,0.5853,3.4194,6.8388,229452.5296
2005-11-24,14.2414,17.7467,1.299,0.623,0.5834,3.4303,6.8605,228726.414
2005-11-25,14.1962,17.6903,1.2948,0.621,0.5816,3.4412,6.8824,228000.2984
2005-11-28,14.2414,17.7467,1.299,0.623,0.5834,3.4303,6.8605,228726.414
2005-11-29,14.2414,17.7467,1.299,0.623,0.5834,3.4303,6.8605,228726.414
2005-11-30,14.151,17.634,1.2907,0.6191,0.5797,3.4522,6.9043,227274.1828
2005-12-01,14.3771,17.9157,1.3113,0.629,0.589,3.3979,6.7958,230904.7608
2005-12-02,14.1962,17.6903,1.2948,0.621,0.5816,3.4412,6.8824,228000.2984
2005-12-05,14.0154,17.465,1.2783,0.6131,0.5742,3.4856,6.9712,225095.836
2005-12-06,14.0154,17.465,1.2783,0.6131,0.5742,3.4856,6.9712,225095.836
2005-12-07,14.1058,17.5776,1.2866,0.6171,0.5779,3.4632,6.9265,226548.0672
2005-12-08,14.151,17.634,1.2907,0.6191,0.5797,3.4522,6.9043,227274.1828
2005-12-09,14.3771,17.9157,1.3113,0.629,0.589,3.3979,6.7958,230904.7608
2005-12-12,14.5579,18.141,1.3278,0.6369,0.5964,3.3557,6.7114,233809.2232
2005-12-13,14.4223,17.972,1.3155,0.6309,0.5908,3.3872,6.7745,231630.8764
2005-12-14,14.5127,18.0847,1.3237,0.6349,0.5945,3.3661,6.7323,233083.1076
2005-12-15,14.3771,17.9157,1.3113,0.629,0.589,3.3979,6.7958,230904.7608
2005-12-16,14.5127,18.0847,1.3237,0.6349,0.5945,3.3661,6.7323,233083.1076
2005-12-19,14.5579,18.141,1.3278,0.6369,0.5964,3.3557,6.7114,233809.2232
2005-12-20,14.8744,18.5354,1.3567,0.6507,0.6093,3.2843,6.5686,238892.0324
2005-12-21,15.0552,18.7607,1.3732,0.6586,0.6167,3.2448,6.4897,241796.4948
2005-12-22,15.5073,19.3241,1.4144,0.6784,0.6353,3.1502,6.3005,249057.6508
2005-12-23,15.5526,19.3805,1.4186,0.6804,0.6371,3.1411,6.2821,249783.7664
2005-12-26,15.5526,19.3805,1.4186,0.6804,0.6371,3.1411,6.2821,249783.7664
2005-12-27,15.4621,19.2678,1.4103,0.6764,0.6334,3.1594,6.3189,248331.5352
2005-12-28,15.2361,18.9861,1.3897,0.6665,0.6242,3.2063,6.4126,244700.9572
2005-12-29,15.2361,18.9861,1.3897,0.6665,0.6242,3.2063,6.4126,244700.9572
2005-12-30,15.3717,19.1551,1.4021,0.6725,0.6297,3.178,6.3561,246879.304
2006-01-04,15.6882,19.5495,1.4309,0.6863,0.6427,6.2278,6.2278,251962.1132
2006-01-05,16.0047,19.9439,1.4598,0.7002,0.6556,6.1047,6.1047,257044.9224
2006-01-06,16.0499,20.0002,1.4639,0.7021,0.6575,6.0875,6.0875,257771.038
2006-01-09,15.9142,19.8312,1.4515,0.6962,0.6519,6.1394,6.1394,255592.6912
2006-01-10,15.9142,19.8312,1.4515,0.6962,0.6519,6.1394,6.1394,255592.6912
2006-01-11,15.7334,19.6058,1.435,0.6883,0.6445,6.2099,6.2099,252688.2288
2006-01-12,16.2759,20.2819,1.4845,0.712,0.6668,6.0029,6.0029,261401.616
2006-01-13,16.0499,20.0002,1.4639,0.7021,0.6575,6.0875,6.0875,257771.038
2006-01-16,15.7786,19.6622,1.4392,0.6903,0.6464,6.1921,6.1921,253414.3444
2006-01-17,15.5978,19.4368,1.4227,0.6824,0.639,6.2639,6.2639,250509.882
2006-01-18,15.8238,19.7185,1.4433,0.6922,0.6482,6.1745,6.1745,254140.46
2006-01-19,15.643,19.4932,1.4268,0.6843,0.6408,6.2458,6.2458,251235.9976
2006-01-20,16.3211,20.3382,1.4887,0.714,0.6686,5.9863,5.9863,262127.7316
2006-01-23,16.502,20.5636,1.5051,0.7219,0.676,5.9207,5.9207,265032.194
2006-01-24,16.7732,20.9016,1.5299,0.7338,0.6871,5.825,5.825,269388.8876
2006-01-25,16.3664,20.3946,1.4928,0.716,0.6705,5.9698,5.9698,262853.8472
2006-02-06,16.728,20.8453,1.5258,0.7318,0.6853,5.8407,5.8407,268662.772
2006-02-07,16.3211,20.3382,1.4887,0.714,0.6686,5.9863,5.9863,262127.7316
2006-02-08,17.4966,21.803,1.5959,0.7654,0.7168,5.5841,5.5841,281006.7372
2006-02-09,17.361,21.634,1.5835,0.7595,0.7112,5.6278,5.6278,278828.3904
2006-02-10,17.6323,21.972,1.6082,0.7714,0.7223,5.5412,5.5412,283185.084
2006-02-23,16.502,20.5636,1.5051,0.7219,0.676,5.9207,5.9207,265032.194
2006-02-24,16.8637,21.0143,1.5381,0.7377,0.6908,5.7937,5.7937,270841.1188
2006-02-27,16.9993,21.1833,1.5505,0.7437,0.6964,5.7475,5.7475,273019.4656
2006-02-28,16.9993,21.1833,1.5505,0.7437,0.6964,5.7475,5.7475,273019.4656
2006-03-01,16.8185,20.958,1.534,0.7358,0.689,5.8093,5.8093,270115.0032
2006-03-02,16.1855,20.1692,1.4763,0.7081,0.6631,6.0365,6.0365,259949.3848
2006-03-03,16.1855,20.1692,1.4763,0.7081,0.6631,6.0365,6.0365,259949.3848
2006-03-31,12.6138,15.7185,1.1505,0.5518,0.5167,3.5842,3.5842,202586.2524
2006-04-03,12.7947,15.9438,1.167,0.5597,0.5241,3.5336,3.5336,205490.7148
2006-04-04,13.1112,16.3382,1.1959,0.5736,0.5371,3.4483,3.4483,210573.524
2006-04-05,13.5181,16.8452,1.233,0.5914,0.5538,3.3445,3.3445,217108.5644
2006-04-06,13.292,16.5635,1.2124,0.5815,0.5445,3.4014,3.4014,213477.9864
2006-04-07,13.2016,16.4509,1.2041,0.5775,0.5408,3.4247,3.4247,212025.7552
2006-04-10,13.5633,16.9016,1.2371,0.5934,0.5556,3.3333,3.3333,217834.68
2006-04-11,13.925,17.3523,1.2701,0.6092,0.5704,3.2468,3.2468,223643.6048
2006-04-12,16.795,16.795,1.2332,0.5692,0.5692,3.2573,3.2573,222917.4892
2006-04-13,16.2479,16.2479,1.1931,0.5506,0.5506,3.367,3.367,215656.3332
2006-04-14,16.4667,16.4667,1.2091,0.558,0.558,3.3223,3.3223,218560.7956
2006-04-17,16.412,16.412,1.2051,0.5562,0.5562,3.3333,3.3333,217834.68
2006-04-18,16.412,16.412,1.2051,0.5562,0.5562,3.3333,3.3333,217834.68
2006-04-19,16.1385,16.1385,1.185,0.5469,0.5469,3.3898,3.3898,214204.102
2006-04-20,16.0291,16.0291,1.177,0.5432,0.5432,3.413,3.413,212751.8708
2006-04-21,16.2479,16.2479,1.1931,0.5506,0.5506,3.367,3.367,215656.3332
2006-04-24,15.865,15.865,1.1649,0.5377,0.5377,3.4483,3.4483,210573.524
2006-04-25,15.865,15.865,1.1649,0.5377,0.5377,3.4483,3.4483,210573.524
2006-04-26,15.7008,15.7008,1.1529,0.5321,0.5321,3.4843,3.4843,208395.1772
2006-04-27,15.9197,17.0489,1.1595,0.5395,0.5175,3.4364,3.4364,211299.6396
2006-04-28,15.9197,17.0489,1.1595,0.5395,0.5175,3.4364,3.4364,211299.6396
2006-05-08,16.3026,17.459,1.1874,0.5525,0.5299,3.3557,3.3557,216382.4488
2006-05-09,16.6309,17.8106,1.2113,0.5636,0.5406,3.2895,3.2895,220739.1424
2006-05-10,17.0138,18.2207,1.2392,0.5766,0.5531,3.2154,3.2154,225821.9516
2006-05-11,16.8497,18.0449,1.2272,0.571,0.5477,3.2468,3.2468,223643.6048
2006-05-12,18.4909,19.8025,1.3467,0.6266,0.6011,2.9586,2.9586,245427.0728
2006-05-16,20.0774,21.5016,1.4623,0.6804,0.6526,2.7248,2.7248,266484.4252
2006-05-17,19.585,20.9743,1.4264,0.6637,0.6366,2.7933,2.7933,259949.3848
2006-05-18,19.6944,21.0915,1.4344,0.6674,0.6402,2.7778,2.7778,261401.616
2006-05-19,20.3509,21.7945,1.4822,0.6897,0.6615,2.6882,2.6882,270115.0032
2006-05-22,20.3509,21.7945,1.4822,0.6897,0.6615,2.6882,2.6882,270115.0032
2006-05-23,19.2568,20.6228,1.4025,0.6526,0.626,2.8409,2.8409,255592.6912
2006-05-24,18.4362,19.744,1.3428,0.6248,0.5993,2.9674,2.9674,244700.9572
2006-05-25,18.8738,20.2127,1.3746,0.6396,0.6135,2.8986,2.8986,250509.882
2006-05-26,19.3662,20.7399,1.4105,0.6563,0.6295,2.8249,2.8249,257044.9224
2006-05-29,19.8586,21.2672,1.4464,0.673,0.6455,2.7548,2.7548,263579.9628
2006-05-30,19.8586,21.2672,1.4464,0.673,0.6455,2.7548,2.7548,263579.9628
2006-05-31,20.1321,21.5602,1.4663,0.6823,0.6544,2.7174,2.7174,267210.5408
2006-06-01,21.4779,23.0014,1.5643,0.7279,0.6982,2.5471,2.5471,285072.9846
2006-06-02,22.6869,24.2962,1.6524,0.7688,0.7375,2.4114,2.4114,301120.1393
2006-06-05,22.5447,24.1439,1.642,0.764,0.7328,2.4266,2.4266,299232.2388
2006-06-06,22.6869,24.2962,1.6524,0.7688,0.7375,2.4114,2.4114,301120.1393
2006-06-07,20.4822,21.9351,1.4918,0.6941,0.6658,2.6709,2.6709,271857.6806
2006-06-08,21.1934,22.6968,1.5436,0.7182,0.6889,2.5813,2.5813,281297.1834
2006-06-09,21.4068,22.9253,1.5591,0.7255,0.6958,2.5556,2.5556,284129.0343
2006-06-12,21.1934,22.6968,1.5436,0.7182,0.6889,2.5813,2.5813,281297.1834
2006-06-13,21.2645,22.7729,1.5488,0.7206,0.6912,2.5727,2.5727,282241.1337
2006-06-14,20.7667,22.2398,1.5125,0.7038,0.675,2.6344,2.6344,275633.4818
2006-06-15,20.6245,22.0875,1.5021,0.6989,0.6704,2.6525,2.6525,273745.5812
2006-06-16,20.9801,22.4683,1.528,0.711,0.682,2.6076,2.6076,278465.3326
2006-06-19,20.9801,22.4683,1.528,0.711,0.682,2.6076,2.6076,278465.3326
2006-06-20,20.9089,22.3921,1.5229,0.7086,0.6797,2.6164,2.6164,277521.3823
2006-06-21,21.4068,22.9253,1.5591,0.7255,0.6958,2.5556,2.5556,284129.0343
2006-06-22,21.4068,22.9253,1.5591,0.7255,0.6958,2.5556,2.5556,284129.0343
2006-06-23,21.9757,23.5346,1.6006,0.7447,0.7143,2.4894,2.4894,291680.6365
2006-06-26,22.758,24.3724,1.6575,0.7713,0.7398,2.4038,2.4038,302064.0896
2006-06-27,22.4024,23.9915,1.6316,0.7592,0.7282,2.442,2.442,297344.3382
2006-06-28,22.2602,23.8392,1.6213,0.7544,0.7236,2.4576,2.4576,295456.4376
2006-06-29,22.4735,24.0677,1.6368,0.7616,0.7305,2.4343,2.4343,298288.2885
2006-06-30,21.9757,23.5346,1.6006,0.7447,0.7143,2.4894,2.4894,291680.6365
2006-07-03,22.0468,23.6107,1.6057,0.7472,0.7167,2.4814,2.4814,292624.5868
2006-07-04,22.4735,24.0677,1.6368,0.7616,0.7305,2.4343,2.4343,298288.2885
2006-07-05,21.8335,23.3822,1.5902,0.7399,0.7097,2.5056,2.5056,289792.736
2006-07-06,22.0468,23.6107,1.6057,0.7472,0.7167,2.4814,2.4814,292624.5868
2006-07-07,21.9046,23.4584,1.5954,0.7423,0.712,2.4975,2.4975,290736.6862
2006-07-10,22.1891,23.7631,1.6161,0.752,0.7213,2.4655,2.4655,294512.4874
2006-07-11,22.0468,23.6107,1.6057,0.7472,0.7167,2.4814,2.4814,292624.5868
2006-07-12,21.8335,23.3822,1.5902,0.7399,0.7097,2.5056,2.5056,289792.736
2006-07-13,20.2689,21.7066,1.4762,0.6869,0.6589,2.6991,2.6991,269025.8298
2006-07-14,20.34,21.7828,1.4814,0.6893,0.6612,2.6896,2.6896,269969.7801
2006-07-17,20.7667,22.2398,1.5125,0.7038,0.675,2.6344,2.6344,275633.4818
2006-07-18,20.6956,22.1636,1.5073,0.7014,0.6727,2.6434,2.6434,274689.5315
2006-07-19,20.34,21.7828,1.4814,0.6893,0.6612,2.6896,2.6896,269969.7801
2006-07-20,20.34,21.7828,1.4814,0.6893,0.6612,2.6896,2.6896,269969.7801
2006-07-21,20.4822,21.9351,1.4918,0.6941,0.6658,2.6709,,271857.6806
2006-07-24,20.34,21.7828,1.4814,0.6893,0.6612,2.6896,,269969.7801
2006-07-25,20.9089,22.3921,1.5229,0.7086,0.6797,2.6164,,277521.3823
2006-07-26,20.9089,22.3921,1.5229,0.7086,0.6797,2.6164,,277521.3823
2006-07-27,20.4822,21.9351,1.4918,0.6941,0.6658,2.6709,,271857.6806
2006-07-28,20.7667,22.2398,1.5125,0.7038,0.675,2.6344,,275633.4818
2006-07-31,19.9133,21.3258,1.4503,0.6748,0.6473,2.7473,,264306.0784
2006-08-01,19.6999,21.0973,1.4348,0.6676,0.6404,2.777,,261474.2276
2006-08-02,19.131,20.488,1.3934,0.6483,0.6219,2.8596,,253922.6253
2006-08-03,19.2021,20.5642,1.3985,0.6507,0.6242,2.849,,254866.5756
2006-08-04,18.7042,20.031,1.3623,0.6339,0.608,2.9248,,248258.9236
2006-08-07,18.2064,19.4979,1.326,0.617,0.5918,3.0048,,241651.2717
2006-08-08,18.6331,19.9549,1.3571,0.6315,0.6057,2.936,,247314.9734
2006-08-09,18.4198,19.7264,1.3416,0.6242,0.5988,2.97,,244483.1225
2006-08-10,19.6288,21.0212,1.4296,0.6652,0.6381,2.7871,,260530.2773
2006-08-11,19.771,21.1735,1.44,0.67,0.6427,2.767,,262418.1778
2006-08-14,18.9887,20.3357,1.383,0.6435,0.6172,2.881,,252034.7248
2006-08-15,20.8378,22.3159,1.5177,0.7062,0.6774,2.6254,,276577.432
2006-08-16,20.6245,22.0875,1.5021,0.6989,0.6704,2.6525,,273745.5812
2006-08-17,20.2689,21.7066,1.4762,0.6869,0.6589,2.6991,,269025.8298
2006-08-18,20.1266,21.5543,1.4659,0.6821,0.6542,2.7181,,267137.9292
2006-08-21,20.0555,21.4781,1.4607,0.6797,0.6519,2.7278,,266193.979
2006-08-22,20.1266,20.1775,1.4316,0.6821,0.6374,2.7181,,267137.9292
2006-08-23,19.6999,19.7497,1.4013,0.6676,0.6239,2.777,,261474.2276
2006-08-24,19.771,19.821,1.4063,0.67,0.6261,2.767,,262418.1778
2006-08-25,19.771,19.821,1.4063,0.67,0.6261,2.767,,262418.1778
2006-08-28,20.2689,20.3201,1.4417,0.6869,0.6419,2.6991,,269025.8298
2006-08-29,20.34,20.3914,1.4468,0.6893,0.6441,2.6896,,269969.7801
2006-08-30,20.4111,20.4627,1.4518,0.6917,0.6464,2.6802,,270913.7304
2006-08-31,20.4111,20.4627,1.4518,0.6917,0.6464,2.6802,,270913.7304
2006-09-01,19.8422,19.8923,1.4114,0.6724,0.6284,2.7571,,263362.1281
2006-09-04,20.1266,20.1775,1.4316,0.6821,0.6374,2.7181,,267137.9292
2006-09-05,20.5533,20.6052,1.462,0.6965,0.6509,2.6617,,272801.6309
2006-09-06,20.4822,20.534,1.4569,0.6941,0.6486,2.6709,,271857.6806
2006-09-07,20.0555,20.1062,1.4265,0.6797,0.6351,2.7278,,266193.979
2006-09-08,20.0555,20.1062,1.4265,0.6797,0.6351,2.7278,,266193.979
2006-09-11,20.1977,20.2488,1.4367,0.6845,0.6396,2.7086,,268081.8795
2006-09-12,20.2689,20.3201,1.4417,0.6869,0.6419,2.6991,,269025.8298
2006-09-13,19.9133,19.9636,1.4164,0.6748,0.6306,2.7473,,264306.0784
2006-09-14,19.6288,19.6784,1.3962,0.6652,0.6216,2.7871,,260530.2773
2006-09-15,19.9844,20.0349,1.4215,0.6773,0.6329,2.7375,,265250.0287
2006-09-18,20.2689,20.3201,1.4417,0.6869,0.6419,2.6991,,269025.8298
2006-09-19,20.1977,20.2488,1.4367,0.6845,0.6396,2.7086,,268081.8795
2006-09-20,20.7667,20.8191,1.4771,0.7038,0.6577,2.6344,,275633.4818
2006-09-21,20.4822,20.534,1.4569,0.6941,0.6486,2.6709,,271857.6806
2006-09-22,20.1977,20.2488,1.4367,0.6845,0.6396,2.7086,,268081.8795
2006-09-25,20.1977,20.2488,1.4367,0.6845,0.6396,2.7086,,268081.8795
2006-09-26,20.0555,20.1062,1.4265,0.6797,0.6351,2.7278,,266193.979
2006-09-27,20.1266,20.1775,1.4316,0.6821,0.6374,2.7181,,267137.9292
2006-09-28,20.5533,20.6052,1.462,0.6965,0.6509,2.6617,,272801.6309
2006-09-29,21.0512,21.1043,1.4974,0.7134,0.6667,2.5988,,279409.2829
2006-10-09,21.6201,21.6747,1.5378,0.7327,0.6847,2.5304,,286960.8851
2006-10-10,21.549,21.6034,1.5328,0.7303,0.6824,2.5387,,286016.9348
2006-10-11,21.9757,22.0312,1.5631,0.7447,0.6959,2.4894,,291680.6365
2006-10-12,22.4024,22.459,1.5935,0.7592,0.7095,2.442,,297344.3382
2006-10-13,22.5447,22.6016,1.6036,0.764,0.714,2.4266,,299232.2388
2006-10-16,22.2602,22.3164,1.5834,0.7544,0.705,2.4576,,295456.4376
2006-10-17,21.6201,21.6747,1.5378,0.7327,0.6847,2.5304,,286960.8851
2006-10-18,21.9046,21.9599,1.5581,0.7423,0.6937,2.4975,,290736.6862
2006-10-19,21.7624,21.8173,1.548,0.7375,0.6892,2.5138,,288848.7857
2006-10-20,21.6912,21.746,1.5429,0.7351,0.6869,2.5221,,287904.8354
2006-10-23,21.549,21.6034,1.5328,0.7303,0.6824,2.5387,,286016.9348
2006-10-24,21.9046,21.9599,1.5581,0.7423,0.6937,2.4975,,290736.6862
2006-10-25,22.3313,22.3877,1.5884,0.7568,0.7072,2.4498,,296400.3879
2006-10-26,21.9757,22.0312,1.5631,0.7447,0.6959,2.4894,,291680.6365
2006-10-27,21.4779,21.5321,1.5277,0.7279,0.6802,2.5471,,285072.9846
2006-10-30,21.549,21.8712,1.5106,0.7303,0.6625,2.5387,,286016.9348
2006-10-31,21.6201,21.9434,1.5156,0.7327,0.6647,2.5304,,286960.8851
2006-11-01,21.549,21.8712,1.5106,0.7303,0.6625,2.5387,,286016.9348
2006-11-02,21.3356,21.6546,1.4956,0.723,0.6559,2.5641,,283185.084
2006-11-03,21.549,21.8712,1.5106,0.7303,0.6625,2.5387,,286016.9348
2006-11-06,21.6912,22.0156,1.5205,0.7351,0.6668,2.5221,,287904.8354
2006-11-07,21.4068,21.7268,1.5006,0.7255,0.6581,2.5556,,284129.0343
2006-11-08,21.2645,21.5825,1.4906,0.7206,0.6537,2.5727,,282241.1337
2006-11-09,21.6912,22.0156,1.5205,0.7351,0.6668,2.5221,,287904.8354
2006-11-10,22.0468,22.3765,1.5455,0.7472,0.6778,2.4814,,292624.5868
2006-11-13,21.6912,22.0156,1.5205,0.7351,0.6668,2.5221,,287904.8354
2006-11-14,21.7624,22.0877,1.5255,0.7375,0.669,2.5138,,288848.7857
2006-11-15,22.3313,22.6652,1.5654,0.7568,0.6865,2.4498,,296400.3879
2006-11-16,21.7624,22.0877,1.5255,0.7375,0.669,2.5138,,288848.7857
2006-11-17,21.9757,22.3043,1.5405,0.7447,0.6756,2.4894,,291680.6365
2006-11-20,21.7624,22.0877,1.5255,0.7375,0.669,2.5138,,288848.7857
2006-11-21,22.1891,22.5208,1.5554,0.752,0.6821,2.4655,,294512.4874
2006-11-22,22.6158,22.9539,1.5854,0.7664,0.6953,2.419,,300176.189
2006-11-23,22.4024,22.7374,1.5704,0.7592,0.6887,2.442,,297344.3382
2006-11-24,22.9003,23.2427,1.6053,0.7761,0.704,2.3889,,303951.9902
2006-11-27,23.1136,23.4592,1.6202,0.7833,0.7106,2.3669,,306783.841
2006-11-28,23.5403,23.8923,1.6502,0.7978,0.7237,2.324,,312447.5427
2006-11-29,23.1847,23.5314,1.6252,0.7857,0.7128,2.3596,,307727.7913
2006-11-30,24.1804,24.5419,1.695,0.8195,0.7434,2.2624,,320943.0952
2006-12-01,24.9627,25.3359,1.7499,0.846,0.7674,2.1915,,331326.5483
2006-12-04,25.2472,25.6247,1.7698,0.8556,0.7762,2.1668,,335102.3494
2006-12-05,25.0338,25.4081,1.7549,0.8484,0.7696,2.1853,,332270.4986
2006-12-06,23.967,24.3254,1.6801,0.8122,0.7368,2.2826,,318111.2444
2006-12-07,23.7537,24.1088,1.6651,0.805,0.7302,2.3031,,315279.3935
2006-12-08,22.8291,23.1705,1.6003,0.7737,0.7018,2.3964,,303008.0399
2006-12-11,23.4692,23.8201,1.6452,0.7954,0.7215,2.331,,311503.5924
2006-12-12,23.2559,23.6036,1.6302,0.7881,0.7149,2.3524,,308671.7416
2006-12-13,24.1804,24.5419,1.695,0.8195,0.7434,2.2624,,320943.0952
2006-12-14,24.3226,24.6863,1.705,0.8243,0.7477,2.2492,,322830.9958
2006-12-15,24.8916,25.2638,1.7449,0.8436,0.7652,2.1978,,330382.598
2006-12-18,24.8916,25.2638,1.7449,0.8436,0.7652,2.1978,,330382.598
2006-12-19,25.5317,25.9134,1.7898,0.8652,0.7849,2.1427,,338878.1505
2006-12-20,26.4562,26.8518,1.8546,0.8966,0.8133,2.0678,,351149.5042
2006-12-21,25.3894,25.769,1.7798,0.8604,0.7805,2.1547,,336990.25
2006-12-22,25.3894,25.769,1.7798,0.8604,0.7805,2.1547,,336990.25
2006-12-25,25.4605,25.8412,1.7848,0.8628,0.7827,2.1487,,337934.2002
2006-12-26,25.9584,26.3465,1.8197,0.8797,0.798,2.1075,,344541.8522
2006-12-27,26.0295,26.4187,1.8246,0.8821,0.8002,2.1017,,345485.8025
2006-12-28,25.2472,25.6247,1.7698,0.8556,0.7762,2.1668,,335102.3494
2006-12-29,25.745,26.1299,1.8047,0.8725,0.7915,2.1249,,341710.0014
2007-01-04,25.9584,26.3465,1.8197,0.8797,0.798,0.0,,344541.8522
2007-01-05,26.954,27.357,1.8895,0.9135,0.8286,0.0,,357757.1561
2007-01-08,28.3053,28.7285,1.9842,0.9592,0.8702,0.0,,375692.2114
2007-01-09,28.5898,29.0172,2.0041,0.9689,0.8789,0.0,,379468.0126
2007-01-10,29.1587,29.5947,2.044,0.9882,0.8964,0.0,,387019.6148
2007-01-11,29.941,30.3887,2.0988,1.0147,0.9205,0.0,,397403.0679
2007-01-12,30.8656,31.3271,2.1637,1.046,0.9489,0.0,,409674.4215
2007-01-15,32.5724,33.0594,2.2833,1.1039,1.0014,0.0,,432329.2282
2007-01-16,32.4302,32.9151,2.2733,1.099,0.997,0.0,,430441.3277
2007-01-17,31.4345,31.9045,2.2035,1.0653,0.9664,0.0,,417226.0238
2007-01-18,31.3634,31.8323,2.1986,1.0629,0.9642,0.0,,416282.0735
2007-01-19,32.5013,32.9872,2.2783,1.1014,0.9992,0.0,,431385.278
2007-01-22,35.1327,35.658,2.4628,1.1906,1.0801,0.0,,466311.4383
2007-01-23,36.1284,36.6685,2.5326,1.2244,1.1107,0.0,,479526.7422
2007-01-24,35.2749,35.8023,2.4727,1.1954,1.0844,0.0,,468199.3389
2007-01-25,32.8569,33.3482,2.3032,1.1135,1.0101,0.0,,436105.0294
2007-01-26,32.7858,33.276,2.2983,1.1111,1.0079,0.0,,435161.0791
2007-01-29,34.2793,34.7918,2.403,1.1617,1.0538,0.0,,454984.035
2007-01-30,32.9991,33.4925,2.3132,1.1183,1.0145,0.0,,437992.9299
2007-01-31,31.4345,31.9045,2.2035,1.0653,0.9664,0.0,,417226.0238
2007-02-01,31.2923,31.7601,2.1936,1.0605,0.962,0.0,,415338.1232
2007-02-02,31.3634,31.8323,2.1986,1.0629,0.9642,0.0,,416282.0735
2007-02-05,32.928,33.4203,2.3082,1.1159,1.0123,0.0,,437048.9796
2007-02-06,33.6392,34.1422,2.3581,1.14,1.0342,0.0,,446488.4824
2007-02-07,33.3547,33.8534,2.3381,1.1304,1.0254,0.0,,442712.6813
2007-02-08,34.4215,34.9362,2.4129,1.1665,1.0582,0.0,,456871.9355
2007-02-09,34.0659,34.5752,2.388,1.1545,1.0473,0.0,,452152.1841
2007-02-12,35.2038,35.7302,2.4678,1.193,1.0823,0.0,,467255.3886
2007-02-13,36.5551,37.1016,2.5625,1.2388,1.1238,0.0,,485190.4439
2007-02-14,38.8309,39.4115,2.722,1.316,1.1938,0.0,,515396.8529
2007-02-15,38.9731,39.5558,2.732,1.3208,1.1981,0.0,,517284.7534
2007-02-16,38.8309,39.4115,2.722,1.316,1.1938,0.0,,515396.8529
2007-02-26,40.5377,41.1438,2.8417,1.3738,1.2462,0.0,,538051.6596
2007-02-27,36.484,37.0294,2.5575,1.2364,1.1216,0.0,,484246.4936
2007-02-28,37.693,38.2565,2.6423,1.2774,1.1588,0.0,,500293.6484
2007-03-01,35.9861,36.5242,2.5226,1.2195,1.1063,0.0,,477638.8417
2007-03-02,37.9774,38.5453,2.6622,1.287,1.1675,0.0,,504069.4495
2007-03-05,39.2576,39.8445,2.7519,1.3304,1.2069,0.0,,521060.5546
2007-03-06,38.6886,39.2671,2.712,1.3111,1.1894,0.0,,513508.9523
2007-03-07,39.0442,39.628,2.737,1.3232,1.2003,0.0,,518228.7037
2007-03-08,39.6132,40.2055,2.7769,1.3425,1.2178,0.0,,525780.306
2007-03-09,38.6886,39.2671,2.712,1.3111,1.1894,0.0,,513508.9523
2007-03-12,41.1778,41.7935,2.8865,1.3955,1.2659,0.0,,546547.2121
2007-03-13,41.32,41.9378,2.8965,1.4003,1.2703,0.0,,548435.1127
2007-03-14,41.4623,42.0822,2.9065,1.4051,1.2747,0.0,,550323.0132
2007-03-15,43.2402,43.8867,3.0311,1.4654,1.3293,0.0,,573921.7702
2007-03-16,43.2402,43.8867,3.0311,1.4654,1.3293,0.0,,573921.7702
2007-03-19,46.8673,47.568,3.2854,1.5883,1.4408,0.0,,622063.2345
2007-03-20,46.8673,47.568,3.2854,1.5883,1.4408,0.0,,622063.2345
2007-03-21,49.2853,50.0222,3.4549,1.6702,1.5152,0.0,,654157.544
2007-03-22,49.4987,50.2388,3.4698,1.6775,1.5217,0.0,,656989.3949
2007-03-23,50.4944,51.2493,3.5396,1.7112,1.5523,0.0,,670204.6988
2007-03-26,52.9124,53.7035,3.7091,1.7932,1.6267,0.0,,702299.0083
2007-03-27,56.5395,57.3848,3.9634,1.9161,1.7382,0.0,,750440.4726
2007-03-28,54.5481,55.3637,3.8238,1.8486,1.6769,0.0,,724009.8648
2007-03-29,50.6366,51.3937,3.5496,1.716,1.5567,0.0,,672092.5994
2007-03-30,51.6323,52.4042,3.6194,1.7498,1.5873,0.0,,685307.9033
2007-04-02,39.4376,41.2846,2.1748,1.3878,1.5987,0.0,,702299.0083
2007-04-03,40.8158,42.7274,2.2508,1.4363,1.6546,0.0,,726841.7156
2007-04-04,40.8158,42.7274,2.2508,1.4363,1.6546,0.0,,726841.7156
2007-04-05,43.3601,45.3909,2.3911,1.5259,1.7577,0.0,,772151.329
2007-04-06,43.6782,45.7238,2.4086,1.5371,1.7706,0.0,,777815.0307
2007-04-09,44.7913,46.8891,2.47,1.5762,1.8157,0.0,,797637.9866
2007-04-10,45.0034,47.1111,2.4817,1.5837,1.8243,0.0,,801413.7877
2007-04-11,47.3887,49.6081,2.6133,1.6676,1.921,0.0,,843891.5503
2007-04-12,47.6537,49.8856,2.6279,1.677,1.9318,0.0,,848611.3017
2007-04-13,46.5936,48.7758,2.5694,1.6397,1.8888,0.0,,829732.2961
2007-04-16,48.3428,50.607,2.6659,1.7012,1.9597,0.0,,860882.6554
2007-04-17,49.297,51.6058,2.7185,1.7348,1.9984,0.0,,877873.7604
2007-04-18,50.1451,52.4936,2.7653,1.7646,2.0328,0.0,,892976.9649
2007-04-19,46.2755,48.4428,2.5519,1.6285,1.8759,0.0,,824068.5944
2007-04-20,49.244,51.5503,2.7156,1.7329,1.9962,0.0,,876929.8101
2007-04-23,52.8485,55.3236,2.9143,1.8598,2.1424,0.0,,941118.4292
2007-04-24,54.6507,57.2103,3.0137,1.9232,2.2154,0.0,,973212.7387
2007-04-25,55.8169,58.4311,3.078,1.9642,2.2627,0.0,,993979.6448
2007-04-27,61.3827,53.2766,3.0921,2.1601,2.3909,0.0,,1093094.4242
2007-04-30,67.5315,58.6135,3.4018,2.3765,2.6304,0.0,,1202592.6567
2007-05-08,74.2635,64.4564,3.7409,2.6134,2.8926,0.0,,1322474.3423
2007-05-09,72.3552,62.8002,3.6448,2.5462,2.8183,0.0,,1288492.1322
2007-05-10,69.4398,60.2697,3.4979,2.4436,2.7047,0.0,,1236574.8668
2007-05-11,69.8639,60.6378,3.5193,2.4586,2.7212,0.0,,1244126.469
2007-05-14,70.977,61.604,3.5754,2.4977,2.7646,0.0,,1263949.4249
2007-05-15,78.08,67.769,3.9332,2.7477,3.0412,0.0,,1390438.7624
2007-05-16,79.1402,68.6891,3.9866,2.785,3.0825,0.0,,1409317.768
2007-05-17,80.0943,69.5172,4.0346,2.8186,3.1197,0.0,,1426308.8731
2007-05-18,80.7834,70.1153,4.0693,2.8428,3.1465,0.0,,1438580.2267
2007-05-21,88.8246,77.0947,4.4744,3.1258,3.4597,0.0,,1581777.4855
2007-05-22,88.2734,76.6162,4.4466,3.1064,3.4383,0.0,,1571960.4026
2007-05-23,97.0938,84.2718,4.891,3.4168,3.7818,0.0,,1729033.7293
2007-05-24,103.5024,89.8341,5.2138,3.6423,4.0314,0.0,,1843157.3182
2007-05-25,106.0521,92.0471,5.3422,3.732,4.1308,0.0,,1888561.3267
2007-05-28,104.3293,90.5518,5.2554,3.6714,4.0636,0.0,,1857882.9426
2007-05-29,103.3646,89.7145,5.2068,3.6375,4.0261,0.0,,1840703.0475
2007-05-30,93.0281,80.7431,4.6862,3.2737,3.6235,0.0,,1656632.7428
2007-05-31,85.5859,74.2836,4.3113,3.0118,3.3336,0.0,,1524102.1233
2007-06-01,77.0411,66.8672,3.8808,2.7111,3.0008,0.0,,1371937.3381
2007-06-04,69.3232,60.1685,3.4921,2.4395,2.7002,0.0,,1234498.1772
2007-06-05,73.5956,63.8767,3.7073,2.5899,2.8666,0.0,,1310580.5698
2007-06-06,80.4177,69.7979,4.0509,2.83,3.1323,0.0,,1432066.971
2007-06-07,84.759,73.5659,4.2696,2.9827,3.3014,0.0,,1509376.499
2007-06-08,84.6901,73.5061,4.2661,2.9803,3.2987,0.0,,1508149.3636
2007-06-11,83.0362,72.0707,4.1828,2.9221,3.2343,0.0,,1478698.1148
2007-06-12,81.1757,70.4558,4.0891,2.8566,3.1618,0.0,,1445565.46
2007-06-13,87.5843,76.0181,4.4119,3.0821,3.4114,0.0,,1559689.0489
2007-06-14,88.6179,76.9152,4.464,3.1185,3.4517,0.0,,1578096.0794
2007-06-15,86.8952,75.42,4.3772,3.0579,3.3846,0.0,,1547417.6953
2007-06-18,93.5794,81.2215,4.7139,3.2931,3.6449,0.0,,1666449.8257
2007-06-19,100.2637,87.0231,5.0506,3.5283,3.9053,0.0,,1785481.9561
2007-06-20,93.4416,81.1019,4.707,3.2883,3.6396,0.0,,1663995.5549
2007-06-21,91.6499,79.5469,4.6167,3.2252,3.5698,0.0,,1632090.0355
2007-06-22,82.6228,71.7118,4.162,2.9075,3.2182,0.0,,1471335.3026
2007-06-25,74.3536,64.5346,3.7455,2.6166,2.8961,0.0,,1324079.0588
2007-06-26,79.1084,68.6615,3.985,2.7839,3.0813,0.0,,1408751.399
2007-06-27,80.2798,69.6783,4.044,2.8251,3.1269,0.0,,1429612.7002
2007-06-28,72.2863,62.7403,3.6413,2.5438,2.8156,0.0,,1287264.9979
2007-06-29,67.0492,58.1948,3.3775,2.3595,2.6116,0.0,,1194002.7101
2007-07-02,67.6694,58.7331,3.4087,2.3813,2.6357,0.0,,1205046.9284
2007-07-03,68.2206,59.2116,3.4365,2.4007,2.6572,0.0,,1214864.0114
2007-07-04,64.5684,56.0417,3.2525,2.2722,2.515,0.0,,1149825.837
2007-07-05,58.0909,50.4196,2.9262,2.0443,2.2627,0.0,,1034475.1127
2007-07-06,63.6037,55.2043,3.2039,2.2383,2.4774,0.0,,1132645.9419
2007-07-09,65.3953,56.7594,3.2942,2.3013,2.5472,0.0,,1164551.4614
2007-07-10,64.0861,55.623,3.2282,2.2552,2.4962,0.0,,1141235.8895
2007-07-11,66.7735,57.9556,3.3636,2.3498,2.6008,0.0,,1189094.1687
2007-07-12,66.2223,57.4771,3.3359,2.3304,2.5794,0.0,,1179277.0858
2007-07-13,66.2912,57.5369,3.3393,2.3328,2.5821,0.0,,1180504.2211
2007-07-16,62.0188,53.8287,3.1241,2.1825,2.4156,0.0,,1104421.8285
2007-07-17,63.8104,55.3838,3.2144,2.2455,2.4854,0.0,,1136327.348
2007-07-18,63.328,54.9651,3.1901,2.2286,2.4666,0.0,,1127737.4004
2007-07-19,63.7415,55.3239,3.2109,2.2431,2.4827,0.0,,1135100.2126
2007-07-20,67.2559,58.3742,3.3879,2.3668,2.6196,0.0,,1197684.1162
2007-07-23,73.0443,63.3982,3.6795,2.5705,2.8451,0.0,,1300763.4869
2007-07-24,72.562,62.9796,3.6552,2.5535,2.8263,0.0,,1292173.5393
2007-07-25,74.7671,64.8935,3.7663,2.6311,2.9122,0.0,,1331441.871
2007-07-26,79.1773,68.7213,3.9884,2.7863,3.084,0.0,,1409978.5344
2007-07-27,81.4513,70.695,4.103,2.8663,3.1725,0.0,,1450474.0014
2007-07-30,81.3135,70.5754,4.096,2.8615,3.1672,0.0,,1448019.7307
2007-07-31,83.3119,72.3099,4.1967,2.9318,3.245,0.0,,1483606.6563
2007-08-01,75.8007,65.7906,3.8184,2.6675,2.9525,0.0,,1349848.9015
2007-08-02,77.11,66.927,3.8843,2.7136,3.0035,0.0,,1373164.4734
2007-08-03,76.6965,66.5682,3.8635,2.699,2.9873,0.0,,1365801.6612
2007-08-06,79.5907,69.0802,4.0093,2.8009,3.1001,0.0,,1417341.3466
2007-08-07,78.1436,67.8242,3.9364,2.7499,3.0437,0.0,,1391571.5039
2007-08-08,77.3856,67.1663,3.8982,2.7233,3.0142,0.0,,1378073.0149
2007-08-09,77.11,66.927,3.8843,2.7136,3.0035,0.0,,1373164.4734
2007-08-10,73.7334,63.9963,3.7142,2.5947,2.8719,0.0,,1313034.8406
2007-08-13,72.3552,62.8002,3.6448,2.5462,2.8183,0.0,,1288492.1333
2007-08-14,76.0074,65.9701,3.8288,2.6748,2.9605,0.0,,1353530.3076
2007-08-15,76.8344,66.6878,3.8704,2.7039,2.9927,0.0,,1368255.932
2007-08-16,76.6276,66.5084,3.86,2.6966,2.9847,0.0,,1364574.5259
2007-08-17,74.9049,65.0131,3.7732,2.636,2.9176,0.0,,1333896.1418
2007-08-20,77.7302,61.2017,3.7112,2.7354,2.9064,0.0,,1384208.6917
2007-08-21,77.7991,61.2559,3.7145,2.7378,2.909,0.0,,1385435.8271
2007-08-22,82.6228,65.0539,3.9448,2.9075,3.0894,0.0,,1471335.3026
2007-08-23,87.1019,68.5806,4.1587,3.0652,3.2569,0.0,,1551099.1014
2007-08-24,84.759,66.7359,4.0468,2.9827,3.1693,0.0,,1509376.499
2007-08-27,80.9689,63.7517,3.8659,2.8494,3.0275,0.0,,1441884.0539
2007-08-28,79.5218,62.6124,3.7968,2.7984,2.9734,0.0,,1416114.2112
2007-08-29,80.9689,63.7517,3.8659,2.8494,3.0275,0.0,,1441884.0539
2007-08-30,82.3471,64.8369,3.9317,2.8978,3.0791,0.0,,1466426.7612
2007-08-31,84.3455,66.4103,4.0271,2.9682,3.1538,0.0,,1502013.6868
2007-09-03,86.5506,68.1465,4.1324,3.0458,3.2363,0.0,,1541282.0184
2007-09-04,83.5875,65.8135,3.9909,2.9415,3.1255,0.0,,1488515.1977
2007-09-05,83.5875,65.8135,3.9909,2.9415,3.1255,0.0,,1488515.1977
2007-09-06,82.8295,65.2167,3.9547,2.9148,3.0971,0.0,,1475016.7087
2007-09-07,82.7606,65.1624,3.9514,2.9124,3.0945,0.0,,1473789.5734
2007-09-10,82.0026,64.5656,3.9152,2.8857,3.0662,0.0,,1460291.0844
2007-09-11,74.4225,58.5974,3.5533,2.619,2.7828,0.0,,1325306.1942
2007-09-12,74.836,58.9229,3.5731,2.6335,2.7982,0.0,,1332669.0064
2007-09-13,75.5251,59.4655,3.606,2.6578,2.824,0.0,,1344940.36
2007-09-14,74.6982,58.8144,3.5665,2.6287,2.7931,0.0,,1330214.7357
2007-09-17,75.7318,59.6282,3.6158,2.6651,2.8317,0.0,,1348621.7661
2007-09-18,77.4545,60.9847,3.6981,2.7257,2.8961,0.0,,1379300.1503
2007-09-19,74.836,58.9229,3.5731,2.6335,2.7982,0.0,,1332669.0064
2007-09-20,75.0427,59.0857,3.5829,2.6408,2.806,0.0,,1336350.4125
2007-09-21,72.6998,57.2409,3.4711,2.5584,2.7183,0.0,,1294627.8101
2007-09-24,73.1821,57.6207,3.4941,2.5753,2.7364,0.0,,1303217.7576
2007-09-25,71.5283,56.3186,3.4151,2.5171,2.6745,0.0,,1273766.5089
2007-09-26,71.1148,55.993,3.3954,2.5026,2.6591,0.0,,1266403.6967
2007-09-27,71.8729,56.5899,3.4316,2.5293,2.6874,0.0,,1279902.1857
2007-09-28,74.1469,58.3803,3.5402,2.6093,2.7725,0.0,,1320397.6527
2007-10-08,75.594,59.5197,3.6092,2.6602,2.8266,0.0,,1346167.4954
2007-10-09,80.6244,63.4805,3.8494,2.8372,3.0147,0.0,,1435748.3771
2007-10-10,77.4545,60.9847,3.6981,2.7257,2.8961,0.0,,1379300.1503
2007-10-11,74.836,58.9229,3.5731,2.6335,2.7982,0.0,,1332669.0064
2007-10-12,72.4241,57.0239,3.4579,2.5487,2.708,0.0,,1289719.2686
2007-10-15,71.3905,56.2101,3.4085,2.5123,2.6694,0.0,,1271312.2381
2007-10-16,72.7687,57.2952,3.4744,2.5608,2.7209,0.0,,1295854.9454
2007-10-17,71.0459,55.9388,3.3921,2.5002,2.6565,0.0,,1265176.5613
2007-10-18,69.461,54.6909,3.3164,2.4444,2.5972,0.0,,1236952.4479
2007-10-19,69.2543,54.5281,3.3066,2.4371,2.5895,0.0,,1233271.0418
2007-10-22,65.2575,51.3812,3.1157,2.2965,2.4401,0.0,,1162097.1907
2007-10-23,64.3617,50.6759,3.073,2.2649,2.4066,0.0,,1146144.4309
2007-10-24,63.1902,49.7535,3.017,2.2237,2.3628,0.0,,1125283.1297
2007-10-25,56.9884,44.8704,2.7209,2.0055,2.1309,0.0,,1014840.9469
2007-10-26,57.3329,45.1417,2.7374,2.0176,2.1438,0.0,,1020976.6237
2007-10-29,58.7111,46.2268,2.8032,2.0661,2.1953,0.0,,1045519.331
2007-10-30,61.7431,43.3785,2.5004,2.1728,2.2432,0.0,,1099513.287
2007-10-31,64.2928,45.1698,2.6036,2.2625,2.3358,0.0,,1144917.2955
2007-11-01,60.3649,42.4102,2.4445,2.1243,2.1931,0.0,,1074970.5797
2007-11-02,57.7464,40.5705,2.3385,2.0321,2.098,0.0,,1028339.4359
2007-11-05,58.7111,41.2483,2.3776,2.0661,2.133,0.0,,1045519.331
2007-11-06,58.7111,41.2483,2.3776,2.0661,2.133,0.0,,1045519.331
2007-11-07,58.5733,41.1515,2.372,2.0612,2.128,0.0,,1043065.0603
2007-11-08,56.2303,39.5054,2.2771,1.9788,2.0429,0.0,,1001342.4578
2007-11-09,56.3682,39.6023,2.2827,1.9836,2.0479,0.0,,1003796.7286
2007-11-12,58.2976,40.9578,2.3608,2.0515,2.118,0.0,,1038156.5188
2007-11-13,60.1582,42.265,2.4362,2.117,2.1856,0.0,,1071289.1736
2007-11-14,61.2608,43.0396,2.4808,2.1558,2.2257,0.0,,1090923.3395
2007-11-15,58.8489,41.3451,2.3832,2.0709,2.1381,0.0,,1047973.6017
2007-11-16,59.8826,42.0713,2.425,2.1073,2.1756,0.0,,1066380.6322
2007-11-19,61.1918,42.9912,2.478,2.1534,2.2232,0.0,,1089696.2041
2007-11-20,60.9851,42.846,2.4697,2.1461,2.2157,0.0,,1086014.798
2007-11-21,60.3649,42.4102,2.4445,2.1243,2.1931,0.0,,1074970.5797
2007-11-22,57.8153,40.6189,2.3413,2.0346,2.1005,0.0,,1029566.5712
2007-11-23,58.9178,41.3936,2.3859,2.0734,2.1406,0.0,,1049200.7371
2007-11-26,57.5396,40.4253,2.3301,2.0249,2.0905,0.0,,1024658.0298
2007-11-27,57.4707,40.3769,2.3273,2.0224,2.088,0.0,,1023430.8944
2007-11-28,57.0573,40.0864,2.3106,2.0079,2.073,0.0,,1016068.0822
2007-11-29,58.6422,41.1999,2.3748,2.0637,2.1305,0.0,,1044292.1956
2007-11-30,57.1262,40.1348,2.3134,2.0103,2.0755,0.0,,1017295.2176
2007-12-03,57.5396,40.4253,2.3301,2.0249,2.0905,0.0,,1024658.0298
2007-12-04,57.8842,40.6674,2.3441,2.037,2.103,0.0,,1030793.7066
2007-12-05,59.0556,41.4904,2.3915,2.0782,2.1456,0.0,,1051655.0078
2007-12-06,59.1935,41.5872,2.3971,2.0831,2.1506,0.0,,1054109.2785
2007-12-07,60.7095,42.6523,2.4585,2.1364,2.2056,0.0,,1081106.2566
2007-12-10,62.4322,43.8626,2.5283,2.197,2.2682,0.0,,1111784.6407
2007-12-11,62.0877,43.6206,2.5143,2.1849,2.2557,0.0,,1105648.9639
2007-12-12,62.9146,44.2015,2.5478,2.214,2.2858,0.0,,1120374.5882
2007-12-13,60.0893,42.2166,2.4334,2.1146,2.1831,0.0,,1070062.0383
2007-12-14,61.1229,42.9428,2.4752,2.151,2.2207,0.0,,1088469.0688
2007-12-17,61.3297,43.088,2.4836,2.1582,2.2282,0.0,,1092150.4749
2007-12-18,60.7095,42.6523,2.4585,2.1364,2.2056,0.0,,1081106.2566
2007-12-19,63.0524,44.2984,2.5534,2.2189,2.2908,0.0,,1122828.859
2007-12-20,64.6373,45.4119,2.6176,2.2746,2.3484,0.0,,1151052.9724
2007-12-21,64.7752,45.5087,2.6231,2.2795,2.3534,0.0,,1153507.2431
2007-12-24,65.0508,45.7024,2.6343,2.2892,2.3634,0.0,,1158415.7846
2007-12-25,65.2575,45.8476,2.6427,2.2965,2.3709,0.0,,1162097.1907
2007-12-26,66.2912,46.5738,2.6845,2.3328,2.4084,0.0,,1180504.2211
2007-12-27,66.429,46.6706,2.6901,2.3377,2.4134,0.0,,1182958.4919
2007-12-28,66.8424,46.9611,2.7069,2.3522,2.4285,0.0,,1190321.3041
2008-01-02,68.8408,48.3651,2.7878,2.4226,2.5011,0.0,,1225908.2296
2008-01-03,71.0459,49.9143,2.8771,2.5002,2.5812,0.0,,1265176.5613
2008-01-04,70.8392,49.7691,2.8687,2.4929,2.5737,0.0,,1261495.1552
2008-01-07,71.3905,50.1564,2.891,2.5123,2.5937,0.0,,1271312.2381
2008-01-08,68.4963,48.123,2.7738,2.4104,2.4886,0.0,,1219772.5528
2008-01-09,69.6677,48.9461,2.8213,2.4517,2.5311,0.0,,1240633.854
2008-01-10,70.219,49.3334,2.8436,2.4711,2.5511,0.0,,1250450.9369
2008-01-11,69.0476,48.5103,2.7962,2.4298,2.5086,0.0,,1229589.6357
2008-01-14,75.9385,53.3517,3.0752,2.6723,2.7589,0.0,,1352303.1722
2008-01-15,77.3167,54.32,3.131,2.7208,2.809,0.0,,1376845.8795
2008-01-16,76.7654,53.9327,3.1087,2.7014,2.789,0.0,,1367028.7966
2008-01-17,74.078,52.0445,2.9999,2.6069,2.6913,0.0,,1319170.5174
2008-01-18,78.4882,55.143,3.1785,2.7621,2.8516,0.0,,1397707.1807
2008-01-21,74.0091,51.9961,2.9971,2.6044,2.6888,0.0,,1317943.382
2008-01-22,66.6357,46.8159,2.6985,2.345,2.421,0.0,,1186639.898
2008-01-23,70.9081,49.8175,2.8715,2.4953,2.5762,0.0,,1262722.2906
2008-01-24,74.0091,51.9961,2.9971,2.6044,2.6888,0.0,,1317943.382
2008-01-25,73.8023,51.8509,2.9887,2.5972,2.6813,0.0,,1314261.9759
2008-01-28,66.7046,46.8643,2.7013,2.3474,2.4235,0.0,,1187867.0333
2008-01-29,69.1854,48.6072,2.8017,2.4347,2.5136,0.0,,1232043.9065
2008-01-30,67.8072,47.6389,2.7459,2.3862,2.4635,0.0,,1207501.1992
2008-01-31,65.5332,46.0413,2.6538,2.3062,2.3809,0.0,,1167005.7321
2008-02-01,61.1918,42.9912,2.478,2.1534,2.2232,0.0,,1089696.2041
2008-02-04,66.4979,46.719,2.6929,2.3401,2.4159,0.0,,1184185.6272
2008-02-05,66.5668,46.7675,2.6957,2.3425,2.4185,0.0,,1185412.7626
2008-02-13,66.9803,47.0579,2.7124,2.3571,2.4335,0.0,,1192775.5748
2008-02-14,69.0476,48.5103,2.7962,2.4298,2.5086,0.0,,1229589.6357
2008-02-15,68.5652,48.1714,2.7766,2.4129,2.4911,0.0,,1220999.6882
2008-02-18,69.9434,49.1397,2.8324,2.4614,2.5411,0.0,,1245542.3955
2008-02-19,70.4947,49.527,2.8548,2.4808,2.5612,0.0,,1255359.4784
2008-02-20,68.2895,47.9778,2.7655,2.4032,2.481,0.0,,1216091.1467
2008-02-21,68.4963,48.123,2.7738,2.4104,2.4886,0.0,,1219772.5528
2008-02-22,66.4979,46.719,2.6929,2.3401,2.4159,0.0,,1184185.6272
2008-02-25,62.57,43.9595,2.5338,2.2019,2.2732,0.0,,1114238.9114
2008-02-26,64.2928,45.1698,2.6036,2.2625,2.3358,0.0,,1144917.2955
2008-02-27,69.3921,48.7524,2.8101,2.442,2.5211,0.0,,1235725.3126
2008-02-28,69.9434,49.1397,2.8324,2.4614,2.5411,0.0,,1245542.3955
2008-02-29,70.0812,49.2365,2.838,2.4662,2.5461,0.0,,1247996.6662
2008-03-03,72.8376,51.1731,2.9496,2.5632,2.6463,0.0,,1297082.0808
2008-03-04,70.7703,49.7207,2.8659,2.4905,2.5712,0.0,,1260268.0199
2008-03-05,71.1148,49.9627,2.8799,2.5026,2.5837,0.0,,1266403.6967
2008-03-06,73.5267,51.6572,2.9775,2.5875,2.6713,0.0,,1309353.4345
2008-03-07,76.7654,53.9327,3.1087,2.7014,2.789,0.0,,1367028.7966
2008-03-10,71.8729,50.4953,2.9106,2.5293,2.6112,0.0,,1279902.1857
2008-03-11,74.4225,52.2866,3.0138,2.619,2.7039,0.0,,1325306.1942
2008-03-12,72.9065,51.2215,2.9524,2.5656,2.6488,0.0,,1298309.2162
2008-03-13,69.461,48.8008,2.8129,2.4444,2.5236,0.0,,1236952.4479
2008-03-14,69.5988,48.8976,2.8185,2.4492,2.5286,0.0,,1239406.7187
2008-03-17,63.397,44.5404,2.5673,2.231,2.3033,0.0,,1128964.5358
2008-03-18,59.538,41.8293,2.4111,2.0952,2.1631,0.0,,1060244.9554
2008-03-19,62.0188,43.5722,2.5115,2.1825,2.2532,0.0,,1104421.8285
2008-03-20,63.5348,44.6373,2.5729,2.2358,2.3083,0.0,,1131418.8065
2008-03-21,64.4306,45.2666,2.6092,2.2674,2.3408,0.0,,1147371.5663
2008-03-24,62.3633,43.8142,2.5255,2.1946,2.2657,0.0,,1110557.5053
2008-03-25,64.4306,45.2666,2.6092,2.2674,2.3408,0.0,,1147371.5663
2008-03-26,63.6037,44.6857,2.5757,2.2383,2.3108,0.0,,1132645.9419
2008-03-27,60.6406,42.6039,2.4557,2.134,2.2031,0.0,,1079879.1212
2008-03-28,62.9146,44.2015,2.5478,2.214,2.2858,0.0,,1120374.5882
2008-03-31,42.378,42.378,2.5695,1.9485,1.9485,0.0,,1077424.8505
2008-04-01,38.1306,38.1306,2.312,1.7532,1.7532,0.0,,969436.9384
2008-04-02,36.0551,36.0551,2.1861,1.6578,1.6578,0.0,,916670.1177
2008-04-03,37.0205,37.0205,2.2447,1.7022,1.7022,0.0,,941212.825
2008-04-07,38.9028,38.9028,2.3588,1.7887,1.7887,0.0,,989071.1042
2008-04-08,42.8124,42.8124,2.5959,1.9685,1.9685,0.0,,1088469.0688
2008-04-09,41.1231,41.1231,2.4934,1.8908,1.8908,0.0,,1045519.331
2008-04-10,43.0055,43.0055,2.6076,1.9774,1.9774,0.0,,1093377.6102
2008-04-11,42.7642,42.7642,2.5929,1.9663,1.9663,0.0,,1087241.9334
2008-04-14,39.3855,39.3855,2.3881,1.8109,1.8109,0.0,,1001342.4578
2008-04-15,41.1714,41.1714,2.4964,1.893,1.893,0.0,,1046746.4663
2008-04-16,40.4956,40.4956,2.4554,1.862,1.862,0.0,,1029566.5712
2008-04-17,38.6132,38.6132,2.3413,1.7754,1.7754,0.0,,981708.292
2008-04-21,37.5514,37.5514,2.2769,1.7266,1.7266,0.0,,954711.314
2008-04-22,37.7445,37.7445,2.2886,1.7355,1.7355,0.0,,959619.8554
2008-04-23,39.289,39.289,2.3822,1.8065,1.8065,0.0,,998888.1871
2008-04-24,43.1503,43.1503,2.6164,1.984,1.984,0.0,,1097059.0163
2008-04-25,42.6194,42.6194,2.5842,1.9596,1.9596,0.0,,1083560.5273
2008-04-28,42.2815,42.2815,2.5637,1.9441,1.9441,0.0,,1074970.5797
2008-04-29,43.2468,43.2468,2.6222,1.9885,1.9885,0.0,,1099513.287
2008-04-30,44.8879,46.9092,3.1179,2.0639,1.9897,0.0,,1141235.8895
2008-05-05,46.1042,48.1803,3.2024,2.1198,2.0436,0.0,,1172159.7006
2008-05-06,44.1929,46.1828,3.0696,2.032,1.9589,0.0,,1123565.1402
2008-05-07,42.2236,44.1249,2.9329,1.9414,1.8716,0.0,,1073498.0173
2008-05-08,44.6562,46.6671,3.1018,2.0533,1.9794,0.0,,1135345.6397
2008-05-09,43.6137,45.5776,3.0294,2.0053,1.9332,0.0,,1108839.5158
2008-05-12,44.5404,46.546,3.0938,2.0479,1.9743,0.0,,1132400.5148
2008-05-13,43.2082,45.1539,3.0013,1.9867,1.9153,0.0,,1098531.5787
2008-05-14,44.83,46.8486,3.1139,2.0613,1.9871,0.0,,1139763.327
2008-05-15,49.2319,51.4488,3.4197,2.2637,2.1823,0.0,,1251678.0723
2008-06-23,44.3087,46.3039,3.0777,2.0373,1.964,0.0,,1126510.2651
2008-06-24,39.9068,41.7038,2.7719,1.8349,1.7689,0.0,,1014595.5198
2008-06-25,39.0959,40.8564,2.7156,1.7976,1.733,0.0,,993979.6457
2008-06-26,37.4162,39.1011,2.5989,1.7204,1.6585,0.0,,951275.3349
2008-06-27,33.8252,35.3483,2.3495,1.5553,1.4993,0.0,,859976.4638
2008-06-30,31.4505,32.8667,2.1846,1.4461,1.3941,0.0,,799601.4038
2008-07-01,31.798,33.2298,2.2087,1.4621,1.4095,0.0,,808436.7785
2008-07-02,31.9718,33.4114,2.2208,1.47,1.4172,0.0,,812854.4658
2008-07-03,32.6089,34.0772,2.265,1.4993,1.4454,0.0,,829052.6526
2008-07-04,32.1455,33.593,2.2328,1.478,1.4249,0.0,,817272.1531
2008-07-07,33.5356,35.0457,2.3294,1.5419,1.4865,0.0,,852613.6516
2008-07-08,33.7673,35.2878,2.3455,1.5526,1.4968,0.0,,858503.9014
2008-07-09,35.2153,36.801,2.4461,1.6192,1.561,0.0,,895317.9623
2008-07-10,33.5356,35.0457,2.3294,1.5419,1.4865,0.0,,852613.6516
2008-07-11,34.694,36.2562,2.4099,1.5952,1.5379,0.0,,882064.9004
2008-07-14,34.6361,36.1957,2.4058,1.5925,1.5353,0.0,,880592.3379
2008-07-15,32.6089,34.0772,2.265,1.4993,1.4454,0.0,,829052.6526
2008-07-16,29.655,30.9903,2.0598,1.3635,1.3145,0.0,,753951.9683
2008-07-17,29.7129,31.0508,2.0639,1.3662,1.3171,0.0,,755424.5307
2008-07-18,30.6396,32.0193,2.1282,1.4088,1.3581,0.0,,778985.5297
2008-07-21,31.9139,33.3509,2.2167,1.4674,1.4146,0.0,,811381.9033
2008-07-22,35.0994,36.6799,2.438,1.6139,1.5558,0.0,,892372.8374
2008-07-23,35.1574,36.7405,2.442,1.6165,1.5584,0.0,,893845.3999
2008-07-24,35.5049,37.1036,2.4662,1.6325,1.5738,0.0,,902680.7745
2008-07-25,35.0415,36.6194,2.434,1.6112,1.5533,0.0,,890900.275
2008-07-28,35.389,36.9826,2.4581,1.6272,1.5687,0.0,,899735.6496
2008-07-29,34.8098,36.3773,2.4179,1.6005,1.543,0.0,,885010.0252
2008-07-30,34.8678,36.4378,2.4219,1.6032,1.5456,0.0,,886482.5877
2008-07-31,34.694,36.2562,2.4099,1.5952,1.5379,0.0,,882064.9004
2008-08-01,36.837,38.4958,2.5587,1.6937,1.6329,0.0,,936549.7106
2008-08-04,35.6786,37.2852,2.4782,1.6405,1.5815,0.0,,907098.4618
2008-08-05,35.9103,37.5273,2.4943,1.6511,1.5918,0.0,,912988.7116
2008-08-06,36.7791,38.4353,2.5547,1.6911,1.6303,0.0,,935077.1481
2008-08-07,37.9954,39.7063,2.6392,1.747,1.6842,0.0,,966000.9593
2008-08-08,36.3158,37.951,2.5225,1.6698,1.6097,0.0,,923296.6486
2008-08-11,33.7094,35.2273,2.3415,1.5499,1.4942,0.0,,857031.3389
2008-08-12,34.8098,36.3773,2.4179,1.6005,1.543,0.0,,885010.0252
2008-08-13,35.1574,36.7405,2.442,1.6165,1.5584,0.0,,893845.3999
2008-08-14,35.5628,37.1642,2.4702,1.6352,1.5764,0.0,,904153.3369
2008-08-15,35.6786,37.2852,2.4782,1.6405,1.5815,0.0,,907098.4618
2008-08-18,34.9257,36.4984,2.4259,1.6059,1.5481,0.0,,887955.1501
2008-08-19,36.4316,38.0721,2.5305,1.6751,1.6149,0.0,,926241.7735
2008-08-20,39.3855,41.159,2.7357,1.8109,1.7458,0.0,,1001342.4578
2008-08-21,38.7484,40.4932,2.6915,1.7816,1.7176,0.0,,985144.271
2008-08-22,39.2118,40.9774,2.7237,1.8029,1.7381,0.0,,996924.7705
2008-08-25,36.4316,38.0721,2.5305,1.6751,1.6149,0.0,,926241.7735
2008-08-26,32.7826,34.2588,2.2771,1.5073,1.4531,0.0,,833470.3399
2008-08-27,32.1455,33.593,2.2328,1.478,1.4249,0.0,,817272.1531
2008-08-28,32.1455,33.593,2.2328,1.478,1.4249,0.0,,817272.1531
2008-08-29,32.493,33.9562,2.257,1.494,1.4403,0.0,,826107.5277
2008-09-02,30.9292,40.9132,2.5044,1.4221,1.3476,0.0,,786348.3419
2008-09-03,31.6822,41.9092,2.5654,1.4567,1.3804,0.0,,805491.6536
2008-09-04,31.8559,42.1391,2.5794,1.4647,1.388,0.0,,809909.3409
2008-09-05,29.655,39.2277,2.4012,1.3635,1.2921,0.0,,753951.9683
2008-09-08,27.1644,35.9331,2.1995,1.249,1.1836,0.0,,690631.7834
2008-09-09,27.6857,36.6227,2.2418,1.273,1.2063,0.0,,703884.8454
2008-09-10,28.1491,37.2356,2.2793,1.2943,1.2265,0.0,,715665.3449
2008-09-11,27.3382,36.163,2.2136,1.257,1.1912,0.0,,695049.4707
2008-09-12,26.8169,35.4734,2.1714,1.233,1.1684,0.0,,681796.4088
2008-09-16,25.1951,33.3282,2.0401,1.1585,1.0978,0.0,,640564.6605
2008-09-17,23.6892,31.3362,1.9182,1.0892,1.0322,0.0,,602278.0371
2008-09-18,22.415,29.6506,1.815,1.0306,0.9766,0.0,,569881.6635
2008-09-19,24.6739,32.6386,1.9979,1.1345,1.0751,0.0,,627311.5986
2008-09-22,26.1798,34.6307,2.1198,1.2037,1.1407,0.0,,665598.222
2008-09-23,24.0947,31.8725,1.951,1.1079,1.0498,0.0,,612585.9742
2008-09-24,24.7318,32.7153,2.0026,1.1372,1.0776,0.0,,628784.161
2008-09-25,26.4115,34.9371,2.1386,1.2144,1.1508,0.0,,671488.4717
2008-09-26,25.7164,34.0177,2.0823,1.1824,1.1205,0.0,,653817.7225
2008-10-06,24.1526,31.9491,1.9557,1.1105,1.0524,0.0,,614058.5366
2008-10-07,23.9788,31.7192,1.9416,1.1025,1.0448,0.0,,609640.8493
2008-10-08,23.0521,30.4934,1.8666,1.0599,1.0044,0.0,,586079.8503
2008-10-09,22.9942,30.4168,1.8619,1.0573,1.0019,0.0,,584607.2879
2008-10-10,22.8783,30.2635,1.8525,1.0519,0.9968,0.0,,581662.163
2008-10-13,23.2259,30.7232,1.8806,1.0679,1.012,0.0,,590497.5376
2008-10-14,22.1254,29.2675,1.7915,1.0173,0.964,0.0,,562518.8513
2008-10-15,22.0675,29.1909,1.7868,1.0146,0.9615,0.0,,561046.2889
2008-10-16,20.0403,26.5093,1.6227,0.9214,0.8732,0.0,,509506.6035
2008-10-17,20.0982,26.5859,1.6274,0.9241,0.8757,0.0,,510979.166
2008-10-20,20.5616,27.1989,1.6649,0.9454,0.8959,0.0,,522759.6655
2008-10-21,21.3145,28.1949,1.7259,0.98,0.9287,0.0,,541902.9772
2008-10-22,21.1408,27.965,1.7118,0.972,0.9211,0.0,,537485.2899
2008-10-23,20.8512,27.5819,1.6884,0.9587,0.9085,0.0,,530122.4777
2008-10-24,20.0982,26.5859,1.6274,0.9241,0.8757,0.0,,510979.166
2008-10-27,18.071,23.9044,1.4632,0.8309,0.7874,0.0,,459439.4807
2008-10-28,18.5344,24.5173,1.5008,0.8522,0.8076,0.0,,471219.9802
2008-10-29,17.9552,23.7511,1.4539,0.8256,0.7823,0.0,,456494.3558
2008-10-30,18.0131,23.8277,1.4585,0.8282,0.7849,0.0,,457966.9182
2008-10-31,16.2755,46.9518,1.3744,0.7483,0.6964,0.0,,413790.0451
2008-11-03,15.2908,44.1113,1.2912,0.7031,0.6543,0.0,,388756.4836
2008-11-04,15.0012,43.2759,1.2668,0.6897,0.6419,0.0,,381393.6714
2008-11-05,15.6384,45.1138,1.3206,0.719,0.6692,0.0,,397591.8583
2008-11-06,16.1017,46.4505,1.3597,0.7403,0.689,0.0,,409372.3578
2008-11-07,16.1596,46.6176,1.3646,0.743,0.6915,0.0,,410844.9202
2008-11-10,17.4339,50.2936,1.4722,0.8016,0.746,0.0,,443241.2938
2008-11-11,16.9126,48.7898,1.4282,0.7776,0.7237,0.0,,429988.2319
2008-11-12,17.2022,49.6252,1.4526,0.7909,0.7361,0.0,,437351.0441
2008-11-13,17.8393,51.4632,1.5064,0.8202,0.7633,0.0,,453549.2309
2008-11-14,18.766,54.1366,1.5847,0.8629,0.803,0.0,,477110.2299
2008-11-17,19.9244,57.4784,1.6825,0.9161,0.8526,0.0,,506561.4787
2008-11-18,17.9552,51.7974,1.5162,0.8256,0.7683,0.0,,456494.3558
2008-11-19,19.1136,55.1391,1.614,0.8788,0.8179,0.0,,485945.6045
2008-11-20,21.0249,60.653,1.7754,0.9667,0.8997,0.0,,534540.165
2008-11-21,21.3724,61.6556,1.8048,0.9827,0.9145,0.0,,543375.5396
2008-11-24,19.2873,55.6404,1.6287,0.8868,0.8253,0.0,,490363.2919
2008-11-25,18.766,54.1366,1.5847,0.8629,0.803,0.0,,477110.2299
2008-11-26,18.6502,53.8024,1.5749,0.8575,0.798,0.0,,474165.105
2008-11-27,18.824,54.3037,1.5896,0.8655,0.8055,0.0,,478582.7924
2008-11-28,18.5923,53.6353,1.57,0.8549,0.7956,0.0,,472692.5426
2008-12-01,19.519,56.3087,1.6482,0.8975,0.8352,0.0,,496253.5416
2008-12-02,19.4032,55.9746,1.6385,0.8921,0.8303,0.0,,493308.4167
2008-12-03,20.8512,60.1518,1.7607,0.9587,0.8922,0.0,,530122.4777
2008-12-04,21.3145,61.4885,1.7999,0.98,0.9121,0.0,,541902.9772
2008-12-05,21.662,62.491,1.8292,0.996,0.9269,0.0,,550738.3518
2008-12-08,22.9363,66.167,1.9368,1.0546,0.9814,0.0,,583134.7254
2008-12-09,21.7779,62.8252,1.839,1.0013,0.9319,0.0,,553683.4767
2008-12-10,22.1254,63.8277,1.8683,1.0173,0.9467,0.0,,562518.8513
2008-12-11,21.0249,60.653,1.7754,0.9667,0.8997,0.0,,534540.165
2008-12-12,20.0982,57.9796,1.6972,0.9241,0.86,0.0,,510979.166
2008-12-15,20.0982,57.9796,1.6972,0.9241,0.86,0.0,,510979.166
2008-12-16,20.272,58.4809,1.7118,0.9321,0.8674,0.0,,515396.8533
2008-12-17,20.214,58.3138,1.7069,0.9294,0.865,0.0,,513924.2909
2008-12-18,20.6774,59.6505,1.7461,0.9507,0.8848,0.0,,525704.7904
2008-12-19,20.967,60.486,1.7705,0.9641,0.8972,0.0,,533067.6026
2008-12-22,20.7932,59.9847,1.7558,0.9561,0.8897,0.0,,528649.9152
2008-12-23,19.1136,55.1391,1.614,0.8788,0.8179,0.0,,485945.6045
2008-12-24,18.766,54.1366,1.5847,0.8629,0.803,0.0,,477110.2299
2008-12-25,18.8819,54.4708,1.5944,0.8682,0.808,0.0,,480055.3548
2008-12-26,19.0556,54.972,1.6091,0.8762,0.8154,0.0,,484473.0421
2008-12-29,18.5344,53.4682,1.5651,0.8522,0.7931,0.0,,471219.9802
2009-01-05,19.2873,55.6404,1.6287,0.8868,0.8253,0.0,,490363.2919
2009-01-06,19.6928,56.81,1.6629,0.9055,0.8427,0.0,,500671.2289
2009-01-07,19.7507,56.9771,1.6678,0.9081,0.8451,0.0,,502143.7914
2009-01-08,19.8665,57.3113,1.6776,0.9135,0.8501,0.0,,505088.9162
2009-01-09,20.214,58.3138,1.7069,0.9294,0.865,0.0,,513924.2909
2009-01-12,20.5036,59.1492,1.7314,0.9427,0.8774,0.0,,521287.1031
2009-01-13,19.9824,57.6454,1.6874,0.9188,0.855,0.0,,508034.0411
2009-01-14,20.5616,59.3163,1.7363,0.9454,0.8798,0.0,,522759.6655
2009-01-15,20.967,60.486,1.7705,0.9641,0.8972,0.0,,533067.6026
2009-01-16,21.4883,61.9897,1.8145,0.988,0.9195,0.0,,546320.6645
2009-01-19,21.2566,61.3214,1.795,0.9774,0.9096,0.0,,540430.4147
2009-01-20,21.4883,61.9897,1.8145,0.988,0.9195,0.0,,546320.6645
2009-01-21,23.6313,68.172,1.9955,1.0866,1.0112,0.0,,600805.4747
2009-01-22,26.006,75.0226,2.196,1.1957,1.1128,0.0,,661180.5347
2009-01-23,28.6124,82.5416,2.4161,1.3156,1.2243,0.0,,727445.8444
2009-02-02,28.9599,83.5441,2.4455,1.3316,1.2392,0.0,,736281.219
2009-02-03,29.0758,83.8783,2.4552,1.3369,1.2442,0.0,,739226.3439
2009-02-04,29.655,85.5492,2.5042,1.3635,1.2689,0.0,,753951.9683
2009-02-05,30.1763,87.053,2.5482,1.3875,1.2912,0.0,,767205.0302
2009-02-06,30.5817,88.2226,2.5824,1.4061,1.3086,0.0,,777512.9673
2009-02-09,33.6514,97.0783,2.8416,1.5473,1.44,0.0,,855558.7765
2009-02-10,33.7673,97.4125,2.8514,1.5526,1.4449,0.0,,858503.9014
2009-02-11,33.7094,97.2454,2.8465,1.5499,1.4424,0.0,,857031.3389
2009-02-12,34.694,100.0859,2.9297,1.5952,1.4846,0.0,,882064.9004
2009-02-13,35.2153,101.5897,2.9737,1.6192,1.5069,0.0,,895317.9623
2009-02-16,35.5049,102.4251,2.9981,1.6325,1.5193,0.0,,902680.7745
2009-02-17,34.4623,99.4175,2.9101,1.5846,1.4746,0.0,,876174.6506
2009-02-18,33.1302,95.5745,2.7976,1.5233,1.4176,0.0,,842305.7145
2009-02-19,32.2034,92.9011,2.7194,1.4807,1.378,0.0,,818744.7155
2009-02-20,32.7826,94.572,2.7683,1.5073,1.4028,0.0,,833470.3399
2009-02-23,33.7094,97.2454,2.8465,1.5499,1.4424,0.0,,857031.3389
2009-02-24,31.8559,91.8985,2.69,1.4647,1.3631,0.0,,809909.3409
2009-02-25,33.3618,96.2428,2.8172,1.534,1.4276,0.0,,848195.9643
2009-02-26,33.3618,96.2428,2.8172,1.534,1.4276,0.0,,848195.9643
2009-02-27,30.5817,88.2226,2.5824,1.4061,1.3086,0.0,,777512.9673
2009-03-02,31.0451,89.5593,2.6215,1.4274,1.3284,0.0,,789293.4668
2009-03-03,32.0297,92.3998,2.7047,1.4727,1.3706,0.0,,814327.0282
2009-03-04,34.8678,100.5871,2.9443,1.6032,1.492,0.0,,886482.5877
2009-03-05,34.0569,98.2479,2.8759,1.5659,1.4573,0.0,,865866.7135
2009-03-06,35.9103,103.5947,3.0324,1.6511,1.5366,0.0,,912988.7116
2009-03-09,33.3618,96.2428,2.8172,1.534,1.4276,0.0,,848195.9643
2009-03-10,35.7366,103.0935,3.0177,1.6431,1.5292,0.0,,908571.0242
2009-03-11,36.3158,104.7643,3.0666,1.6698,1.554,0.0,,923296.6486
2009-03-12,36.142,104.2631,3.0519,1.6618,1.5465,0.0,,918878.9613
2009-03-13,36.1999,104.4302,3.0568,1.6645,1.549,0.0,,920351.5238
2009-03-16,35.9682,103.7618,3.0373,1.6538,1.5391,0.0,,914461.274
2009-03-17,37.1846,107.2707,3.14,1.7097,1.5911,0.0,,945385.0852
2009-03-18,39.3276,113.4529,3.3209,1.8083,1.6828,0.0,,999869.8954
2009-03-19,40.5439,116.9618,3.4236,1.8642,1.7349,0.0,,1030793.7066
2009-03-20,38.6905,111.615,3.2671,1.779,1.6556,0.0,,983671.7086
2009-03-23,38.9222,112.2833,3.2867,1.7896,1.6655,0.0,,989561.9583
2009-03-24,38.9222,112.2833,3.2867,1.7896,1.6655,0.0,,989561.9583
2009-03-25,38.7484,111.782,3.272,1.7816,1.6581,0.0,,985144.271
2009-03-26,40.5439,116.9618,3.4236,1.8642,1.7349,0.0,,1030793.7066
2009-03-27,40.2543,116.1263,3.3992,1.8509,1.7225,0.0,,1023430.8944
2009-03-30,,,3.593,1.8511,1.8511,0.0,,1004287.5827
2009-03-31,,,1.5686,3.271,3.271,0.0,,1774658.5202
2009-04-01,,,1.5823,3.2996,3.2996,0.0,,1790157.7213
2009-04-02,,,1.5595,3.2519,3.2519,0.0,,1764325.7195
2009-04-03,,,1.5663,3.2662,3.2662,0.0,,1772075.3201
2009-04-07,,,1.5595,3.2519,3.2519,0.0,,1764325.7195
2009-04-08,,,1.5732,3.2805,3.2805,0.0,,1779824.9206
2009-04-09,,,1.6028,3.3424,3.3424,0.0,,1813406.5229
2009-04-10,,,1.6325,3.4043,3.4043,0.0,,1846988.1251
2009-04-13,,,1.6325,3.4043,3.4043,0.0,,1846988.1251
2009-04-14,,,1.6531,3.4472,3.4472,0.0,,1870236.9267
2009-04-15,,,1.6234,3.3853,3.3853,0.0,,1836655.3244
2009-04-16,,,1.6211,3.3805,3.3805,0.0,,1834072.1243
2009-04-17,,,1.6394,3.4186,3.4186,0.0,,1854737.7257
2009-04-21,,,1.6645,3.471,3.471,0.0,,1883152.9276
2009-04-22,,,1.5458,3.2234,3.2234,0.0,,1748826.5185
2009-04-23,,,1.5298,3.19,3.19,0.0,,1730744.1173
2009-04-24,,,1.5869,3.3091,3.3091,0.0,,1795324.1216
2009-04-27,,,1.548,3.2281,3.2281,0.0,,1751409.7187
2009-04-28,,,1.5298,3.19,3.19,0.0,,1730744.1173
2009-04-29,,,1.612,3.3615,3.3615,0.0,,1823739.3236
2009-04-30,,143.3343,1.9214,3.6186,3.6128,0.0,,1963232.133
2009-05-04,,145.2203,1.9467,3.6662,3.6603,0.0,,1989064.1348
2009-05-05,,146.7291,1.9669,3.7043,3.6983,0.0,,2009729.7362
2009-05-06,,157.1019,2.106,3.9661,3.9598,0.0,,2151805.7458
2009-05-07,,158.6107,2.1262,4.0042,3.9978,0.0,,2172471.3472
2009-05-08,,155.4046,2.0832,3.9233,3.917,0.0,,2128556.9442
2009-05-11,,153.1414,2.0529,3.8661,3.8599,0.0,,2097558.5421
2009-05-12,,158.9879,2.1312,4.0137,4.0073,0.0,,2177637.7475
2009-05-13,,157.8563,2.1161,3.9852,3.9788,0.0,,2162138.5465
2009-05-14,,155.0274,2.0781,3.9138,3.9075,0.0,,2123390.5439
2009-05-15,,161.2511,2.1616,4.0709,4.0644,0.0,,2208636.1496
2009-05-18,,170.1152,2.2804,4.2947,4.2878,0.0,,2330046.5579
2009-05-19,,167.6634,2.2475,4.2328,4.226,0.0,,2296464.9556
2009-05-20,,164.2686,2.202,4.1471,4.1404,0.0,,2249967.3524
2009-05-21,,157.8563,2.1161,3.9852,3.9788,0.0,,2162138.5465
2009-05-22,,155.9703,2.0908,3.9376,3.9313,0.0,,2136306.5447
2009-05-25,,155.216,2.0807,3.9185,3.9122,0.0,,2125973.744
2009-05-26,,156.5361,2.0984,3.9519,3.9455,0.0,,2144056.1453
2009-05-27,,157.8563,2.1161,3.9852,3.9788,0.0,,2162138.5465
2009-06-01,,164.2686,2.202,4.1471,4.1404,0.0,,2249967.3524
2009-06-02,,164.2686,2.202,4.1471,4.1404,0.0,,2249967.3524
2009-06-03,,166.7204,2.2349,4.209,4.2022,0.0,,2283548.9547
2009-06-04,,167.6634,2.2475,4.2328,4.226,0.0,,2296464.9556
2009-06-05,,158.9879,2.1312,4.0137,4.0073,0.0,,2177637.7475
2009-06-08,,155.0274,2.0781,3.9138,3.9075,0.0,,2123390.5439
2009-06-09,,153.7072,2.0604,3.8804,3.8742,0.0,,2105308.1426
2009-06-10,,156.3475,2.0958,3.9471,3.9408,0.0,,2141472.9451
2009-06-11,,152.9528,2.0503,3.8614,3.8552,0.0,,2094975.3419
2009-06-12,,148.0492,1.9846,3.7376,3.7316,0.0,,2027812.1374
2009-06-15,,150.501,2.0175,3.7995,3.7934,0.0,,2061393.7397
2009-06-16,,151.0668,2.0251,3.8138,3.8077,0.0,,2069143.3402
2009-06-17,,153.1414,2.0529,3.8661,3.8599,0.0,,2097558.5421
2009-06-18,,151.2554,2.0276,3.8185,3.8124,0.0,,2071726.5404
2009-06-19,,151.8212,2.0352,3.8328,3.8267,0.0,,2079476.1409
2009-06-22,,150.6896,2.02,3.8043,3.7982,0.0,,2063976.9398
2009-06-23,,150.3124,2.0149,3.7947,3.7886,0.0,,2058810.5395
2009-06-24,,154.4616,2.0706,3.8995,3.8932,0.0,,2115640.9433
2009-06-25,,158.2335,2.1211,3.9947,3.9883,0.0,,2167304.9468
2009-06-26,,157.8563,2.1161,3.9852,3.9788,0.0,,2162138.5465
2009-06-29,,158.0449,2.1186,3.9899,3.9835,0.0,,2164721.7467
2009-06-30,,152.7642,2.0478,3.8566,3.8504,0.0,,2092392.1418
2009-07-01,,151.0668,2.0251,3.8138,3.8077,0.0,,2069143.3402
2009-07-02,,149.9352,2.0099,3.7852,3.7791,0.0,,2053644.1391
2009-07-03,,150.3124,2.0149,3.7947,3.7886,0.0,,2058810.5395
2009-07-06,,149.558,2.0048,3.7757,3.7696,0.0,,2048477.7388
2009-07-07,,154.8388,2.0756,3.909,3.9027,0.0,,2120807.3437
2009-07-08,,158.0449,2.1186,3.9899,3.9835,0.0,,2164721.7467
2009-07-09,,168.0406,2.2526,4.2423,4.2355,0.0,,2301631.3559
2009-07-10,,177.0933,2.3739,4.4708,4.4637,0.0,,2425624.9643
2009-07-13,,177.8477,2.3841,4.4899,4.4827,0.0,,2435957.765
2009-07-14,,179.1679,2.4017,4.5232,4.5159,0.0,,2454040.1663
2009-07-15,,180.2995,2.4169,4.5518,4.5445,0.0,,2469539.3673
2009-07-16,,190.2951,2.5509,4.8041,4.7964,0.0,,2606448.9766
2009-07-17,,187.8434,2.518,4.7422,4.7346,0.0,,2572867.3743
2009-07-20,,187.4662,2.513,4.7327,4.7251,0.0,,2567700.974
2009-07-21,,179.9223,2.4119,4.5422,4.535,0.0,,2464372.967
2009-07-22,,181.8082,2.4371,4.5899,4.5825,0.0,,2490204.9687
2009-07-23,,180.8653,2.4245,4.5661,4.5587,0.0,,2477288.9678
2009-07-24,,176.5275,2.3664,4.4565,4.4494,0.0,,2417875.3638
2009-07-27,,178.2249,2.3891,4.4994,4.4922,0.0,,2441124.1654
2009-07-28,,177.2819,2.3765,4.4756,4.4684,0.0,,2428208.1645
2009-07-29,,170.8696,2.2905,4.3137,4.3068,0.0,,2340379.3586
2009-07-30,,174.8301,2.3436,4.4137,4.4066,0.0,,2394626.5622
2009-07-31,,176.9047,2.3714,4.4661,4.4589,0.0,,2423041.7642
2009-08-03,,180.6767,2.422,4.5613,4.554,0.0,,2474705.7677
2009-08-04,,178.0363,2.3866,4.4946,4.4874,0.0,,2438540.9652
2009-08-05,,175.9617,2.3588,4.4423,4.4351,0.0,,2410125.7633
2009-08-06,,171.2468,2.2956,4.3232,4.3163,0.0,,2345545.7589
2009-08-07,,166.1546,2.2273,4.1947,4.1879,0.0,,2275799.3542
2009-08-10,,168.0406,2.2526,4.2423,4.2355,0.0,,2301631.3559
2009-08-11,,168.795,2.2627,4.2613,4.2545,0.0,,2311964.1566
2009-08-12,,164.2686,2.202,4.1471,4.1404,0.0,,2249967.3524
2009-08-13,,162.7599,2.1818,4.109,4.1024,0.0,,2229301.751
2009-08-14,,155.4046,2.0832,3.9233,3.917,0.0,,2128556.9442
2009-08-17,,147.8606,1.9821,3.7328,3.7268,0.0,,2025228.9372
2009-08-18,,152.5756,2.0453,3.8519,3.8457,0.0,,2089808.9416
2009-08-19,,151.0668,2.0251,3.8138,3.8077,0.0,,2069143.3402
2009-08-20,,154.273,2.068,3.8947,3.8885,0.0,,2113057.7432
2009-08-21,,160.1195,2.1464,4.0423,4.0358,0.0,,2193136.9486
2009-08-24,,161.2511,2.1616,4.0709,4.0644,0.0,,2208636.1496
2009-08-25,,154.8388,2.0756,3.909,3.9027,0.0,,2120807.3437
2009-08-26,,165.4002,2.2172,4.1756,4.1689,0.0,,2265466.5535
2009-08-27,,168.2292,2.2551,4.2471,4.2402,0.0,,2304214.5561
2009-08-28,,165.2116,2.2147,4.1709,4.1642,0.0,,2262883.3533
2009-08-31,,43.0772,1.7913,3.8947,1.9795,0.0,,2113057.7432
2009-09-01,,41.8133,1.7387,3.7804,1.9215,0.0,,2051060.939
2009-09-02,,41.866,1.7409,3.7852,1.9239,0.0,,2053644.1391
2009-09-03,,44.1831,1.8373,3.9947,2.0304,0.0,,2167304.9468
2009-09-04,,44.6044,1.8548,4.0328,2.0497,0.0,,2187970.5482
2009-09-07,,44.5517,1.8526,4.028,2.0473,0.0,,2185387.3481
2009-09-08,,46.6582,1.9402,4.2185,2.1441,0.0,,2288715.3551
2009-09-09,,48.712,2.0256,4.4042,2.2385,0.0,,2389460.1619
2009-09-10,,47.6588,1.9818,4.3089,2.1901,0.0,,2337796.1584
2009-09-11,,48.238,2.0059,4.3613,2.2167,0.0,,2366211.3603
2009-09-14,,48.554,2.019,4.3899,2.2312,0.0,,2381710.5614
2009-09-15,,47.8694,1.9905,4.328,2.1998,0.0,,2348128.9591
2009-09-16,,48.1327,2.0015,4.3518,2.2119,0.0,,2361044.96
2009-09-17,,48.7647,2.0278,4.4089,2.2409,0.0,,2392043.3621
2009-09-18,,46.7108,1.9424,4.2232,2.1465,0.0,,2291298.5552
2009-09-21,,47.3954,1.9708,4.2851,2.178,0.0,,2324880.1575
2009-09-22,,46.9215,1.9511,4.2423,2.1562,0.0,,2301631.3559
2009-09-23,,45.0783,1.8745,4.0756,2.0715,0.0,,2211219.3498
2009-09-24,,44.5517,1.8526,4.028,2.0473,0.0,,2185387.3481
2009-09-25,,44.3411,1.8438,4.009,2.0376,0.0,,2175054.5474
2009-09-28,,42.8666,1.7825,3.8757,1.9699,0.0,,2102724.9425
2009-09-29,,42.3926,1.7628,3.8328,1.9481,0.0,,2079476.1409
2009-09-30,,43.3405,1.8022,3.9185,1.9916,0.0,,2125973.744
2009-10-09,,45.447,1.8898,4.109,2.0884,0.0,,2229301.751
2009-10-12,,45.7629,1.903,4.1375,2.103,0.0,,2244800.9521
2009-10-13,,47.6588,1.9818,4.3089,2.1901,0.0,,2337796.1584
2009-10-14,,47.1848,1.9621,4.2661,2.1683,0.0,,2314547.3568
2009-10-15,,48.712,2.0256,4.4042,2.2385,0.0,,2389460.1619
2009-10-16,,48.6593,2.0234,4.3994,2.2361,0.0,,2386876.9617
2009-10-19,,49.028,2.0387,4.4327,2.253,0.0,,2404959.3629
2009-10-20,,48.87,2.0322,4.4185,2.2457,0.0,,2397209.7624
2009-10-21,,47.6061,1.9796,4.3042,2.1877,0.0,,2335212.9582
2009-10-22,,47.5008,1.9752,4.2947,2.1828,0.0,,2330046.5579
2009-10-23,,48.712,2.0256,4.4042,2.2385,0.0,,2389460.1619
2009-10-26,,49.6072,2.0628,4.4851,2.2796,0.0,,2433374.5649
2009-10-27,,49.6599,2.065,4.4899,2.282,0.0,,2435957.765
2009-10-28,,51.0818,2.1241,4.6184,2.3474,0.0,,2505704.1698
2009-10-29,,50.2392,2.0891,4.5422,2.3087,0.0,,2464372.967
2009-10-30,,50.7658,2.111,4.5899,2.3329,0.0,,2490204.9687
2009-11-02,,27.9719,2.2148,4.866,1.5503,0.0,,2640030.5789
2009-11-03,,28.5193,2.2581,4.9612,1.5806,0.0,,2691694.5824
2009-11-04,,27.9446,2.2126,4.8613,1.5488,0.0,,2637447.3787
2009-11-05,,28.4372,2.2516,4.947,1.5761,0.0,,2683944.9818
2009-11-06,,28.2183,2.2343,4.9089,1.5639,0.0,,2663279.3804
2009-11-09,,27.8898,2.2083,4.8517,1.5457,0.0,,2632280.9783
2009-11-10,,28.0267,2.2191,4.8755,1.5533,0.0,,2645196.9792
2009-11-11,,28.8478,2.2841,5.0184,1.5988,0.0,,2722692.9845
2009-11-12,,28.1362,2.2278,4.8946,1.5594,0.0,,2655529.7799
2009-11-13,,28.1635,2.2299,4.8993,1.5609,0.0,,2658112.9801
2009-11-16,,29.0394,2.2993,5.0517,1.6094,0.0,,2740775.3857
2009-11-17,,28.6015,2.2646,4.9755,1.5852,0.0,,2699444.1829
2009-11-18,,28.7383,2.2755,4.9993,1.5928,0.0,,2712360.1838
2009-11-19,,28.4646,2.2538,4.9517,1.5776,0.0,,2686528.182
2009-11-20,,29.1762,2.3101,5.0755,1.617,0.0,,2753691.3866
2009-11-23,,30.49,2.4142,5.3041,1.6898,0.0,,2877684.995
2009-11-24,,28.7109,2.2733,4.9946,1.5912,0.0,,2709776.9836
2009-11-25,,29.8057,2.36,5.185,1.6519,0.0,,2813104.9906
2009-11-26,,28.1909,2.2321,4.9041,1.5624,0.0,,2660696.1803
2009-11-27,,26.795,2.1216,4.6613,1.4851,0.0,,2528952.9713
2009-11-30,,27.6435,2.1888,4.8089,1.5321,0.0,,2609032.1768
2009-12-01,,27.9719,2.2148,4.866,1.5503,0.0,,2640030.5789
2009-12-02,,28.1909,2.2321,4.9041,1.5624,0.0,,2660696.1803
2009-12-03,,28.6015,2.2646,4.9755,1.5852,0.0,,2699444.1829
2009-12-04,,29.1488,2.308,5.0708,1.6155,0.0,,2751108.1864
2009-12-07,,28.9846,2.295,5.0422,1.6064,0.0,,2735608.9853
2009-12-08,,28.4646,2.2538,4.9517,1.5776,0.0,,2686528.182
2009-12-09,,28.3004,2.2408,4.9232,1.5685,0.0,,2671028.981
2009-12-10,,29.2036,2.3123,5.0803,1.6185,0.0,,2756274.5867
2009-12-11,,29.4773,2.334,5.1279,1.6337,0.0,,2782106.5885
2009-12-14,,31.5027,2.4943,5.4802,1.746,0.0,,2973263.4014
2009-12-15,,30.9005,2.4467,5.3755,1.7126,0.0,,2916432.9976
2009-12-16,,30.9553,2.451,5.385,1.7156,0.0,,2921599.3979
2009-12-17,,29.231,2.3145,5.085,1.6201,0.0,,2758857.7869
2009-12-18,,28.4099,2.2495,4.9422,1.5746,0.0,,2681361.7817
2009-12-21,,28.7383,2.2755,4.9993,1.5928,0.0,,2712360.1838
2009-12-22,,28.8204,2.282,5.0136,1.5973,0.0,,2720109.7843
2009-12-23,,30.1068,2.3838,5.2374,1.6686,0.0,,2841520.1925
2009-12-24,,31.4479,2.49,5.4707,1.7429,0.0,,2968097.0011
2009-12-25,,31.7216,2.5117,5.5183,1.7581,0.0,,2993929.0028
2009-12-28,,32.488,2.5723,5.6516,1.8006,0.0,,3066258.6077
2009-12-29,,31.5848,2.5008,5.4945,1.7505,0.0,,2981013.002
2009-12-30,,31.1195,2.464,5.4136,1.7247,0.0,,2937098.599
2009-12-31,,31.6942,2.5095,5.5135,1.7566,0.0,,2991345.8027
2010-01-04,,31.0374,2.4575,5.3993,1.7202,0.0,,2929348.9985
2010-01-05,,30.791,2.438,5.3564,1.7065,0.0,,2906100.1969
2010-01-06,,29.9152,2.3686,5.2041,1.658,0.0,,2823437.7913
2010-01-07,,29.0941,2.3036,5.0612,1.6125,0.0,,2745941.786
2010-01-08,,29.2857,2.3188,5.0946,1.6231,0.0,,2764024.1873
2010-01-11,,28.9025,2.2885,5.0279,1.6019,0.0,,2727859.3848
2010-01-12,,29.6689,2.3491,5.1612,1.6443,0.0,,2800188.9897
2010-01-13,,28.9846,2.295,5.0422,1.6064,0.0,,2735608.9853
2010-01-14,,29.3952,2.3275,5.1136,1.6292,0.0,,2774356.988
2010-01-15,,29.751,2.3556,5.1755,1.6489,0.0,,2807938.5902
2010-01-18,,29.6962,2.3513,5.166,1.6458,0.0,,2802772.1899
2010-01-19,,29.6689,2.3491,5.1612,1.6443,0.0,,2800188.9897
2010-01-20,,27.9172,2.2104,4.8565,1.5472,0.0,,2634864.1785
2010-01-21,,28.1088,2.2256,4.8898,1.5579,0.0,,2652946.5797
2010-01-22,,27.4246,2.1714,4.7708,1.5199,0.0,,2588366.5754
2010-01-25,,26.9593,2.1346,4.6898,1.4942,0.0,,2544452.1724
2010-01-26,,26.1108,2.0674,4.5422,1.4471,0.0,,2464372.967
2010-01-27,,25.2623,2.0002,4.3947,1.4001,0.0,,2384293.7615
2010-01-28,,25.2897,2.0024,4.3994,1.4016,0.0,,2386876.9617
2010-01-29,,25.2897,2.0024,4.3994,1.4016,0.0,,2386876.9617
2010-02-01,,24.1675,1.9136,4.2042,1.3394,0.0,,2280965.7545
2010-02-02,,24.1128,1.9092,4.1947,1.3364,0.0,,2275799.3542
2010-02-03,,24.8518,1.9677,4.3232,1.3774,0.0,,2345545.7589
2010-02-04,,24.7697,1.9612,4.3089,1.3728,0.0,,2337796.1584
2010-02-05,,24.0307,1.9027,4.1804,1.3318,0.0,,2268049.7537
2010-02-08,,23.976,1.8984,4.1709,1.3288,0.0,,2262883.3533
2010-02-09,,24.5234,1.9417,4.2661,1.3592,0.0,,2314547.3568
2010-02-10,,25.016,1.9807,4.3518,1.3865,0.0,,2361044.96
2010-02-11,,24.797,1.9634,4.3137,1.3743,0.0,,2340379.3586
2010-02-12,,25.2897,2.0024,4.3994,1.4016,0.0,,2386876.9617
2010-02-22,,24.9339,1.9742,4.3375,1.3819,0.0,,2353295.3594
2010-02-23,,25.3444,2.0067,4.4089,1.4047,0.0,,2392043.3621
2010-02-24,,25.4539,2.0154,4.428,1.4107,0.0,,2402376.1628
2010-02-25,,25.7824,2.0414,4.4851,1.4289,0.0,,2433374.5649
2010-02-26,,25.6455,2.0306,4.4613,1.4213,0.0,,2420458.564
2010-03-01,,25.6729,2.0327,4.4661,1.4229,0.0,,2423041.7642
2010-03-02,,25.3444,2.0067,4.4089,1.4047,0.0,,2392043.3621
2010-03-03,,25.7276,2.0371,4.4756,1.4259,0.0,,2428208.1645
2010-03-04,,24.8792,1.9699,4.328,1.3789,0.0,,2348128.9591
2010-03-05,,25.235,1.9981,4.3899,1.3986,0.0,,2381710.5614
2010-03-08,,25.2623,2.0002,4.3947,1.4001,0.0,,2384293.7615
2010-03-09,,25.8371,2.0457,4.4946,1.432,0.0,,2438540.9652
2010-03-10,,25.2623,2.0002,4.3947,1.4001,0.0,,2384293.7615
2010-03-11,,24.8244,1.9656,4.3185,1.3758,0.0,,2342962.5587
2010-03-12,,24.4412,1.9352,4.2518,1.3546,0.0,,2306797.7563
2010-03-15,,24.0854,1.907,4.1899,1.3349,0.0,,2273216.154
2010-03-16,,24.3044,1.9244,4.228,1.347,0.0,,2293881.7554
2010-03-17,,24.7423,1.9591,4.3042,1.3713,0.0,,2335212.9582
2010-03-18,,24.4686,1.9374,4.2566,1.3561,0.0,,2309380.9565
2010-03-19,,24.7697,1.9612,4.3089,1.3728,0.0,,2337796.1584
2010-03-22,,24.797,1.9634,4.3137,1.3743,0.0,,2340379.3586
2010-03-23,,24.3318,1.9266,4.2328,1.3485,0.0,,2296464.9556
2010-03-24,,24.3591,1.9287,4.2375,1.3501,0.0,,2299048.1558
2010-03-25,,24.4139,1.9331,4.2471,1.3531,0.0,,2304214.5561
2010-03-26,,25.2076,1.9959,4.3851,1.3971,0.0,,2379127.3612
2010-03-29,,25.4813,2.0176,4.4327,1.4122,0.0,,2404959.3629
2010-03-30,,25.974,2.0566,4.5184,1.4395,0.0,,2451456.9661
2010-03-31,,25.7824,2.0414,4.4851,1.4289,0.0,,2433374.5649
2010-04-01,,26.9319,2.1324,4.6851,1.4926,0.0,,2541868.9722
2010-04-02,,27.233,2.1563,4.7375,1.5093,0.0,,2570284.1741
2010-04-06,,26.9593,2.1346,4.6898,1.4942,0.0,,2544452.1724
2010-04-07,16.9249,16.9249,2.0886,1.0503,1.0503,0.0,,2590949.7755
2010-04-08,16.6718,16.6718,2.0574,1.0346,1.0346,0.0,,2552201.7729
2010-04-09,16.9755,16.9755,2.0948,1.0535,1.0535,0.0,,2598699.3761
2010-04-12,17.1105,17.1105,2.1115,1.0619,1.0619,0.0,,2619364.9775
2010-04-13,16.8911,16.8911,2.0844,1.0482,1.0482,0.0,,2585783.3752
2010-04-14,17.0767,17.0767,2.1073,1.0598,1.0598,0.0,,2614198.5771
2010-04-15,17.4142,17.4142,2.149,1.0807,1.0807,0.0,,2665862.5806
2010-04-16,17.2117,17.2117,2.124,1.0681,1.0681,0.0,,2634864.1785
2010-04-19,16.3343,16.3343,2.0157,1.0137,1.0137,0.0,,2500537.7694
2010-04-20,16.4524,16.4524,2.0303,1.021,1.021,0.0,,2518620.1706
2010-04-21,16.5874,16.5874,2.0469,1.0294,1.0294,0.0,,2539285.772
2010-04-22,17.0599,17.0599,2.1053,1.0587,1.0587,0.0,,2611615.3769
2010-04-23,16.7561,16.7561,2.0678,1.0399,1.0399,0.0,,2565117.7738
2010-04-26,16.908,13.5382,2.0013,1.0493,0.7823,0.0,,2588366.5754
2010-04-27,16.6718,13.3491,1.9733,1.0346,0.7714,0.0,,2552201.7729
2010-04-28,16.6886,13.3626,1.9753,1.0357,0.7722,0.0,,2554784.9731
2010-04-29,16.5199,13.2275,1.9553,1.0252,0.7644,0.0,,2528952.9713
2010-04-30,16.0474,12.8492,1.8994,0.9959,0.7425,0.0,,2456623.3664
2010-05-04,15.8112,12.66,1.8714,0.9812,0.7316,0.0,,2420458.564
2010-05-05,15.8955,12.7276,1.8814,0.9865,0.7355,0.0,,2433374.5649
2010-05-06,15.1362,12.1196,1.7915,0.9393,0.7003,0.0,,2317130.557
2010-05-07,14.8662,11.9034,1.7596,0.9226,0.6878,0.0,,2275799.3542
2010-05-10,14.8662,11.9034,1.7596,0.9226,0.6878,0.0,,2275799.3542
2010-05-11,14.495,11.6061,1.7157,0.8995,0.6707,0.0,,2218968.9503
2010-05-12,14.3431,11.4845,1.6977,0.8901,0.6636,0.0,,2195720.1488
2010-05-13,14.765,11.8223,1.7476,0.9163,0.6832,0.0,,2260300.1531
2010-05-14,14.5456,11.6467,1.7216,0.9027,0.673,0.0,,2226718.5509
2010-05-17,13.55,10.8495,1.6038,0.8409,0.6269,0.0,,2074309.7405
2010-05-18,13.7525,11.0116,1.6278,0.8535,0.6363,0.0,,2105308.1426
2010-05-19,13.7019,10.9711,1.6218,0.8503,0.634,0.0,,2097558.5421
2010-05-20,13.5163,10.8225,1.5998,0.8388,0.6254,0.0,,2069143.3402
2010-05-21,13.7188,10.9846,1.6238,0.8514,0.6348,0.0,,2100141.7423
2010-05-24,14.3431,11.4845,1.6977,0.8901,0.6636,0.0,,2195720.1488
2010-05-25,13.9719,11.1873,1.6537,0.8671,0.6465,0.0,,2138889.7449
2010-05-26,14.0394,11.2413,1.6617,0.8713,0.6496,0.0,,2149222.5456
2010-05-28,14.2419,11.4035,1.6857,0.8838,0.659,0.0,,2180220.9477
2010-05-31,13.82,11.0657,1.6358,0.8577,0.6394,0.0,,2115640.9433
2010-06-01,13.7188,10.9846,1.6238,0.8514,0.6348,0.0,,2100141.7423
2010-06-02,13.8875,11.1197,1.6438,0.8618,0.6426,0.0,,2125973.744
2010-06-03,14.0563,11.2548,1.6637,0.8723,0.6504,0.0,,2151805.7458
2010-06-04,14.2756,11.4305,1.6897,0.8859,0.6605,0.0,,2185387.3481
2010-06-07,14.0731,11.2683,1.6657,0.8734,0.6511,0.0,,2154388.946
2010-06-08,14.2756,11.4305,1.6897,0.8859,0.6605,0.0,,2185387.3481
2010-06-09,14.495,11.6061,1.7157,0.8995,0.6707,0.0,,2218968.9503
2010-06-10,14.6637,11.7412,1.7356,0.91,0.6785,0.0,,2244800.9521
2010-06-11,14.7818,11.8358,1.7496,0.9173,0.6839,0.0,,2262883.3533
2010-06-17,14.8325,11.8764,1.7556,0.9205,0.6863,0.0,,2270632.9538
2010-06-18,13.8875,11.1197,1.7393,0.8618,0.6426,0.0,3.6815,2125973.744
2010-06-21,14.0731,11.2683,1.7625,0.8734,0.6511,0.0,3.633,2154388.946
2010-06-22,14.2756,11.4305,1.7879,0.8859,0.6605,0.0,3.5814,2185387.3481
2010-06-23,14.1912,11.3629,1.7773,0.8807,0.6566,0.0,3.6027,2172471.3472
2010-06-24,14.09,11.2819,1.7646,0.8744,0.6519,0.0,3.6286,2156972.1461
2010-06-25,14.1237,11.3089,1.7689,0.8765,0.6535,0.0,3.6199,2162138.5465
2010-06-28,14.1744,11.3494,1.7752,0.8796,0.6558,0.0,3.607,2169888.147
2010-06-29,13.8369,11.0792,1.7329,0.8587,0.6402,0.0,3.695,2118224.1435
2010-06-30,13.6006,10.89,1.7034,0.844,0.6293,0.0,3.7592,2082059.3411
2010-07-01,13.3138,10.6603,1.6674,0.8262,0.616,0.0,3.8402,2038144.9381
2010-07-02,13.1619,10.5387,1.6484,0.8168,0.609,0.0,3.8845,2014896.1365
2010-07-05,12.8582,10.2955,1.6104,0.798,0.5949,0.0,3.9762,1968398.5334
2010-07-06,13.1282,10.5117,1.6442,0.8147,0.6074,0.0,3.8945,2009729.7362
2010-07-07,13.5669,10.863,1.6991,0.8419,0.6277,0.0,3.7685,2076892.9407
2010-07-08,14.0731,11.2683,1.7625,0.8734,0.6511,0.0,3.633,2154388.946
2010-07-09,14.4612,11.5791,1.8111,0.8974,0.6691,0.0,3.5355,2213802.55
2010-07-12,14.5119,11.6196,1.8175,0.9006,0.6714,0.0,3.5231,2221552.1505
2010-07-13,14.4444,11.5656,1.809,0.8964,0.6683,0.0,3.5396,2211219.3498
2010-07-14,14.9675,11.9844,1.8745,0.9289,0.6925,0.0,3.4159,2291298.5552
2010-07-15,14.8156,11.8628,1.8555,0.9194,0.6855,0.0,3.4509,2268049.7537
2010-07-16,14.9675,11.9844,1.8745,0.9289,0.6925,0.0,3.4159,2291298.5552
2010-07-19,15.1193,12.106,1.8936,0.9383,0.6996,0.0,3.3816,2314547.3568
2010-07-20,15.4906,12.4033,1.94,0.9613,0.7167,0.0,3.3005,2371377.7607
2010-07-21,15.4231,12.3492,1.9316,0.9571,0.7136,0.0,3.315,2361044.96
2010-07-22,15.5074,12.4168,1.9422,0.9624,0.7175,0.0,3.2969,2373960.9608
2010-07-23,15.2543,12.2141,1.9105,0.9467,0.7058,0.0,3.3517,2335212.9582
2010-07-26,15.3049,12.2547,1.9168,0.9498,0.7081,0.0,3.3406,2342962.5587
2010-07-27,15.4737,12.3898,1.9379,0.9603,0.7159,0.0,3.3041,2368794.5605
2010-07-28,15.7268,12.5924,1.9696,0.976,0.7277,0.0,3.251,2407542.5631
2010-07-29,15.9124,12.7411,1.9929,0.9875,0.7362,0.0,3.213,2435957.765
2010-07-30,15.828,12.6735,1.9823,0.9823,0.7323,0.0,3.2302,2423041.7642
2010-08-02,16.233,12.9978,2.033,1.0074,0.7511,0.0,3.1496,2485038.5684
2010-08-03,15.9462,12.7681,1.9971,0.9896,0.7378,0.0,3.2062,2441124.1654
2010-08-04,16.1824,12.9573,2.0267,1.0043,0.7487,0.0,3.1594,2477288.9678
2010-08-05,16.3174,13.0653,2.0436,1.0126,0.755,0.0,3.1333,2497954.5692
2010-08-06,16.368,13.1059,2.0499,1.0158,0.7573,0.0,3.1236,2505704.1698
2010-08-09,16.8574,13.4977,2.1112,1.0461,0.78,0.0,3.0329,2580616.9748
2010-08-10,16.0643,12.8627,2.0119,0.9969,0.7433,0.0,3.1827,2459206.5666
2010-08-11,16.5368,13.241,2.0711,1.0262,0.7651,0.0,3.0917,2531536.1715
2010-08-12,16.6549,13.3356,2.0859,1.0336,0.7706,0.0,3.0698,2549618.5727
2010-08-13,17.0092,13.6193,2.1302,1.0556,0.787,0.0,3.0058,2603865.7764
2010-08-16,17.4649,13.9841,2.1873,1.0838,0.8081,0.0,2.9274,2673612.1811
2010-08-17,17.5661,14.0652,2.2,1.0901,0.8128,0.0,2.9106,2689111.3822
2010-08-18,17.8361,14.2813,2.2338,1.1069,0.8253,0.0,2.8665,2730442.585
2010-08-19,17.6673,14.1462,2.2127,1.0964,0.8174,0.0,2.8939,2704610.5832
2010-08-20,17.0936,13.6869,2.1408,1.0608,0.7909,0.0,2.991,2616781.7773
2010-08-23,17.0936,13.6869,2.1408,1.0608,0.7909,0.0,2.991,2616781.7773
2010-08-24,17.3805,13.9165,2.1767,1.0786,0.8042,0.0,2.9416,2660696.1803
2010-08-25,16.8743,13.5112,2.1133,1.0472,0.7808,0.0,3.0299,2583200.175
2010-08-26,16.7393,13.4031,2.0964,1.0388,0.7745,0.0,3.0543,2562534.5736
2010-08-27,17.3805,12.18,2.142,1.0786,0.7189,0.0,2.9416,2660696.1803
2010-08-30,18.646,13.0669,2.2979,1.1571,0.7713,0.0,2.742,2854436.1934
2010-08-31,18.8992,13.2443,2.3291,1.1729,0.7818,0.0,2.7053,2893184.196
2010-09-01,18.8148,13.1852,2.3187,1.1676,0.7783,0.0,2.7174,2880268.1951
2010-09-02,20.2322,14.1785,2.4934,1.2556,0.8369,0.0,2.527,3097257.0098
2010-09-03,20.3335,14.2495,2.5059,1.2619,0.8411,0.0,2.5144,3112756.2109
2010-09-06,20.5191,14.3795,2.5288,1.2734,0.8488,0.0,2.4917,3141171.4128
2010-09-07,21.0759,14.7698,2.5974,1.3079,0.8718,0.0,2.4259,3226417.0186
2010-09-08,20.8903,14.6397,2.5745,1.2964,0.8641,0.0,2.4474,3198001.8167
2010-09-09,20.2322,14.1785,2.4934,1.2556,0.8369,0.0,2.527,3097257.0098
2010-09-10,20.3335,14.2495,2.5059,1.2619,0.8411,0.0,2.5144,3112756.2109
2010-09-13,21.0253,14.7343,2.5912,1.3048,0.8697,0.0,2.4317,3218667.4181
2010-09-14,21.4134,15.0063,2.639,1.3289,0.8858,0.0,2.3876,3278081.0221
2010-09-15,20.7891,14.5688,2.5621,1.2901,0.8599,0.0,2.4593,3182502.6156
2010-09-16,20.0804,14.0721,2.4747,1.2462,0.8306,0.0,2.5461,3074008.2083
2010-09-17,20.2829,14.214,2.4997,1.2587,0.839,0.0,2.5207,3105006.6104
2010-09-20,20.266,14.2022,2.4976,1.2577,0.8383,0.0,2.5228,3102423.4102
2010-09-21,20.2829,14.214,2.4997,1.2587,0.839,0.0,2.5207,3105006.6104
2010-09-27,21.2447,14.888,2.6182,1.3184,0.8788,0.0,2.4066,3252249.0203
2010-09-28,21.2109,14.8644,2.614,1.3163,0.8774,0.0,2.4104,3247082.62
2010-09-29,21.0084,14.7225,2.5891,1.3038,0.869,0.0,2.4337,3216084.2179
2010-09-30,21.6497,15.1718,2.6681,1.3435,0.8955,0.0,2.3616,3314245.8245
2010-10-08,22.2065,15.5621,2.7367,1.3781,0.9186,0.0,2.3024,3399491.4303
2010-10-11,21.8859,15.3374,2.6972,1.3582,0.9053,0.0,2.3361,3350410.627
2010-10-12,24.0458,16.851,2.9634,1.4922,0.9946,0.0,2.1262,3681060.2494
2010-10-13,23.9614,16.7919,2.953,1.487,0.9912,0.0,2.1337,3668144.2485
2010-10-14,22.3415,15.6567,2.7534,1.3865,0.9241,0.0,2.2884,3420157.0317
2010-10-15,22.544,15.7986,2.7783,1.399,0.9325,0.0,2.2679,3451155.4338
2010-10-18,21.8353,15.3019,2.691,1.3551,0.9032,0.0,2.3415,3342661.0265
2010-10-19,22.9152,16.0587,2.8241,1.4221,0.9479,0.0,2.2311,3507985.8377
2010-10-20,23.7589,16.65,2.9281,1.4744,0.9828,0.0,2.1519,3637145.8464
2010-10-21,23.624,16.5554,2.9114,1.4661,0.9772,0.0,2.1642,3616480.245
2010-10-22,24.0627,16.8629,2.9655,1.4933,0.9953,0.0,2.1248,3683643.4496
2010-10-25,24.8052,17.3832,3.057,1.5394,1.0261,0.0,2.0612,3797304.2573
2010-10-26,23.9108,16.7564,2.9468,1.4839,0.9891,0.0,2.1382,3660394.648
2010-10-27,23.5396,16.4963,2.901,1.4608,0.9737,0.0,2.172,3603564.2441
2010-10-28,22.8984,16.0469,2.822,1.421,0.9472,0.0,2.2328,3505402.6375
2010-10-29,23.1852,14.5825,2.7124,1.4388,0.8827,0.0,2.2052,3549317.0405
2010-11-01,23.7083,14.9115,2.7736,1.4713,0.9026,0.0,2.1565,3629396.2459
2010-11-02,22.9827,14.4552,2.6887,1.4263,0.8749,0.0,2.2246,3518318.6384
2010-11-03,22.409,14.0943,2.6216,1.3907,0.8531,0.0,2.2815,3430489.8324
2010-11-04,23.1515,14.5613,2.7085,1.4367,0.8814,0.0,2.2084,3544150.6401
2010-11-05,23.0502,14.4976,2.6966,1.4305,0.8775,0.0,2.2181,3528651.4391
2010-11-08,23.624,14.8585,2.7637,1.4661,0.8994,0.0,2.1642,3616480.245
2010-11-09,23.219,14.6038,2.7164,1.4409,0.8839,0.0,2.202,3554483.4408
2010-11-10,23.2696,14.6356,2.7223,1.4441,0.8859,0.0,2.1972,3562233.0413
2010-11-11,23.5565,14.816,2.7559,1.4619,0.8968,0.0,2.1704,3606147.4443
2010-11-12,21.5315,13.5424,2.519,1.3362,0.8197,0.0,2.3745,3296163.4233
2010-11-15,21.5822,13.5743,2.5249,1.3394,0.8216,0.0,2.369,3303913.0238
2010-11-16,20.1141,12.6509,2.3531,1.2483,0.7657,0.0,2.5419,3079174.6086
2010-11-17,19.2704,12.1203,2.2544,1.1959,0.7336,0.0,2.6531,2950014.5999
2010-11-18,19.6416,12.3538,2.2979,1.2189,0.7477,0.0,2.603,3006845.0037
2010-11-19,19.6754,12.375,2.3018,1.221,0.749,0.0,2.5985,3012011.4041
2010-11-22,19.726,12.4068,2.3077,1.2242,0.751,0.0,2.5919,3019761.0046
2010-11-23,19.1017,12.0141,2.2347,1.1854,0.7272,0.0,2.6766,2924182.5981
2010-11-24,20.0466,12.6085,2.3452,1.2441,0.7632,0.0,2.5504,3068841.8079
2010-11-25,20.7553,13.0542,2.4282,1.288,0.7901,0.0,2.4633,3177336.2153
2010-11-26,20.5191,12.9056,2.4005,1.2734,0.7812,0.0,2.4917,3141171.4128
2010-11-29,20.131,12.6615,2.3551,1.2493,0.7664,0.0,2.5397,3081757.8088
2010-11-30,19.5573,12.3007,2.288,1.2137,0.7445,0.0,2.6142,2993929.0028
2010-12-01,19.2366,12.099,2.2505,1.1938,0.7323,0.0,2.6578,2944848.1995
2010-12-02,19.2198,12.0884,2.2485,1.1928,0.7317,0.0,2.6601,2942264.9993
2010-12-03,19.4729,12.2476,2.2781,1.2085,0.7413,0.0,2.6256,2981013.002
2010-12-06,18.9329,11.908,2.2149,1.1749,0.7208,0.0,2.7004,2898350.5964
2010-12-07,19.0679,11.9929,2.2307,1.1833,0.7259,0.0,2.6813,2919016.1978
2010-12-08,18.6798,11.7488,2.1853,1.1592,0.7111,0.0,2.737,2859602.5937
2010-12-09,17.9205,11.2712,2.0965,1.1121,0.6822,0.0,2.853,2743358.5859
2010-12-10,18.1736,11.4304,2.1261,1.1278,0.6919,0.0,2.8133,2782106.5885
2010-12-13,19.996,12.5766,2.3393,1.2409,0.7612,0.0,2.5569,3061092.2074
2010-12-14,20.3841,12.8207,2.3847,1.265,0.776,0.0,2.5082,3120505.8114
2010-12-15,19.861,12.4917,2.3235,1.2325,0.7561,0.0,2.5743,3040426.606
2010-12-16,19.8947,12.513,2.3275,1.2346,0.7574,0.0,2.5699,3045593.0063
2010-12-17,19.9622,12.5554,2.3354,1.2388,0.76,0.0,2.5612,3055925.807
2010-12-20,19.3548,12.1733,2.2643,1.2011,0.7368,0.0,2.6416,2962930.6007
2010-12-21,19.5404,12.2901,2.286,1.2126,0.7439,0.0,2.6165,2991345.8027
2010-12-22,19.5235,12.2795,2.284,1.2116,0.7433,0.0,2.6188,2988762.6025
2010-12-23,18.9667,11.9292,2.2189,1.177,0.7221,0.0,2.6956,2903516.9967
2010-12-24,18.4098,11.579,2.1537,1.1425,0.7009,0.0,2.7772,2818271.3909
2010-12-27,17.6336,11.0908,2.0629,1.0943,0.6713,0.0,2.8994,2699444.1829
2010-12-28,17.0092,10.6981,1.9899,1.0556,0.6475,0.0,3.0058,2603865.7764
2010-12-29,17.4649,10.9847,2.0432,1.0838,0.6649,0.0,2.9274,2673612.1811
2010-12-30,17.0261,10.7087,1.9919,1.0566,0.6482,0.0,3.0029,2606448.9766
2010-12-31,17.2286,10.8361,2.0156,1.0692,0.6559,0.0,2.9676,2637447.3787
2011-01-04,17.6842,11.1226,2.0689,1.0975,0.6732,2.8911,2.8911,2707193.7834
2011-01-05,17.6842,11.1226,2.0689,1.0975,0.6732,2.8911,2.8911,2707193.7834
2011-01-06,17.5661,11.0483,2.055,1.0901,0.6687,2.9106,2.9106,2689111.3822
2011-01-07,18.2917,11.5047,2.1399,1.1352,0.6964,2.7951,2.7951,2800188.9897
2011-01-10,18.0386,11.3455,2.1103,1.1194,0.6867,2.8343,2.8343,2761440.9871
2011-01-11,18.3086,11.5153,2.1419,1.1362,0.697,2.7925,2.7925,2802772.1899
2011-01-12,18.7135,11.77,2.1893,1.1613,0.7124,2.7321,2.7321,2864768.9941
2011-01-13,18.9498,11.9186,2.2169,1.176,0.7214,2.698,2.698,2900933.7965
2011-01-14,18.3423,11.5365,2.1459,1.1383,0.6983,2.7874,2.7874,2807938.5902
2011-01-17,17.8361,11.2181,2.0866,1.1069,0.679,2.8665,2.8665,2730442.585
2011-01-18,18.1398,11.4092,2.1222,1.1257,0.6906,2.8185,2.8185,2776940.1881
2011-01-19,18.7135,11.77,2.1893,1.1613,0.7124,2.7321,2.7321,2864768.9941
2011-01-20,17.7011,11.1332,2.0708,1.0985,0.6739,2.8884,2.8884,2709776.9836
2011-01-21,18.646,11.7276,2.1814,1.1571,0.7098,2.742,2.742,2854436.1934
2011-01-24,18.7642,11.8019,2.1952,1.1645,0.7143,2.7247,2.7247,2872518.5946
2011-01-25,18.5111,11.6427,2.1656,1.1488,0.7047,2.762,2.762,2833770.592
2011-01-26,18.7304,11.7806,2.1913,1.1624,0.7131,2.7296,2.7296,2867352.1943
2011-01-27,19.8779,12.5023,2.3255,1.2336,0.7567,2.5721,2.5721,3043009.8062
2011-01-28,20.2829,12.7571,2.3729,1.2587,0.7722,2.5207,2.5207,3105006.6104
2011-01-31,21.0253,13.224,2.4597,1.3048,0.8004,2.4317,2.4317,3218667.4181
2011-02-01,20.6203,12.9693,2.4124,1.2797,0.785,2.4795,2.4795,3156670.6139
2011-02-09,20.1141,12.6509,2.3531,1.2483,0.7657,2.5419,2.5419,3079174.6086
2011-02-10,21.5822,13.5743,2.5249,1.3394,0.8216,2.369,2.369,3303913.0238
2011-02-11,21.6159,13.5955,2.5288,1.3415,0.8229,2.3653,2.3653,3309079.4242
2011-04-06,12.6003,12.6003,2.1826,0.7187,0.7187,2.4714,2.4714,3167003.4146
2011-04-07,12.3228,12.3228,2.1346,0.7029,0.7029,2.527,2.527,3097257.0098
2011-04-08,13.0011,13.0011,2.2521,0.7416,0.7416,2.3952,2.3952,3267748.2214
2011-04-11,12.6928,12.6928,2.1987,0.724,0.724,2.4534,2.4534,3190252.2161
2011-04-12,12.292,12.292,2.1292,0.7012,0.7012,2.5334,2.5334,3089507.4093
2011-04-13,12.3948,12.3948,2.147,0.707,0.707,2.5124,2.5124,3115339.4111
2011-04-14,12.2714,12.2714,2.1257,0.7,0.7,2.5376,2.5376,3084341.009
2011-04-15,12.0248,12.0248,2.0829,0.6859,0.6859,2.5897,2.5897,3022344.2048
2011-04-18,11.9939,11.9939,2.0776,0.6842,0.6842,2.5963,2.5963,3014594.6042
2011-04-19,11.4903,11.4903,1.9904,0.6554,0.6554,2.7101,2.7101,2888017.7957
2011-04-20,11.4801,11.4801,1.9886,0.6548,0.6548,2.7125,2.7125,2885434.5955
2011-04-21,11.5828,11.5828,2.0064,0.6607,0.6607,2.6885,2.6885,2911266.5972
2011-04-22,11.4081,11.4081,1.9761,0.6507,0.6507,2.7296,2.7296,2867352.1943
2011-04-25,11.6034,11.6034,2.01,0.6619,0.6619,2.6837,2.6837,2916432.9976
2011-04-26,11.4287,11.4287,1.9797,0.6519,0.6519,2.7247,2.7247,2872518.5946
2011-04-27,11.2026,11.2026,1.9405,0.639,0.639,2.7797,2.7797,2815688.1908
2011-04-28,11.0792,11.0792,1.9192,0.632,0.632,2.8107,2.8107,2784689.7887
2011-04-29,11.5314,10.7283,1.8797,0.6578,0.6137,2.7004,2.7004,2898350.5964
2011-05-03,11.6342,10.8239,1.8965,0.6636,0.6191,2.6766,2.6766,2924182.5981
2011-05-04,11.4492,10.6518,1.8663,0.6531,0.6093,2.7198,2.7198,2877684.995
2011-05-05,11.4801,10.6805,1.8714,0.6548,0.6109,2.7125,2.7125,2885434.5955
2011-05-06,11.4184,10.6231,1.8613,0.6513,0.6077,2.7272,2.7272,2869935.3944
2011-05-09,11.367,10.5753,1.8529,0.6484,0.6049,2.7395,2.7395,2857019.3936
2011-05-10,11.4081,10.6135,1.8596,0.6507,0.6071,2.7296,2.7296,2867352.1943
2011-05-11,11.0895,10.3171,1.8077,0.6326,0.5902,2.8081,2.8081,2787272.9888
2011-05-12,10.9251,10.1641,1.7809,0.6232,0.5814,2.8503,2.8503,2745941.786
2011-05-13,10.884,10.1259,1.7742,0.6208,0.5792,2.8611,2.8611,2735608.9853
2011-05-16,10.8942,10.1354,1.7759,0.6214,0.5798,2.8584,2.8584,2738192.1855
2011-05-17,11.0484,10.2789,1.801,0.6302,0.588,2.8185,2.8185,2776940.1881
2011-05-18,11.0895,10.3171,1.8077,0.6326,0.5902,2.8081,2.8081,2787272.9888
2011-05-19,11.0278,10.2598,1.7977,0.6291,0.5869,2.8238,2.8238,2771773.7878
2011-05-20,11.0381,10.2693,1.7993,0.6296,0.5874,2.8211,2.8211,2774356.988
2011-05-23,10.442,9.7147,1.7022,0.5956,0.5557,2.9822,2.9822,2624531.3778
2011-05-24,10.514,9.7817,1.7139,0.5997,0.5595,2.9618,2.9618,2642613.779
2011-05-25,10.4317,9.7052,1.7005,0.595,0.5552,2.9851,2.9851,2621948.1776
2011-05-26,10.2673,9.5522,1.6737,0.5857,0.5464,3.0329,3.0329,2580616.9748
2011-05-27,10.0823,9.3801,1.6435,0.5751,0.5366,3.0886,3.0886,2534119.3717
2011-05-31,10.4215,9.6956,1.6988,0.5945,0.5546,2.9881,2.9881,2619364.9775
2011-06-01,10.7915,10.0398,1.7591,0.6156,0.5743,2.8856,2.8856,2712360.1838
2011-06-02,10.5859,9.8486,1.7256,0.6038,0.5634,2.9416,2.9416,2660696.1803
2011-06-03,10.6887,9.9442,1.7424,0.6097,0.5688,2.9134,2.9134,2686528.182
2011-06-07,10.7812,10.0303,1.7574,0.615,0.5737,2.8884,2.8884,2709776.9836
2011-06-08,10.8942,10.1354,1.7759,0.6214,0.5798,2.8584,2.8584,2738192.1855
2011-06-09,10.6373,9.8964,1.734,0.6068,0.5661,2.9274,2.9274,2673612.1811
2011-06-10,10.3598,9.6382,1.6888,0.5909,0.5513,3.0058,3.0058,2603865.7764
2011-06-13,10.3804,9.6574,1.6921,0.5921,0.5524,2.9999,2.9999,2609032.1768
2011-06-14,10.7915,10.0398,1.7591,0.6156,0.5743,2.8856,2.8856,2712360.1838
2011-06-15,10.5242,9.7912,1.7156,0.6003,0.5601,2.9589,2.9589,2645196.9792
2011-06-16,10.4626,9.7339,1.7055,0.5968,0.5568,2.9763,2.9763,2629697.7782
2011-06-17,10.329,9.6096,1.6837,0.5892,0.5497,3.0148,3.0148,2596116.1759
2011-06-20,10.5242,9.7912,1.7156,0.6003,0.5601,2.9589,,2645196.9792
2011-06-21,10.8737,10.1163,1.8404,0.6203,0.5787,2.8638,2.0794,2733025.7852
2011-06-22,11.0998,10.3267,1.8786,0.6332,0.5907,2.8055,2.037,2789856.189
2011-06-23,11.3978,10.604,1.9291,0.6502,0.6066,2.7321,1.9838,2864768.9941
2011-06-24,11.4801,10.6805,1.943,0.6548,0.6109,2.7125,1.9696,2885434.5955
2011-06-27,11.3362,10.5466,1.9186,0.6466,0.6033,2.747,1.9946,2849269.793
2011-06-28,11.4698,10.6709,1.9412,0.6543,0.6104,2.715,1.9713,2882851.3953
2011-06-29,11.2951,10.5084,1.9117,0.6443,0.6011,2.757,2.0018,2838936.9923
2011-06-30,11.4389,10.6422,1.936,0.6525,0.6088,2.7223,1.9766,2875101.7948
2011-07-01,11.6548,10.843,1.9726,0.6648,0.6202,2.6719,1.94,2929348.9985
2011-07-04,12.1481,11.302,2.0561,0.693,0.6465,2.5634,1.8613,3053342.6069
2011-07-05,12.1275,11.2829,2.0526,0.6918,0.6454,2.5677,1.8644,3048176.2065
2011-07-06,12.0659,11.2255,2.0421,0.6883,0.6421,2.5808,1.8739,3032677.0055
2011-07-07,11.7678,10.9482,1.9917,0.6713,0.6263,2.6462,1.9214,2957764.2004
2011-07-08,11.7267,10.9099,1.9847,0.6689,0.6241,2.6555,1.9281,2947431.3997
2011-07-11,11.9837,11.149,2.0282,0.6836,0.6377,2.5985,1.8868,3012011.4041
2011-07-12,11.6239,10.8143,1.9673,0.6631,0.6186,2.679,1.9452,2921599.3979
2011-07-13,11.7575,10.9386,1.99,0.6707,0.6257,2.6485,1.9231,2955181.0002
2011-07-14,11.7678,10.9482,1.9917,0.6713,0.6263,2.6462,1.9214,2957764.2004
2011-07-15,11.8192,10.996,2.0004,0.6742,0.629,2.6347,1.913,2970680.2013
2011-07-18,11.7164,10.9004,1.983,0.6683,0.6235,2.6578,1.9298,2944848.1995
2011-07-19,11.7164,10.9004,1.983,0.6683,0.6235,2.6578,1.9298,2944848.1995
2011-07-20,11.5623,10.757,1.9569,0.6595,0.6153,2.6932,1.9556,2906100.1969
2011-07-21,11.4698,10.6709,1.9412,0.6543,0.6104,2.715,1.9713,2882851.3953
2011-07-22,11.3773,10.5848,1.9256,0.649,0.6055,2.737,1.9874,2859602.5937
2011-07-25,10.8326,10.0781,1.8334,0.6179,0.5765,2.8747,2.0873,2722692.9845
2011-07-26,10.9353,10.1737,1.8508,0.6238,0.582,2.8476,2.0677,2748524.9862
2011-07-27,10.9456,10.1833,1.8525,0.6244,0.5825,2.845,2.0657,2751108.1864
2011-07-28,10.9867,10.2215,1.8595,0.6267,0.5847,2.8343,2.058,2761440.9871
2011-08-03,10.7401,9.992,1.8177,0.6126,0.5716,2.8994,2.1053,2699444.1829
2011-08-04,10.8634,10.1068,1.8386,0.6197,0.5781,2.8665,2.0814,2730442.585
2011-08-05,10.6476,9.906,1.8021,0.6074,0.5666,2.9246,2.1236,2676195.3813
2011-08-08,10.257,9.5426,1.736,0.5851,0.5459,3.036,2.2044,2578033.7747
2011-08-09,10.4626,9.7339,1.7708,0.5968,0.5568,2.9763,2.1611,2629697.7782
2011-08-10,10.4626,9.7339,1.7708,0.5968,0.5568,2.9763,2.1611,2629697.7782
2011-08-11,10.6578,9.9155,1.8038,0.6079,0.5672,2.9218,2.1215,2678778.5815
2011-08-12,10.627,9.8868,1.7986,0.6062,0.5655,2.9303,2.1277,2671028.981
2011-08-15,10.7298,9.9825,1.816,0.6121,0.571,2.9022,2.1073,2696860.9827
2011-08-16,10.7812,10.0303,1.8247,0.615,0.5737,2.8884,2.0972,2709776.9836
2011-08-17,10.6784,9.9347,1.8073,0.6091,0.5683,2.9162,2.1174,2683944.9818
2011-08-18,10.4112,9.686,1.7621,0.5939,0.5541,2.991,2.1718,2616781.7773
2011-08-19,10.3804,9.6574,1.7569,0.5921,0.5524,2.9999,2.1782,2609032.1768
2011-08-22,10.1748,9.4661,1.7221,0.5804,0.5415,3.0605,2.2222,2557368.1733
2011-08-23,10.3187,9.6,1.7464,0.5886,0.5491,3.0178,2.1912,2593532.9757
2011-08-24,10.3392,9.6191,1.7499,0.5898,0.5502,3.0118,2.1869,2598699.3761
2011-08-25,10.7709,10.0207,1.823,0.6144,0.5732,2.8911,2.0992,2707193.7834
2011-08-26,10.8942,9.6617,1.7557,0.6214,0.5512,2.8584,2.0755,2738192.1855
2011-08-29,10.6681,9.4612,1.7193,0.6085,0.5398,2.919,2.1195,2681361.7817
2011-08-30,10.6681,9.4612,1.7193,0.6085,0.5398,2.919,2.1195,2681361.7817
2011-08-31,10.7606,9.5432,1.7342,0.6138,0.5444,2.8939,2.1012,2704610.5832
2011-09-01,10.7401,9.525,1.7309,0.6126,0.5434,2.8994,2.1053,2699444.1829
2011-09-02,10.7298,9.5159,1.7292,0.6121,0.5429,2.9022,2.1073,2696860.9827
2011-09-05,10.4523,9.2698,1.6845,0.5962,0.5288,2.9792,2.1632,2627114.578
2011-09-06,10.1029,8.9599,1.6282,0.5763,0.5112,3.0823,2.238,2539285.772
2011-09-07,10.2262,9.0693,1.6481,0.5833,0.5174,3.0451,2.2111,2570284.1741
2011-09-08,10.1645,9.0146,1.6381,0.5798,0.5143,3.0636,2.2245,2554784.9731
2011-09-09,10.0206,8.887,1.615,0.5716,0.507,3.1076,2.2564,2518620.1706
2011-09-13,10.1954,9.0419,1.6431,0.5816,0.5158,3.0543,2.2177,2562534.5736
2011-09-14,10.2365,9.0784,1.6497,0.5839,0.5179,3.0421,2.2088,2572867.3743
2011-09-15,10.3701,9.1969,1.6713,0.5915,0.5247,3.0029,2.1804,2606448.9766
2011-09-16,10.3804,9.206,1.6729,0.5921,0.5252,2.9999,2.1782,2609032.1768
2011-09-19,10.2776,9.1148,1.6564,0.5863,0.52,3.0299,2.2,2583200.175
2011-09-20,10.5345,9.3427,1.6978,0.6009,0.533,2.956,2.1463,2647780.1794
2011-09-21,10.9456,9.7073,1.764,0.6244,0.5538,2.845,2.0657,2751108.1864
2011-09-22,10.5448,9.3518,1.6994,0.6015,0.5335,2.9531,2.1442,2650363.3796
2011-09-23,10.4112,9.2333,1.6779,0.5939,0.5268,2.991,2.1718,2616781.7773
2011-09-26,10.3495,9.1786,1.668,0.5904,0.5236,3.0088,2.1847,2601282.5762
2011-09-27,10.7195,9.5068,1.7276,0.6115,0.5424,2.905,2.1093,2694277.7825
2011-09-28,10.4934,9.3063,1.6911,0.5986,0.5309,2.9676,2.1548,2637447.3787
2011-09-29,10.5037,9.3154,1.6928,0.5992,0.5314,2.9647,2.1526,2640030.5789
2011-09-30,10.5448,9.3518,1.6994,0.6015,0.5335,2.9531,2.1442,2650363.3796
2011-10-10,10.4112,9.2333,1.6779,0.5939,0.5268,2.991,2.1718,2616781.7773
2011-10-11,9.7534,8.65,1.5719,0.5564,0.4935,3.1927,2.3182,2451456.9661
2011-10-12,10.1337,8.9872,1.6332,0.578,0.5127,3.0729,2.2312,2547035.3726
2011-10-13,10.1851,9.0328,1.6415,0.581,0.5153,3.0574,2.22,2559951.3734
2011-10-14,10.1954,9.0419,1.6431,0.5816,0.5158,3.0543,2.2177,2562534.5736
2011-10-17,10.329,9.1604,1.6646,0.5892,0.5226,3.0148,2.1891,2596116.1759
2011-10-18,10.0412,8.9052,1.6183,0.5728,0.508,3.1012,2.2518,2523786.571
2011-10-19,9.8254,8.7138,1.5835,0.5605,0.4971,3.1693,2.3013,2469539.3673
2011-10-20,9.8356,8.7229,1.5851,0.561,0.4976,3.166,2.2989,2472122.5675
2011-10-21,9.8665,8.7503,1.5901,0.5628,0.4992,3.1561,2.2917,2479872.168
2011-10-24,10.1029,8.9599,1.6282,0.5763,0.5112,3.0823,2.238,2539285.772
2011-10-25,10.2159,9.0602,1.6464,0.5827,0.5169,3.0482,2.2133,2567700.974
2011-10-26,10.442,9.2607,1.6829,0.5956,0.5283,2.9822,2.1654,2624531.3778
2011-10-27,10.4523,9.2698,1.6845,0.5962,0.5288,2.9792,2.1632,2627114.578
2011-10-28,10.5345,9.3427,1.6978,0.6009,0.533,2.956,2.1463,2647780.1794
2011-10-31,10.4934,9.037,1.6426,0.5986,0.5052,2.9676,2.1548,2637447.3787
2011-11-01,10.514,9.0547,1.6458,0.5997,0.5061,2.9618,2.1505,2642613.779
2011-11-02,10.6578,9.1786,1.6683,0.6079,0.5131,2.9218,2.1215,2678778.5815
2011-11-03,10.699,9.214,1.6747,0.6103,0.515,2.9106,2.1134,2689111.3822
2011-11-04,10.6887,9.2051,1.6731,0.6097,0.5146,2.9134,2.1154,2686528.182
2011-11-07,10.3495,8.9131,1.62,0.5904,0.4982,3.0088,2.1847,2601282.5762
2011-11-08,10.2981,8.8688,1.612,0.5874,0.4958,3.0238,2.1956,2588366.5754
2011-11-09,10.3598,8.9219,1.6216,0.5909,0.4987,3.0058,2.1825,2603865.7764
2011-11-10,10.1645,8.7537,1.5911,0.5798,0.4893,3.0636,2.2245,2554784.9731
2011-11-11,10.1337,8.7272,1.5862,0.578,0.4878,3.0729,2.2312,2547035.3726
2011-11-14,10.329,8.8954,1.6168,0.5892,0.4972,3.0148,2.1891,2596116.1759
2011-11-15,10.1851,8.7714,1.5943,0.581,0.4903,3.0574,2.22,2559951.3734
2011-11-16,9.9487,8.5679,1.5573,0.5675,0.4789,3.1301,2.2727,2500537.7694
2011-11-17,9.887,8.5148,1.5476,0.564,0.476,3.1496,2.2869,2485038.5684
2011-11-18,9.959,8.5767,1.5589,0.5681,0.4794,3.1268,2.2704,2503120.9696
2011-11-21,10.0309,8.6387,1.5702,0.5722,0.4829,3.1044,2.2541,2521203.3708
2011-11-22,9.8459,8.4794,1.5412,0.5616,0.474,3.1627,2.2965,2474705.7677
2011-11-23,9.6404,8.3023,1.509,0.5499,0.4641,3.2302,2.3454,2423041.7642
2011-11-24,9.5273,8.205,1.4913,0.5435,0.4586,3.2685,2.3732,2394626.5622
2011-11-25,9.4554,8.143,1.4801,0.5394,0.4552,3.2934,2.3913,2376544.161
2011-11-28,9.4143,8.1076,1.4736,0.537,0.4532,3.3077,2.4017,2366211.3603
2011-11-29,9.4554,8.143,1.4801,0.5394,0.4552,3.2934,2.3913,2376544.161
2011-11-30,9.1882,7.9129,1.4382,0.5241,0.4423,3.3891,2.4609,2309380.9565
2011-12-01,9.5479,8.2227,1.4945,0.5446,0.4596,3.2615,2.3681,2399792.9626
2011-12-02,9.4245,8.1165,1.4752,0.5376,0.4537,3.3041,2.3991,2368794.5605
2011-12-05,9.1779,7.904,1.4366,0.5235,0.4418,3.3929,2.4636,2306797.7563
2011-12-06,9.1676,7.8952,1.435,0.5229,0.4413,3.3967,2.4664,2304214.5561
2011-12-07,9.3731,8.0722,1.4672,0.5347,0.4512,3.3223,2.4123,2355878.5596
2011-12-08,9.3012,8.0102,1.4559,0.5306,0.4478,3.348,2.4309,2337796.1584
2011-12-09,9.1059,7.8421,1.4254,0.5194,0.4384,3.4197,2.4831,2288715.3551
2011-12-12,9.0443,7.789,1.4157,0.5159,0.4354,3.4431,2.5,2273216.154
2011-12-13,8.5818,7.3907,1.3433,0.4895,0.4131,3.6286,2.6347,2156972.1461
2011-12-14,8.5304,7.3464,1.3353,0.4866,0.4107,3.6505,2.6506,2144056.1453
2011-12-15,8.479,7.3022,1.3272,0.4837,0.4082,3.6726,2.6667,2131140.1444
2011-12-16,8.8387,7.6119,1.3835,0.5042,0.4255,3.5231,2.5581,2221552.1505
2011-12-19,8.9004,7.6651,1.3932,0.5077,0.4285,3.4987,2.5404,2237051.3516
2011-12-20,9.0443,7.789,1.4157,0.5159,0.4354,3.4431,2.5,2273216.154
2011-12-21,9.0854,7.8244,1.4222,0.5183,0.4374,3.4275,2.4887,2283548.9547
2011-12-22,9.2293,7.9483,1.4447,0.5265,0.4443,3.374,2.4499,2319713.7572
2011-12-23,9.332,8.0368,1.4608,0.5323,0.4492,3.3369,2.4229,2345545.7589
2011-12-26,9.2293,7.9483,1.4447,0.5265,0.4443,3.374,2.4499,2319713.7572
2011-12-27,9.0237,7.7713,1.4125,0.5147,0.4344,3.4509,2.5057,2268049.7537
2011-12-28,9.0237,7.7713,1.4125,0.5147,0.4344,3.4509,2.5057,2268049.7537
2011-12-29,9.3423,8.0457,1.4624,0.5329,0.4497,3.3332,2.4202,2348128.9591
2011-12-30,9.517,8.1961,1.4897,0.5429,0.4582,3.272,2.3758,2392043.3621
2012-01-04,9.4965,8.1784,1.4865,0.5417,0.4572,2.381,2.381,2386876.9617
2012-01-05,9.6301,8.2935,1.5074,0.5493,0.4636,2.3479,2.3479,2420458.564
2012-01-06,9.4451,8.1342,1.4785,0.5388,0.4547,2.3939,2.3939,2373960.9608
2012-01-09,9.7329,8.382,1.5235,0.5552,0.4685,2.3231,2.3231,2446290.5657
2012-01-10,10.1131,8.7095,1.583,0.5769,0.4868,2.2358,2.2358,2541868.9722
2012-01-11,10.0309,8.6387,1.5702,0.5722,0.4829,2.2541,2.2541,2521203.3708
2012-01-12,10.2365,8.8157,1.6023,0.5839,0.4928,2.2088,2.2088,2572867.3743
2012-01-13,9.9384,8.559,1.5557,0.5669,0.4784,2.2751,2.2751,2497954.5692
2012-01-16,10.0104,8.621,1.5669,0.571,0.4819,2.2587,2.2587,2516036.9705
2012-01-17,10.5242,9.0635,1.6474,0.6003,0.5066,2.1484,2.1484,2645196.9792
2012-01-18,10.5653,9.0989,1.6538,0.6027,0.5086,2.1401,2.1401,2655529.7799
2012-01-19,10.6476,9.1697,1.6667,0.6074,0.5126,2.1236,2.1236,2676195.3813
2012-01-20,10.6681,9.1874,1.6699,0.6085,0.5136,2.1195,2.1195,2681361.7817
2012-01-30,10.3598,8.9219,1.6216,0.5909,0.4987,2.1825,2.1825,2603865.7764
2012-01-31,10.1542,8.7449,1.5895,0.5792,0.4888,2.2267,2.2267,2552201.7729
2012-02-01,10.3495,8.9131,1.62,0.5904,0.4982,2.1847,2.1847,2601282.5762
2012-02-02,10.5242,9.0635,1.6474,0.6003,0.5066,2.1484,2.1484,2645196.9792
2012-02-03,10.5962,9.1255,1.6586,0.6044,0.5101,2.1339,2.1339,2663279.3804
2012-02-06,10.6784,9.1963,1.6715,0.6091,0.5141,2.1174,2.1174,2683944.9818
2012-02-07,10.7606,9.2671,1.6844,0.6138,0.518,2.1012,2.1012,2704610.5832
2012-02-08,10.8017,9.3025,1.6908,0.6162,0.52,2.0932,2.0932,2714943.3839
2012-02-09,10.6681,9.1874,1.6699,0.6085,0.5136,2.1195,2.1195,2681361.7817
2012-02-10,10.8223,9.3202,1.694,0.6173,0.521,2.0893,2.0893,2720109.7843
2012-02-13,10.8326,9.3291,1.6956,0.6179,0.5215,2.0873,2.0873,2722692.9845
2012-02-14,10.8223,9.3202,1.694,0.6173,0.521,2.0893,2.0893,2720109.7843
2012-02-15,10.7298,9.2406,1.6796,0.6121,0.5165,2.1073,2.1073,2696860.9827
2012-02-16,10.5859,9.1166,1.657,0.6038,0.5096,2.1359,2.1359,2660696.1803
2012-02-17,10.4626,9.0104,1.6377,0.5968,0.5037,2.1611,2.1611,2629697.7782
2012-02-20,10.5242,9.0635,1.6474,0.6003,0.5066,2.1484,2.1484,2645196.9792
2012-02-21,10.6887,9.2051,1.6731,0.6097,0.5146,2.1154,2.1154,2686528.182
2012-02-22,10.9764,9.453,1.7182,0.6261,0.5284,2.0599,2.0599,2758857.7869
2012-02-23,11.0998,9.5592,1.7375,0.6332,0.5343,2.037,2.037,2789856.189
2012-02-24,11.1203,9.5769,1.7407,0.6343,0.5353,2.0333,2.0333,2795022.5894
2012-02-27,11.0278,9.4972,1.7262,0.6291,0.5309,2.0503,2.0503,2771773.7878
2012-02-28,10.9867,9.4618,1.7198,0.6267,0.5289,2.058,2.058,2761440.9871
2012-02-29,10.812,9.3114,1.6924,0.6167,0.5205,2.0913,2.0913,2717526.5841
2012-03-01,10.9353,9.4176,1.7117,0.6238,0.5264,2.0677,2.0677,2748524.9862
2012-03-02,11.2642,9.7008,1.7632,0.6425,0.5423,2.0073,2.0073,2831187.3918
2012-03-05,11.1203,9.5769,1.7407,0.6343,0.5353,2.0333,2.0333,2795022.5894
2012-03-06,11.0998,9.5592,1.7375,0.6332,0.5343,2.037,2.037,2789856.189
2012-03-07,11.0176,9.4884,1.7246,0.6285,0.5304,2.0522,2.0522,2769190.5876
2012-03-08,11.1409,9.5946,1.7439,0.6355,0.5363,2.0295,2.0295,2800188.9897
2012-03-09,11.2026,9.6477,1.7536,0.639,0.5393,2.0183,2.0183,2815688.1908
2012-03-12,10.9148,9.3999,1.7085,0.6226,0.5254,2.0716,2.0716,2743358.5859
2012-03-13,10.8942,9.3822,1.7053,0.6214,0.5244,2.0755,2.0755,2738192.1855
2012-03-14,10.5037,9.0458,1.6442,0.5992,0.5056,2.1526,2.1526,2640030.5789
2012-03-15,10.4112,8.9662,1.6297,0.5939,0.5012,2.1718,2.1718,2616781.7773
2012-03-16,10.5859,9.1166,1.657,0.6038,0.5096,2.1359,2.1359,2660696.1803
2012-03-19,10.5756,9.1078,1.6554,0.6033,0.5091,2.138,2.138,2658112.9801
2012-03-20,10.2981,8.8688,1.612,0.5874,0.4958,2.1956,2.1956,2588366.5754
2012-03-21,10.3084,8.8777,1.6136,0.588,0.4962,2.1934,2.1934,2590949.7755
2012-03-22,10.2467,8.8245,1.6039,0.5845,0.4933,2.2066,2.2066,2575450.5745
2012-03-23,10.1234,8.7183,1.5846,0.5775,0.4873,2.2335,2.2335,2544452.1724
2012-03-26,8.4568,8.4568,1.5266,0.4836,0.4836,2.2472,2.2472,2528952.9713
2012-03-27,8.4654,8.4654,1.5281,0.4841,0.4841,2.2449,2.2449,2531536.1715
2012-03-28,8.2494,8.2494,1.4891,0.4717,0.4717,2.3037,2.3037,2466956.1671
2012-03-29,8.4136,8.4136,1.5188,0.4811,0.4811,2.2587,2.2587,2516036.9705
2012-03-30,8.6382,8.6382,1.5593,0.4939,0.4939,2.2,2.2,2583200.175
2012-04-05,8.88,8.88,1.603,0.5078,0.5078,2.1401,2.1401,2655529.7799
2012-04-06,8.7159,8.7159,1.5733,0.4984,0.4984,2.1804,2.1804,2606448.9766
2012-04-09,8.5431,8.5431,1.5421,0.4885,0.4885,2.2245,2.2245,2554784.9731
2012-04-10,8.7505,8.7505,1.5796,0.5004,0.5004,2.1718,2.1718,2616781.7773
2012-04-11,8.8109,8.8109,1.5905,0.5038,0.5038,2.1569,2.1569,2634864.1785
2012-04-12,8.8973,8.8973,1.6061,0.5087,0.5087,2.1359,2.1359,2660696.1803
2012-04-13,8.9232,8.9232,1.6108,0.5102,0.5102,2.1297,2.1297,2668445.7808
2012-04-16,9.0355,9.0355,1.631,0.5167,0.5167,2.1033,2.1033,2702027.3831
2012-04-17,8.9146,8.9146,1.6092,0.5097,0.5097,2.1318,2.1318,2665862.5806
2012-04-18,9.0269,9.0269,1.6295,0.5162,0.5162,2.1053,2.1053,2699444.1829
2012-04-19,8.9146,8.9146,1.6092,0.5097,0.5097,2.1318,2.1318,2665862.5806
2012-04-20,9.0269,8.9549,1.5468,0.5162,0.5059,2.1053,2.1053,2699444.1829
2012-04-23,8.9837,8.912,1.5394,0.5137,0.5035,2.1154,2.1154,2686528.182
2012-04-24,9.0096,8.9378,1.5438,0.5152,0.5049,2.1093,2.1093,2694277.7825
2012-04-25,9.0614,8.9892,1.5527,0.5181,0.5079,2.0972,2.0972,2709776.9836
2012-04-26,8.9751,8.9035,1.5379,0.5132,0.503,2.1174,2.1174,2683944.9818
2012-04-27,8.9491,8.8778,1.5334,0.5117,0.5016,2.1236,2.1236,2676195.3813
2012-05-02,9.1565,9.0834,1.569,0.5236,0.5132,2.0755,2.0755,2738192.1855
2012-05-03,9.2774,9.2034,1.5897,0.5305,0.52,2.0484,2.0484,2774356.988
2012-05-04,9.3119,9.2377,1.5956,0.5325,0.5219,2.0408,2.0408,2784689.7887
2012-05-07,9.2688,9.1948,1.5882,0.53,0.5195,2.0503,2.0503,2771773.7878
2012-05-08,9.1478,9.0749,1.5675,0.5231,0.5127,2.0774,2.0774,2735608.9853
2012-05-09,8.8887,8.8178,1.5231,0.5083,0.4982,2.138,2.138,2658112.9801
2012-05-10,8.8368,8.7664,1.5142,0.5053,0.4953,2.1505,2.1505,2642613.779
2012-05-11,8.7764,8.7064,1.5038,0.5018,0.4919,2.1654,2.1654,2624531.3778
2012-05-14,8.7677,8.6978,1.5024,0.5013,0.4914,2.1675,2.1675,2621948.1776
2012-05-15,8.7073,8.6378,1.492,0.4979,0.488,2.1825,2.1825,2603865.7764
2012-05-16,8.595,8.5264,1.4728,0.4915,0.4817,2.2111,2.2111,2570284.1741
2012-05-17,8.88,8.8092,1.5216,0.5078,0.4977,2.1401,2.1401,2655529.7799
2012-05-18,8.6727,8.6036,1.4861,0.4959,0.4861,2.1912,2.1912,2593532.9757
2012-05-21,8.7418,8.6721,1.4979,0.4999,0.4899,2.1739,2.1739,2614198.5771
2012-05-22,8.7937,8.7235,1.5068,0.5028,0.4928,2.1611,2.1611,2629697.7782
2012-05-23,8.6382,8.5693,1.4802,0.4939,0.4841,2.2,2.2,2583200.175
2012-05-24,8.5604,8.4921,1.4668,0.4895,0.4798,2.22,2.22,2559951.3734
2012-05-28,8.7332,8.6635,1.4964,0.4994,0.4895,2.1761,2.1761,2611615.3769
2012-05-29,8.785,8.715,1.5053,0.5023,0.4924,2.1632,2.1632,2627114.578
2012-05-30,8.69,8.6207,1.489,0.4969,0.487,2.1869,2.1869,2598699.3761
2012-05-31,8.7073,8.6378,1.492,0.4979,0.488,2.1825,2.1825,2603865.7764
2012-06-01,8.7073,8.6378,1.492,0.4979,0.488,2.1825,2.1825,2603865.7764
2012-06-04,8.4827,8.415,1.4535,0.485,0.4754,2.2403,2.2403,2536702.5719
2012-06-05,8.3877,8.3208,1.4372,0.4796,0.4701,2.2657,2.2657,2508287.3699
2012-06-06,8.3358,8.2693,1.4283,0.4766,0.4672,2.2798,2.2798,2492788.1689
2012-06-07,8.1976,8.1322,1.4047,0.4687,0.4594,2.3182,2.3182,2451456.9661
2012-06-08,8.189,8.1237,1.4032,0.4682,0.459,2.3207,2.3207,2448873.7659
2012-06-11,8.379,8.3122,1.4357,0.4791,0.4696,2.268,2.268,2505704.1698
2012-06-12,8.2322,8.1665,1.4106,0.4707,0.4614,2.3085,2.3085,2461789.7668
2012-06-13,8.3272,8.2608,1.4269,0.4761,0.4667,2.2822,2.2822,2490204.9687
2012-06-14,8.2754,8.2094,1.418,0.4732,0.4638,2.2965,2.2965,2474705.7677
2012-06-15,8.4308,8.3636,1.4446,0.4821,0.4725,2.2541,2.2541,2521203.3708
2012-06-18,8.5,8.4322,1.4565,0.486,0.4764,2.2358,2.2358,2541868.9722
2012-06-19,8.5086,8.4407,1.4579,0.4865,0.4769,2.2335,2.2335,2544452.1724
2012-06-20,8.4481,8.3807,1.4476,0.4831,0.4735,2.2495,2.2495,2526369.7712
2012-06-21,8.1976,8.1322,1.4047,0.4687,0.4594,2.3182,,2451456.9661
2012-06-25,7.7312,7.6695,1.3863,0.4421,0.4333,2.4581,3.352,2311964.1566
2012-06-26,7.7312,7.6695,1.3863,0.4421,0.4333,2.4581,3.352,2311964.1566
2012-06-27,7.7743,7.7123,1.394,0.4445,0.4357,2.4444,3.3333,2324880.1575
2012-06-28,7.6621,7.6009,1.3739,0.4381,0.4294,2.4803,3.3822,2291298.5552
2012-06-29,7.7484,7.6866,1.3894,0.4431,0.4343,2.4526,3.3445,2317130.557
2012-07-02,7.2042,7.1468,1.2918,0.4119,0.4038,2.6379,3.5971,2154388.946
2012-07-03,7.2301,7.1725,1.2965,0.4134,0.4052,2.6284,3.5842,2162138.5465
2012-07-04,7.2647,7.2068,1.3027,0.4154,0.4072,2.6159,3.5672,2172471.3472
2012-07-05,7.2733,7.2153,1.3042,0.4159,0.4076,2.6128,3.5629,2175054.5474
2012-07-06,7.4375,7.3781,1.3336,0.4253,0.4168,2.5552,3.4843,2224135.3507
2012-07-09,7.2301,7.1725,1.2965,0.4134,0.4052,2.6284,3.5842,2162138.5465
2012-07-10,7.2474,7.1896,1.2996,0.4144,0.4062,2.6222,3.5757,2167304.9468
2012-07-11,7.1697,7.1125,1.2856,0.41,0.4018,2.6506,3.6145,2144056.1453
2012-07-12,7.1697,7.1125,1.2856,0.41,0.4018,2.6506,3.6145,2144056.1453
2012-07-13,7.0401,6.984,1.2624,0.4026,0.3946,2.6994,3.681,2105308.1426
2012-07-16,7.0487,6.9925,1.2639,0.403,0.3951,2.6961,3.6765,2107891.3428
2012-07-17,7.1524,7.0954,1.2825,0.409,0.4009,2.657,3.6232,2138889.7449
2012-07-18,7.3684,7.3096,1.3212,0.4213,0.413,2.5791,3.517,2203469.7493
2012-07-19,7.7225,7.6609,1.3847,0.4416,0.4328,2.4609,3.3557,2309380.9565
2012-07-20,7.5325,7.4724,1.3507,0.4307,0.4222,2.5229,3.4404,2252550.5526
2012-07-23,7.4029,7.3439,1.3274,0.4233,0.4149,2.5671,3.5006,2213802.55
2012-07-24,7.567,7.5067,1.3569,0.4327,0.4241,2.5114,3.4247,2262883.3533
2012-07-25,7.5757,7.5153,1.3584,0.4332,0.4246,2.5086,3.4208,2265466.5535
2012-07-26,7.5757,7.5153,1.3584,0.4332,0.4246,2.5086,3.4208,2265466.5535
2012-07-27,7.7052,7.6438,1.3816,0.4406,0.4318,2.4664,3.3632,2304214.5561
2012-07-30,7.6966,7.6352,1.3801,0.4401,0.4314,2.4691,3.367,2301631.3559
2012-07-31,7.6707,7.6095,1.3755,0.4386,0.4299,2.4775,3.3784,2293881.7554
2012-08-01,7.5929,7.5324,1.3615,0.4342,0.4256,2.5028,3.413,2270632.9538
2012-08-02,7.5584,7.4981,1.3553,0.4322,0.4236,2.5143,3.4286,2260300.1531
2012-08-03,7.2129,7.1553,1.2934,0.4124,0.4043,2.6347,3.5928,2156972.1461
2012-08-06,7.3165,7.2582,1.3119,0.4184,0.4101,2.5974,3.5419,2187970.5482
2012-08-07,7.3079,7.2496,1.3104,0.4179,0.4096,2.6005,3.5461,2185387.3481
2012-08-08,7.3424,7.2839,1.3166,0.4198,0.4115,2.5882,3.5294,2195720.1488
2012-08-09,7.5498,7.4895,1.3538,0.4317,0.4231,2.5172,3.4325,2257716.953
2012-08-10,7.5325,7.4724,1.3507,0.4307,0.4222,2.5229,3.4404,2252550.5526
2012-08-13,7.5066,7.4467,1.346,0.4292,0.4207,2.5316,3.4522,2244800.9521
2012-08-14,7.4547,7.3953,1.3367,0.4263,0.4178,2.5492,3.4762,2229301.751
2012-08-15,7.4202,7.361,1.3305,0.4243,0.4159,2.5611,3.4924,2218968.9503
2012-08-16,7.3597,7.301,1.3197,0.4208,0.4125,2.5822,3.5211,2200886.5491
2012-08-17,7.2993,7.241,1.3088,0.4174,0.4091,2.6036,3.5503,2182804.1479
2012-08-20,7.2561,7.1982,1.3011,0.4149,0.4067,2.619,3.5714,2169888.147
2012-08-21,7.2733,7.2153,1.3042,0.4159,0.4076,2.6128,3.5629,2175054.5474
2012-08-22,7.3079,7.2496,1.3104,0.4179,0.4096,2.6005,3.5461,2185387.3481
2012-08-23,7.4288,7.3696,1.3321,0.4248,0.4164,2.5581,3.4884,2221552.1505
2012-08-24,7.4461,7.2925,1.2783,0.4258,0.4081,2.5522,3.4803,2226718.5509
2012-08-27,7.2388,7.0895,1.2427,0.4139,0.3968,2.6253,3.58,2164721.7467
2012-08-28,7.2388,7.0895,1.2427,0.4139,0.3968,2.6253,3.58,2164721.7467
2012-08-29,7.2474,7.0979,1.2442,0.4144,0.3973,2.6222,3.5757,2167304.9468
2012-08-30,7.2129,7.0641,1.2382,0.4124,0.3954,2.6347,3.5928,2156972.1461
2012-08-31,7.2129,7.0641,1.2382,0.4124,0.3954,2.6347,3.5928,2156972.1461
2012-09-03,7.2993,7.1487,1.2531,0.4174,0.4001,2.6036,3.5503,2182804.1479
2012-09-04,7.2993,7.1487,1.2531,0.4174,0.4001,2.6036,3.5503,2182804.1479
2012-09-05,7.1006,6.9541,1.219,0.406,0.3892,2.6764,3.6496,2123390.5439
2012-09-06,7.161,7.0133,1.2293,0.4095,0.3925,2.6538,3.6188,2141472.9451
2012-09-07,7.3684,7.2164,1.2649,0.4213,0.4039,2.5791,3.517,2203469.7493
2012-09-10,7.5929,7.4363,1.3035,0.4342,0.4162,2.5028,3.413,2270632.9538
2012-09-11,7.6189,7.4617,1.3079,0.4356,0.4176,2.4943,3.4014,2278382.5544
2012-09-12,7.5411,7.3856,1.2946,0.4312,0.4134,2.52,3.4364,2255133.7528
2012-09-13,7.5584,7.4025,1.2976,0.4322,0.4143,2.5143,3.4286,2260300.1531
2012-09-14,7.7657,7.6055,1.3331,0.444,0.4257,2.4472,3.337,2322296.9573
2012-09-17,7.6707,7.5125,1.3168,0.4386,0.4205,2.4775,3.3784,2293881.7554
2012-09-18,7.5584,7.4025,1.2976,0.4322,0.4143,2.5143,3.4286,2260300.1531
2012-09-19,7.8435,7.6817,1.3465,0.4485,0.4299,2.4229,3.304,2345545.7589
2012-09-20,7.5498,7.394,1.2961,0.4317,0.4138,2.5172,3.4325,2257716.953
2012-09-21,7.6534,7.4955,1.3139,0.4376,0.4195,2.4831,3.386,2288715.3551
2012-09-24,7.5498,7.394,1.2961,0.4317,0.4138,2.5172,3.4325,2257716.953
2012-09-25,7.7312,7.5717,1.3272,0.4421,0.4238,2.4581,3.352,2311964.1566
2012-09-26,7.688,7.5294,1.3198,0.4396,0.4214,2.4719,3.3708,2299048.1558
2012-09-27,7.8607,7.6986,1.3495,0.4495,0.4309,2.4176,3.2967,2350712.1593
2012-09-28,8.189,8.0201,1.4058,0.4682,0.4489,2.3207,3.1646,2448873.7659
2012-10-08,8.1199,7.9524,1.3939,0.4643,0.4451,2.3404,3.1915,2428208.1645
2012-10-09,8.3013,8.13,1.4251,0.4747,0.455,2.2893,3.1217,2482455.3682
2012-10-10,8.1717,8.0031,1.4028,0.4673,0.4479,2.3256,3.1712,2443707.3656
2012-10-11,7.9644,7.8001,1.3672,0.4554,0.4366,2.3861,3.2538,2381710.5614
2012-10-12,8.0594,7.8932,1.3836,0.4608,0.4418,2.358,3.2154,2410125.7633
2012-10-15,8.0249,7.8593,1.3776,0.4589,0.4399,2.3681,3.2293,2399792.9626
2012-10-16,7.9039,7.7409,1.3569,0.4519,0.4332,2.4044,3.2787,2363628.1601
2012-10-17,8.0076,7.8424,1.3747,0.4579,0.4389,2.3732,3.2362,2394626.5622
2012-10-18,8.1199,7.9524,1.3939,0.4643,0.4451,2.3404,3.1915,2428208.1645
2012-10-19,8.0853,7.9185,1.388,0.4623,0.4432,2.3504,3.2051,2417875.3638
2012-10-22,8.0594,7.8932,1.3836,0.4608,0.4418,2.358,3.2154,2410125.7633
2012-10-23,8.0076,7.8424,1.3747,0.4579,0.4389,2.3732,3.2362,2394626.5622
2012-10-24,8.0076,7.8424,1.3747,0.4579,0.4389,2.3732,3.2362,2394626.5622
2012-10-25,7.7398,7.5801,1.3287,0.4426,0.4242,2.4554,3.3482,2314547.3568
2012-10-26,7.6016,7.4448,1.305,0.4347,0.4167,2.5,3.4091,2273216.154
2012-10-29,7.6361,7.4393,1.2651,0.4366,0.4071,2.4887,3.3937,2283548.9547
2012-10-30,7.567,7.3719,1.2537,0.4327,0.4034,2.5114,3.4247,2262883.3533
2012-10-31,7.6534,7.4561,1.268,0.4376,0.408,2.4831,3.386,2288715.3551
2012-11-01,7.7916,7.5907,1.2909,0.4455,0.4153,2.439,3.3259,2330046.5579
2012-11-02,7.783,7.5823,1.2894,0.445,0.4149,2.4417,3.3296,2327463.3577
2012-11-05,7.567,7.3719,1.2537,0.4327,0.4034,2.5114,3.4247,2262883.3533
2012-11-06,7.6275,7.4308,1.2637,0.4361,0.4066,2.4915,3.3975,2280965.7545
2012-11-07,8.0162,7.8095,1.3281,0.4584,0.4273,2.3707,3.2328,2397209.7624
2012-11-08,7.8866,7.6833,1.3066,0.451,0.4204,2.4096,3.2859,2358461.7598
2012-11-09,7.7571,7.5571,1.2851,0.4436,0.4135,2.4499,3.3408,2319713.7572
2012-11-12,7.8607,7.6581,1.3023,0.4495,0.419,2.4176,3.2967,2350712.1593
2012-11-13,7.7484,7.5487,1.2837,0.4431,0.413,2.4526,3.3445,2317130.557
2012-11-14,7.7916,7.5907,1.2909,0.4455,0.4153,2.439,3.3259,2330046.5579
2012-11-15,7.6621,7.4645,1.2694,0.4381,0.4084,2.4803,3.3822,2291298.5552
2012-11-16,7.7052,7.5066,1.2766,0.4406,0.4107,2.4664,3.3632,2304214.5561
2012-11-19,7.6707,7.4729,1.2708,0.4386,0.4089,2.4775,3.3784,2293881.7554
2012-11-20,7.6275,7.4308,1.2637,0.4361,0.4066,2.4915,3.3975,2280965.7545
2012-11-21,7.7312,7.5318,1.2808,0.4421,0.4121,2.4581,3.352,2311964.1566
2012-11-22,7.783,7.5823,1.2894,0.445,0.4149,2.4417,3.3296,2327463.3577
2012-11-23,7.9298,7.7254,1.3138,0.4534,0.4227,2.3965,3.268,2371377.7607
2012-11-26,7.8607,7.6581,1.3023,0.4495,0.419,2.4176,3.2967,2350712.1593
2012-11-27,7.7657,7.5655,1.2866,0.444,0.414,2.4472,3.337,2322296.9573
2012-11-28,7.7139,7.515,1.278,0.4411,0.4112,2.4636,3.3595,2306797.7563
2012-11-29,7.8089,7.6076,1.2937,0.4465,0.4163,2.4336,3.3186,2335212.9582
2012-11-30,8.0162,7.8095,1.3281,0.4584,0.4273,2.3707,3.2328,2397209.7624
2012-12-03,7.9298,7.7254,1.3138,0.4534,0.4227,2.3965,3.268,2371377.7607
2012-12-04,8.1112,7.9021,1.3438,0.4638,0.4324,2.3429,3.1949,2425624.9643
2012-12-05,8.2494,8.0368,1.3667,0.4717,0.4397,2.3037,3.1414,2466956.1671
2012-12-06,8.2494,8.0368,1.3667,0.4717,0.4397,2.3037,3.1414,2466956.1671
2012-12-07,8.2754,8.062,1.371,0.4732,0.4411,2.2965,3.1315,2474705.7677
2012-12-10,8.4654,8.2471,1.4025,0.4841,0.4513,2.2449,3.0612,2531536.1715
2012-12-11,8.4308,8.2135,1.3968,0.4821,0.4494,2.2541,3.0738,2521203.3708
2012-12-12,8.4222,8.2051,1.3953,0.4816,0.449,2.2564,3.0769,2518620.1706
2012-12-13,8.3445,8.1293,1.3825,0.4771,0.4448,2.2774,3.1056,2495371.3691
2012-12-14,8.7073,8.4828,1.4426,0.4979,0.4641,2.1825,2.9762,2603865.7764
2012-12-17,8.69,8.4659,1.4397,0.4969,0.4632,2.1869,2.9821,2598699.3761
2012-12-18,8.6382,8.4155,1.4311,0.4939,0.4605,2.2,3.0,2583200.175
2012-12-19,8.7245,8.4996,1.4454,0.4989,0.4651,2.1782,2.9703,2609032.1768
2012-12-20,8.785,8.5585,1.4554,0.5023,0.4683,2.1632,2.9499,2627114.578
2012-12-21,8.9319,8.7016,1.4798,0.5107,0.4761,2.1277,2.9014,2671028.981
2012-12-24,9.0701,8.8362,1.5027,0.5186,0.4835,2.0952,2.8571,2712360.1838
2012-12-25,9.1478,8.912,1.5156,0.5231,0.4876,2.0774,2.8329,2735608.9853
2012-12-26,9.001,8.7689,1.4912,0.5147,0.4798,2.1113,2.8791,2691694.5824
2012-12-27,9.1651,8.9288,1.5184,0.5241,0.4886,2.0735,2.8275,2740775.3857
2012-12-28,9.407,9.1644,1.5585,0.5379,0.5014,2.0202,2.7548,2813104.9906
2012-12-31,9.6575,9.4085,1.6,0.5522,0.5148,1.9678,2.6834,2888017.7957
2013-01-04,9.4156,9.1728,1.5599,0.5384,0.5019,2.7523,2.7523,2815688.1908
2013-01-07,9.3033,9.0634,1.5413,0.532,0.4959,2.7855,2.7855,2782106.5885
2013-01-08,9.2428,9.0045,1.5313,0.5285,0.4927,2.8037,2.8037,2764024.1873
2013-01-09,9.1651,8.9288,1.5184,0.5241,0.4886,2.8275,2.8275,2740775.3857
2013-01-10,9.1565,8.9204,1.517,0.5236,0.4881,2.8302,2.8302,2738192.1855
2013-01-11,9.0787,8.8446,1.5041,0.5191,0.4839,2.8544,2.8544,2714943.3839
2013-01-14,9.3379,9.0971,1.547,0.5339,0.4978,2.7752,2.7752,2792439.3892
2013-01-15,9.2428,9.0045,1.5313,0.5285,0.4927,2.8037,2.8037,2764024.1873
2013-01-16,8.8023,8.5753,1.4583,0.5033,0.4692,2.9441,2.9441,2632280.9783
2013-01-17,8.7159,8.4912,1.444,0.4984,0.4646,2.9732,2.9732,2606448.9766
2013-01-18,9.0528,8.8194,1.4998,0.5176,0.4826,2.8626,2.8626,2707193.7834
2013-01-21,8.8887,8.6595,1.4726,0.5083,0.4738,2.9155,2.9155,2658112.9801
2013-01-22,8.7332,8.508,1.4469,0.4994,0.4655,2.9674,2.9674,2611615.3769
2013-01-23,8.785,8.5585,1.4554,0.5023,0.4683,2.9499,2.9499,2627114.578
2013-01-24,8.6641,8.4407,1.4354,0.4954,0.4618,2.991,2.991,2590949.7755
2013-01-25,8.7591,8.5333,1.4512,0.5008,0.4669,2.9586,2.9586,2619364.9775
2013-01-28,9.0096,8.7773,1.4927,0.5152,0.4803,2.8763,2.8763,2694277.7825
2013-01-29,8.9751,8.7437,1.4869,0.5132,0.4784,2.8874,2.8874,2683944.9818
2013-01-30,8.8628,8.6343,1.4683,0.5068,0.4724,2.924,2.924,2650363.3796
2013-01-31,8.7505,8.5249,1.4497,0.5004,0.4665,2.9615,2.9615,2616781.7773
2013-02-01,8.7937,8.5669,1.4569,0.5028,0.4688,2.947,2.947,2629697.7782
2013-02-04,8.8196,8.5922,1.4612,0.5043,0.4701,2.9383,2.9383,2637447.3787
2013-02-05,9.0355,8.8026,1.4969,0.5167,0.4816,2.8681,2.8681,2702027.3831
2013-02-06,9.0442,8.811,1.4984,0.5171,0.4821,2.8653,2.8653,2704610.5832
2013-02-07,8.9405,8.71,1.4812,0.5112,0.4766,2.8986,2.8986,2673612.1811
2013-02-08,9.3206,9.0803,1.5442,0.533,0.4968,2.7804,2.7804,2787272.9888
2013-02-18,9.3638,9.1224,1.5513,0.5354,0.4991,2.7675,2.7675,2800188.9897
2013-02-19,9.0442,8.811,1.4984,0.5171,0.4821,2.8653,2.8653,2704610.5832
2013-02-20,9.0182,8.7857,1.4941,0.5157,0.4807,2.8736,2.8736,2696860.9827
2013-02-21,8.7332,8.508,1.4469,0.4994,0.4655,2.9674,2.9674,2611615.3769
2013-02-22,8.4222,8.2051,1.3953,0.4816,0.449,3.0769,3.0769,2518620.1706
2013-02-25,8.4395,8.2219,1.3982,0.4826,0.4499,3.0706,3.0706,2523786.571
2013-02-26,8.379,8.163,1.3882,0.4791,0.4467,3.0928,3.0928,2505704.1698
2013-02-27,8.4395,8.2219,1.3982,0.4826,0.4499,3.0706,3.0706,2523786.571
2013-02-28,8.6382,8.4155,1.4311,0.4939,0.4605,3.0,3.0,2583200.175
2013-03-01,8.5259,8.3061,1.4125,0.4875,0.4545,3.0395,3.0395,2549618.5727
2013-03-04,8.1285,7.9189,1.3467,0.4648,0.4333,3.1881,3.1881,2430791.3647
2013-03-05,8.1976,7.9863,1.3581,0.4687,0.437,3.1612,3.1612,2451456.9661
2013-03-06,8.3186,8.1041,1.3782,0.4757,0.4434,3.1153,3.1153,2487621.7685
2013-03-07,8.2235,8.0115,1.3624,0.4702,0.4384,3.1513,3.1513,2459206.5666
2013-03-08,8.2667,8.0536,1.3696,0.4727,0.4407,3.1348,3.1348,2472122.5675
2013-03-11,8.1199,7.9105,1.3452,0.4643,0.4328,3.1915,3.1915,2428208.1645
2013-03-12,8.0335,7.8264,1.3309,0.4594,0.4282,3.2258,3.2258,2402376.1628
2013-03-13,7.9212,7.717,1.3123,0.4529,0.4222,3.2715,3.2715,2368794.5605
2013-03-14,8.0162,7.8095,1.3281,0.4584,0.4273,3.2328,3.2328,2397209.7624
2013-03-15,7.9989,7.7927,1.3252,0.4574,0.4264,3.2397,3.2397,2392043.3621
2013-03-18,7.9298,7.7254,1.3138,0.4534,0.4227,3.268,3.268,2371377.7607
2013-03-19,8.0162,7.8095,1.3281,0.4584,0.4273,3.2328,3.2328,2397209.7624
2013-03-20,8.2408,8.0283,1.3653,0.4712,0.4393,3.1447,3.1447,2464372.967
2013-03-21,8.2494,8.0368,1.3667,0.4717,0.4397,3.1414,3.1414,2466956.1671
2013-03-22,8.3358,8.1209,1.381,0.4766,0.4443,3.1088,3.1088,2492788.1689
2013-03-25,7.7404,7.7404,1.2467,0.415,0.415,3.2258,3.2258,2402376.1628
2013-03-26,7.6572,7.6572,1.2333,0.4105,0.4105,3.2609,3.2609,2376544.161
2013-03-27,7.6821,7.6821,1.2373,0.4119,0.4119,3.2503,3.2503,2384293.7615
2013-03-28,7.5906,7.5906,1.2225,0.407,0.407,3.2895,3.2895,2355878.5596
2013-03-29,7.6072,7.6072,1.2252,0.4079,0.4079,3.2823,3.2823,2361044.96
2013-04-01,7.5406,7.5406,1.2145,0.4043,0.4043,3.3113,3.3113,2340379.3586
2013-04-02,7.5739,7.5739,1.2199,0.4061,0.4061,3.2967,3.2967,2350712.1593
2013-04-03,7.5157,7.5157,1.2105,0.4029,0.4029,3.3223,3.3223,2332629.758
2013-04-08,7.524,7.524,1.2118,0.4034,0.4034,3.3186,3.3186,2335212.9582
2013-04-09,7.6988,7.6988,1.24,0.4128,0.4128,3.2432,3.2432,2389460.1619
2013-04-10,7.6821,7.6821,1.2373,0.4119,0.4119,3.2503,3.2503,2384293.7615
2013-04-11,7.5656,7.5656,1.2185,0.4056,0.4056,3.3003,3.3003,2348128.9591
2013-04-12,7.5906,7.5906,1.2225,0.407,0.407,3.2895,3.2895,2355878.5596
2013-04-15,7.549,7.549,1.2158,0.4047,0.4047,3.3076,3.3076,2342962.5587
2013-04-16,7.6572,7.6572,1.2333,0.4105,0.4105,3.2609,3.2609,2376544.161
2013-04-17,7.7154,7.7154,1.2427,0.4137,0.4137,3.2362,3.2362,2394626.5622
2013-04-18,7.7321,7.7321,1.2453,0.4145,0.4145,3.2293,3.2293,2399792.9626
2013-04-19,7.7903,7.7903,1.2547,0.4177,0.4177,3.2051,3.2051,2417875.3638
2013-04-22,7.782,7.782,1.2534,0.4172,0.4172,3.2086,3.2086,2415292.1636
2013-04-23,7.5822,7.5822,1.2212,0.4065,0.4065,3.2931,3.2931,2353295.3594
2013-04-24,7.5656,7.5656,1.2185,0.4056,0.4056,3.3003,3.3003,2348128.9591
2013-04-25,7.5406,7.4215,1.1494,0.4043,0.3889,3.3113,3.3113,2340379.3586
2013-04-26,7.5406,7.4215,1.1494,0.4043,0.3889,3.3113,3.3113,2340379.3586
2013-05-02,7.549,7.4296,1.1507,0.4047,0.3893,3.3076,3.3076,2342962.5587
2013-05-03,7.5906,7.4706,1.157,0.407,0.3914,3.2895,3.2895,2355878.5596
2013-05-06,7.6988,7.5771,1.1735,0.4128,0.397,3.2432,3.2432,2389460.1619
2013-05-07,7.7321,7.6099,1.1786,0.4145,0.3987,3.2293,3.2293,2399792.9626
2013-05-08,7.807,7.6836,1.19,0.4186,0.4026,3.1983,3.1983,2423041.7642
2013-05-09,7.6405,7.5198,1.1646,0.4096,0.394,3.268,3.268,2371377.7607
2013-05-10,7.6821,7.5607,1.171,0.4119,0.3961,3.2503,3.2503,2384293.7615
2013-05-13,7.6488,7.5279,1.1659,0.4101,0.3944,3.2644,3.2644,2373960.9608
2013-05-14,7.5406,7.4215,1.1494,0.4043,0.3889,3.3113,3.3113,2340379.3586
2013-05-15,7.5739,7.4542,1.1545,0.4061,0.3906,3.2967,3.2967,2350712.1593
2013-05-16,7.6322,7.5116,1.1633,0.4092,0.3936,3.2715,3.2715,2368794.5605
2013-05-17,7.7404,7.6181,1.1798,0.415,0.3992,3.2258,3.2258,2402376.1628
2013-05-20,7.7404,7.6181,1.1798,0.415,0.3992,3.2258,3.2258,2402376.1628
2013-05-21,7.7903,7.6672,1.1875,0.4177,0.4017,3.2051,3.2051,2417875.3638
2013-05-22,7.8319,7.7082,1.1938,0.4199,0.4039,3.1881,3.1881,2430791.3647
2013-05-23,7.6821,7.5607,1.171,0.4119,0.3961,3.2503,3.2503,2384293.7615
2013-05-24,7.6988,7.5771,1.1735,0.4128,0.397,3.2432,3.2432,2389460.1619
2013-05-27,7.7903,7.6672,1.1875,0.4177,0.4017,3.2051,3.2051,2417875.3638
2013-05-28,7.8569,7.7327,1.1976,0.4212,0.4052,3.178,3.178,2438540.9652
2013-05-29,8.1232,7.9949,1.2382,0.4355,0.4189,3.0738,3.0738,2521203.3708
2013-05-30,8.0816,7.9539,1.2319,0.4333,0.4168,3.0896,3.0896,2508287.3699
2013-05-31,8.04,7.9129,1.2255,0.4311,0.4146,3.1056,3.1056,2495371.3691
2013-06-03,7.9485,7.8228,1.2116,0.4262,0.4099,3.1414,3.1414,2466956.1671
2013-06-04,7.8153,7.6918,1.1913,0.419,0.403,3.1949,3.1949,2425624.9643
2013-06-05,7.8403,7.7164,1.1951,0.4204,0.4043,3.1847,3.1847,2433374.5649
2013-06-06,7.7654,7.6426,1.1836,0.4163,0.4004,3.2154,3.2154,2410125.7633
2013-06-07,7.6072,7.487,1.1595,0.4079,0.3923,3.2823,3.2823,2361044.96
2013-06-13,7.2993,7.1839,1.1126,0.3913,0.3764,3.4208,3.4208,2265466.5535
2013-06-14,7.3242,7.2085,1.1164,0.3927,0.3777,3.4091,3.4091,2273216.154
2013-06-17,7.216,7.102,1.0999,0.3869,0.3721,3.4602,3.4602,2239634.5517
2013-06-18,7.216,7.102,1.0999,0.3869,0.3721,3.4602,3.4602,2239634.5517
2013-06-19,7.0745,6.9627,1.0783,0.3793,0.3648,3.5294,3.5294,2195720.1488
2013-06-20,6.9913,6.8808,1.0657,0.3748,0.3605,3.5714,3.5714,2169888.147
2013-06-21,7.008,6.8972,1.0682,0.3757,0.3614,3.5629,3.5629,2175054.5474
2013-06-24,6.6584,6.5532,1.0149,0.357,0.3434,3.75,3.75,2066560.14
2013-06-25,6.6667,6.5614,1.0162,0.3574,0.3438,3.7453,,2069143.3402
2013-06-26,6.5419,6.4385,0.9972,0.3507,0.3373,3.8168,,2030395.3376
2013-06-27,6.4836,6.3811,0.9883,0.3476,0.3343,3.8511,,2012312.9363
2013-06-28,6.4919,6.3893,0.9895,0.3481,0.3348,3.8462,,2014896.1365
2013-07-01,6.442,6.3402,0.9819,0.3454,0.3322,3.876,,1999396.9355
2013-07-02,6.5918,6.4876,1.0048,0.3534,0.3399,3.7879,,2045894.5386
2013-07-03,6.6001,6.4958,1.006,0.3539,0.3404,3.7831,,2048477.7388
2013-07-04,6.6667,6.5614,1.0162,0.3574,0.3438,3.7453,,2069143.3402
2013-07-05,6.6501,6.545,1.0136,0.3565,0.3429,3.7547,,2063976.9398
2013-07-08,6.0758,5.9798,0.9717,0.3257,0.3133,4.1096,5.0685,1885736.1278
2013-07-09,6.0591,5.9634,0.9691,0.3249,0.3125,4.1209,5.0824,1880569.7274
2013-07-10,6.2339,6.1354,0.997,0.3342,0.3215,4.0053,4.9399,1934816.9311
2013-07-11,6.4503,6.3484,1.0316,0.3458,0.3326,3.871,4.7742,2001980.1356
2013-07-12,6.3005,6.2009,1.0077,0.3378,0.3249,3.963,4.8877,1955482.5325
2013-07-15,6.3921,6.291,1.0223,0.3427,0.3296,3.9063,4.8177,1983897.7344
2013-07-16,6.4753,6.373,1.0356,0.3472,0.3339,3.856,4.7558,2009729.7362
2013-07-17,6.3504,6.2501,1.0156,0.3405,0.3275,3.9318,4.8493,1970981.7335
2013-07-18,6.2506,6.1518,0.9997,0.3351,0.3223,3.9947,4.9268,1939983.3314
2013-07-19,6.1008,6.0043,0.9757,0.3271,0.3146,4.0928,5.0477,1893485.7283
2013-07-22,6.2339,6.1354,0.997,0.3342,0.3215,4.0053,4.9399,1934816.9311
2013-07-23,6.3338,6.2337,1.013,0.3396,0.3266,3.9422,4.862,1965815.3332
2013-07-24,6.3005,6.2009,1.0077,0.3378,0.3249,3.963,4.8877,1955482.5325
2013-07-25,6.1923,6.0944,0.9904,0.332,0.3193,4.0323,4.9731,1921900.9302
2013-07-26,6.2173,6.119,0.9944,0.3333,0.3206,4.0161,4.9531,1929650.5307
2013-07-29,6.1008,6.0043,0.9757,0.3271,0.3146,4.0928,5.0477,1893485.7283
2013-07-30,6.1091,6.0125,0.977,0.3275,0.315,4.0872,5.0409,1896068.9285
2013-07-31,6.1174,6.0207,0.9784,0.328,0.3155,4.0816,5.034,1898652.1286
2013-08-01,6.209,6.1108,0.993,0.3329,0.3202,4.0214,4.9598,1927067.3306
2013-08-02,6.209,6.1108,0.993,0.3329,0.3202,4.0214,4.9598,1927067.3306
2013-08-05,6.4254,6.3238,1.0276,0.3445,0.3313,3.886,4.7927,1994230.5351
2013-08-06,6.6334,6.5286,1.0609,0.3556,0.3421,3.7641,4.6424,2058810.5395
2013-08-07,6.5086,6.4057,1.0409,0.349,0.3356,3.8363,4.7315,2020062.5369
2013-08-08,6.5419,6.4385,1.0463,0.3507,0.3373,3.8168,4.7074,2030395.3376
2013-08-09,6.5918,6.4876,1.0543,0.3534,0.3399,3.7879,4.6717,2045894.5386
2013-08-12,6.675,6.5695,1.0676,0.3579,0.3442,3.7406,4.6135,2071726.5404
2013-08-13,6.7083,6.6023,1.0729,0.3597,0.3459,3.7221,4.5906,2082059.3411
2013-08-14,7.3825,7.2658,1.1807,0.3958,0.3807,3.3822,4.1714,2291298.5552
2013-08-15,7.6738,7.5525,1.2273,0.4114,0.3957,3.2538,4.013,2381710.5614
2013-08-16,7.6239,7.5034,1.2193,0.4087,0.3931,3.2751,4.0393,2366211.3603
2013-08-19,7.8319,7.7082,1.2526,0.4199,0.4039,3.1881,3.932,2430791.3647
2013-08-20,7.6322,7.5116,1.2206,0.4092,0.3936,3.2715,4.0349,2368794.5605
2013-08-21,7.6572,7.5361,1.2246,0.4105,0.3949,3.2609,4.0217,2376544.161
2013-08-22,7.5656,7.446,1.21,0.4056,0.3901,3.3003,4.0704,2348128.9591
2013-08-23,7.549,7.4296,1.2073,0.4047,0.3893,3.3076,4.0794,2342962.5587
2013-08-26,7.8153,7.6918,1.2499,0.419,0.403,3.1949,3.9404,2425624.9643
2013-08-27,7.8652,7.7409,1.2579,0.4217,0.4056,3.1746,3.9153,2441124.1654
2013-08-28,7.7737,7.6508,1.2433,0.4168,0.4009,3.212,3.9615,2412708.9635
2013-08-29,7.5656,7.3318,1.1813,0.4056,0.3736,3.3003,4.0704,2348128.9591
2013-08-30,7.5573,7.3237,1.18,0.4052,0.3732,3.304,4.0749,2345545.7589
2013-09-02,7.5739,7.3398,1.1826,0.4061,0.374,3.2967,4.0659,2350712.1593
2013-09-03,7.6988,7.4608,1.2021,0.4128,0.3802,3.2432,4.0,2389460.1619
2013-09-04,7.6239,7.3882,1.1904,0.4087,0.3765,3.2751,4.0393,2366211.3603
2013-09-05,7.549,7.3156,1.1787,0.4047,0.3728,3.3076,4.0794,2342962.5587
2013-09-06,7.6155,7.3802,1.1891,0.4083,0.3761,3.2787,4.0437,2363628.1601
2013-09-09,7.6988,7.4608,1.2021,0.4128,0.3802,3.2432,4.0,2389460.1619
2013-09-10,7.8153,7.5737,1.2203,0.419,0.3859,3.1949,3.9404,2425624.9643
2013-09-11,7.8153,7.5737,1.2203,0.419,0.3859,3.1949,3.9404,2425624.9643
2013-09-12,7.8153,7.5737,1.2203,0.419,0.3859,3.1949,3.9404,2425624.9643
2013-09-13,7.7154,7.477,1.2047,0.4137,0.381,3.2362,3.9914,2394626.5622
2013-09-16,7.5822,7.3479,1.1839,0.4065,0.3744,3.2931,4.0615,2353295.3594
2013-09-17,7.6988,7.4608,1.2021,0.4128,0.3802,3.2432,4.0,2389460.1619
2013-09-18,7.6488,7.4124,1.1943,0.4101,0.3777,3.2644,4.0261,2373960.9608
2013-09-23,7.8819,7.6383,1.2307,0.4226,0.3892,3.1679,3.9071,2446290.5657
2013-09-24,7.8736,7.6302,1.2294,0.4221,0.3888,3.1712,3.9112,2443707.3656
2013-09-25,7.7404,7.5012,1.2086,0.415,0.3822,3.2258,3.9785,2402376.1628
2013-09-26,7.7903,7.5496,1.2164,0.4177,0.3847,3.2051,3.953,2417875.3638
2013-09-27,7.6904,7.4528,1.2008,0.4123,0.3798,3.2468,4.0043,2386876.9617
2013-09-30,7.7404,7.5012,1.2086,0.415,0.3822,3.2258,3.9785,2402376.1628
2013-10-08,7.8403,7.5979,1.2242,0.4204,0.3872,3.1847,3.9278,2433374.5649
2013-10-09,7.9401,7.6947,1.2398,0.4257,0.3921,3.1447,3.8784,2464372.967
2013-10-10,8.3396,8.0819,1.3021,0.4471,0.4118,2.994,3.6926,2588366.5754
2013-10-11,8.6642,8.3965,1.3528,0.4645,0.4279,2.8818,3.5543,2689111.3822
2013-10-14,8.9306,8.6546,1.3944,0.4788,0.441,2.7959,3.4483,2771773.7878
2013-10-15,8.7808,8.5094,1.371,0.4708,0.4336,2.8436,3.5071,2725276.1846
2013-10-16,8.4895,8.2271,1.3255,0.4552,0.4192,2.9412,3.6275,2634864.1785
2013-10-17,8.4978,8.2351,1.3268,0.4556,0.4196,2.9383,3.6239,2637447.3787
2013-10-18,8.4229,8.1625,1.3151,0.4516,0.4159,2.9644,3.6561,2614198.5771
2013-10-21,8.6393,8.3723,1.3489,0.4632,0.4266,2.8902,3.5645,2681361.7817
2013-10-22,8.3313,8.0738,1.3008,0.4467,0.4114,2.997,3.6963,2585783.3752
2013-10-23,8.3646,8.1061,1.306,0.4485,0.4131,2.9851,3.6816,2596116.1759
2013-10-24,8.839,8.5658,1.3801,0.4739,0.4365,2.8249,3.484,2743358.5859
2013-10-25,8.6642,8.141,1.2849,0.4645,0.4119,2.8818,3.5543,2689111.3822
2013-10-28,8.4811,7.9689,1.2577,0.4547,0.4032,2.9441,3.631,2632280.9783
2013-10-29,8.4229,7.9142,1.2491,0.4516,0.4004,2.9644,3.6561,2614198.5771
2013-10-30,8.7308,8.2035,1.2947,0.4681,0.4151,2.8599,3.5272,2709776.9836
2013-10-31,8.556,8.0393,1.2688,0.4587,0.4068,2.9183,3.5992,2655529.7799
2013-11-01,8.6476,8.1253,1.2824,0.4636,0.4111,2.8874,3.5611,2683944.9818
2013-11-04,8.7059,8.1801,1.291,0.4668,0.4139,2.8681,3.5373,2702027.3831
2013-11-05,8.5727,8.0549,1.2713,0.4596,0.4076,2.9126,3.5922,2660696.1803
2013-11-06,8.3396,7.836,1.2367,0.4471,0.3965,2.994,3.6926,2588366.5754
2013-11-07,8.2814,7.7812,1.2281,0.444,0.3937,3.0151,3.7186,2570284.1741
2013-11-08,8.1232,7.6326,1.2046,0.4355,0.3862,3.0738,3.791,2521203.3708
2013-11-11,8.2231,7.7265,1.2195,0.4409,0.3909,3.0364,3.7449,2552201.7729
2013-11-12,8.1815,7.6874,1.2133,0.4386,0.389,3.0519,3.764,2539285.772
2013-11-13,7.9401,7.4606,1.1775,0.4257,0.3775,3.1447,3.8784,2464372.967
2013-11-14,8.4229,7.9142,1.2491,0.4516,0.4004,2.9644,3.6561,2614198.5771
2013-11-15,8.6143,8.094,1.2775,0.4618,0.4095,2.8986,3.5749,2673612.1811
2013-11-18,8.7974,8.2661,1.3046,0.4717,0.4182,2.8382,3.5005,2730442.585
2013-11-19,8.7225,8.1957,1.2935,0.4677,0.4147,2.8626,3.5305,2707193.7834
2013-11-20,8.8307,8.2974,1.3096,0.4735,0.4198,2.8275,3.4873,2740775.3857
2013-11-21,8.7059,8.1801,1.291,0.4668,0.4139,2.8681,3.5373,2702027.3831
2013-11-22,8.6226,8.1018,1.2787,0.4623,0.4099,2.8958,3.5714,2676195.3813
2013-11-25,8.4478,7.9376,1.2528,0.4529,0.4016,2.9557,3.6453,2621948.1776
2013-11-26,8.4478,7.9376,1.2528,0.4529,0.4016,2.9557,3.6453,2621948.1776
2013-11-27,8.5061,7.9924,1.2614,0.456,0.4044,2.9354,3.6204,2640030.5789
2013-11-28,8.7142,8.1879,1.2923,0.4672,0.4143,2.8653,3.5339,2704610.5832
2013-11-29,8.6309,8.1097,1.2799,0.4627,0.4103,2.893,3.568,2678778.5815
2013-12-02,8.606,8.0862,1.2762,0.4614,0.4091,2.9014,3.5783,2671028.981
2013-12-03,8.8307,8.2974,1.3096,0.4735,0.4198,2.8275,3.4873,2740775.3857
2013-12-04,9.2052,8.6493,1.3651,0.4935,0.4376,2.7125,3.3454,2857019.3936
2013-12-05,9.2801,8.7197,1.3762,0.4975,0.4412,2.6906,3.3184,2880268.1951
2013-12-06,9.2635,8.704,1.3737,0.4967,0.4404,2.6954,3.3243,2875101.7948
2013-12-09,9.3218,8.7588,1.3824,0.4998,0.4432,2.6786,3.3036,2893184.196
2013-12-10,9.3967,8.8291,1.3935,0.5038,0.4467,2.6572,3.2772,2916432.9976
2013-12-11,9.2552,8.6962,1.3725,0.4962,0.44,2.6978,3.3273,2872518.5946
2013-12-12,9.2468,8.6884,1.3713,0.4958,0.4396,2.7003,3.3303,2869935.3944
2013-12-13,9.2885,8.7275,1.3774,0.498,0.4416,2.6882,3.3154,2882851.3953
2013-12-16,9.0471,8.5007,1.3416,0.4851,0.4301,2.7599,3.4039,2807938.5902
2013-12-17,8.9639,8.4225,1.3293,0.4806,0.4262,2.7855,3.4355,2782106.5885
2013-12-18,8.9639,8.4225,1.3293,0.4806,0.4262,2.7855,3.4355,2782106.5885
2013-12-19,8.9389,8.399,1.3256,0.4793,0.425,2.7933,3.4451,2774356.988
2013-12-20,8.864,8.3286,1.3145,0.4752,0.4214,2.8169,3.4742,2751108.1864
2013-12-23,8.7974,8.2661,1.3046,0.4717,0.4182,2.8382,3.5005,2730442.585
2013-12-24,8.8224,8.2895,1.3083,0.473,0.4194,2.8302,3.4906,2738192.1855
2013-12-25,8.6476,8.1253,1.2824,0.4636,0.4111,2.8874,3.5611,2683944.9818
2013-12-26,8.348,7.8438,1.238,0.4476,0.3969,2.991,3.6889,2590949.7755
2013-12-27,8.3896,7.8829,1.2441,0.4498,0.3989,2.9762,3.6706,2603865.7764
2013-12-30,8.3729,7.8672,1.2417,0.4489,0.3981,2.9821,3.6779,2598699.3761
2013-12-31,8.4395,7.9298,1.2515,0.4525,0.4012,2.9586,3.6489,2619364.9775
2014-01-02,8.2564,7.7578,1.2244,0.4427,0.3925,3.7298,3.7298,2562534.5736
2014-01-03,7.8153,7.3433,1.159,0.419,0.3716,3.9404,3.9404,2425624.9643
2014-01-06,7.7986,7.3276,1.1565,0.4181,0.3708,3.9488,3.9488,2420458.564
2014-01-07,7.7737,7.3042,1.1528,0.4168,0.3696,3.9615,3.9615,2412708.9635
2014-01-08,7.6155,7.1556,1.1294,0.4083,0.3621,4.0437,4.0437,2363628.1601
2014-01-09,7.4574,7.007,1.1059,0.3998,0.3545,4.1295,4.1295,2314547.3568
2014-01-10,7.4824,7.0305,1.1096,0.4012,0.3557,4.1157,4.1157,2322296.9573
2014-01-13,7.4907,7.0383,1.1108,0.4016,0.3561,4.1111,4.1111,2324880.1575
2014-01-14,7.5656,7.1087,1.1219,0.4056,0.3597,4.0704,4.0704,2348128.9591
2014-01-15,7.4408,6.9914,1.1034,0.3989,0.3537,4.1387,4.1387,2309380.9565
2014-01-16,7.2743,6.835,1.0787,0.39,0.3458,4.2334,4.2334,2257716.953
2014-01-17,7.1578,6.7255,1.0615,0.3838,0.3403,4.3023,4.3023,2221552.1505
2014-01-20,7.0579,6.6316,1.0467,0.3784,0.3355,4.3632,4.3632,2190553.7484
2014-01-21,7.0829,6.6551,1.0504,0.3797,0.3367,4.3478,4.3478,2198303.3489
2014-01-22,7.4657,7.0148,1.1071,0.4003,0.3549,4.1249,4.1249,2317130.557
2014-01-23,7.474,7.0226,1.1084,0.4007,0.3553,4.1203,4.1203,2319713.7572
2014-01-24,7.5406,7.0852,1.1182,0.4043,0.3585,4.0839,4.0839,2340379.3586
2014-01-27,7.4491,6.9992,1.1047,0.3994,0.3541,4.1341,4.1341,2311964.1566
2014-01-28,7.4241,6.9757,1.101,0.398,0.353,4.148,4.148,2304214.5561
2014-01-29,7.4158,6.9679,1.0997,0.3976,0.3526,4.1526,4.1526,2301631.3559
2014-01-30,7.3658,6.921,1.0923,0.3949,0.3502,4.1808,4.1808,2286132.1549
2014-02-07,7.4491,6.9992,1.1047,0.3994,0.3541,4.1341,4.1341,2311964.1566
2014-02-10,7.6904,7.226,1.1405,0.4123,0.3656,4.0043,4.0043,2386876.9617
2014-02-11,7.6572,7.1947,1.1355,0.4105,0.364,4.0217,4.0217,2376544.161
2014-02-12,7.7071,7.2416,1.1429,0.4132,0.3664,3.9957,3.9957,2392043.3621
2014-02-13,7.5906,7.1321,1.1256,0.407,0.3609,4.057,4.057,2355878.5596
2014-02-14,7.5906,7.1321,1.1256,0.407,0.3609,4.057,4.057,2355878.5596
2014-02-17,7.7404,7.2729,1.1479,0.415,0.368,3.9785,3.9785,2402376.1628
2014-02-18,8.2065,7.7108,1.217,0.44,0.3902,3.7525,3.7525,2547035.3726
2014-02-19,8.3563,7.8516,1.2392,0.448,0.3973,3.6853,3.6853,2593532.9757
2014-02-20,8.5227,8.008,1.2639,0.4569,0.4052,3.6133,3.6133,2645196.9792
2014-02-21,8.2731,7.7734,1.2269,0.4436,0.3933,3.7223,3.7223,2567700.974
2014-02-24,7.9818,7.4997,1.1837,0.4279,0.3795,3.8582,3.8582,2477288.9678
2014-02-25,7.6239,7.1634,1.1306,0.4087,0.3625,4.0393,4.0393,2366211.3603
2014-02-26,7.7071,7.2416,1.1429,0.4132,0.3664,3.9957,3.9957,2392043.3621
2014-02-27,7.6904,7.226,1.1405,0.4123,0.3656,4.0043,4.0043,2386876.9617
2014-02-28,7.5656,7.1087,1.1219,0.4056,0.3597,4.0704,4.0704,2348128.9591
2014-03-03,7.7986,7.3276,1.1565,0.4181,0.3708,3.9488,3.9488,2420458.564
2014-03-04,7.8403,7.3667,1.1627,0.4204,0.3727,3.9278,3.9278,2433374.5649
2014-03-05,7.6988,7.2338,1.1417,0.4128,0.366,4.0,4.0,2389460.1619
2014-03-06,7.6322,7.1712,1.1318,0.4092,0.3629,4.0349,4.0349,2368794.5605
2014-03-07,7.524,7.0696,1.1158,0.4034,0.3577,4.0929,4.0929,2335212.9582
2014-03-10,7.1911,6.7568,1.0664,0.3855,0.3419,4.2824,4.2824,2231884.9512
2014-03-11,7.2577,6.8193,1.0763,0.3891,0.345,4.2431,4.2431,2252550.5526
2014-03-12,7.241,6.8037,1.0738,0.3882,0.3443,4.2529,4.2529,2247384.1523
2014-03-13,7.4075,6.9601,1.0985,0.3971,0.3522,4.1573,4.1573,2299048.1558
2014-03-14,7.9318,7.4528,1.1763,0.4253,0.3771,3.8825,3.8825,2461789.7668
2014-03-17,8.1232,7.6326,1.2046,0.4355,0.3862,3.791,3.791,2521203.3708
2014-03-18,8.1482,7.6561,1.2083,0.4369,0.3874,3.7794,3.7794,2528952.9713
2014-03-19,7.9984,7.5153,1.1861,0.4288,0.3803,3.8502,3.8502,2482455.3682
2014-03-20,7.8319,7.3589,1.1614,0.4199,0.3723,3.932,3.932,2430791.3647
2014-03-21,8.0816,7.5935,1.1985,0.4333,0.3842,3.8105,3.8105,2508287.3699
2014-03-24,7.1419,7.1419,1.3273,0.3566,0.3566,3.8662,3.8662,2472122.5675
2014-03-25,7.4105,7.4105,1.3773,0.37,0.37,3.7261,3.7261,2565117.7738
2014-03-26,7.5374,7.5374,1.4008,0.3763,0.3763,3.6634,3.6634,2609032.1768
2014-03-27,7.224,7.224,1.3426,0.3607,0.3607,3.8223,3.8223,2500537.7694
2014-03-28,7.1792,7.1792,1.3343,0.3584,0.3584,3.8462,3.8462,2485038.5684
2014-03-31,7.1643,7.1643,1.3315,0.3577,0.3577,3.8542,3.8542,2479872.168
2014-04-01,7.2986,7.2986,1.3564,0.3644,0.3644,3.7832,3.7832,2526369.7712
2014-04-02,7.3882,7.3882,1.3731,0.3689,0.3689,3.7374,3.7374,2557368.1733
2014-04-03,7.1792,7.1792,1.3343,0.3584,0.3584,3.8462,3.8462,2485038.5684
2014-04-04,7.2464,7.2464,1.3467,0.3618,0.3618,3.8105,3.8105,2508287.3699
2014-04-08,7.5076,7.5076,1.3953,0.3748,0.3748,3.6779,3.6779,2598699.3761
2014-04-09,7.4329,7.4329,1.3814,0.3711,0.3711,3.7149,3.7149,2572867.3743
2014-04-10,7.5374,7.5374,1.4008,0.3763,0.3763,3.6634,3.6634,2609032.1768
2014-04-11,7.5076,7.5076,1.3953,0.3748,0.3748,3.6779,3.6779,2598699.3761
2014-04-14,7.4329,7.4329,1.3814,0.3711,0.3711,3.7149,3.7149,2572867.3743
2014-04-15,7.224,7.224,1.3426,0.3607,0.3607,3.8223,3.8223,2500537.7694
2014-04-16,7.2389,7.2389,1.3454,0.3614,0.3614,3.8144,3.8144,2505704.1698
2014-04-17,7.4031,7.4031,1.3759,0.3696,0.3696,3.7298,3.7298,2562534.5736
2014-04-18,7.3434,7.3434,1.3648,0.3666,0.3666,3.7602,3.7602,2541868.9722
2014-04-21,7.0896,7.0896,1.3176,0.354,0.354,3.8947,3.8947,2454040.1663
2014-04-22,7.1419,7.1419,1.3273,0.3566,0.3566,3.8662,3.8662,2472122.5675
2014-04-23,7.0822,7.0822,1.3162,0.3536,0.3536,3.8988,3.8988,2451456.9661
2014-04-24,6.918,6.918,1.2857,0.3454,0.3454,3.9914,3.9914,2394626.5622
2014-04-25,6.7464,6.7464,1.2538,0.3368,0.3368,4.0929,4.0929,2335212.9582
2014-04-28,6.627,6.627,1.2316,0.3309,0.3309,4.1667,4.1667,2293881.7554
2014-04-29,6.8583,6.8583,1.2746,0.3424,0.3424,4.0261,4.0261,2373960.9608
2014-04-30,6.9479,6.4451,1.2216,0.3469,0.3377,3.9742,3.9742,2404959.3629
2014-05-05,7.0225,6.5143,1.2348,0.3506,0.3413,3.932,3.932,2430791.3647
2014-05-06,7.0523,6.542,1.24,0.3521,0.3428,3.9153,3.9153,2441124.1654
2014-05-07,6.8956,6.3966,1.2124,0.3443,0.3351,4.0043,4.0043,2386876.9617
2014-05-08,6.8882,6.3897,1.2111,0.3439,0.3348,4.0087,4.0087,2384293.7615
2014-05-09,6.7911,6.2997,1.1941,0.3391,0.3301,4.0659,4.0659,2350712.1593
2014-05-12,7.0076,6.5005,1.2321,0.3499,0.3406,3.9404,3.9404,2425624.9643
2014-05-13,6.9404,6.4381,1.2203,0.3465,0.3373,3.9785,3.9785,2402376.1628
2014-05-14,6.9479,6.4451,1.2216,0.3469,0.3377,3.9742,3.9742,2404959.3629
2014-05-15,6.8882,6.3897,1.2111,0.3439,0.3348,4.0087,4.0087,2384293.7615
2014-05-16,7.0449,6.5351,1.2387,0.3517,0.3424,3.9195,3.9195,2438540.9652
2014-05-19,7.0299,6.5212,1.2361,0.351,0.3417,3.9278,3.9278,2433374.5649
2014-05-20,7.0449,6.5351,1.2387,0.3517,0.3424,3.9195,3.9195,2438540.9652
2014-05-21,7.2389,6.7151,1.2728,0.3614,0.3518,3.8144,3.8144,2505704.1698
2014-05-22,7.1419,6.6251,1.2557,0.3566,0.3471,3.8662,3.8662,2472122.5675
2014-05-23,7.224,6.7012,1.2702,0.3607,0.3511,3.8223,3.8223,2500537.7694
2014-05-26,7.2613,6.7358,1.2767,0.3625,0.3529,3.8027,3.8027,2513453.7703
2014-05-27,7.1568,6.6389,1.2584,0.3573,0.3478,3.8582,3.8582,2477288.9678
2014-05-28,7.2314,6.7081,1.2715,0.361,0.3515,3.8184,3.8184,2503120.9696
2014-05-29,7.1195,6.6043,1.2518,0.3555,0.346,3.8784,3.8784,2464372.967
2014-05-30,7.1568,6.6389,1.2584,0.3573,0.3478,3.8582,3.8582,2477288.9678
2014-06-03,7.0673,6.5558,1.2426,0.3529,0.3435,3.9071,3.9071,2446290.5657
2014-06-04,7.0822,6.5697,1.2453,0.3536,0.3442,3.8988,3.8988,2451456.9661
2014-06-05,7.1493,6.632,1.2571,0.3569,0.3475,3.8622,3.8622,2474705.7677
2014-06-06,7.0822,6.5697,1.2453,0.3536,0.3442,3.8988,3.8988,2451456.9661
2014-06-09,7.1643,6.6458,1.2597,0.3577,0.3482,3.8542,3.8542,2479872.168
2014-06-10,7.2165,6.6943,1.2689,0.3603,0.3507,3.8263,3.8263,2497954.5692
2014-06-11,7.2091,6.6874,1.2676,0.3599,0.3504,3.8302,3.8302,2495371.3691
2014-06-12,7.1568,6.6389,1.2584,0.3573,0.3478,3.8582,3.8582,2477288.9678
2014-06-13,7.2464,6.722,1.2741,0.3618,0.3522,3.8105,3.8105,2508287.3699
2014-06-16,7.3508,6.8189,1.2925,0.367,0.3573,3.7563,3.7563,2544452.1724
2014-06-17,7.2688,6.7427,1.2781,0.3629,0.3533,3.7988,3.7988,2516036.9705
2014-06-18,7.1867,6.6666,1.2636,0.3588,0.3493,3.8422,3.8422,2487621.7685
2014-06-19,7.015,6.5074,1.2334,0.3502,0.3409,3.9362,3.9362,2428208.1645
2014-06-20,7.0299,6.5212,1.2361,0.351,0.3417,3.9278,3.9278,2433374.5649
2014-06-23,7.0523,6.542,1.24,0.3521,0.3428,3.9153,3.9153,2441124.1654
2014-06-24,7.1046,6.5904,1.2492,0.3547,0.3453,3.8866,3.8866,2459206.5666
2014-06-25,7.0374,6.5281,1.2374,0.3514,0.342,3.9236,3.9236,2435957.765
2014-06-26,7.0971,6.5835,1.2479,0.3543,0.3449,3.8906,3.8906,2456623.3664
2014-06-27,7.2986,6.7704,1.2833,0.3644,0.3547,3.7832,3.7832,2526369.7712
2014-06-30,7.2986,6.7704,1.2833,0.3644,0.3547,3.7832,3.7832,2526369.7712
2014-07-01,7.2986,6.7704,1.2833,0.3644,0.3547,3.7832,3.7832,2526369.7712
2014-07-02,7.3061,6.7774,1.2846,0.3648,0.3551,3.7794,3.7794,2528952.9713
2014-07-03,7.3285,6.7981,1.2886,0.3659,0.3562,3.7678,3.7678,2536702.5719
2014-07-04,7.3061,6.7774,1.2846,0.3648,0.3551,3.7794,3.7794,2528952.9713
2014-07-07,7.3508,6.8189,1.2925,0.367,0.3573,3.7563,3.7563,2544452.1724
2014-07-08,7.4031,6.8674,1.3017,0.3696,0.3598,3.7298,,2562534.5736
2014-07-09,7.2464,6.722,1.2741,0.3618,0.3522,3.8105,,2508287.3699
2014-07-10,7.2613,6.7358,1.2767,0.3625,0.3529,3.8027,,2513453.7703
2014-07-11,7.4777,6.9366,1.3148,0.3733,0.3634,3.6926,,2588366.5754
2014-07-14,7.9703,7.3935,1.4014,0.3979,0.3874,3.4644,,2758857.7869
2014-07-15,7.7986,7.2343,1.3712,0.3894,0.379,3.5407,,2699444.1829
2014-07-16,8.015,7.435,1.4093,0.4002,0.3895,3.4451,,2774356.988
2014-07-17,7.8658,7.2966,1.383,0.3927,0.3823,3.5104,,2722692.9845
2014-07-18,7.8359,7.2689,1.3778,0.3912,0.3808,3.5238,,2712360.1838
2014-07-21,7.9777,7.4004,1.4027,0.3983,0.3877,3.4612,,2761440.9871
2014-07-22,8.0747,7.4904,1.4198,0.4032,0.3924,3.4196,,2795022.5894
2014-07-23,8.2688,7.6704,1.4539,0.4128,0.4019,3.3394,,2862185.7939
2014-07-24,8.4703,7.8573,1.4893,0.4229,0.4117,3.2599,,2931932.1986
2014-07-25,8.5225,7.9058,1.4985,0.4255,0.4142,3.2399,,2950014.5999
2014-07-28,8.5673,7.9473,1.5064,0.4277,0.4164,3.223,,2965513.8009
2014-07-29,8.3882,7.7812,1.4749,0.4188,0.4077,3.2918,,2903516.9967
2014-07-30,8.321,7.7189,1.4631,0.4154,0.4044,3.3184,,2880268.1951
2014-07-31,8.4852,7.8712,1.4919,0.4236,0.4124,3.2542,,2937098.599
2014-08-01,8.4852,7.8712,1.4919,0.4236,0.4124,3.2542,,2937098.599
2014-08-04,9.0897,8.4319,1.5982,0.4538,0.4418,3.0378,,3146337.8132
2014-08-05,9.1046,8.4457,1.6008,0.4546,0.4425,3.0328,,3151504.2135
2014-08-06,9.0076,8.3557,1.5838,0.4497,0.4378,3.0655,,3117922.6112
2014-08-07,8.7613,8.1273,1.5405,0.4374,0.4258,3.1516,,3032677.0055
2014-08-08,8.5897,7.9681,1.6096,0.4289,0.4175,3.2146,4.0834,2973263.4014
2014-08-11,8.9255,7.6599,1.5812,0.4456,0.425,3.0936,3.9298,3089507.4093
2014-08-12,8.9106,7.6471,1.5785,0.4449,0.4243,3.0988,3.9363,3084341.009
2014-08-13,9.2389,7.9289,1.6367,0.4613,0.4399,2.9887,3.7964,3198001.8167
2014-08-14,9.0524,7.7688,1.6037,0.452,0.431,3.0503,3.8747,3133421.8123
2014-08-15,9.2613,7.9481,1.6407,0.4624,0.441,2.9815,3.7873,3205751.4172
2014-08-18,9.2091,7.9033,1.6314,0.4598,0.4385,2.9984,3.8088,3187669.016
2014-08-19,9.015,7.7368,1.5971,0.4501,0.4292,3.0629,3.8907,3120505.8114
2014-08-20,8.9479,7.6791,1.5852,0.4467,0.426,3.0859,3.9199,3097257.0098
2014-08-21,8.933,7.6663,1.5825,0.446,0.4253,3.0911,3.9265,3092090.6095
2014-08-22,8.9031,7.6407,1.5772,0.4445,0.4239,3.1014,3.9396,3081757.8088
2014-08-25,8.5971,7.3781,1.523,0.4292,0.4093,3.2118,4.0799,2975846.6016
2014-08-26,8.6195,7.3973,1.527,0.4304,0.4104,3.2035,4.0693,2983596.2021
2014-08-27,8.627,7.4037,1.5283,0.4307,0.4107,3.2007,4.0657,2986179.4023
2014-08-28,8.6867,7.455,1.5389,0.4337,0.4136,3.1787,4.0378,3006845.0037
2014-08-29,8.6568,7.4293,1.5336,0.4322,0.4122,3.1897,4.0517,2996512.203
2014-09-01,8.7613,7.519,1.5521,0.4374,0.4171,3.1516,4.0034,3032677.0055
2014-09-02,8.7688,7.5254,1.5534,0.4378,0.4175,3.1489,4.0,3035260.2056
2014-09-03,8.7986,7.551,1.5587,0.4393,0.4189,3.1383,3.9864,3045593.0063
2014-09-04,8.8359,7.583,1.5653,0.4412,0.4207,3.125,3.9696,3058509.0072
2014-09-05,9.321,7.9993,1.6513,0.4654,0.4438,2.9624,3.763,3226417.0186
2014-09-09,9.5971,8.2363,1.7002,0.4792,0.4569,2.8771,3.6547,3321995.4251
2014-09-10,9.4106,8.0762,1.6671,0.4698,0.4481,2.9342,3.7272,3257415.4207
2014-09-11,9.2688,7.9545,1.642,0.4628,0.4413,2.9791,3.7842,3208334.6174
2014-09-12,9.3658,8.0378,1.6592,0.4676,0.4459,2.9482,3.745,3241916.2196
2014-09-15,9.2762,7.9609,1.6433,0.4631,0.4417,2.9767,3.7812,3210917.8175
2014-09-16,8.8882,7.6279,1.5746,0.4438,0.4232,3.1066,3.9463,3076591.4084
2014-09-17,8.9255,7.6599,1.5812,0.4456,0.425,3.0936,3.9298,3089507.4093
2014-09-18,9.0001,7.724,1.5944,0.4494,0.4285,3.068,3.8972,3115339.4111
2014-09-19,9.0897,7.8008,1.6103,0.4538,0.4328,3.0378,3.8588,3146337.8132
2014-09-22,8.9106,7.6471,1.5785,0.4449,0.4243,3.0988,3.9363,3084341.009
2014-09-23,9.0076,7.7304,1.5957,0.4497,0.4289,3.0655,3.894,3117922.6112
2014-09-24,9.1942,7.8905,1.6288,0.459,0.4378,3.0032,3.8149,3182502.6156
2014-09-25,9.2016,7.8969,1.6301,0.4594,0.4381,3.0008,3.8118,3185085.8158
2014-09-26,9.3285,8.0058,1.6526,0.4657,0.4441,2.96,3.76,3229000.2188
2014-09-29,9.5374,8.1851,1.6896,0.4762,0.4541,2.8951,3.6776,3301329.8237
2014-09-30,9.5971,8.2363,1.7002,0.4792,0.4569,2.8771,3.6547,3321995.4251
2014-10-08,9.5822,8.2235,1.6975,0.4784,0.4562,2.8816,3.6604,3316829.0247
2014-10-09,9.5374,8.1851,1.6896,0.4762,0.4541,2.8951,3.6776,3301329.8237
2014-10-10,9.3359,8.0122,1.6539,0.4661,0.4445,2.9576,3.757,3231583.4189
2014-10-13,9.2762,7.9609,1.6433,0.4631,0.4417,2.9767,3.7812,3210917.8175
2014-10-14,9.1718,7.8713,1.6248,0.4579,0.4367,3.0106,3.8242,3174753.0151
2014-10-15,9.2464,7.9353,1.638,0.4616,0.4402,2.9863,3.7934,3200585.0168
2014-10-16,9.1942,7.8905,1.6288,0.459,0.4378,3.0032,3.8149,3182502.6156
2014-10-17,9.3882,8.057,1.6632,0.4687,0.447,2.9412,3.7361,3249665.8202
2014-10-20,9.4777,8.1338,1.679,0.4732,0.4513,2.9134,3.7008,3280664.2223
2014-10-21,9.4479,8.1082,1.6737,0.4717,0.4498,2.9226,3.7125,3270331.4216
2014-10-22,9.5449,8.1915,1.6909,0.4766,0.4545,2.8929,3.6747,3303913.0238
2014-10-23,9.321,7.9993,1.6513,0.4654,0.4438,2.9624,3.763,3226417.0186
2014-10-24,9.2464,7.9353,1.638,0.4616,0.4402,2.9863,3.7934,3200585.0168
2014-10-27,9.2165,7.9097,1.6328,0.4602,0.4388,2.996,3.8057,3190252.2161
2014-10-28,9.5524,8.1979,1.6922,0.4769,0.4548,2.8906,3.6719,3306496.224
2014-10-29,9.8658,8.4669,1.7478,0.4926,0.4697,2.7988,3.5552,3414990.6314
2014-10-30,9.8807,7.8514,1.6365,0.4933,0.4699,2.7946,3.5498,3420157.0317
2014-10-31,10.0897,8.0175,1.6711,0.5038,0.4799,2.7367,3.4763,3492486.6366
2014-11-03,10.1046,8.0293,1.6736,0.5045,0.4806,2.7326,3.4712,3497653.037
2014-11-04,10.0449,7.9819,1.6637,0.5015,0.4777,2.7489,3.4918,3476987.4356
2014-11-05,9.9106,7.8751,1.6415,0.4948,0.4714,2.7861,3.5392,3430489.8324
2014-11-06,10.0524,7.9878,1.6649,0.5019,0.4781,2.7468,3.4892,3479570.6357
2014-11-07,10.1643,8.0768,1.6835,0.5075,0.4834,2.7166,3.4508,3518318.6384
2014-11-10,10.8882,8.652,1.8034,0.5436,0.5178,2.536,3.2214,3768889.0553
2014-11-11,10.5822,8.4088,1.7527,0.5283,0.5033,2.6093,3.3145,3662977.8482
2014-11-12,11.1196,8.8358,1.8417,0.5552,0.5289,2.4832,3.1544,3848968.2608
2014-11-13,11.0822,8.8061,1.8355,0.5533,0.5271,2.4916,3.165,3836052.2599
2014-11-14,10.8807,8.646,1.8021,0.5432,0.5175,2.5377,3.2236,3766305.8552
2014-11-17,11.0375,8.7706,1.8281,0.5511,0.5249,2.5017,3.1778,3820553.0588
2014-11-18,10.8285,8.6045,1.7935,0.5406,0.515,2.55,3.2391,3748223.4539
2014-11-19,10.5897,8.4148,1.7539,0.5287,0.5037,2.6075,3.3122,3665561.0483
2014-11-20,10.7166,8.5156,1.7749,0.5351,0.5097,2.5766,3.273,3709475.4513
2014-11-21,10.9703,8.7172,1.817,0.5477,0.5218,2.517,3.1973,3797304.2573
2014-11-24,11.3285,9.0018,1.8763,0.5656,0.5388,2.4374,3.0962,3921297.8657
2014-11-25,11.4628,9.1086,1.8985,0.5723,0.5452,2.4089,3.0599,3967795.4688
2014-11-26,11.2987,8.9781,1.8714,0.5641,0.5374,2.4439,3.1044,3910965.065
2014-11-27,11.336,9.0078,1.8775,0.566,0.5391,2.4358,3.0941,3923881.0658
2014-11-28,11.2688,8.9544,1.8664,0.5626,0.536,2.4503,3.1126,3900632.2643
2014-12-01,11.0822,8.8061,1.8355,0.5533,0.5271,2.4916,3.165,3836052.2599
2014-12-02,11.2613,8.9485,1.8652,0.5622,0.5356,2.452,3.1146,3898049.0641
2014-12-03,11.7837,9.3636,1.9517,0.5883,0.5604,2.3433,2.9766,4078873.0763
2014-12-04,11.933,9.4822,1.9764,0.5958,0.5675,2.3139,2.9393,4130537.0798
2014-12-05,11.6419,9.2509,1.9282,0.5813,0.5537,2.3718,3.0128,4029792.273
2014-12-08,12.0599,9.583,1.9974,0.6021,0.5736,2.2896,2.9084,4174451.4828
2014-12-09,11.5225,9.156,1.9084,0.5753,0.548,2.3964,3.044,3988461.0702
2014-12-10,11.8957,9.4525,1.9702,0.5939,0.5658,2.3212,2.9486,4117621.079
2014-12-11,11.7688,9.3517,1.9492,0.5876,0.5597,2.3462,2.9803,4073706.676
2014-12-12,11.9479,9.494,1.9789,0.5965,0.5682,2.3111,2.9357,4135703.4802
2014-12-15,12.0375,9.5652,1.9937,0.601,0.5725,2.2939,2.9138,4166701.8823
2014-12-16,12.127,9.6364,2.0086,0.6055,0.5768,2.2769,2.8923,4197700.2844
2014-12-17,11.9703,9.5118,1.9826,0.5976,0.5693,2.3067,2.9302,4143453.0807
2014-12-18,11.7464,9.3339,1.9455,0.5865,0.5587,2.3507,2.986,4065957.0755
2014-12-19,11.7166,9.3102,1.9406,0.585,0.5572,2.3567,2.9936,4055624.2748
2014-12-22,11.5972,9.2153,1.9208,0.579,0.5516,2.381,3.0245,4014293.072
2014-12-23,11.6196,9.2331,1.9245,0.5801,0.5526,2.3764,3.0186,4022042.6725
2014-12-24,11.0151,8.7528,1.8244,0.55,0.5239,2.5068,3.1843,3812803.4583
2014-12-25,11.2613,8.9485,1.8652,0.5622,0.5356,2.452,3.1146,3898049.0641
2014-12-26,11.5972,9.2153,1.9208,0.579,0.5516,2.381,3.0245,4014293.072
2014-12-29,11.4778,9.1204,1.901,0.5731,0.5459,2.4057,3.0559,3972961.8692
2014-12-30,11.53,9.162,1.9097,0.5757,0.5484,2.3948,3.0421,3991044.2704
2014-12-31,11.5524,9.1797,1.9134,0.5768,0.5494,2.3902,3.0362,3998793.8709
2015-01-05,12.5524,9.9744,2.079,0.6267,0.597,2.7943,2.7943,4344942.6944
2015-01-06,13.3733,10.6267,2.215,0.6677,0.636,2.6228,2.6228,4629094.7136
2015-01-07,13.3957,10.6445,2.2187,0.6688,0.6371,2.6184,2.6184,4636844.3141
2015-01-08,13.3957,10.6445,2.2187,0.6688,0.6371,2.6184,2.6184,4636844.3141
2015-01-09,12.9778,10.3124,2.1495,0.6479,0.6172,2.7027,2.7027,4492185.1043
2015-01-12,13.53,10.7512,2.2409,0.6755,0.6435,2.5924,2.5924,4683341.9173
2015-01-13,13.8733,11.024,2.2978,0.6927,0.6598,2.5282,2.5282,4802169.1253
2015-01-14,13.6644,10.858,2.2632,0.6822,0.6499,2.5669,2.5669,4729839.5204
2015-01-15,13.6942,10.8817,2.2681,0.6837,0.6513,2.5613,2.5613,4740172.3211
2015-01-16,13.5226,10.7453,2.2397,0.6751,0.6431,2.5938,2.5938,4680758.7171
2015-01-19,12.5599,9.9803,2.0802,0.6271,0.5974,2.7926,2.7926,4347525.8945
2015-01-20,12.9181,10.2649,2.1396,0.645,0.6144,2.7152,2.7152,4471519.5029
2015-01-21,13.2539,10.5318,2.1952,0.6617,0.6304,2.6464,2.6464,4587763.5108
2015-01-22,13.1569,10.4547,2.1791,0.6569,0.6257,2.6659,2.6659,4554181.9085
2015-01-23,13.0449,10.3658,2.1606,0.6513,0.6204,2.6888,2.6888,4515433.9059
2015-01-26,13.0599,10.3776,2.1631,0.652,0.6211,2.6857,2.6857,4520600.3063
2015-01-27,13.4629,10.6978,2.2298,0.6722,0.6403,2.6053,2.6053,4660093.1157
2015-01-28,13.2166,10.5021,2.189,0.6599,0.6286,2.6539,2.6539,4574847.5099
2015-01-29,13.0897,10.4013,2.168,0.6535,0.6226,2.6796,2.6796,4530933.107
2015-01-30,12.6942,10.087,2.1025,0.6338,0.6037,2.7631,2.7631,4394023.4977
2015-02-02,12.6569,10.0574,2.0963,0.6319,0.602,2.7712,2.7712,4381107.4968
2015-02-03,12.8285,10.1938,2.1247,0.6405,0.6101,2.7341,2.7341,4440521.1008
2015-02-04,12.4629,9.9032,2.0642,0.6222,0.5927,2.8144,2.8144,4313944.2923
2015-02-05,12.3211,9.7905,2.0407,0.6152,0.586,2.8468,2.8468,4264863.4889
2015-02-06,12.0375,9.5652,1.9937,0.601,0.5725,2.9138,2.9138,4166701.8823
2015-02-09,12.2688,9.749,2.032,0.6126,0.5835,2.8589,2.8589,4246781.0877
2015-02-10,12.5897,10.004,2.0852,0.6286,0.5988,2.786,2.786,4357858.6952
2015-02-11,12.7091,10.0989,2.105,0.6345,0.6045,2.7598,2.7598,4399189.898
2015-02-12,12.7987,10.1701,2.1198,0.639,0.6087,2.7405,2.7405,4430188.3001
2015-02-13,12.8136,10.1819,2.1223,0.6398,0.6094,2.7373,2.7373,4435354.7005
2015-02-16,12.7091,10.0989,2.105,0.6345,0.6045,2.7598,2.7598,4399189.898
2015-02-17,13.142,10.4428,2.1767,0.6561,0.625,2.6689,2.6689,4549015.5082
2015-02-25,13.3211,10.5852,2.2063,0.6651,0.6336,2.6331,2.6331,4611012.3124
2015-02-26,13.8509,11.0062,2.2941,0.6915,0.6588,2.5323,2.5323,4794419.5248
2015-02-27,13.7315,10.9113,2.2743,0.6856,0.6531,2.5543,2.5543,4753088.322
2015-03-02,13.6121,10.8164,2.2545,0.6796,0.6474,2.5768,2.5768,4711757.1192
2015-03-03,13.0076,10.3361,2.1544,0.6494,0.6186,2.6965,2.6965,4502517.905
2015-03-04,13.2838,10.5555,2.2001,0.6632,0.6318,2.6404,2.6404,4598096.3115
2015-03-05,13.2539,10.5318,2.1952,0.6617,0.6304,2.6464,2.6464,4587763.5108
2015-03-06,13.2091,10.4962,2.1878,0.6595,0.6282,2.6554,2.6554,4572264.3098
2015-03-09,13.5226,10.7453,2.2397,0.6751,0.6431,2.5938,2.5938,4680758.7171
2015-03-10,13.8659,11.0181,2.2966,0.6923,0.6595,2.5296,2.5296,4799585.9252
2015-03-11,13.9778,11.107,2.3151,0.6979,0.6648,2.5093,2.5093,4838333.9278
2015-03-12,14.9181,11.8542,2.4708,0.7448,0.7095,2.3512,2.3512,5163817.1498
2015-04-23,12.7487,12.3175,2.2982,0.7679,0.7459,2.1373,2.1373,5680457.1848
2015-04-24,13.6531,13.1913,2.4613,0.8224,0.7988,1.9958,1.9958,6083436.4121
2015-04-27,12.969,12.5303,2.338,0.7812,0.7588,2.101,2.101,5778618.7915
2015-04-28,12.2501,11.8358,2.2084,0.7379,0.7167,2.2243,2.2243,5458301.9698
2015-04-29,12.6095,12.1831,2.2732,0.7595,0.7377,2.1609,2.1609,5618460.3806
2015-04-30,12.3487,11.931,2.2261,0.7438,0.7225,2.2066,2.2066,5502216.3728
2015-05-04,12.4298,12.0094,2.2408,0.7487,0.7272,2.1922,2.1922,5538381.1752
2015-05-05,11.8095,11.4101,2.1289,0.7113,0.6909,2.3073,2.3073,5261978.7565
2015-05-06,11.595,11.2028,2.0903,0.6984,0.6784,2.35,2.35,5166400.35
2015-05-07,11.6877,11.2924,2.107,0.704,0.6838,2.3313,2.3313,5207731.5528
2015-05-08,11.7515,11.3541,2.1185,0.7078,0.6875,2.3187,2.3187,5236146.7547
2015-05-11,12.0124,11.6061,2.1655,0.7236,0.7028,2.2683,2.2683,5352390.7626
2015-05-12,11.8849,11.4829,2.1425,0.7159,0.6953,2.2927,2.2927,5295560.3588
2015-05-13,12.3255,11.9086,2.2219,0.7424,0.7211,2.2107,2.2107,5491883.5721
2015-05-14,12.0588,11.6509,2.1739,0.7264,0.7055,2.2596,2.2596,5373056.364
2015-05-15,11.5892,11.1972,2.0892,0.6981,0.678,2.3512,2.3512,5163817.1498
2015-05-18,11.0732,10.6987,1.9962,0.667,0.6478,2.4607,2.4607,4933912.3343
2015-05-19,11.5312,11.1412,2.0788,0.6946,0.6746,2.363,2.363,5137985.1481
2015-05-20,12.1052,11.6957,2.1822,0.7292,0.7082,2.251,2.251,5393721.9654
2015-05-21,12.4704,12.0486,2.2481,0.7512,0.7296,2.185,2.185,5556463.5764
2015-05-22,12.8009,12.3679,2.3076,0.7711,0.7489,2.1286,2.1286,5703705.9864
2015-05-25,13.3748,12.9224,2.4111,0.8056,0.7825,2.0373,2.0373,5959442.8037
2015-05-26,13.369,12.9168,2.4101,0.8053,0.7822,2.0382,2.0382,5956859.6036
2015-05-27,13.1313,12.6872,2.3672,0.791,0.7683,2.0751,2.0751,5850948.3964
2015-05-28,12.0878,11.6789,2.1791,0.7281,0.7072,2.2542,2.2542,5385972.3649
2015-05-29,12.3139,11.8974,2.2199,0.7417,0.7204,2.2128,2.2128,5486717.1717
2015-06-01,13.1835,12.7376,2.3766,0.7941,0.7713,2.0668,2.0668,5874197.198
2015-06-02,13.2647,12.816,2.3913,0.799,0.7761,2.0542,2.0542,5910362.0004
2015-06-03,13.798,13.3313,2.4874,0.8311,0.8073,1.9748,1.9748,6148016.4165
2015-06-04,13.5777,13.1185,2.4477,0.8179,0.7944,2.0068,2.0068,6049854.8099
2015-06-05,13.5603,13.1017,2.4446,0.8168,0.7934,2.0094,2.0094,6042105.2093
2015-06-08,13.514,13.0569,2.4362,0.814,0.7906,2.0163,2.0163,6021439.6079
2015-06-09,13.6241,13.1633,2.4561,0.8206,0.7971,2.0,2.0,6070520.4113
2015-06-10,13.6879,13.2249,2.4676,0.8245,0.8008,1.9907,1.9907,6098935.6132
2015-06-11,13.5313,13.0737,2.4393,0.8151,0.7917,2.0137,2.0137,6029189.2085
2015-06-12,14.6213,14.1267,2.6358,0.8807,0.8554,1.8636,1.8636,6514830.8414
2015-06-15,13.9198,13.449,2.5094,0.8385,0.8144,1.9575,1.9575,6202263.6202
2015-06-16,13.0675,12.6256,2.3557,0.7871,0.7645,2.0852,2.0852,5822533.1945
2015-06-17,13.4792,13.0233,2.4299,0.8119,0.7886,2.0215,2.0215,6005940.4069
2015-06-18,13.3516,12.9,2.4069,0.8042,0.7811,2.0408,2.0408,5949110.003
2015-06-19,12.4994,12.0766,2.2533,0.7529,0.7313,2.18,2.18,5569379.5773
2015-06-23,13.2878,12.8384,2.3954,0.8004,0.7774,2.0506,2.0506,5920694.8011
2015-06-24,13.6705,13.2081,2.4644,0.8234,0.7998,1.9932,1.9932,6091186.0127
2015-06-25,12.9052,12.4687,2.3265,0.7773,0.755,2.1114,2.1114,5750203.5896
2015-06-26,11.9718,11.5669,2.1582,0.7211,0.7004,2.276,2.276,5334308.3614
2015-06-29,11.3863,11.0012,2.0526,0.6858,0.6662,2.3931,2.3931,5073405.1437
2015-06-30,12.3776,11.959,2.2314,0.7456,0.7242,2.2014,2.2014,5515132.3736
2015-07-01,11.4848,11.0964,2.0704,0.6918,0.6719,2.3725,2.3725,5117319.5467
2015-07-02,10.7601,10.3962,1.9398,0.6481,0.6295,2.5323,2.5323,4794419.5248
2015-07-03,9.9775,9.64,1.7987,0.601,0.5837,2.731,2.731,4445687.5012
2015-07-06,10.25,9.9033,1.8478,0.6174,0.5997,2.6584,2.6584,4567097.9094
2015-07-07,10.1862,9.8417,1.8363,0.6136,0.5959,2.675,2.675,4538682.7075
2015-07-08,9.1658,8.8558,1.6524,0.5521,0.5362,2.9728,2.9728,4084039.4767
2015-07-09,10.0818,9.7408,1.8175,0.6073,0.5898,2.7027,2.7027,4492185.1043
2015-07-10,11.0906,10.7155,1.9993,0.668,0.6489,2.4569,2.4569,4941661.9348
2015-07-13,11.653,11.2588,2.1007,0.7019,0.6818,2.3383,2.3383,5192232.3518
2015-07-14,10.8239,10.4578,1.9513,0.652,0.6333,2.5174,2.5174,4822834.7267
2015-07-15,9.7398,9.4104,1.7558,0.5867,0.5698,2.7976,2.7976,4339776.294
2015-07-16,9.9891,9.6512,1.8008,0.6017,0.5844,2.7278,2.7278,4450853.9015
2015-07-17,10.534,10.1778,1.899,0.6345,0.6163,2.5867,2.5867,4693674.718
2015-07-20,10.5109,10.1554,1.8948,0.6331,0.6149,2.5924,2.5924,4683341.9173
2015-07-21,10.5456,10.189,1.9011,0.6352,0.617,2.5838,2.5838,4698841.1183
2015-07-22,10.5398,10.1834,1.9,0.6349,0.6166,2.5853,2.5853,4696257.9182
2015-07-23,10.6558,10.2954,2.0313,0.6418,0.6234,2.5571,5.3863,4747921.9217
2015-07-24,10.7833,10.4186,2.0557,0.6495,0.6309,2.5269,5.3226,4804752.3255
2015-07-27,9.705,9.3768,1.8501,0.5846,0.5678,2.8076,5.914,4324277.093
2015-07-28,9.9427,9.6064,1.8954,0.5989,0.5817,2.7405,5.7726,4430188.3001
2015-07-29,10.3195,9.9705,1.9672,0.6216,0.6037,2.6404,5.5618,4598096.3115
2015-07-30,9.8615,9.528,1.8799,0.594,0.577,2.7631,5.8201,4394023.4977
2015-07-31,9.8731,9.5392,1.8821,0.5947,0.5776,2.7598,5.8133,4399189.898
2015-08-03,10.0528,9.7128,1.9164,0.6055,0.5881,2.7105,5.7093,4479269.1035
2015-08-04,10.3311,9.9817,1.9695,0.6223,0.6044,2.6375,5.5556,4603262.7119
2015-08-05,9.9833,9.6456,1.9031,0.6013,0.5841,2.7294,5.7491,4448270.7014
2015-08-06,9.7978,9.4664,1.8678,0.5902,0.5732,2.7811,5.858,4365608.2958
2015-08-07,9.9369,9.6008,1.8943,0.5985,0.5814,2.7421,5.776,4427605.1
2015-08-10,10.3949,10.0433,1.9816,0.6261,0.6082,2.6213,2.9002,4631677.9138
2015-08-11,10.3137,9.9649,1.9661,0.6212,0.6034,2.6419,2.923,4595513.1113
2015-08-12,10.2268,9.8809,1.9496,0.616,0.5983,2.6644,2.9478,4556765.1087
2015-08-13,10.5166,10.161,2.0048,0.6335,0.6153,2.591,2.8666,4685925.1175
2015-08-14,10.4355,10.0825,1.9894,0.6286,0.6105,2.6111,2.8889,4649760.315
2015-08-17,10.4181,10.0657,1.986,0.6275,0.6095,2.6155,2.8937,4642010.7145
2015-08-18,9.5543,9.2311,1.8214,0.5755,0.559,2.8519,3.1553,4257113.8884
2015-08-19,9.647,9.3207,1.839,0.5811,0.5644,2.8245,3.125,4298445.0912
2015-08-20,9.1658,8.8558,1.7473,0.5521,0.5362,2.9728,3.2891,4084039.4767
2015-08-21,8.4585,8.1725,1.6125,0.5095,0.4949,3.2214,3.5641,3768889.0553
2015-08-24,7.6121,7.3546,1.4511,0.4585,0.4453,3.5796,3.9604,3391741.8298
2015-08-25,6.899,6.6657,1.3152,0.4156,0.4036,3.9496,4.3697,3074008.2083
2015-08-26,7.1773,6.9345,1.3682,0.4323,0.4199,3.7964,4.2003,3198001.8167
2015-08-27,7.8962,7.404,1.4611,0.4756,0.4547,3.4508,3.8179,3518318.6384
2015-08-28,8.1397,7.6323,1.5061,0.4903,0.4687,3.3476,3.7037,3626813.0457
2015-08-31,8.1513,7.6432,1.5083,0.491,0.4694,3.3428,3.6984,3631979.4461
2015-09-01,8.3426,7.8226,1.5437,0.5025,0.4804,3.2662,3.6136,3717225.0518
2015-09-02,8.5281,7.9966,1.578,0.5137,0.4911,3.1951,3.535,3799887.4574
2015-09-07,7.9252,7.4312,1.4664,0.4774,0.4563,3.4382,3.804,3531234.6392
2015-09-08,8.2498,7.7356,1.5265,0.4969,0.475,3.3029,3.6543,3675893.849
2015-09-09,8.2846,7.7682,1.5329,0.499,0.477,3.289,3.6389,3691393.0501
2015-09-10,8.1513,7.6432,1.5083,0.491,0.4694,3.3428,3.6984,3631979.4461
2015-09-11,8.1629,7.6541,1.5104,0.4917,0.47,3.3381,3.6932,3637145.8464
2015-09-14,8.1397,7.6323,1.5061,0.4903,0.4687,3.3476,3.7037,3626813.0457
2015-09-15,7.6295,7.154,1.4117,0.4596,0.4393,3.5714,3.9514,3399491.4303
2015-09-16,8.1165,7.6106,1.5018,0.4889,0.4674,3.3571,3.7143,3616480.245
2015-09-17,7.9136,7.4203,1.4643,0.4767,0.4557,3.4432,3.8095,3526068.2389
2015-09-18,7.8962,7.404,1.4611,0.4756,0.4547,3.4508,3.8179,3518318.6384
2015-09-21,8.0237,7.5236,1.4847,0.4833,0.462,3.396,3.7572,3575149.0422
2015-09-22,8.2266,7.7139,1.5222,0.4955,0.4737,3.3122,3.6646,3665561.0483
2015-09-23,8.0121,7.5127,1.4825,0.4826,0.4613,3.4009,3.7627,3569982.6419
2015-09-24,8.0759,7.5725,1.4943,0.4865,0.465,3.374,3.733,3598397.8438
2015-09-25,7.8962,7.404,1.4611,0.4756,0.4547,3.4508,3.8179,3518318.6384
2015-09-28,8.0353,7.5345,1.4868,0.484,0.4627,3.3911,3.7518,3580315.4426
2015-09-29,7.7397,7.2572,1.4321,0.4662,0.4457,3.5206,3.8951,3448572.2336
2015-09-30,7.9658,7.4692,1.4739,0.4798,0.4587,3.4207,3.7846,3549317.0405
2015-10-08,8.2672,7.7519,1.5297,0.498,0.476,3.2959,3.6466,3683643.4496
2015-10-09,8.3716,7.8498,1.549,0.5043,0.482,3.2548,3.6011,3730141.0527
2015-10-12,8.6904,8.1488,1.608,0.5235,0.5004,3.1354,3.469,3872217.0623
2015-10-13,8.7368,8.1923,1.6166,0.5263,0.5031,3.1188,3.4506,3892882.6637
2015-10-14,8.4759,7.9476,1.5683,0.5105,0.4881,3.2148,3.5568,3776638.6559
2015-10-15,8.6672,8.127,1.6037,0.5221,0.4991,3.1438,3.4783,3861884.2616
2015-10-16,8.8528,8.301,1.6381,0.5332,0.5098,3.0779,3.4054,3944546.6672
2015-10-19,9.1542,8.5837,1.6938,0.5514,0.5271,2.9766,3.2932,4078873.0763
2015-10-20,9.131,8.5619,1.6896,0.55,0.5258,2.9841,3.3016,4068540.2756
2015-10-21,8.5571,8.0237,1.5834,0.5154,0.4927,3.1843,3.523,3812803.4583
2015-10-22,8.731,8.1868,1.6155,0.5259,0.5027,3.1208,3.4529,3890299.4636
2015-10-23,8.8296,8.2792,1.6338,0.5318,0.5084,3.086,3.4143,3934213.8665
2015-10-26,9.0673,8.5021,1.6778,0.5462,0.5221,3.0051,3.3248,4040125.0737
2015-10-27,9.0441,8.4804,1.6735,0.5448,0.5208,3.0128,3.3333,4029792.273
2015-10-28,9.1079,8.5402,1.6853,0.5486,0.5244,2.9917,3.31,4058207.4749
2015-10-29,9.131,8.7965,1.6095,0.55,0.4968,2.9841,3.3016,4068540.2756
2015-10-30,8.9687,8.6401,1.5809,0.5402,0.488,3.0381,3.3613,3996210.6707
2015-11-02,8.9455,8.6178,1.5768,0.5388,0.4867,3.046,3.3701,3985877.87
2015-11-03,8.7774,8.4558,1.5471,0.5287,0.4775,3.1044,3.4346,3910965.065
2015-11-04,9.131,8.7965,1.6095,0.55,0.4968,2.9841,3.3016,4068540.2756
2015-11-05,9.2412,8.9026,1.6289,0.5566,0.5028,2.9486,3.2622,4117621.079
2015-11-06,9.4035,9.059,1.6575,0.5664,0.5116,2.8977,3.2059,4189950.6839
2015-11-09,9.5253,9.1763,1.679,0.5738,0.5182,2.8606,3.1649,4244197.8875
2015-11-10,9.4151,9.0702,1.6596,0.5671,0.5122,2.8941,3.202,4195117.0842
2015-11-11,9.4499,9.1037,1.6657,0.5692,0.5141,2.8834,3.1902,4210616.2853
2015-11-12,9.3456,9.0031,1.6473,0.5629,0.5085,2.9156,3.2258,4164118.6821
2015-11-13,9.5137,9.1651,1.6769,0.5731,0.5176,2.8641,3.1688,4239031.4872
2015-11-16,9.5311,9.1819,1.68,0.5741,0.5186,2.8589,3.163,4246781.0877
2015-11-17,9.5485,9.1986,1.6831,0.5751,0.5195,2.8537,3.1573,4254530.6882
2015-11-18,9.3282,8.9864,1.6442,0.5619,0.5075,2.9211,3.2318,4156369.0816
2015-11-19,9.4789,9.1316,1.6708,0.571,0.5157,2.8746,3.1804,4223532.2861
2015-11-20,9.4963,9.1484,1.6739,0.572,0.5167,2.8694,3.1746,4231281.8867
2015-11-23,9.4847,9.1372,1.6718,0.5713,0.516,2.8729,3.1785,4226115.4863
2015-11-24,9.3745,9.0311,1.6524,0.5647,0.51,2.9066,3.2158,4177034.683
2015-11-25,9.5311,9.1819,1.68,0.5741,0.5186,2.8589,3.163,4246781.0877
2015-11-26,9.6238,9.2712,1.6963,0.5797,0.5236,2.8313,3.1325,4288112.2905
2015-11-27,9.1832,8.8468,1.6187,0.5531,0.4996,2.9672,3.2828,4091789.0772
2015-11-30,9.247,8.9082,1.6299,0.557,0.5031,2.9467,3.2602,4120204.2791
2015-12-01,9.3166,8.9752,1.6422,0.5612,0.5069,2.9247,3.2358,4151202.6812
2015-12-02,9.7398,9.3829,1.7168,0.5867,0.5299,2.7976,3.0952,4339776.294
2015-12-03,9.8557,9.4946,1.7372,0.5937,0.5362,2.7647,3.0588,4391440.2975
2015-12-04,9.7166,9.3606,1.7127,0.5853,0.5286,2.8043,3.1026,4329443.4933
2015-12-07,9.6702,9.3159,1.7045,0.5825,0.5261,2.8177,3.1175,4308777.8919
2015-12-08,9.4035,9.059,1.6575,0.5664,0.5116,2.8977,3.2059,4189950.6839
2015-12-09,9.5195,9.1707,1.678,0.5734,0.5179,2.8624,3.1669,4241614.6874
2015-12-10,9.5311,9.1819,1.68,0.5741,0.5186,2.8589,3.163,4246781.0877
2015-12-11,9.5427,9.193,1.682,0.5748,0.5192,2.8554,3.1592,4251947.4881
2015-12-14,9.6702,9.3159,1.7045,0.5825,0.5261,2.8177,3.1175,4308777.8919
2015-12-15,9.5659,9.2154,1.6861,0.5762,0.5204,2.8485,3.1515,4262280.2888
2015-12-16,9.7108,9.355,1.7117,0.5849,0.5283,2.806,3.1045,4326860.2931
2015-12-17,9.8383,9.4779,1.7342,0.5926,0.5353,2.7696,3.0642,4383690.697
2015-12-18,9.7514,9.3941,1.7188,0.5874,0.5305,2.7943,3.0916,4344942.6944
2015-12-21,10.0413,9.6733,1.7699,0.6048,0.5463,2.7136,3.0023,4474102.7031
2015-12-22,10.076,9.7069,1.7761,0.6069,0.5482,2.7043,2.9919,4489601.9042
2015-12-23,10.076,9.7069,1.7761,0.6069,0.5482,2.7043,2.9919,4489601.9042
2015-12-24,10.1456,9.7739,1.7883,0.6111,0.552,2.6857,2.9714,4520600.3063
2015-12-25,10.1572,9.785,1.7904,0.6118,0.5526,2.6826,2.968,4525766.7066
2015-12-28,9.8325,9.4723,1.7331,0.5923,0.535,2.7712,3.066,4381107.4968
2015-12-29,9.8789,9.517,1.7413,0.5951,0.5375,2.7582,3.0516,4401773.0982
2015-12-30,9.8847,9.5226,1.7423,0.5954,0.5378,2.7566,3.0499,4404356.2984
2015-12-31,9.7746,9.4164,1.7229,0.5888,0.5318,2.7877,3.0842,4355275.4951
2016-01-04,9.0673,8.7351,1.5982,0.5462,0.4933,3.3248,3.3248,4040125.0737
2016-01-05,9.3166,8.9752,1.6422,0.5612,0.5069,3.2358,3.2358,4151202.6812
2016-01-06,9.3572,9.0143,1.6493,0.5636,0.5091,3.2218,3.2218,4169285.0825
2016-01-07,8.7194,8.4,1.5369,0.5252,0.4744,3.4574,3.4574,3885133.0632
2016-01-08,8.8934,8.5675,1.5676,0.5357,0.4839,3.3898,3.3898,3962629.0685
2016-01-11,8.418,8.1095,1.4838,0.5071,0.458,3.5813,3.5813,3750806.6541
2016-01-12,8.3484,8.0425,1.4715,0.5029,0.4542,3.6111,3.6111,3719808.252
2016-01-13,8.1803,7.8805,1.4419,0.4927,0.4451,3.6853,3.6853,3644895.4469
2016-01-14,8.5745,8.2603,1.5114,0.5165,0.4665,3.5159,3.5159,3820553.0588
2016-01-15,8.3136,8.009,1.4654,0.5008,0.4523,3.6262,3.6262,3704309.051
2016-01-18,8.3136,8.009,1.4654,0.5008,0.4523,3.6262,3.6262,3704309.051
2016-01-19,10.6984,10.3064,1.3941,0.6444,0.5821,2.8179,2.8179,4766918.6638
2016-01-20,10.2739,9.8975,1.3388,0.6188,0.559,2.9343,2.9343,4577755.2248
2016-01-21,9.9979,9.6316,1.3029,0.6022,0.5439,3.0153,3.0153,4454798.9894
2016-01-22,10.1324,9.7611,1.3204,0.6103,0.5513,2.9753,2.9753,4514700.7451
2016-01-25,10.1677,9.7952,1.325,0.6125,0.5532,2.965,2.965,4530464.365
2016-01-26,9.4673,9.1204,1.2337,0.5703,0.5151,3.1843,3.1843,4218344.6906
2016-01-27,9.4673,9.1204,1.2337,0.5703,0.5151,3.1843,3.1843,4218344.6906
2016-01-28,9.4177,9.0727,1.2273,0.5673,0.5124,3.2011,3.2011,4196275.6227
2016-01-29,9.7857,9.4271,1.2752,0.5894,0.5324,3.0807,3.0807,4360217.2699
2016-02-01,9.7361,9.3794,1.2687,0.5865,0.5297,3.0964,3.0964,4338148.202
2016-02-02,9.8847,9.5225,1.2881,0.5954,0.5378,3.0499,3.0499,4404355.4056
2016-02-03,9.6937,9.3385,1.2632,0.5839,0.5274,3.11,3.11,4319231.8581
2016-02-04,9.7644,9.4067,1.2724,0.5882,0.5312,3.0874,3.0874,4350759.0979
2016-02-05,9.6441,9.2908,1.2568,0.5809,0.5247,3.1259,3.1259,4297162.7902
2016-02-15,9.5522,9.2022,1.2448,0.5754,0.5197,3.156,3.156,4256177.3784
2016-02-16,9.814,9.4544,1.2789,0.5911,0.5339,3.0718,3.0718,4372828.1658
2016-02-17,9.8776,9.5157,1.2872,0.595,0.5374,3.052,3.052,4401202.6817
2016-02-18,9.8281,9.468,1.2807,0.592,0.5347,3.0674,3.0674,4379133.6138
2016-02-19,9.821,9.4612,1.2798,0.5916,0.5343,3.0696,3.0696,4375980.8898
2016-02-22,10.005,9.6384,1.3038,0.6026,0.5443,3.0132,3.0132,4457951.7134
2016-02-23,9.8352,9.4748,1.2817,0.5924,0.5351,3.0652,3.0652,4382286.3378
2016-02-24,9.8069,9.4476,1.278,0.5907,0.5336,3.0741,3.0741,4369675.4418
2016-02-25,9.1772,8.8409,1.1959,0.5528,0.4993,3.285,3.285,4089083.0072
2016-02-26,9.2621,8.9227,1.207,0.5579,0.5039,3.2549,3.2549,4126915.6951
2016-02-29,9.0073,8.6773,1.1738,0.5426,0.4901,3.3469,3.3469,4013417.6316
2016-03-01,9.1135,8.7796,1.1876,0.5489,0.4958,3.308,3.308,4060708.4914
2016-03-02,9.4743,9.1272,1.2346,0.5707,0.5155,3.182,3.182,4221497.4146
2016-03-03,9.538,9.1885,1.2429,0.5745,0.5189,3.1607,3.1607,4249871.9304
2016-03-04,9.7574,9.3999,1.2715,0.5877,0.5309,3.0897,3.0897,4347606.3739
2016-03-07,9.8069,9.4476,1.278,0.5907,0.5336,3.0741,3.0741,4369675.4418
2016-03-08,9.8352,9.4748,1.2817,0.5924,0.5351,3.0652,3.0652,4382286.3378
2016-03-09,9.7715,9.4135,1.2734,0.5886,0.5316,3.0852,3.0852,4353911.8219
2016-03-10,9.5309,9.1817,1.242,0.5741,0.5185,3.1631,3.1631,4246719.2064
2016-03-11,9.5309,9.1817,1.242,0.5741,0.5185,3.1631,3.1631,4246719.2064
2016-03-14,9.7361,9.3794,1.2687,0.5865,0.5297,3.0964,3.0964,4338148.202
2016-03-15,9.9059,9.543,1.2909,0.5967,0.5389,3.0433,3.0433,4413813.5776
2016-03-16,9.9555,9.5907,1.2973,0.5997,0.5416,3.0282,3.0282,4435882.6455
2016-03-17,9.9838,9.618,1.301,0.6014,0.5432,3.0196,3.0196,4448493.5414
2016-03-18,10.0616,9.693,1.3112,0.6061,0.5474,2.9962,2.9962,4483173.5052
2016-03-21,10.2173,9.8429,1.3314,0.6154,0.5559,2.9506,2.9506,4552533.4329
2016-03-22,10.1041,9.7339,1.3167,0.6086,0.5497,2.9836,2.9836,4502089.8492
2016-03-23,10.1819,9.8088,1.3268,0.6133,0.554,2.9608,2.9608,4536769.813
2016-03-24,10.3093,9.9315,1.3434,0.621,0.5609,2.9243,2.9243,4593518.8447
2016-03-25,9.9129,9.9129,1.3105,0.5204,0.5204,2.8329,2.8329,4741696.8719
2016-03-28,9.7415,9.7415,1.2879,0.5114,0.5114,2.8827,2.8827,4659726.0484
2016-03-29,9.8206,9.8206,1.2983,0.5155,0.5155,2.8595,2.8595,4697558.7362
2016-03-30,10.0315,10.0315,1.3262,0.5266,0.5266,2.7994,2.7994,4798445.9036
2016-03-31,10.0315,10.0315,1.3262,0.5266,0.5266,2.7994,2.7994,4798445.9036
2016-04-01,9.959,9.959,1.3166,0.5228,0.5228,2.8198,2.8198,4763765.9398
2016-04-05,10.0513,10.0513,1.3288,0.5276,0.5276,2.7939,2.7939,4807904.0756
2016-04-06,10.1435,10.1435,1.341,0.5325,0.5325,2.7685,2.7685,4852042.2114
2016-04-07,9.8997,9.8997,1.3088,0.5197,0.5197,2.8366,2.8366,4735391.424
2016-04-08,10.0051,10.0051,1.3227,0.5252,0.5252,2.8067,2.8067,4785835.0077
2016-04-11,10.1765,10.1765,1.3454,0.5342,0.5342,2.7595,2.7595,4867805.8313
2016-04-12,10.1501,10.1501,1.3419,0.5328,0.5328,2.7667,2.7667,4855194.9354
2016-04-13,10.2226,10.2226,1.3515,0.5366,0.5366,2.747,2.747,4889874.8992
2016-04-14,10.2556,10.2556,1.3558,0.5384,0.5384,2.7382,2.7382,4905638.5191
2016-04-15,10.2819,10.2819,1.3593,0.5398,0.5398,2.7312,2.7312,4918249.415
2016-04-18,9.9524,9.9524,1.3158,0.5225,0.5225,2.8216,2.8216,4760613.2158
2016-04-19,9.9524,9.9524,1.3158,0.5225,0.5225,2.8216,2.8216,4760613.2158
2016-04-20,9.7415,9.7415,1.2879,0.5114,0.5114,2.8827,2.8827,4659726.0484
2016-04-21,9.7019,9.7019,1.2827,0.5093,0.5093,2.8945,2.8945,4640809.7044
2016-04-22,9.8008,9.8008,1.2957,0.5145,0.5145,2.8653,2.8653,4688100.5642
2016-04-25,9.9788,9.9788,1.3193,0.5238,0.5238,2.8142,2.8142,4773224.1118
2016-04-26,10.0249,10.0249,1.3253,0.5263,0.5263,2.8012,2.8012,4795293.1797
2016-04-27,9.9129,9.9129,1.3105,0.5204,0.5204,2.8329,2.8329,4741696.8719
2016-04-28,9.8469,9.8469,1.3018,0.5169,0.5169,2.8518,2.8518,4710169.6321
2016-04-29,9.8469,9.5554,1.3104,0.5169,0.46,2.8518,2.8518,4710169.6321
2016-05-03,9.9194,9.6257,1.32,0.5207,0.4634,2.831,2.831,4744849.5959
2016-05-04,10.0051,9.7089,1.3314,0.5252,0.4674,2.8067,2.8067,4785835.0077
2016-05-05,9.8667,9.5746,1.313,0.518,0.4609,2.8461,2.8461,4719627.804
2016-05-06,9.4778,9.1972,1.2612,0.4975,0.4427,2.9629,2.9629,4533617.089
2016-05-09,9.2603,8.9861,1.2323,0.4861,0.4326,3.0325,3.0325,4429577.1975
2016-05-10,9.201,8.9286,1.2244,0.483,0.4298,3.052,3.052,4401202.6817
2016-05-11,9.346,9.0693,1.2437,0.4906,0.4366,3.0047,3.0047,4470562.6093
2016-05-12,9.4185,9.1396,1.2533,0.4944,0.44,2.9816,2.9816,4505242.5731
2016-05-13,9.346,9.0693,1.2437,0.4906,0.4366,3.0047,3.0047,4470562.6093
2016-05-16,9.379,9.1013,1.2481,0.4924,0.4381,2.9941,2.9941,4486326.2292
2016-05-17,9.3394,9.0629,1.2428,0.4903,0.4363,3.0068,3.0068,4467409.8853
2016-05-18,9.379,9.1013,1.2481,0.4924,0.4381,2.9941,2.9941,4486326.2292
2016-05-19,9.3658,9.0885,1.2463,0.4917,0.4375,2.9983,2.9983,4480020.7813
2016-05-20,9.3592,9.0821,1.2455,0.4913,0.4372,3.0005,3.0005,4476868.0573
2016-05-23,9.5108,9.2292,1.2656,0.4993,0.4443,2.9526,2.9526,4549380.7089
2016-05-24,9.4778,9.1972,1.2612,0.4975,0.4427,2.9629,2.9629,4533617.089
2016-05-25,9.524,9.242,1.2674,0.5,0.4449,2.9485,2.9485,4555686.1569
2016-05-26,9.4976,9.2164,1.2639,0.4986,0.4437,2.9567,2.9567,4543075.2609
2016-05-27,9.524,9.242,1.2674,0.5,0.4449,2.9485,2.9485,4555686.1569
2016-05-30,9.4119,9.1332,1.2525,0.4941,0.4397,2.9836,2.9836,4502089.8492
2016-05-31,9.6954,9.4083,1.2902,0.509,0.4529,2.8964,2.8964,4637656.9805
2016-06-01,9.7085,9.4211,1.2919,0.5097,0.4535,2.8925,2.8925,4643962.4284
2016-06-02,9.669,9.3827,1.2867,0.5076,0.4517,2.9043,2.9043,4625046.0845
2016-06-03,9.926,9.6321,1.3209,0.5211,0.4637,2.8291,2.8291,4748002.3199
2016-06-06,9.9392,9.6449,1.3226,0.5218,0.4643,2.8254,2.8254,4754307.7679
2016-06-07,9.8865,9.5937,1.3156,0.519,0.4618,2.8404,2.8404,4729085.976
2016-06-08,9.8404,9.549,1.3095,0.5166,0.4597,2.8537,2.8537,4707016.9081
2016-06-13,9.6031,9.3187,1.2779,0.5041,0.4486,2.9243,2.9243,4593518.8447
2016-06-14,9.6228,9.3379,1.2805,0.5052,0.4495,2.9183,2.9183,4602977.0166
2016-06-15,9.8338,9.5426,1.3086,0.5162,0.4594,2.8557,2.8557,4703864.1841
2016-06-16,9.7876,9.4978,1.3025,0.5138,0.4572,2.8691,2.8691,4681795.1162
2016-06-17,9.9392,9.6449,1.3226,0.5218,0.4643,2.8254,2.8254,4754307.7679
2016-06-20,9.9854,9.6897,1.3288,0.5242,0.4665,2.8123,2.8123,4776376.8358
2016-06-21,10.0249,9.7281,1.334,0.5263,0.4683,2.8012,2.8012,4795293.1797
2016-06-22,10.1369,9.8368,1.349,0.5321,0.4735,2.7703,2.7703,4848889.4874
2016-06-23,9.3526,9.0757,1.3398,0.491,0.4369,3.0026,8.7108,4473715.3333
2016-06-24,9.0956,8.8262,1.3029,0.4775,0.4249,3.0874,8.957,4350759.0979
2016-06-27,9.1813,8.9094,1.3152,0.482,0.4289,3.0586,8.8734,4391744.5097
2016-06-28,9.1747,8.903,1.3143,0.4816,0.4286,3.0608,8.8798,4388591.7857
2016-06-29,9.2208,8.9478,1.3209,0.484,0.4307,3.0455,8.8353,4410660.8536
2016-06-30,9.234,8.9606,1.3228,0.4847,0.4314,3.0411,8.8227,4416966.3016
2016-07-01,9.2801,9.0053,1.3294,0.4872,0.4335,3.026,8.7789,4439035.3695
2016-07-04,9.4581,9.178,1.3549,0.4965,0.4418,2.9691,8.6137,4524158.917
2016-07-05,9.4515,9.1716,1.3539,0.4962,0.4415,2.9712,8.6197,4521006.1931
2016-07-06,9.4119,9.1332,1.3483,0.4941,0.4397,2.9836,8.6559,4502089.8492
2016-07-07,9.3526,9.0757,1.3398,0.491,0.4369,3.0026,8.7108,4473715.3333
2016-07-08,9.3328,9.0565,1.3369,0.4899,0.436,3.0089,8.7293,4464257.1613
2016-07-11,9.5174,9.2356,1.3634,0.4996,0.4446,2.9506,8.56,4552533.4329
2016-07-12,9.8667,9.5746,1.4134,0.518,0.4609,2.8461,8.2569,4719627.804
2016-07-13,9.9919,9.6961,1.4313,0.5245,0.4668,2.8105,8.1535,4779529.5597
2016-07-14,10.071,9.7728,1.4427,0.5287,0.4705,2.7884,8.0894,4817362.2476
2016-07-15,10.2819,9.9775,1.4729,0.5398,0.4803,2.7312,7.9235,4918249.415
2016-07-18,10.5258,10.2141,1.5078,0.5526,0.4917,2.6679,7.7399,5034900.2024
2016-07-19,10.2358,9.9327,1.4663,0.5373,0.4782,2.7435,7.9592,4896180.3472
2016-07-20,10.1369,9.8368,1.4521,0.5321,0.4735,2.7703,8.0368,4848889.4874
2016-07-21,10.2688,9.9647,1.471,0.5391,0.4797,2.7347,7.9337,4911943.9671
2016-07-22,10.0776,9.7792,1.4436,0.529,0.4708,2.7866,8.0841,4820514.9715
2016-07-25,10.1369,9.8368,1.4521,0.5321,0.4735,2.7703,5.2666,4848889.4874
2016-07-26,10.4929,10.1822,1.5031,0.5508,0.4902,2.6763,5.0879,5019136.5825
2016-07-27,10.6576,10.3421,1.5267,0.5595,0.4979,2.6349,5.0093,5097954.6821
2016-07-28,10.9476,10.6235,1.5682,0.5747,0.5114,2.5651,4.8766,5236674.5374
2016-07-29,10.7301,10.4124,1.5371,0.5633,0.5012,2.6171,4.9754,5132634.646
2016-08-01,10.572,10.2589,1.5144,0.555,0.4939,2.6563,5.0499,5056969.2703
2016-08-02,10.6379,10.3229,1.5239,0.5584,0.4969,2.6398,5.0186,5088496.5102
2016-08-03,10.4797,10.1694,1.5012,0.5501,0.4895,2.6797,5.0943,5012831.1346
2016-08-04,10.5456,10.2333,1.5107,0.5536,0.4926,2.6629,5.0625,5044358.3744
2016-08-05,10.4401,10.131,1.4955,0.5481,0.4877,2.6898,5.1136,4993914.7907
2016-08-08,10.9081,10.5851,1.5626,0.5726,0.5096,2.5744,4.8943,5217758.1935
2016-08-09,10.9279,10.6043,1.5654,0.5737,0.5105,2.5698,4.8854,5227216.3655
2016-08-10,10.6445,10.3293,1.5248,0.5588,0.4972,2.6382,5.0155,5091649.2342
2016-08-11,10.5126,10.2013,1.5059,0.5519,0.4911,2.6713,5.0784,5028594.7545
2016-08-12,10.7367,10.4188,1.538,0.5636,0.5016,2.6155,4.9724,5135787.3699
2016-08-15,10.9872,10.6618,1.5739,0.5768,0.5133,2.5559,4.859,5255590.8813
2016-08-16,10.8817,10.5595,1.5588,0.5712,0.5083,2.5806,4.9061,5205147.2976
2016-08-17,10.8817,10.5595,1.5588,0.5712,0.5083,2.5806,4.9061,5205147.2976
2016-08-18,10.8026,10.4828,1.5475,0.5671,0.5046,2.5995,4.942,5167314.6098
2016-08-19,10.7104,10.3932,1.5343,0.5622,0.5003,2.6219,4.9846,5123176.474
2016-08-22,10.6247,10.3101,1.522,0.5577,0.4963,2.6431,5.0248,5082191.0622
2016-08-23,10.6115,10.2973,1.5201,0.5571,0.4957,2.6464,5.0311,5075885.6142
2016-08-24,10.5192,10.2077,1.5069,0.5522,0.4914,2.6696,5.0752,5031747.4785
2016-08-25,10.3149,9.3735,1.4147,0.5415,0.4389,2.7225,5.1757,4934013.035
2016-08-26,10.3281,9.3855,1.4165,0.5422,0.4394,2.719,5.1691,4940318.4829
2016-08-29,10.4204,9.4694,1.4291,0.547,0.4433,2.6949,5.1233,4984456.6187
2016-08-30,10.394,9.4454,1.4255,0.5456,0.4422,2.7017,5.1363,4971845.7228
2016-08-31,10.4072,9.4574,1.4273,0.5463,0.4428,2.6983,5.1298,4978151.1707
2016-09-01,10.4138,9.4634,1.4282,0.5467,0.4431,2.6966,5.1266,4981303.8947
2016-09-02,10.4006,9.4514,1.4264,0.546,0.4425,2.7,5.1331,4974998.4468
2016-09-05,10.3808,9.4334,1.4237,0.5449,0.4417,2.7052,5.1429,4965540.2748
2016-09-06,10.4599,9.5053,1.4345,0.5491,0.445,2.6847,5.104,5003372.9626
2016-09-07,10.4204,9.4694,1.4291,0.547,0.4433,2.6949,5.1233,4984456.6187
2016-09-08,10.4929,9.5353,1.4391,0.5508,0.4464,2.6763,5.0879,5019136.5825
2016-09-09,10.4731,9.5173,1.4364,0.5498,0.4456,2.6813,5.0975,5009678.4106
2016-09-12,10.2556,9.3196,1.4065,0.5384,0.4363,2.7382,5.2057,4905638.5191
2016-09-13,10.249,9.3137,1.4056,0.538,0.4361,2.74,5.209,4902485.7951
2016-09-14,10.1831,9.2538,1.3966,0.5346,0.4333,2.7577,5.2427,4870958.5553
2016-09-19,10.2424,9.3077,1.4047,0.5377,0.4358,2.7417,5.2124,4899333.0711
2016-09-20,10.3347,9.3915,1.4174,0.5425,0.4397,2.7172,5.1658,4943471.2069
2016-09-21,10.3149,9.3735,1.4147,0.5415,0.4389,2.7225,5.1757,4934013.035
2016-09-22,10.3017,9.3616,1.4129,0.5408,0.4383,2.7259,5.1823,4927707.587
2016-09-23,10.3083,9.3676,1.4138,0.5411,0.4386,2.7242,5.179,4930860.311
2016-09-26,10.2885,9.3496,1.411,0.5401,0.4377,2.7294,5.189,4921402.139
2016-09-27,10.3347,9.3915,1.4174,0.5425,0.4397,2.7172,5.1658,4943471.2069
2016-09-28,10.3083,9.3676,1.4138,0.5411,0.4386,2.7242,5.179,4930860.311
2016-09-29,10.3808,9.4334,1.4237,0.5449,0.4417,2.7052,5.1429,4965540.2748
2016-09-30,10.3808,9.4334,1.4237,0.5449,0.4417,2.7052,5.1429,4965540.2748
2016-10-10,10.6247,9.6551,1.4571,0.5577,0.452,2.6431,5.0248,5082191.0622
2016-10-11,10.5522,9.5892,1.4472,0.5539,0.449,2.6612,5.0593,5047511.0984
2016-10-12,10.6115,9.6431,1.4553,0.5571,0.4515,2.6464,5.0311,5075885.6142
2016-10-13,10.5456,9.5832,1.4463,0.5536,0.4487,2.6629,5.0625,5044358.3744
2016-10-14,10.5126,9.5532,1.4418,0.5519,0.4473,2.6713,5.0784,5028594.7545
2016-10-17,10.4204,9.4694,1.4291,0.547,0.4433,2.6949,5.1233,4984456.6187
2016-10-18,10.5851,9.6191,1.4517,0.5557,0.4504,2.653,5.0436,5063274.7183
2016-10-19,10.5983,9.6311,1.4535,0.5564,0.4509,2.6497,5.0373,5069580.1663
2016-10-20,10.7301,9.7509,1.4716,0.5633,0.4565,2.6171,4.9754,5132634.646
2016-10-21,10.6642,9.691,1.4626,0.5598,0.4537,2.6333,5.0062,5101107.4061
2016-10-24,10.7697,9.7868,1.477,0.5654,0.4582,2.6075,4.9572,5151550.9899
2016-10-25,10.651,9.679,1.4608,0.5591,0.4532,2.6365,5.0124,5094801.9581
2016-10-26,10.5785,9.6131,1.4508,0.5553,0.4501,2.6546,5.0467,5060121.9943
2016-10-27,10.6906,9.7149,1.4662,0.5612,0.4548,2.6268,4.9938,5113718.302
2016-10-28,10.7038,9.1165,1.4084,0.5619,0.4198,2.6236,4.9877,5120023.75
2016-10-31,10.8751,9.2625,1.431,0.5709,0.4265,2.5822,4.9091,5201994.5736
2016-11-01,10.8949,9.2793,1.4336,0.5719,0.4273,2.5775,4.9002,5211452.7456
2016-11-02,10.7763,9.1783,1.418,0.5657,0.4227,2.6059,4.9541,5154703.7138
2016-11-03,10.8554,9.2456,1.4284,0.5699,0.4258,2.5869,4.918,5192536.4016
2016-11-04,10.7433,9.1502,1.4136,0.564,0.4214,2.6139,4.9693,5138940.0939
2016-11-07,10.6576,9.0772,1.4023,0.5595,0.418,2.6349,5.0093,5097954.6821
2016-11-08,10.7235,9.1333,1.411,0.5629,0.4206,2.6187,4.9785,5129481.922
2016-11-09,10.5324,8.9705,1.3859,0.5529,0.4131,2.6662,5.0688,5038052.9264
2016-11-10,10.651,9.0716,1.4015,0.5591,0.4178,2.6365,5.0124,5094801.9581
2016-11-11,10.7104,9.1221,1.4093,0.5622,0.4201,2.6219,4.9846,5123176.474
2016-11-14,10.6972,9.1109,1.4075,0.5616,0.4196,2.6252,4.9908,5116871.026
2016-11-15,10.6708,9.0884,1.4041,0.5602,0.4185,2.6317,5.0031,5104260.1301
2016-11-16,10.6708,9.0884,1.4041,0.5602,0.4185,2.6317,5.0031,5104260.1301
2016-11-17,10.6642,9.0828,1.4032,0.5598,0.4183,2.6333,5.0062,5101107.4061
2016-11-18,10.6379,9.0604,1.3997,0.5584,0.4172,2.6398,5.0186,5088496.5102
2016-11-21,10.6247,9.0491,1.398,0.5577,0.4167,2.6431,5.0248,5082191.0622
2016-11-22,10.7301,9.139,1.4119,0.5633,0.4209,2.6171,4.9754,5132634.646
2016-11-23,10.7829,9.1839,1.4188,0.566,0.4229,2.6043,4.9511,5157856.4378
2016-11-24,11.1124,9.4645,1.4622,0.5833,0.4359,2.5271,4.8043,5315492.637
2016-11-25,11.2113,9.5488,1.4752,0.5885,0.4397,2.5048,4.7619,5362783.4968
2016-11-28,11.0663,9.4253,1.4561,0.5809,0.434,2.5376,4.8243,5293423.5691
2016-11-29,11.2904,9.6161,1.4856,0.5927,0.4428,2.4872,4.7285,5400616.1846
2016-11-30,11.119,9.4702,1.463,0.5837,0.4361,2.5256,4.8014,5318645.361
2016-12-01,11.3761,9.6891,1.4969,0.5972,0.4462,2.4685,4.6929,5441601.5964
2016-12-02,11.1849,9.5263,1.4717,0.5872,0.4387,2.5107,4.7731,5350172.6008
2016-12-05,11.0399,9.4028,1.4526,0.5795,0.433,2.5437,4.8358,5280812.6732
2016-12-06,11.0399,9.4028,1.4526,0.5795,0.433,2.5437,4.8358,5280812.6732
2016-12-07,11.119,9.4702,1.463,0.5837,0.4361,2.5256,4.8014,5318645.361
2016-12-08,11.3497,9.6666,1.4934,0.5958,0.4452,2.4742,4.7038,5428990.7004
2016-12-09,11.3629,9.6779,1.4951,0.5965,0.4457,2.4714,4.6984,5435296.1484
2016-12-12,11.1388,9.487,1.4657,0.5847,0.4369,2.5211,4.7929,5328103.533
2016-12-13,11.1915,9.5319,1.4726,0.5875,0.439,2.5092,4.7703,5353325.3248
2016-12-14,10.9345,9.313,1.4388,0.574,0.4289,2.5682,4.8825,5230369.0895
2016-12-15,10.5324,8.9705,1.3859,0.5529,0.4131,2.6662,5.0688,5038052.9264
2016-12-16,10.5324,8.9705,1.3859,0.5529,0.4131,2.6662,5.0688,5038052.9264
2016-12-19,10.4863,8.9313,1.3798,0.5505,0.4113,2.678,5.0911,5015983.8585
2016-12-20,10.361,8.8246,1.3633,0.5439,0.4064,2.7103,5.1527,4956082.1028
2016-12-21,10.394,8.8527,1.3677,0.5456,0.4077,2.7017,5.1363,4971845.7228
2016-12-22,10.5522,8.9874,1.3885,0.5539,0.4139,2.6612,5.0593,5047511.0984
2016-12-23,10.4599,8.9088,1.3763,0.5491,0.4103,2.6847,5.104,5003372.9626
2016-12-26,10.5522,8.9874,1.3885,0.5539,0.4139,2.6612,5.0593,5047511.0984
2016-12-27,10.4731,8.92,1.3781,0.5498,0.4108,2.6813,5.0975,5009678.4106
2016-12-28,10.4401,8.892,1.3737,0.5481,0.4095,2.6898,5.1136,4993914.7907
2016-12-29,10.4335,8.8863,1.3729,0.5477,0.4092,2.6915,5.1169,4990762.0667
2016-12-30,10.5126,8.9537,1.3833,0.5519,0.4123,2.6713,5.0784,5028594.7545
2017-01-03,10.6049,9.0323,1.3954,0.5567,0.4159,5.0342,5.0342,5072732.8903
2017-01-04,10.6972,9.1109,1.4075,0.5616,0.4196,4.9908,4.9908,5116871.026
2017-01-05,10.651,9.0716,1.4015,0.5591,0.4178,5.0124,5.0124,5094801.9581
2017-01-06,10.5588,8.993,1.3893,0.5543,0.4141,5.0562,5.0562,5050663.8224
2017-01-09,10.6906,9.1053,1.4067,0.5612,0.4193,4.9938,4.9938,5113718.302
2017-01-10,10.6115,9.0379,1.3963,0.5571,0.4162,5.0311,5.0311,5075885.6142
2017-01-11,10.4138,8.8695,1.3703,0.5467,0.4084,5.1266,5.1266,4981303.8947
2017-01-12,10.3545,8.819,1.3624,0.5436,0.4061,5.156,5.156,4952929.3789
2017-01-13,10.3808,8.8414,1.3659,0.5449,0.4072,5.1429,5.1429,4965540.2748
2017-01-16,10.3874,8.847,1.3668,0.5453,0.4074,5.1396,5.1396,4968692.9988
2017-01-17,10.2951,8.7685,1.3546,0.5404,0.4038,5.1857,5.1857,4924554.863
2017-01-18,10.427,8.8807,1.372,0.5474,0.409,5.1201,5.1201,4987609.3427
2017-01-19,10.4335,8.8863,1.3729,0.5477,0.4092,5.1169,5.1169,4990762.0667
2017-01-20,10.6906,9.1053,1.4067,0.5612,0.4193,4.9938,4.9938,5113718.302
2017-01-23,10.684,9.0997,1.4058,0.5609,0.419,4.9969,4.9969,5110565.5781
2017-01-24,10.7895,9.1895,1.4197,0.5664,0.4232,4.9481,4.9481,5161009.1618
2017-01-25,10.862,9.2512,1.4292,0.5702,0.426,4.915,4.915,5195689.1256
2017-01-26,10.941,9.3186,1.4396,0.5744,0.4291,4.8795,4.8795,5233521.8134
2017-02-03,10.7631,9.167,1.4162,0.565,0.4222,4.9602,4.9602,5148398.2659
2017-02-06,10.8488,9.24,1.4275,0.5695,0.4255,4.921,4.921,5189383.6777
2017-02-07,10.9081,9.2905,1.4353,0.5726,0.4278,4.8943,4.8943,5217758.1935
2017-02-08,10.9674,9.341,1.4431,0.5757,0.4302,4.8678,4.8678,5246132.7094
2017-02-09,10.9345,9.313,1.4388,0.574,0.4289,4.8825,4.8825,5230369.0895
2017-02-10,10.8751,9.2625,1.431,0.5709,0.4265,4.9091,4.9091,5201994.5736
2017-02-13,10.9279,9.3074,1.4379,0.5737,0.4286,4.8854,4.8854,5227216.3655
2017-02-14,10.941,9.3186,1.4396,0.5744,0.4291,4.8795,4.8795,5233521.8134
2017-02-15,10.8817,9.2681,1.4318,0.5712,0.4268,4.9061,4.9061,5205147.2976
2017-02-16,10.8026,9.2007,1.4214,0.5671,0.4237,4.942,4.942,5167314.6098
2017-02-17,10.8356,9.2288,1.4258,0.5688,0.425,4.927,4.927,5183078.2297
2017-02-20,11.0597,9.4196,1.4552,0.5806,0.4338,4.8272,4.8272,5290270.8452
2017-02-21,11.1124,9.4645,1.4622,0.5833,0.4359,4.8043,4.8043,5315492.637
2017-02-22,11.2772,9.6049,1.4839,0.592,0.4423,4.7341,4.7341,5394310.7366
2017-02-23,11.1322,9.4814,1.4648,0.5844,0.4366,4.7957,4.7957,5324950.809
2017-02-24,11.0729,9.4309,1.457,0.5813,0.4343,4.8214,4.8214,5296576.2931
2017-02-27,10.9279,9.3074,1.4379,0.5737,0.4286,4.8854,4.8854,5227216.3655
2017-02-28,11.0992,9.4533,1.4604,0.5827,0.4353,4.81,4.81,5309187.1891
2017-03-01,11.1849,9.5263,1.4717,0.5872,0.4387,4.7731,4.7731,5350172.6008
2017-03-02,11.0135,9.3803,1.4492,0.5782,0.432,4.8474,4.8474,5268201.7773
2017-03-03,11.0267,9.3916,1.4509,0.5789,0.4325,4.8416,4.8416,5274507.2252
2017-03-06,11.0135,9.3803,1.4492,0.5782,0.432,4.8474,4.8474,5268201.7773
2017-03-07,10.9674,9.341,1.4431,0.5757,0.4302,4.8678,4.8678,5246132.7094
2017-03-08,10.8685,9.2568,1.4301,0.5705,0.4263,4.9121,4.9121,5198841.8496
2017-03-09,10.7631,9.167,1.4162,0.565,0.4222,4.9602,4.9602,5148398.2659
2017-03-10,10.7829,9.1839,1.4188,0.566,0.4229,4.9511,4.9511,5157856.4378
2017-03-13,10.9279,9.3074,1.4379,0.5737,0.4286,4.8854,4.8854,5227216.3655
2017-03-14,10.9938,9.3635,1.4466,0.5771,0.4312,4.8561,4.8561,5258743.6053
2017-03-15,11.0861,9.4421,1.4587,0.582,0.4348,4.8157,4.8157,5302881.7411
2017-03-16,11.0795,9.4365,1.4578,0.5816,0.4346,4.8186,4.8186,5299729.0171
2017-03-17,10.8554,9.2456,1.4284,0.5699,0.4258,4.918,4.918,5192536.4016
2017-03-20,10.7895,9.1895,1.4197,0.5664,0.4232,4.9481,4.9481,5161009.1618
2017-03-21,10.9542,9.3298,1.4414,0.575,0.4296,4.8736,4.8736,5239827.2614
2017-03-22,10.862,9.2512,1.4292,0.5702,0.426,4.915,4.915,5195689.1256
2017-03-23,11.0663,9.4253,1.4561,0.5809,0.434,4.8243,4.8243,5293423.5691
2017-03-24,11.4947,9.7901,1.5125,0.6034,0.4508,4.6445,4.6445,5498350.6281
2017-03-27,11.442,9.7452,1.5055,0.6006,0.4488,4.6659,4.6659,5473128.8362
2017-03-28,11.4683,9.7677,1.509,0.602,0.4498,4.6552,4.6552,5485739.7322
2017-03-29,11.4486,9.7508,1.5064,0.601,0.449,4.6632,4.6632,5476281.5602
2017-03-30,8.9978,8.9978,1.435,0.4398,0.4398,4.6713,4.6713,5466823.3883
2017-03-31,9.4492,9.4492,1.507,0.4619,0.4619,4.4481,4.4481,5741110.3749
2017-04-05,9.4129,9.4129,1.5012,0.4601,0.4601,4.4653,4.4653,5719041.307
2017-04-06,9.4959,9.4959,1.5144,0.4642,0.4642,4.4262,4.4262,5769484.8907
2017-04-07,9.6983,9.6983,1.5467,0.4741,0.4741,4.3339,4.3339,5892441.1261
2017-04-10,9.6723,9.6723,1.5426,0.4728,0.4728,4.3455,4.3455,5876677.5062
2017-04-11,9.5634,9.5634,1.5252,0.4675,0.4675,4.395,4.395,5810470.3025
2017-04-12,9.5686,9.5686,1.526,0.4677,0.4677,4.3926,4.3926,5813623.0265
2017-04-13,9.527,9.527,1.5194,0.4657,0.4657,4.4118,4.4118,5788401.2346
2017-04-14,9.4025,9.4025,1.4995,0.4596,0.4596,4.4702,4.4702,5712735.859
2017-04-17,9.4544,9.4544,1.5078,0.4621,0.4621,4.4457,4.4457,5744263.0988
2017-04-18,9.6101,9.6101,1.5326,0.4698,0.4698,4.3737,4.3737,5838844.8184
2017-04-19,9.6204,9.6204,1.5343,0.4703,0.4703,4.3689,4.3689,5845150.2663
2017-04-20,9.9681,9.9681,1.5897,0.4873,0.4873,4.2166,4.2166,6056382.7733
2017-04-21,9.9889,9.9889,1.593,0.4883,0.4883,4.2078,4.2078,6068993.6692
2017-04-24,10.0615,10.0615,1.6046,0.4918,0.4918,4.1774,4.1774,6113131.805
2017-04-25,10.0096,10.0096,1.5964,0.4893,0.4893,4.1991,4.1991,6081604.5651
2017-04-26,10.1549,9.9879,1.5613,0.4964,0.4875,4.139,4.139,6169880.8367
2017-04-27,10.0875,9.9216,1.5509,0.4931,0.4843,4.1667,4.1667,6128895.4249
2017-04-28,9.745,9.5847,1.4983,0.4763,0.4678,4.3131,4.3131,5920815.642
2017-05-02,9.6412,9.4827,1.4823,0.4713,0.4628,4.3595,4.3595,5857761.1623
2017-05-03,9.7242,9.5643,1.4951,0.4753,0.4668,4.3223,4.3223,5908204.746
2017-05-04,9.7761,9.6153,1.503,0.4779,0.4693,4.2994,4.2994,5939731.9859
2017-05-05,9.7917,9.6307,1.5054,0.4786,0.4701,4.2925,4.2925,5949190.1578
2017-05-08,9.8384,9.6766,1.5126,0.4809,0.4723,4.2722,4.2722,5977564.6737
2017-05-09,9.6101,9.452,1.4775,0.4698,0.4613,4.3737,4.3737,5838844.8184
2017-05-10,9.5011,9.3449,1.4608,0.4644,0.4561,4.4238,4.4238,5772637.6147
2017-05-11,9.6101,9.452,1.4775,0.4698,0.4613,4.3737,4.3737,5838844.8184
2017-05-12,9.7657,9.6051,1.5014,0.4774,0.4688,4.3039,4.3039,5933426.5379
2017-05-15,9.9214,9.7582,1.5254,0.485,0.4763,4.2364,4.2364,6028008.2574
2017-05-16,10.0823,9.9165,1.5501,0.4928,0.484,4.1688,4.1688,6125742.7009
2017-05-17,9.9681,9.8042,1.5326,0.4873,0.4785,4.2166,4.2166,6056382.7733
2017-05-18,10.129,9.9624,1.5573,0.4951,0.4863,4.1496,4.1496,6154117.2168
2017-05-19,10.1082,9.942,1.5541,0.4941,0.4853,4.1581,4.1581,6141506.3208
2017-05-22,10.2016,10.0338,1.5685,0.4987,0.4897,4.12,4.12,6198255.3525
2017-05-23,10.3262,10.1563,1.5876,0.5048,0.4957,4.0704,4.0704,6273920.7282
2017-05-24,10.3262,10.1563,1.5876,0.5048,0.4957,4.0704,4.0704,6273920.7282
2017-05-25,10.2379,10.0696,1.574,0.5004,0.4915,4.1054,4.1054,6220324.4204
2017-05-26,10.2795,10.1104,1.5804,0.5025,0.4935,4.0888,4.0888,6245546.2123
2017-05-31,10.3729,10.2023,1.5948,0.507,0.498,4.052,4.052,6302295.244
2017-06-01,10.4974,10.3248,1.6139,0.5131,0.5039,4.004,4.004,6377960.6196
2017-06-02,10.5285,10.3554,1.6187,0.5146,0.5054,3.9921,3.9921,6396876.9635
2017-06-05,10.2535,10.0849,1.5764,0.5012,0.4922,4.0992,4.0992,6229782.5924
2017-06-06,10.4299,10.2584,1.6036,0.5098,0.5007,4.0299,4.0299,6336975.2078
2017-06-07,10.6686,10.4932,1.6403,0.5215,0.5122,3.9397,3.9397,6482000.5111
2017-06-08,11.5092,11.32,1.7695,0.5626,0.5525,3.6519,3.6519,6992741.7965
2017-06-09,11.9036,11.7079,1.8301,0.5819,0.5715,3.531,3.531,7232348.8193
2017-06-12,11.9607,11.764,1.8389,0.5847,0.5742,3.5141,3.5141,7267028.7831
2017-06-13,12.1371,11.9375,1.866,0.5933,0.5827,3.463,3.463,7374221.3986
2017-06-14,11.7635,11.5701,1.8086,0.575,0.5647,3.573,3.573,7147225.2717
2017-06-15,11.7687,11.5752,1.8094,0.5753,0.565,3.5714,3.5714,7150377.9957
2017-06-16,11.7479,11.5547,1.8062,0.5743,0.564,3.5777,3.5777,7137767.0998
2017-06-19,11.9296,11.7334,1.8341,0.5831,0.5727,3.5233,3.5233,7248112.4392
2017-06-20,11.6805,11.4884,1.7958,0.571,0.5607,3.5984,3.5984,7096781.688
2017-06-21,12.1112,11.912,1.862,0.592,0.5814,3.4704,3.4704,7358457.7787
2017-06-22,12.2098,12.009,1.8772,0.5968,0.5861,3.4424,3.4424,7418359.5344
2017-06-23,12.7339,12.5244,1.9578,0.6224,0.6113,3.3007,,7736784.6567
2017-06-26,12.6405,12.4326,1.9434,0.6179,0.6068,3.3251,,7680035.625
2017-06-27,12.6041,12.3969,1.9378,0.6161,0.6051,3.3347,,7657966.5571
2017-06-28,12.3602,12.157,1.9003,0.6042,0.5934,3.4005,,7509788.5299
2017-06-29,12.4433,12.2386,1.9131,0.6082,0.5974,3.3778,,7560232.1136
2017-06-30,12.5782,12.3713,1.9338,0.6148,0.6038,3.3416,,7642202.9372
2017-07-03,12.2461,12.0447,1.8828,0.5986,0.5879,3.4322,,7440428.6022
2017-07-04,12.2928,12.0906,1.89,0.6009,0.5901,3.4192,,7468803.1181
2017-07-05,12.4537,12.2488,1.9147,0.6088,0.5979,3.375,,7566537.5616
2017-07-06,12.7494,12.5398,1.9602,0.6232,0.6121,3.2967,,7746242.8287
2017-07-07,12.7442,12.5347,1.9594,0.623,0.6118,3.298,,7743090.1047
2017-07-10,11.7791,11.5854,1.968,0.5758,0.5655,3.5683,4.4053,7156683.4437
2017-07-11,11.888,11.6925,1.9862,0.5811,0.5707,3.5356,4.3649,7222890.6473
2017-07-12,11.6649,11.4731,1.9489,0.5702,0.56,3.6032,4.4484,7087323.516
2017-07-13,11.2602,11.075,1.8813,0.5504,0.5406,3.7327,4.6083,6841411.0453
2017-07-14,11.4625,11.274,1.9151,0.5603,0.5503,3.6668,4.5269,6964367.2807
2017-07-17,11.556,11.3659,1.9307,0.5649,0.5548,3.6372,4.4903,7021116.3124
2017-07-18,11.2809,11.0954,1.8848,0.5514,0.5416,3.7259,4.5998,6854021.9412
2017-07-19,11.3173,11.1311,1.8908,0.5532,0.5433,3.7139,4.5851,6876091.0091
2017-07-20,11.5611,11.371,1.9316,0.5651,0.555,3.6355,4.4883,7024269.0364
2017-07-21,11.5456,11.3557,1.929,0.5644,0.5543,3.6404,4.4944,7014810.8644
2017-07-24,11.6753,11.4833,1.9507,0.5707,0.5605,3.6,4.4444,7093628.964
2017-07-25,11.6805,11.4884,1.9515,0.571,0.5607,3.5984,4.4425,7096781.688
2017-07-26,11.0786,10.8964,1.851,0.5415,0.5318,3.7939,4.6838,6731065.7058
2017-07-27,11.0786,10.8964,1.851,0.5415,0.5318,3.7939,4.6838,6731065.7058
2017-07-28,11.2239,11.0393,1.8752,0.5486,0.5388,3.7448,4.6232,6819341.9774
2017-07-31,11.0786,10.8964,1.851,0.5415,0.5318,3.7939,4.6838,6731065.7058
2017-08-01,11.1356,10.9525,1.8605,0.5443,0.5346,3.7745,4.6598,6765745.6697
2017-08-02,11.063,10.8811,1.8484,0.5408,0.5311,3.7992,4.6904,6721607.5339
2017-08-03,10.6219,10.4472,1.7747,0.5192,0.5099,3.957,4.8852,6453625.9952
2017-08-04,10.6219,10.4472,1.7747,0.5192,0.5099,3.957,4.8852,6453625.9952
2017-08-07,10.7205,10.5442,1.7911,0.524,0.5147,3.9206,4.8403,6513527.7509
2017-08-08,10.6842,10.5085,1.7851,0.5223,0.5129,3.9339,4.8567,6491458.6831
2017-08-09,10.7517,10.5748,1.7963,0.5256,0.5162,3.9093,4.8263,6532444.0948
2017-08-10,10.8087,10.631,1.8059,0.5283,0.5189,3.8886,4.8008,6567124.0587
2017-08-11,10.8139,10.6361,1.8067,0.5286,0.5191,3.8868,4.7985,6570276.7827
2017-08-14,10.7361,10.5595,1.7937,0.5248,0.5154,3.9149,4.8333,6522985.9229
2017-08-15,10.6634,10.4881,1.7816,0.5212,0.5119,3.9416,4.8662,6478847.7871
2017-08-16,10.5233,10.3503,1.7582,0.5144,0.5052,3.9941,4.931,6393724.2396
2017-08-17,10.5389,10.3656,1.7608,0.5152,0.5059,3.9882,4.9237,6403182.4115
2017-08-18,10.5908,10.4166,1.7695,0.5177,0.5084,3.9686,4.8996,6434709.6513
2017-08-21,10.9385,10.7586,1.8275,0.5347,0.5251,3.8425,4.7438,6645942.1583
2017-08-22,11.0163,10.8351,1.8406,0.5385,0.5289,3.8154,4.7103,6693233.018
2017-08-23,10.98,10.7994,1.8345,0.5367,0.5271,3.828,4.7259,6671163.9501
2017-08-24,10.9852,10.8045,1.8353,0.537,0.5274,3.8262,4.7237,6674316.6741
2017-08-25,11.1356,10.834,1.8605,0.5443,0.5151,3.7745,4.6598,6765745.6697
2017-08-28,11.3224,11.0158,1.8135,0.5535,0.5237,3.7122,4.583,6879243.7331
2017-08-29,11.1253,10.8239,1.7819,0.5438,0.5146,3.778,4.6642,6759440.2217
2017-08-30,10.9436,10.6472,1.7529,0.5349,0.5062,3.8407,4.7416,6649094.8823
2017-08-31,10.8918,10.5967,1.7445,0.5324,0.5038,3.859,4.7642,6617567.6424
2017-09-01,10.7153,10.4251,1.7163,0.5238,0.4957,3.9225,4.8426,6510375.027
2017-09-04,10.8502,10.5564,1.7379,0.5304,0.5019,3.8737,4.7824,6592345.8505
2017-09-05,10.762,10.4705,1.7238,0.5261,0.4978,3.9055,4.8216,6538749.5428
2017-09-06,10.679,10.3898,1.7105,0.522,0.494,3.9359,4.8591,6488305.9591
2017-09-07,10.7205,10.4301,1.7171,0.524,0.4959,3.9206,4.8403,6513527.7509
2017-09-08,10.8139,10.521,1.7321,0.5286,0.5002,3.8868,4.7985,6570276.7827
2017-09-11,10.9073,10.6119,1.747,0.5332,0.5045,3.8535,4.7574,6627025.8144
2017-09-12,10.7724,10.4806,1.7254,0.5266,0.4983,3.9017,4.817,6545054.9908
2017-09-13,10.6012,10.314,1.698,0.5182,0.4904,3.9648,4.8948,6441015.0993
2017-09-14,10.5493,10.2635,1.6897,0.5157,0.488,3.9843,4.9188,6409487.8595
2017-09-15,10.5389,10.2535,1.688,0.5152,0.4875,3.9882,4.9237,6403182.4115
2017-09-18,10.7361,10.4453,1.7196,0.5248,0.4966,3.9149,4.8333,6522985.9229
2017-09-19,10.7361,10.4453,1.7196,0.5248,0.4966,3.9149,4.8333,6522985.9229
2017-09-20,10.7828,10.4907,1.7271,0.5271,0.4988,3.898,4.8123,6551360.4388
2017-09-21,10.8399,10.5463,1.7362,0.5299,0.5014,3.8775,4.787,6586040.4026
2017-09-22,11.1927,10.8896,1.7927,0.5471,0.5177,3.7552,4.6361,6800425.6335
2017-09-25,11.3328,11.0259,1.8152,0.554,0.5242,3.7088,4.5788,6885549.1811
2017-09-26,11.3224,11.0158,1.8135,0.5535,0.5237,3.7122,4.583,6879243.7331
2017-09-27,11.4574,11.147,1.8351,0.5601,0.53,3.6685,4.529,6961214.5567
2017-09-28,11.5144,11.2026,1.8443,0.5628,0.5326,3.6503,4.5065,6995894.5205
2017-09-29,11.7012,11.3843,1.8742,0.572,0.5413,3.592,4.4346,7109392.5839
2017-10-09,11.805,11.4853,1.8908,0.577,0.5461,3.5604,4.3956,7172447.0636
2017-10-10,11.556,11.243,1.8509,0.5649,0.5345,3.6372,4.4903,7021116.3124
2017-10-11,11.6027,11.2884,1.8584,0.5672,0.5367,3.6225,4.4723,7049490.8282
2017-10-12,11.8206,11.5004,1.8933,0.5778,0.5468,3.5558,4.3898,7181905.2356
2017-10-13,11.7376,11.4197,1.88,0.5737,0.5429,3.5809,4.4209,7131461.6518
2017-10-16,11.6027,11.2884,1.8584,0.5672,0.5367,3.6225,4.4723,7049490.8282
2017-10-17,11.4625,11.1521,1.836,0.5603,0.5302,3.6668,4.5269,6964367.2807
2017-10-18,11.888,11.5661,1.9041,0.5811,0.5499,3.5356,4.3649,7222890.6473
2017-10-19,12.5782,12.2375,2.0147,0.6148,0.5818,3.3416,4.1254,7642202.9372
2017-10-20,12.7183,12.3738,2.0371,0.6217,0.5883,3.3048,4.08,7727326.4848
2017-10-23,12.8584,12.5101,2.0595,0.6285,0.5948,3.2688,4.0355,7812450.0324
2017-10-24,13.4915,13.126,2.1609,0.6595,0.6241,3.1154,3.8462,8197082.3584
2017-10-25,13.6316,13.2623,2.1834,0.6663,0.6305,3.0834,3.8066,8282205.906
2017-10-26,13.2528,12.8938,2.1227,0.6478,0.613,3.1715,3.9154,8052057.0551
2017-10-27,13.2009,12.4828,2.0275,0.6453,0.5934,3.184,3.9308,8020529.8153
2017-10-30,13.2631,12.5417,2.0371,0.6483,0.5962,3.169,3.9124,8058362.5031
2017-10-31,13.1957,12.4779,2.0267,0.645,0.5932,3.1852,3.9324,8017377.0913
2017-11-01,12.8169,12.1197,1.9686,0.6265,0.5762,3.2794,4.0486,7787228.2405
2017-11-02,12.7131,12.0216,1.9526,0.6214,0.5715,3.3061,4.0816,7724173.7608
2017-11-03,12.7806,12.0854,1.963,0.6247,0.5745,3.2887,4.0601,7765159.1726
2017-11-06,12.7235,12.0314,1.9542,0.6219,0.572,3.3034,4.0783,7730479.2088
2017-11-07,13.1438,12.4288,2.0188,0.6425,0.5909,3.1978,3.9479,7985849.8515
2017-11-08,13.149,12.4337,2.0196,0.6427,0.5911,3.1965,3.9463,7989002.5755
2017-11-09,13.2476,12.527,2.0347,0.6476,0.5955,3.1727,3.917,8048904.3312
2017-11-10,14.1556,13.3856,2.1742,0.6919,0.6364,2.9692,3.6657,8600631.0284
2017-11-13,14.4981,13.7095,2.2268,0.7087,0.6517,2.8991,3.5791,8808710.8113
2017-11-14,13.9637,13.2041,2.1447,0.6826,0.6277,3.01,3.7161,8483980.2409
2017-11-15,13.9637,13.2041,2.1447,0.6826,0.6277,3.01,3.7161,8483980.2409
2017-11-16,14.166,13.3955,2.1758,0.6925,0.6368,2.967,3.663,8606936.4763
2017-11-17,14.576,13.7831,2.2387,0.7125,0.6552,2.8836,3.56,8856001.6711
2017-11-20,14.9392,14.1266,2.2945,0.7302,0.6716,2.8135,3.4734,9076692.3499
2017-11-21,15.0845,14.264,2.3168,0.7374,0.6781,2.7864,3.44,9164968.6215
2017-11-22,14.659,13.8616,2.2515,0.7166,0.659,2.8673,3.5398,8906445.2548
2017-11-23,14.2179,13.4445,2.1837,0.695,0.6392,2.9562,3.6496,8638463.7162
2017-11-24,14.2646,13.4887,2.1909,0.6973,0.6413,2.9465,3.6377,8666838.232
2017-11-27,14.2906,13.5132,2.1949,0.6985,0.6424,2.9412,3.6311,8682601.8519
2017-11-28,14.1505,13.3807,2.1734,0.6917,0.6361,2.9703,3.667,8597478.3044
2017-11-29,13.3617,12.6349,2.0522,0.6531,0.6007,3.1456,3.8835,8118264.2588
2017-11-30,13.2579,12.5368,2.0363,0.6481,0.596,3.1703,3.9139,8055209.7791
2017-12-01,13.2943,12.5711,2.0419,0.6498,0.5976,3.1616,3.9032,8077278.847
2017-12-04,13.341,12.6153,2.049,0.6521,0.5997,3.1505,3.8895,8105653.3629
2017-12-05,13.7353,12.9882,2.1096,0.6714,0.6175,3.0601,3.7779,8345260.3856
2017-12-06,13.5226,12.787,2.0769,0.661,0.6079,3.1082,3.8373,8215998.7023
2017-12-07,13.2579,12.5368,2.0363,0.6481,0.596,3.1703,3.9139,8055209.7791
2017-12-08,13.066,12.3552,2.0068,0.6387,0.5874,3.2168,3.9714,7938558.9917
2017-12-11,13.7613,13.0127,2.1136,0.6727,0.6186,3.0543,3.7707,8361024.0056
2017-12-12,13.3669,12.6398,2.053,0.6534,0.6009,3.1444,3.882,8121416.9828
2017-12-13,13.4707,12.738,2.069,0.6585,0.6056,3.1202,3.8521,8184471.4625
2017-12-14,13.3669,12.6398,2.053,0.6534,0.6009,3.1444,3.882,8121416.9828
2017-12-15,13.2891,12.5662,2.0411,0.6496,0.5974,3.1628,3.9047,8074126.123
2017-12-18,13.4032,12.6742,2.0586,0.6552,0.6025,3.1359,3.8715,8143486.0507
2017-12-19,13.9066,13.1501,2.1359,0.6798,0.6252,3.0224,3.7313,8449300.2771
2017-12-20,13.9844,13.2237,2.1479,0.6836,0.6287,3.0056,3.7106,8496591.1369
2017-12-21,14.192,13.42,2.1798,0.6937,0.638,2.9616,3.6563,8622700.0962
2017-12-22,14.1764,13.4053,2.1774,0.693,0.6373,2.9649,3.6603,8613241.9243
2017-12-25,14.8198,14.0137,2.2762,0.7244,0.6662,2.8361,3.5014,9004179.6983
2017-12-26,14.8458,14.0382,2.2802,0.7257,0.6674,2.8312,3.4953,9019943.3182
2017-12-27,14.7524,13.9499,2.2658,0.7211,0.6632,2.8491,3.5174,8963194.2865
2017-12-28,15.1416,14.3179,2.3256,0.7401,0.6807,2.7759,3.427,9199648.5853
2017-12-29,15.4062,14.5682,2.3662,0.7531,0.6926,2.7282,3.3681,9360437.5085
2018-01-02,14.7005,13.9009,2.2579,0.7186,0.6608,3.5298,3.5298,8931667.0467
2018-01-03,14.4981,13.7095,2.2268,0.7087,0.6517,3.5791,3.5791,8808710.8113
2018-01-04,14.4774,13.6899,2.2236,0.7077,0.6508,3.5842,3.5842,8796099.9154
2018-01-05,14.2179,13.4445,2.1837,0.695,0.6392,3.6496,3.6496,8638463.7162
2018-01-08,14.8302,14.0235,2.2778,0.7249,0.6667,3.499,3.499,9010485.1463
2018-01-09,14.5033,13.7144,2.2276,0.7089,0.652,3.5778,3.5778,8811863.5353
2018-01-10,14.6071,13.8125,2.2435,0.714,0.6566,3.5524,3.5524,8874918.015
2018-01-11,14.3321,13.5525,2.2013,0.7006,0.6443,3.6206,3.6206,8707823.6438
2018-01-12,14.4359,13.6506,2.2172,0.7056,0.6489,3.5945,3.5945,8770878.1235
2018-01-15,14.2024,13.4298,2.1813,0.6942,0.6385,3.6536,3.6536,8629005.5442
2018-01-16,13.9844,13.2237,2.1479,0.6836,0.6287,3.7106,3.7106,8496591.1369
2018-01-17,13.7094,12.9637,2.1056,0.6701,0.6163,3.785,3.785,8329496.7657
2018-01-18,13.5226,12.787,2.0769,0.661,0.6079,3.8373,3.8373,8215998.7023
2018-01-19,13.4759,12.7429,2.0698,0.6587,0.6058,3.8506,3.8506,8187624.1864
2018-01-22,13.8028,13.052,2.12,0.6747,0.6205,3.7594,3.7594,8386245.7974
2018-01-23,13.9792,13.2188,2.1471,0.6833,0.6284,3.712,3.712,8493438.4129
2018-01-24,14.3476,13.5672,2.2037,0.7013,0.645,3.6166,3.6166,8717281.8158
2018-01-25,14.3425,13.5623,2.2029,0.7011,0.6447,3.6179,3.6179,8714129.0918
2018-01-26,14.3943,13.6114,2.2108,0.7036,0.6471,3.6049,3.6049,8745656.3316
2018-01-29,14.0259,13.263,2.1543,0.6856,0.6305,3.6996,3.6996,8521812.9288
2018-01-30,13.6886,12.944,2.1024,0.6691,0.6154,3.7908,3.7908,8316885.8698
2018-01-31,13.7405,12.9931,2.1104,0.6717,0.6177,3.7764,3.7764,8348413.1096
2018-02-01,13.9377,13.1796,2.1407,0.6813,0.6266,3.723,3.723,8468216.621
2018-02-02,13.8858,13.1305,2.1327,0.6788,0.6242,3.7369,3.7369,8436689.3812
2018-02-05,13.6938,12.9489,2.1032,0.6694,0.6156,3.7893,3.7893,8320038.5938
2018-02-06,13.6938,12.9489,2.1032,0.6694,0.6156,3.7893,3.7893,8320038.5938
2018-02-07,13.6679,12.9244,2.0993,0.6681,0.6144,3.7965,3.7965,8304274.9739
2018-02-08,13.6212,12.8802,2.0921,0.6658,0.6123,3.8095,3.8095,8275900.458
2018-02-09,13.0763,12.365,2.0084,0.6392,0.5878,3.9683,3.9683,7944864.4397
2018-02-12,13.1386,12.4239,2.018,0.6422,0.5906,3.9494,3.9494,7982697.1275
2018-02-13,13.3929,12.6643,2.057,0.6547,0.6021,3.8745,3.8745,8137180.6027
2018-02-14,13.5745,12.8361,2.0849,0.6635,0.6102,3.8226,3.8226,8247525.9421
2018-02-22,13.9221,13.1648,2.1383,0.6805,0.6259,3.7272,3.7272,8458758.4491
2018-02-23,13.7405,12.9931,2.1104,0.6717,0.6177,3.7764,3.7764,8348413.1096
2018-02-26,14.1245,13.3562,2.1694,0.6904,0.635,3.6738,3.6738,8581714.6844
2018-02-27,14.166,13.3955,2.1758,0.6925,0.6368,3.663,3.663,8606936.4763
2018-02-28,13.6316,12.8901,2.0937,0.6663,0.6128,3.8066,3.8066,8282205.906
2018-03-01,13.7405,12.9931,2.1104,0.6717,0.6177,3.7764,3.7764,8348413.1096
2018-03-02,13.9066,13.1501,2.1359,0.6798,0.6252,3.7313,3.7313,8449300.2771
2018-03-05,13.9325,13.1747,2.1399,0.681,0.6263,3.7244,3.7244,8465063.897
2018-03-06,13.7146,12.9686,2.1064,0.6704,0.6165,3.7836,3.7836,8332649.4897
2018-03-07,13.8547,13.1011,2.1279,0.6772,0.6228,3.7453,3.7453,8417773.0373
2018-03-08,14.3943,13.6114,2.2108,0.7036,0.6471,3.6049,3.6049,8745656.3316
2018-03-09,14.5552,13.7635,2.2355,0.7115,0.6543,3.5651,3.5651,8843390.7751
2018-03-12,14.5293,13.7389,2.2316,0.7102,0.6531,3.5714,3.5714,8827627.1552
2018-03-13,14.1972,13.4249,2.1806,0.694,0.6382,3.655,3.655,8625852.8202
2018-03-14,14.4255,13.6408,2.2156,0.7051,0.6485,3.5971,3.5971,8764572.6755
2018-03-15,14.2542,13.4789,2.1893,0.6968,0.6408,3.6403,3.6403,8660532.784
2018-03-16,14.0052,13.2433,2.1511,0.6846,0.6296,3.7051,3.7051,8509202.0328
2018-03-19,14.0519,13.2875,2.1582,0.6869,0.6317,3.6928,3.6928,8537576.5487
2018-03-20,13.9481,13.1894,2.1423,0.6818,0.627,3.7202,3.7202,8474522.069
2018-03-21,13.8858,13.1305,2.1327,0.6788,0.6242,3.7369,3.7369,8436689.3812
2018-03-22,13.6938,12.9489,2.1032,0.6694,0.6156,3.7893,3.7893,8320038.5938
2018-03-23,13.6938,12.9489,2.1032,0.6694,0.6156,3.7893,3.7893,8320038.5938
2018-03-26,13.3825,12.6545,2.0554,0.6542,0.6016,3.8775,3.8775,8130875.1547
2018-03-27,12.8636,12.1639,1.9757,0.6288,0.5783,4.0339,4.0339,7815602.7563
2018-03-28,12.0593,11.4033,1.8522,0.5895,0.5421,4.3029,4.3029,7326930.5388
2018-03-29,11.3863,11.3863,1.8076,0.5312,0.5312,4.2248,4.2248,7462497.6701
2018-03-30,11.6557,11.6557,1.8504,0.5438,0.5438,4.1271,4.1271,7639050.2132
2018-04-02,11.5306,11.5306,1.8305,0.5379,0.5379,4.1719,4.1719,7557079.3896
2018-04-03,11.4729,11.4729,1.8214,0.5352,0.5352,4.1929,4.1929,7519246.7018
2018-04-04,11.4825,11.4825,1.8229,0.5357,0.5357,4.1894,4.1894,7525552.1498
2018-04-09,11.2949,11.2949,1.7931,0.5269,0.5269,4.2589,4.2589,7402595.9144
2018-04-10,11.3623,11.3623,1.8038,0.5301,0.5301,4.2337,4.2337,7446734.0502
2018-04-11,11.0207,11.0207,1.7496,0.5141,0.5141,4.3649,4.3649,7222890.6473
2018-04-12,11.1362,11.1362,1.7679,0.5195,0.5195,4.3197,4.3197,7298556.023
2018-04-13,11.1554,11.1554,1.771,0.5204,0.5204,4.3122,4.3122,7311166.9189
2018-04-16,11.0255,11.0255,1.7503,0.5144,0.5144,4.363,4.363,7226043.3713
2018-04-17,10.8379,10.8379,1.7206,0.5056,0.5056,4.4385,4.4385,7103087.136
2018-04-18,10.5974,10.5974,1.6824,0.4944,0.4944,4.5393,4.5393,6945450.9368
2018-04-19,10.7369,10.7369,1.7045,0.5009,0.5009,4.4803,4.4803,7036879.9323
2018-04-20,10.7369,10.7369,1.7045,0.5009,0.5009,4.4803,4.4803,7036879.9323
2018-04-23,10.5349,10.5349,1.6724,0.4915,0.4915,4.5662,4.5662,6904465.525
2018-04-24,10.9437,10.9437,1.7374,0.5105,0.5105,4.3956,4.3956,7172447.0636
2018-04-25,10.8235,10.8235,1.7183,0.5049,0.5049,4.4444,4.4444,7093628.964
2018-04-26,10.8235,10.8235,1.7183,0.5049,0.5049,4.4444,4.4444,7093628.964
2018-04-27,10.6744,10.6744,1.6946,0.498,0.498,4.5065,4.5065,6995894.5205
2018-05-02,11.5066,9.502,1.7181,0.5368,0.5139,4.1806,4.1806,7541315.7697
2018-05-03,11.5402,9.5298,1.7231,0.5384,0.5155,4.1684,4.1684,7563384.8376
2018-05-04,11.7182,9.6768,1.7497,0.5467,0.5234,4.1051,4.1051,7680035.625
2018-05-07,11.7423,9.6966,1.7533,0.5478,0.5245,4.0967,4.0967,7695799.2449
2018-05-08,11.7327,9.6887,1.7518,0.5473,0.524,4.1,4.1,7689493.797
2018-05-09,11.8144,9.7562,1.764,0.5512,0.5277,4.0717,4.0717,7743090.1047
2018-05-10,11.7808,9.7284,1.759,0.5496,0.5262,4.0833,4.0833,7721021.0368
2018-05-11,11.8192,9.7602,1.7647,0.5514,0.5279,4.07,4.07,7746242.8287
2018-05-14,12.0694,9.9667,1.8021,0.5631,0.5391,3.9857,3.9857,7910184.4759
2018-05-15,12.0213,9.927,1.7949,0.5608,0.5369,4.0016,4.0016,7878657.236
2018-05-16,11.9636,9.8793,1.7863,0.5581,0.5344,4.0209,4.0209,7840824.5482
2018-05-17,11.7423,9.6966,1.7533,0.5478,0.5245,4.0967,4.0967,7695799.2449
2018-05-18,11.8337,9.7721,1.7669,0.5521,0.5286,4.065,4.065,7755701.0006
2018-05-21,12.055,9.9548,1.7999,0.5624,0.5384,3.9904,3.9904,7900726.3039
2018-05-22,12.1223,10.0104,1.81,0.5655,0.5414,3.9683,3.9683,7944864.4397
2018-05-23,12.0501,9.9508,1.7992,0.5622,0.5382,3.992,3.992,7897573.5799
2018-05-24,11.6557,9.6251,1.7403,0.5438,0.5206,4.1271,4.1271,7639050.2132
2018-05-25,11.9058,9.8317,1.7777,0.5554,0.5318,4.0404,4.0404,7802991.8604
2018-05-28,12.1175,10.0065,1.8093,0.5653,0.5412,3.9698,3.9698,7941711.7157
2018-05-29,12.2378,10.1058,1.8272,0.5709,0.5466,3.9308,3.9308,8020529.8153
2018-05-30,11.9155,9.8396,1.7791,0.5559,0.5322,4.0371,4.0371,7809297.3084
2018-05-31,12.2762,10.1375,1.833,0.5727,0.5483,3.9185,3.9185,8045751.6072
2018-06-01,11.7182,9.6768,1.7497,0.5467,0.5234,4.1051,4.1051,7680035.625
2018-06-04,11.6942,9.6569,1.7461,0.5455,0.5223,4.1135,4.1135,7664272.0051
2018-06-05,11.978,9.8913,1.7884,0.5588,0.535,4.0161,4.0161,7850282.7202
2018-06-06,12.0646,9.9628,1.8014,0.5628,0.5389,3.9872,3.9872,7907031.7519
2018-06-07,12.1512,10.0343,1.8143,0.5669,0.5427,3.9588,3.9588,7963780.7836
2018-06-08,12.2762,10.1375,1.833,0.5727,0.5483,3.9185,3.9185,8045751.6072
2018-06-11,12.18,10.0581,1.8186,0.5682,0.544,3.9494,3.9494,7982697.1275
2018-06-12,12.435,10.2686,1.8567,0.5801,0.5554,3.8685,3.8685,8149791.4986
2018-06-13,12.4494,10.2806,1.8588,0.5808,0.5561,3.864,3.864,8159249.6706
2018-06-14,12.4061,10.2448,1.8524,0.5788,0.5541,3.8775,3.8775,8130875.1547
2018-06-15,12.3869,10.2289,1.8495,0.5779,0.5533,3.8835,3.8835,8118264.2588
2018-06-19,12.4542,10.2845,1.8596,0.581,0.5563,3.8625,3.8625,8162402.3946
2018-06-20,12.1367,10.0223,1.8122,0.5662,0.5421,3.9635,3.9635,7954322.6116
2018-06-21,11.776,9.7244,1.7583,0.5494,0.526,4.085,4.085,7717868.3128
2018-06-22,11.8289,9.7681,1.7662,0.5518,0.5283,4.0667,4.0667,7752548.2767
2018-06-25,11.9636,9.8793,1.7863,0.5581,0.5344,4.0209,4.0209,7840824.5482
2018-06-26,11.6605,9.6291,1.741,0.544,0.5208,4.1254,4.1254,7642202.9372
2018-06-27,11.6749,9.641,1.7432,0.5447,0.5215,4.1203,4.1203,7651661.1092
2018-06-28,11.1843,9.2358,1.6699,0.5218,0.4996,4.3011,4.3011,7330083.2628
2018-06-29,11.4104,9.4225,1.7037,0.5323,0.5096,4.2159,4.2159,7478261.29
2018-07-02,10.9293,9.0253,1.6319,0.5099,0.4882,4.4014,4.4014,7162988.8916
2018-07-03,11.1169,9.1802,1.6599,0.5186,0.4965,4.3271,4.3271,7285945.127
2018-07-04,11.2276,9.2716,1.6764,0.5238,0.5015,4.2845,4.2845,7358457.7787
2018-07-05,11.4007,9.4146,1.7023,0.5319,0.5092,4.2194,4.2194,7471955.8421
2018-07-06,11.3767,9.3947,1.6987,0.5307,0.5081,4.2283,4.2283,7456192.2222
2018-07-09,11.4537,9.4583,1.7102,0.5343,0.5116,4.1999,4.1999,7506635.8059
2018-07-10,11.5402,9.5298,1.7231,0.5384,0.5155,4.1684,,7563384.8376
2018-07-11,11.4392,9.4464,1.708,0.5337,0.5109,4.2052,,7497177.634
2018-07-12,11.5402,9.5298,1.7231,0.5384,0.5155,4.1684,,7563384.8376
2018-07-13,11.6749,9.641,1.7432,0.5447,0.5215,4.1203,,7651661.1092
2018-07-16,10.9678,9.0571,1.7712,0.5117,0.4899,4.386,4.6053,7188210.6835
2018-07-17,10.7465,8.8743,1.7355,0.5013,0.48,4.4763,4.7001,7043185.3803
2018-07-18,10.785,8.9061,1.7417,0.5031,0.4817,4.4603,4.6833,7068407.1721
2018-07-19,10.607,8.7591,1.7129,0.4948,0.4738,4.5351,4.7619,6951756.3847
2018-07-20,10.8764,8.9816,1.7564,0.5074,0.4858,4.4228,4.644,7128308.9278
2018-07-23,11.1987,9.2477,1.8085,0.5224,0.5002,4.2955,4.5103,7339541.4348
2018-07-24,11.2179,9.2636,1.8116,0.5233,0.5011,4.2882,4.5026,7352152.3307
2018-07-25,11.2805,9.3153,1.8217,0.5262,0.5038,4.2644,4.4776,7393137.7425
2018-07-26,11.1362,9.1961,1.7984,0.5195,0.4974,4.3197,4.5356,7298556.023
2018-07-27,11.0255,9.1047,1.7805,0.5144,0.4925,4.363,4.5812,7226043.3713
2018-07-30,11.1073,9.1723,1.7937,0.5182,0.4961,4.3309,4.5474,7279639.6791
2018-07-31,11.2179,9.2636,1.8116,0.5233,0.5011,4.2882,4.5026,7352152.3307
2018-08-01,10.7225,8.8545,1.7316,0.5002,0.4789,4.4863,4.7106,7027421.7603
2018-08-02,10.3713,8.5645,1.6749,0.4838,0.4632,4.6382,4.8701,6797272.9095
2018-08-03,9.972,8.2348,1.6104,0.4652,0.4454,4.8239,5.0651,6535596.8188
2018-08-06,9.8614,8.1434,1.5925,0.46,0.4405,4.878,5.122,6463084.1672
2018-08-07,10.1548,8.3857,1.6399,0.4737,0.4536,4.7371,4.9739,6655400.3302
2018-08-08,9.7844,8.0798,1.5801,0.4565,0.437,4.9164,5.1622,6412640.5835
2018-08-09,10.0875,8.3301,1.629,0.4706,0.4506,4.7687,5.0072,6611262.1944
2018-08-10,10.1789,8.4056,1.6438,0.4749,0.4546,4.7259,4.9622,6671163.9501
2018-08-13,10.2222,8.4413,1.6508,0.4769,0.4566,4.7059,4.9412,6699538.466
2018-08-14,10.1115,8.35,1.6329,0.4717,0.4516,4.7574,4.9952,6627025.8144
2018-08-15,9.847,8.1315,1.5902,0.4594,0.4398,4.8852,5.1295,6453625.9952
2018-08-16,9.7941,8.0878,1.5816,0.4569,0.4375,4.9116,5.1572,6418946.0314
2018-08-17,9.5776,7.909,1.5467,0.4468,0.4278,5.0226,5.2737,6277073.4521
2018-08-20,9.4621,7.8137,1.528,0.4414,0.4226,5.0839,5.3381,6201408.0765
2018-08-21,9.7363,8.0401,1.5723,0.4542,0.4349,4.9407,5.1877,6381113.3436
2018-08-22,9.6834,7.9964,1.5638,0.4517,0.4325,4.9677,5.2161,6346433.3798
2018-08-23,9.8229,8.1116,1.5863,0.4583,0.4387,4.8972,5.142,6437862.3753
2018-08-24,10.0009,8.097,1.5522,0.4666,0.4264,4.81,5.0505,6554513.1627
2018-08-27,10.1212,8.1944,1.5709,0.4722,0.4315,4.7529,4.9905,6633331.2623
2018-08-28,10.0394,8.1282,1.5582,0.4684,0.428,4.7916,5.0311,6579734.9546
2018-08-29,10.0105,8.1048,1.5537,0.467,0.4268,4.8054,5.0457,6560818.6107
2018-08-30,10.049,8.136,1.5597,0.4688,0.4284,4.787,5.0263,6586040.4026
2018-08-31,9.8277,7.9568,1.5254,0.4585,0.419,4.8948,5.1395,6441015.0993
2018-09-03,9.9239,8.0347,1.5403,0.463,0.4231,4.8473,5.0897,6504069.579
2018-09-04,10.0779,8.1594,1.5642,0.4701,0.4297,4.7733,5.0119,6604956.7465
2018-09-05,9.7989,7.9335,1.5209,0.4571,0.4178,4.9092,5.1546,6422098.7554
2018-09-06,9.8614,7.9841,1.5306,0.46,0.4204,4.878,5.122,6463084.1672
2018-09-07,10.0394,8.1282,1.5582,0.4684,0.428,4.7916,5.0311,6579734.9546
2018-09-10,9.6353,7.801,1.4955,0.4495,0.4108,4.9925,5.2421,6314906.14
2018-09-11,9.669,7.8283,1.5007,0.4511,0.4122,4.9751,5.2239,6336975.2078
2018-09-12,9.6305,7.7971,1.4948,0.4493,0.4106,4.995,5.2448,6311753.416
2018-09-13,9.6305,7.7971,1.4948,0.4493,0.4106,4.995,5.2448,6311753.416
2018-09-14,9.7941,7.9296,1.5201,0.4569,0.4176,4.9116,5.1572,6418946.0314
2018-09-17,9.5728,7.7504,1.4858,0.4466,0.4081,5.0251,5.2764,6273920.7282
2018-09-18,9.6594,7.8205,1.4992,0.4506,0.4118,4.9801,5.2291,6330669.7599
2018-09-19,9.7219,7.8711,1.5089,0.4535,0.4145,4.948,5.1954,6371655.1717
2018-09-20,9.6594,7.8205,1.4992,0.4506,0.4118,4.9801,5.2291,6330669.7599
2018-09-21,10.4819,8.4865,1.6269,0.489,0.4469,4.5893,4.8187,6869785.5611
2018-09-25,10.2799,8.3229,1.5956,0.4796,0.4383,4.6795,4.9134,6737371.1538
2018-09-26,10.4964,8.4982,1.6292,0.4897,0.4475,4.583,4.8121,6879243.7331
2018-09-27,10.607,8.5878,1.6463,0.4948,0.4522,4.5351,4.7619,6951756.3847
2018-09-28,10.8235,8.763,1.6799,0.5049,0.4615,4.4444,4.6667,7093628.964
2018-10-08,10.1837,8.245,1.5806,0.4751,0.4342,4.7237,4.9598,6674316.6741
2018-10-09,10.1356,8.2061,1.5732,0.4728,0.4321,4.7461,4.9834,6642789.4343
2018-10-10,9.8999,8.0152,1.5366,0.4618,0.4221,4.8591,5.102,6488305.9591
2018-10-11,9.3804,7.5946,1.4559,0.4376,0.3999,5.1282,5.3846,6147811.7688
2018-10-12,9.5199,7.7076,1.4776,0.4441,0.4059,5.0531,5.3057,6239240.7643
2018-10-15,9.212,7.4583,1.4298,0.4298,0.3928,5.2219,5.483,6037466.4294
2018-10-16,8.8368,7.1545,1.3716,0.4122,0.3768,5.4437,5.7158,5791553.9586
2018-10-17,8.9234,7.2246,1.385,0.4163,0.3805,5.3908,5.6604,5848302.9903
2018-10-18,8.7117,7.0533,1.3522,0.4064,0.3714,5.5218,5.7979,5709583.135
2018-10-19,9.0051,7.2908,1.3977,0.4201,0.3839,5.3419,5.609,5901899.298
2018-10-22,9.3996,7.6102,1.4589,0.4385,0.4008,5.1177,5.3736,6160422.6647
2018-10-23,9.2072,7.4544,1.4291,0.4295,0.3926,5.2247,5.4859,6034313.7054
2018-10-24,9.0917,7.3609,1.4111,0.4241,0.3876,5.291,5.5556,5958648.3298
2018-10-25,9.236,7.4778,1.4335,0.4309,0.3938,5.2083,5.4688,6053230.0493
2018-10-26,8.9955,7.2772,1.3417,0.4197,0.379,5.3476,5.615,5895593.8501
2018-10-29,8.4183,6.8102,1.2556,0.3927,0.3547,5.7143,6.0,5517266.972
2018-10-30,8.3894,6.7868,1.2513,0.3914,0.3535,5.7339,6.0206,5498350.6281
2018-10-31,8.3846,6.783,1.2506,0.3912,0.3533,5.7372,6.0241,5495197.9041
2018-11-01,8.5337,6.9036,1.2728,0.3981,0.3596,5.637,5.9188,5592932.3476
2018-11-02,8.6828,7.0242,1.295,0.4051,0.3659,5.5402,5.8172,5690666.7911
2018-11-05,8.6251,6.9775,1.2864,0.4024,0.3634,5.5772,5.8561,5652834.1033
2018-11-06,8.6155,6.9697,1.285,0.4019,0.363,5.5835,5.8626,5646528.6553
2018-11-07,8.5337,6.9036,1.2728,0.3981,0.3596,5.637,5.9188,5592932.3476
2018-11-08,8.4712,6.853,1.2635,0.3952,0.3569,5.6786,5.9625,5551946.9358
2018-11-09,8.6059,6.962,1.2836,0.4015,0.3626,5.5897,5.8692,5640223.2074
2018-11-12,8.654,7.0009,1.2907,0.4037,0.3646,5.5586,5.8366,5671750.4472
2018-11-13,8.6828,7.0242,1.295,0.4051,0.3659,5.5402,5.8172,5690666.7911
2018-11-14,8.5914,6.9503,1.2814,0.4008,0.362,5.5991,5.8791,5630765.0354
2018-11-15,8.5337,6.9036,1.2728,0.3981,0.3596,5.637,5.9188,5592932.3476
2018-11-16,8.5337,6.9036,1.2728,0.3981,0.3596,5.637,5.9188,5592932.3476
2018-11-19,8.5674,6.9308,1.2778,0.3997,0.361,5.6148,5.8956,5615001.4155
2018-11-20,8.4086,6.8024,1.2541,0.3923,0.3543,5.7208,6.0069,5510961.524
2018-11-21,8.2547,6.6779,1.2312,0.3851,0.3478,5.8275,6.1189,5410074.3565
2018-11-22,8.3702,6.7713,1.2484,0.3905,0.3527,5.7471,6.0345,5485739.7322
2018-11-23,8.3509,6.7557,1.2455,0.3896,0.3519,5.7604,6.0484,5473128.8362
2018-11-26,8.2547,6.6779,1.2312,0.3851,0.3478,5.8275,6.1189,5410074.3565
2018-11-27,8.2547,6.6779,1.2312,0.3851,0.3478,5.8275,6.1189,5410074.3565
2018-11-28,8.2595,6.6818,1.2319,0.3853,0.348,5.8241,6.1153,5413227.0805
2018-11-29,8.1345,6.5806,1.2133,0.3795,0.3428,5.9137,6.2093,5331256.2569
2018-11-30,8.1537,6.5962,1.2161,0.3804,0.3436,5.8997,6.1947,5343867.1529
2018-12-03,8.5385,6.9075,1.2735,0.3983,0.3598,5.6338,5.9155,5596085.0716
2018-12-04,8.7502,7.0787,1.3051,0.4082,0.3687,5.4975,5.7724,5734804.9269
2018-12-05,8.6732,7.0164,1.2936,0.4046,0.3655,5.5463,5.8236,5684361.3432
2018-12-06,8.5145,6.888,1.2699,0.3972,0.3588,5.6497,5.9322,5580321.4517
2018-12-07,8.5722,6.9347,1.2785,0.3999,0.3612,5.6117,5.8923,5618154.1395
2018-12-10,8.5385,6.9075,1.2735,0.3983,0.3598,5.6338,5.9155,5596085.0716
2018-12-11,8.5049,6.8802,1.2685,0.3968,0.3584,5.6561,5.9389,5574016.0037
2018-12-12,8.5914,6.9503,1.2814,0.4008,0.362,5.5991,5.8791,5630765.0354
2018-12-13,8.755,7.0826,1.3058,0.4084,0.3689,5.4945,5.7692,5737957.6509
2018-12-14,8.6444,6.9931,1.2893,0.4033,0.3642,5.5648,5.8431,5665444.9992
2018-12-17,8.7069,7.0437,1.2986,0.4062,0.3669,5.5249,5.8011,5706430.411
2018-12-18,8.6684,7.0126,1.2929,0.4044,0.3653,5.5494,5.8269,5681208.6192
2018-12-19,8.7694,7.0943,1.308,0.4091,0.3695,5.4855,5.7597,5747415.8228
2018-12-20,8.6155,6.9697,1.285,0.4019,0.363,5.5835,5.8626,5646528.6553
2018-12-21,8.7213,7.0554,1.3008,0.4069,0.3675,5.5157,5.7915,5715888.583
2018-12-24,8.7935,7.1137,1.3115,0.4102,0.3705,5.4705,5.744,5763179.4428
2018-12-25,8.5578,6.923,1.2764,0.3992,0.3606,5.6211,5.9022,5608695.9675
2018-12-26,8.678,7.0203,1.2943,0.4048,0.3657,5.5432,5.8204,5687514.0671
2018-12-27,8.8945,7.1955,1.3266,0.4149,0.3748,5.4083,5.6787,5829386.6464
2018-12-28,8.8512,7.1604,1.3202,0.4129,0.373,5.4348,5.7065,5801012.1306
2019-01-02,8.779,7.1021,1.3094,0.4096,0.3699,5.7534,5.7534,5753721.2708
2019-01-03,8.3221,6.7324,1.2412,0.3882,0.3507,6.0694,6.0694,5454212.4923
2019-01-04,8.4038,6.7985,1.2534,0.3921,0.3541,6.0103,6.0103,5507808.8
2019-01-07,8.5433,6.9114,1.2742,0.3986,0.36,5.9122,5.9122,5599237.7956
2019-01-08,8.6011,6.9581,1.2828,0.4013,0.3624,5.8725,5.8725,5637070.4834
2019-01-09,9.0581,7.3278,1.351,0.4226,0.3817,5.5762,5.5762,5936579.2619
2019-01-10,9.0244,7.3005,1.346,0.421,0.3803,5.597,5.597,5914510.194
2019-01-11,9.0244,7.3005,1.346,0.421,0.3803,5.597,5.597,5914510.194
2019-01-14,8.9137,7.211,1.3295,0.4158,0.3756,5.6665,5.6665,5841997.5424
2019-01-15,9.1398,7.3939,1.3632,0.4264,0.3851,5.5263,5.5263,5990175.5696
2019-01-16,9.2649,7.4951,1.3819,0.4322,0.3904,5.4517,5.4517,6072146.3932
2019-01-17,9.289,7.5146,1.3854,0.4333,0.3914,5.4376,5.4376,6087910.0131
2019-01-18,9.5102,7.6936,1.4184,0.4437,0.4007,5.3111,5.3111,6232935.3164
2019-01-21,9.515,7.6975,1.4192,0.4439,0.4009,5.3084,5.3084,6236088.0404
2019-01-22,9.39,7.5963,1.4005,0.4381,0.3957,5.3791,5.3791,6154117.2168
2019-01-23,9.5728,7.7442,1.4278,0.4466,0.4034,5.2764,5.2764,6273920.7282
2019-01-24,9.7363,7.8765,1.4522,0.4542,0.4103,5.1877,5.1877,6381113.3436
2019-01-25,9.8373,7.9582,1.4672,0.4589,0.4145,5.1345,5.1345,6447320.5473
2019-01-28,9.9672,8.0633,1.4866,0.465,0.42,5.0676,5.0676,6532444.0948
2019-01-29,9.7604,7.8959,1.4558,0.4553,0.4113,5.175,5.175,6396876.9635
2019-01-30,9.6594,7.8142,1.4407,0.4506,0.407,5.2291,5.2291,6330669.7599
2019-01-31,9.7219,7.8648,1.45,0.4535,0.4096,5.1954,5.1954,6371655.1717
2019-02-01,9.7892,7.9193,1.4601,0.4567,0.4125,5.1597,5.1597,6415793.3074
2019-02-11,9.8229,7.9465,1.4651,0.4583,0.4139,5.142,5.142,6437862.3753
2019-02-12,9.9768,8.0711,1.488,0.4654,0.4204,5.0627,5.0627,6538749.5428
2019-02-13,10.1212,8.1878,1.5096,0.4722,0.4265,4.9905,4.9905,6633331.2623
2019-02-14,9.9624,8.0594,1.4859,0.4648,0.4198,5.07,5.07,6529291.3709
2019-02-15,9.3563,7.569,1.3955,0.4365,0.3942,5.3985,5.3985,6132048.1489
2019-02-18,9.7604,7.8959,1.4558,0.4553,0.4113,5.175,5.175,6396876.9635
2019-02-19,9.7363,7.8765,1.4522,0.4542,0.4103,5.1877,5.1877,6381113.3436
2019-02-20,9.9865,8.0788,1.4895,0.4659,0.4208,5.0578,5.0578,6545054.9908
2019-02-21,9.948,8.0477,1.4837,0.4641,0.4192,5.0774,5.0774,6519833.1989
2019-02-22,9.8758,7.9893,1.473,0.4607,0.4161,5.1145,5.1145,6472542.3392
2019-02-25,10.3424,8.3668,1.5426,0.4825,0.4358,4.8837,4.8837,6778356.5656
2019-02-26,10.2607,8.3007,1.5304,0.4787,0.4323,4.9226,4.9226,6724760.2579
2019-02-27,10.049,8.1294,1.4988,0.4688,0.4234,5.0263,5.0263,6586040.4026
2019-02-28,9.9817,8.0749,1.4888,0.4657,0.4206,5.0602,5.0602,6541902.2668
2019-03-01,9.9672,8.0633,1.4866,0.465,0.42,5.0676,5.0676,6532444.0948
2019-03-04,10.1645,8.2228,1.516,0.4742,0.4283,4.9692,4.9692,6661705.7782
2019-03-05,10.0875,8.1606,1.5045,0.4706,0.4251,5.0072,5.0072,6611262.1944
2019-03-06,10.405,8.4174,1.5519,0.4854,0.4384,4.8544,4.8544,6819341.9774
2019-03-07,10.0153,8.1022,1.4938,0.4672,0.422,5.0432,5.0432,6563971.3347
2019-03-08,9.6449,7.8025,1.4385,0.4499,0.4064,5.2369,5.2369,6321211.5879
2019-03-11,9.8133,7.9387,1.4636,0.4578,0.4135,5.1471,5.1471,6431556.9274
2019-03-12,10.1308,8.1956,1.511,0.4726,0.4269,4.9858,4.9858,6639636.7103
2019-03-13,10.2077,8.2578,1.5225,0.4762,0.4301,4.9482,4.9482,6690080.294
2019-03-14,9.9817,8.0749,1.4888,0.4657,0.4206,5.0602,5.0602,6541902.2668
2019-03-15,9.9768,8.0711,1.488,0.4654,0.4204,5.0627,5.0627,6538749.5428
2019-03-18,10.227,8.2734,1.5254,0.4771,0.4309,4.9389,4.9389,6702691.19
2019-03-19,10.0394,8.1216,1.4974,0.4684,0.423,5.0311,5.0311,6579734.9546
2019-03-20,9.9528,8.0516,1.4845,0.4643,0.4194,5.0749,5.0749,6522985.9229
2019-03-21,9.9047,8.0127,1.4773,0.4621,0.4173,5.0996,5.0996,6491458.6831
2019-03-22,9.7892,7.9193,1.4601,0.4567,0.4125,5.1597,5.1597,6415793.3074
2019-03-25,10.0586,8.1372,1.5002,0.4692,0.4238,5.0215,5.0215,6592345.8505
2019-03-26,9.6064,7.7714,1.4328,0.4482,0.4048,5.2579,5.2579,6295989.796
2019-03-27,9.6545,7.8103,1.44,0.4504,0.4068,5.2317,5.2317,6327517.0359
2019-03-28,9.4669,7.6585,1.412,0.4416,0.3989,5.3354,5.3354,6204560.8005
2019-03-29,9.8037,7.931,1.4622,0.4574,0.4131,5.1521,5.1521,6425251.4794
2019-04-01,8.2714,8.2714,1.4636,0.4224,0.4224,4.9858,4.9858,6639636.7103
2019-04-02,8.786,8.786,1.5547,0.4487,0.4487,4.6938,4.6938,7052643.5522
2019-04-03,9.1277,9.1277,1.6151,0.4662,0.4662,4.5181,4.5181,7326930.5388
2019-04-04,9.2887,9.2887,1.6436,0.4744,0.4744,4.4397,4.4397,7456192.2222
2019-04-08,9.1591,9.1591,1.6207,0.4678,0.4678,4.5026,4.5026,7352152.3307
2019-04-09,9.3869,9.3869,1.661,0.4794,0.4794,4.3933,4.3933,7535010.3218
2019-04-10,9.8189,9.8189,1.7374,0.5015,0.5015,4.2,4.2,7881809.96
2019-04-11,9.976,9.976,1.7652,0.5095,0.5095,4.1339,4.1339,8007918.9194
2019-04-12,9.4262,9.4262,1.6679,0.4814,0.4814,4.375,4.375,7566537.5616
2019-04-15,9.2494,9.2494,1.6367,0.4724,0.4724,4.4586,4.4586,7424664.9823
2019-04-16,9.2651,9.2651,1.6394,0.4732,0.4732,4.451,4.451,7437275.8783
2019-04-17,9.8425,9.8425,1.7416,0.5027,0.5027,4.1899,4.1899,7900726.3039
2019-04-18,9.921,9.921,1.7555,0.5067,0.5067,4.1568,4.1568,7963780.7836
2019-04-19,10.1135,10.1135,1.7896,0.5165,0.5165,4.0777,4.0777,8118264.2588
2019-04-22,9.6304,9.6304,1.7041,0.4919,0.4919,4.2822,4.2822,7730479.2088
2019-04-23,9.5126,9.5126,1.6832,0.4858,0.4858,4.3353,4.3353,7635897.4892
2019-04-24,9.7089,9.7089,1.718,0.4959,0.4959,4.2476,4.2476,7793533.6884
2019-04-25,9.2769,9.2769,1.6415,0.4738,0.4738,4.4454,4.4454,7446734.0502
2019-04-26,8.8763,10.2355,1.4965,0.4533,0.4672,4.646,4.646,7125156.2038
2019-04-29,8.9156,10.2808,1.5031,0.4553,0.4693,4.6256,4.6256,7156683.4437
2019-04-30,9.2416,10.6567,1.558,0.472,0.4865,4.4624,4.4624,7418359.5344
2019-05-06,8.6131,9.9321,1.4521,0.4399,0.4534,4.788,4.788,6913923.6969
2019-05-07,8.676,10.0045,1.4627,0.4431,0.4567,4.7533,4.7533,6964367.2807
2019-05-08,8.3814,9.6649,1.413,0.4281,0.4412,4.9203,4.9203,6727912.9819
2019-05-09,8.3186,9.5924,1.4024,0.4249,0.4379,4.9575,4.9575,6677469.3981
2019-05-10,8.7428,10.0815,1.474,0.4465,0.4602,4.717,4.717,7017963.5884
2019-05-13,8.2479,9.5109,1.3905,0.4212,0.4342,5.0,5.0,6620720.3664
2019-05-14,8.4914,9.7917,1.4316,0.4337,0.447,4.8566,4.8566,6816189.2534
2019-05-15,8.6367,9.9593,1.4561,0.4411,0.4546,4.7749,4.7749,6932840.0408
2019-05-16,8.3893,9.6739,1.4144,0.4285,0.4416,4.9157,4.9157,6734218.4298
2019-05-17,7.973,9.1939,1.3442,0.4072,0.4197,5.1724,5.1724,6400029.6875
2019-05-20,7.7098,8.8904,1.2998,0.3938,0.4058,5.349,5.349,6188797.1806
2019-05-21,7.8865,9.0942,1.3296,0.4028,0.4151,5.2291,5.2291,6330669.7599
2019-05-22,7.8787,9.0852,1.3283,0.4024,0.4147,5.2343,5.2343,6324364.3119
2019-05-23,7.5527,8.7093,1.2733,0.3857,0.3976,5.4602,5.4602,6062688.2212
2019-05-24,7.7373,8.9221,1.3044,0.3952,0.4073,5.3299,5.3299,6210866.2485
2019-05-27,7.7452,8.9312,1.3058,0.3956,0.4077,5.3245,5.3245,6217171.6964
2019-05-28,8.0358,9.2663,1.3548,0.4104,0.423,5.132,5.132,6450473.2713
2019-05-29,7.9572,9.1757,1.3415,0.4064,0.4189,5.1826,5.1826,6387418.7916
2019-05-30,7.918,9.1304,1.3349,0.4044,0.4168,5.2083,5.2083,6355891.5517
2019-05-31,7.8865,9.0942,1.3296,0.4028,0.4151,5.2291,5.2291,6330669.7599
2019-06-03,8.1379,9.3841,1.372,0.4156,0.4284,5.0676,5.0676,6532444.0948
2019-06-04,8.0122,9.2391,1.3508,0.4092,0.4218,5.1471,5.1471,6431556.9274
2019-06-05,8.1379,9.3841,1.372,0.4156,0.4284,5.0676,5.0676,6532444.0948
2019-06-06,8.2047,9.4611,1.3832,0.419,0.4319,5.0263,5.0263,6586040.4026
2019-06-10,8.1968,9.452,1.3819,0.4186,0.4315,5.0311,5.0311,6579734.9546
2019-06-11,8.4089,9.6966,1.4177,0.4295,0.4426,4.9043,4.9043,6749982.0497
2019-06-12,8.295,9.5652,1.3985,0.4237,0.4366,4.9716,4.9716,6658553.0542
2019-06-13,8.024,9.2527,1.3528,0.4098,0.4224,5.1395,5.1395,6441015.0993
2019-06-14,7.8473,9.0489,1.323,0.4008,0.4131,5.2553,5.2553,6299142.52
2019-06-17,7.8669,9.0716,1.3263,0.4018,0.4141,5.2421,5.2421,6314906.14
2019-06-18,7.8473,9.0489,1.323,0.4008,0.4131,5.2553,5.2553,6299142.52
2019-06-19,8.1536,9.4022,1.3746,0.4164,0.4292,5.0578,5.0578,6545054.9908
2019-06-20,8.4482,9.7419,1.4243,0.4315,0.4447,4.8815,4.8815,6781509.2896
2019-06-21,8.6799,10.0091,1.4634,0.4433,0.4569,4.7511,4.7511,6967520.0046
2019-06-24,8.5424,9.8506,1.4402,0.4363,0.4497,4.8276,4.8276,6857174.6652
2019-06-25,8.4089,9.6966,1.4177,0.4295,0.4426,4.9043,4.9043,6749982.0497
2019-06-26,8.5424,9.8506,1.4402,0.4363,0.4497,4.8276,4.8276,6857174.6652
2019-06-27,8.5267,9.8324,1.4375,0.4355,0.4488,4.8365,4.8365,6844563.7693
2019-06-28,8.4835,9.7826,1.4303,0.4333,0.4466,4.8611,4.8611,6809883.8054
2019-07-01,8.7428,10.0815,1.474,0.4465,0.4602,4.717,4.717,7017963.5884
2019-07-02,9.1434,10.5435,1.5415,0.467,0.4813,4.5103,4.5103,7339541.4348
2019-07-03,9.3005,10.7247,1.568,0.475,0.4896,4.4341,4.4341,7465650.3941
2019-07-04,9.0452,10.4303,1.5249,0.462,0.4761,4.5593,4.5593,7260723.3352
2019-07-05,9.1434,10.5435,1.5415,0.467,0.4813,4.5103,4.5103,7339541.4348
2019-07-08,8.8763,10.2355,1.4965,0.4533,0.4672,4.646,4.646,7125156.2038
2019-07-09,8.9509,10.3216,1.509,0.4572,0.4712,4.6073,4.6073,7185057.9595
2019-07-10,8.7585,10.0997,1.4766,0.4473,0.461,4.7085,4.7085,7030574.4843
2019-07-11,8.8802,10.2401,1.4971,0.4535,0.4675,4.644,4.644,7128308.9278
2019-07-12,8.7467,10.0861,1.4746,0.4467,0.4604,4.7149,4.7149,7021116.3124
2019-07-15,8.8763,10.2355,1.4965,0.4533,0.4672,4.646,4.646,7125156.2038
2019-07-16,8.8135,10.1631,1.4859,0.4501,0.4639,4.6791,,7074712.6201
2019-07-17,9.0845,10.4756,1.5316,0.464,0.4782,4.5396,,7292250.575
2019-07-18,8.9706,10.3442,1.5124,0.4582,0.4722,4.5972,,7200821.5795
2019-07-19,9.0491,10.4348,1.5256,0.4622,0.4763,4.5573,,7263876.0591
2019-07-22,8.8763,10.2355,1.4965,0.4533,0.4672,4.646,,7125156.2038
2019-07-23,8.4246,9.7147,1.5264,0.4303,0.4435,4.8951,4.8951,6762592.9457
2019-07-24,8.7035,10.0362,1.577,0.4445,0.4581,4.7383,4.7383,6986436.3485
2019-07-25,8.8802,10.2401,1.609,0.4535,0.4675,4.644,4.644,7128308.9278
2019-07-26,8.8802,10.2401,1.609,0.4535,0.4675,4.644,4.644,7128308.9278
2019-07-29,8.8252,10.1766,1.599,0.4507,0.4646,4.6729,4.6729,7084170.792
2019-07-30,9.0138,10.394,1.6332,0.4604,0.4745,4.5752,4.5752,7235501.5433
2019-07-31,9.0727,10.462,1.6439,0.4634,0.4776,4.5455,4.5455,7282792.403
2019-08-01,9.0177,10.3986,1.6339,0.4606,0.4747,4.5732,4.5732,7238654.2673
2019-08-02,8.7899,10.1359,1.5926,0.4489,0.4627,4.6917,4.6917,7055796.2762
2019-08-05,8.2911,9.5607,1.5023,0.4235,0.4364,4.9739,4.9739,6655400.3302
2019-08-06,8.1811,9.4339,1.4823,0.4178,0.4307,5.0408,5.0408,6567124.0587
2019-08-07,8.0908,9.3297,1.466,0.4132,0.4259,5.0971,5.0971,6494611.407
2019-08-08,8.6053,9.923,1.5592,0.4395,0.453,4.7923,4.7923,6907618.2489
2019-08-09,8.4992,9.8007,1.54,0.4341,0.4474,4.8521,4.8521,6822494.7014
2019-08-12,8.5464,9.8551,1.5485,0.4365,0.4499,4.8254,4.8254,6860327.3892
2019-08-13,8.4482,9.7419,1.5307,0.4315,0.4447,4.8815,4.8815,6781509.2896
2019-08-14,8.6014,9.9185,1.5585,0.4393,0.4528,4.7945,4.7945,6904465.525
2019-08-15,9.002,10.3805,1.6311,0.4598,0.4739,4.5812,4.5812,7226043.3713
2019-08-16,8.7663,10.1087,1.5884,0.4477,0.4615,4.7043,4.7043,7036879.9323
2019-08-19,8.9627,10.3352,1.6239,0.4578,0.4718,4.6012,4.6012,7194516.1315
2019-08-20,8.9313,10.2989,1.6182,0.4561,0.4701,4.6174,4.6174,7169294.3396
2019-08-21,8.7938,10.1404,1.5933,0.4491,0.4629,4.6896,4.6896,7058949.0002
2019-08-22,8.8292,10.1812,1.5997,0.4509,0.4648,4.6708,4.6708,7087323.516
2019-08-23,9.3555,11.3484,1.7668,0.4778,0.514,4.4081,4.4081,7509788.5299
2019-08-26,9.2533,11.2245,1.7475,0.4726,0.5084,4.4567,4.4567,7427817.7063
2019-08-27,9.7561,11.8343,1.8425,0.4983,0.536,4.2271,4.2271,7831366.3763
2019-08-28,9.7521,11.8296,1.8417,0.4981,0.5358,4.2288,4.2288,7828213.6523
2019-08-29,9.5911,11.6342,1.8113,0.4898,0.5269,4.2998,4.2998,7698951.9689
2019-08-30,9.7914,11.8772,1.8492,0.5001,0.5379,4.2118,4.2118,7859740.8921
2019-09-02,9.8935,12.0011,1.8684,0.5053,0.5436,4.1683,4.1683,7941711.7157
2019-09-03,9.7993,11.8868,1.8506,0.5005,0.5384,4.2084,4.2084,7866046.3401
2019-09-04,9.7953,11.882,1.8499,0.5003,0.5382,4.2101,4.2101,7862893.6161
2019-09-05,9.8739,11.9773,1.8647,0.5043,0.5425,4.1766,4.1766,7925948.0958
2019-09-06,10.1527,12.3155,1.9174,0.5185,0.5578,4.0619,4.0619,8149791.4986
2019-09-09,10.0978,12.2488,1.907,0.5157,0.5548,4.084,4.084,8105653.3629
2019-09-10,9.7286,11.801,1.8373,0.4969,0.5345,4.239,4.239,7809297.3084
2019-09-11,9.7639,11.8439,1.844,0.4987,0.5364,4.2237,4.2237,7837671.8242
2019-09-12,9.7796,11.8629,1.8469,0.4995,0.5373,4.2169,4.2169,7850282.7202
2019-09-16,10.1802,12.3489,1.9226,0.5199,0.5593,4.0509,4.0509,8171860.5665
2019-09-17,9.925,12.0392,1.8744,0.5069,0.5453,4.1551,4.1551,7966933.5076
2019-09-18,9.6422,11.6962,1.821,0.4925,0.5297,4.277,4.277,7739937.3807
2019-09-19,9.6579,11.7152,1.8239,0.4933,0.5306,4.27,4.27,7752548.2767
2019-09-20,9.544,11.5771,1.8024,0.4874,0.5244,4.321,4.321,7661119.2811
2019-09-23,9.3162,11.3008,1.7594,0.4758,0.5118,4.4266,4.4266,7478261.29
2019-09-24,9.4262,11.4342,1.7802,0.4814,0.5179,4.375,4.375,7566537.5616
2019-09-25,9.3162,11.3008,1.7594,0.4758,0.5118,4.4266,4.4266,7478261.29
2019-09-26,9.2573,11.2293,1.7483,0.4728,0.5086,4.4548,4.4548,7430970.4303
2019-09-27,9.4301,11.4389,1.7809,0.4816,0.5181,4.3732,4.3732,7569690.2856
2019-09-30,9.2298,11.1959,1.7431,0.4714,0.5071,4.4681,4.4681,7408901.3624
2019-10-08,9.1591,11.1102,1.7297,0.4678,0.5032,4.5026,4.5026,7352152.3307
2019-10-09,9.1512,11.1007,1.7283,0.4674,0.5028,4.5064,4.5064,7345846.8827
2019-10-10,9.1159,11.0578,1.7216,0.4656,0.5008,4.5239,4.5239,7317472.3669
2019-10-11,9.4654,11.4818,1.7876,0.4834,0.52,4.3568,4.3568,7598064.8014
2019-10-14,9.76,11.8391,1.8432,0.4985,0.5362,4.2254,4.2254,7834519.1002
2019-10-15,9.3319,11.3198,1.7624,0.4766,0.5127,4.4192,4.4192,7490872.186
2019-10-16,9.4379,11.4484,1.7824,0.482,0.5185,4.3695,4.3695,7575995.7336
2019-10-17,9.3869,11.3865,1.7728,0.4794,0.5157,4.3933,4.3933,7535010.3218
2019-10-18,9.0727,11.0054,1.7134,0.4634,0.4985,4.5455,4.5455,7282792.403
2019-10-21,9.0412,10.9673,1.7075,0.4618,0.4967,4.5613,4.5613,7257570.6112
2019-10-22,9.0452,10.972,1.7082,0.462,0.4969,4.5593,4.5593,7260723.3352
2019-10-23,9.0138,10.9339,1.7023,0.4604,0.4952,4.5752,4.5752,7235501.5433
2019-10-24,9.269,11.2436,1.7505,0.4734,0.5092,4.4492,4.4492,7440428.6022
2019-10-25,9.3515,11.3436,1.7661,0.4776,0.5138,4.4099,4.4099,7506635.8059
2019-10-28,9.7011,11.7676,1.8321,0.4955,0.533,4.251,4.251,7787228.2405
2019-10-29,9.7364,11.8105,1.8388,0.4973,0.5349,4.2356,4.2356,7815602.7563
2019-10-30,9.8817,12.0369,1.6488,0.5047,0.551,4.1733,4.1733,7932253.5437
2019-10-31,9.8621,12.0129,1.6455,0.5037,0.5499,4.1816,4.1816,7916489.9238
2019-11-01,9.9289,12.0943,1.6566,0.5071,0.5536,4.1535,4.1535,7970086.2316
2019-11-04,9.7482,11.8742,1.6265,0.4979,0.5435,4.2305,4.2305,7825060.9283
2019-11-05,9.7718,11.9029,1.6304,0.4991,0.5448,4.2203,4.2203,7843977.2722
2019-11-06,9.7325,11.8551,1.6239,0.4971,0.5427,4.2373,4.2373,7812450.0324
2019-11-07,9.921,12.0847,1.6553,0.5067,0.5532,4.1568,4.1568,7963780.7836
2019-11-08,10.0781,12.2761,1.6815,0.5147,0.5619,4.092,4.092,8089889.7429
2019-11-11,9.9367,12.1038,1.658,0.5075,0.554,4.1502,4.1502,7976391.6795
2019-11-12,9.8582,12.0082,1.6448,0.5035,0.5497,4.1833,4.1833,7913337.1998
2019-11-13,9.8975,12.056,1.6514,0.5055,0.5518,4.1667,4.1667,7944864.4397
2019-11-14,10.0192,12.2043,1.6717,0.5117,0.5586,4.116,4.116,8042598.8832
2019-11-15,10.1802,12.4005,1.6986,0.5199,0.5676,4.0509,4.0509,8171860.5665
2019-11-18,10.0938,12.2952,1.6842,0.5155,0.5628,4.0856,4.0856,8102500.6389
2019-11-19,10.3177,12.5679,1.7215,0.527,0.5753,3.997,3.997,8282205.906
2019-11-20,10.1017,12.3048,1.6855,0.5159,0.5632,4.0824,4.0824,8108806.0868
2019-11-21,10.0938,12.2952,1.6842,0.5155,0.5628,4.0856,4.0856,8102500.6389
2019-11-22,10.1645,12.3813,1.696,0.5191,0.5667,4.0572,4.0572,8159249.6706
2019-11-25,10.3334,12.587,1.7241,0.5278,0.5762,3.9909,3.9909,8294816.8019
2019-11-26,10.3531,12.611,1.7274,0.5288,0.5773,3.9833,3.9833,8310580.4218
2019-11-27,10.4473,12.7258,1.7431,0.5336,0.5825,3.9474,3.9474,8386245.7974
2019-11-28,10.2038,12.4292,1.7025,0.5211,0.5689,4.0416,4.0416,8190776.9104
2019-11-29,10.1802,12.4005,1.6986,0.5199,0.5676,4.0509,4.0509,8171860.5665
2019-12-02,9.9171,12.0799,1.6547,0.5065,0.5529,4.1584,4.1584,7960628.0596
2019-12-03,9.8582,12.0082,1.6448,0.5035,0.5497,4.1833,4.1833,7913337.1998
2019-12-04,9.7678,11.8981,1.6298,0.4989,0.5446,4.222,4.222,7840824.5482
2019-12-05,9.8346,11.9795,1.6409,0.5023,0.5483,4.1933,4.1933,7894420.8559
2019-12-06,9.7796,11.9125,1.6317,0.4995,0.5453,4.2169,4.2169,7850282.7202
2019-12-09,9.6304,11.7307,1.6068,0.4919,0.537,4.2822,4.2822,7730479.2088
2019-12-10,9.6343,11.7355,1.6075,0.4921,0.5372,4.2805,4.2805,7733631.9328
2019-12-11,9.6814,11.7929,1.6154,0.4945,0.5398,4.2596,4.2596,7771464.6206
2019-12-12,9.5872,11.6781,1.5996,0.4896,0.5345,4.3015,4.3015,7695799.2449
2019-12-13,9.7286,11.8503,1.6232,0.4969,0.5424,4.239,4.239,7809297.3084
2019-12-16,9.7953,11.9316,1.6344,0.5003,0.5462,4.2101,4.2101,7862893.6161
2019-12-17,9.8975,12.056,1.6514,0.5055,0.5518,4.1667,4.1667,7944864.4397
2019-12-18,9.7796,11.9125,1.6317,0.4995,0.5453,4.2169,4.2169,7850282.7202
2019-12-19,9.6343,11.7355,1.6075,0.4921,0.5372,4.2805,4.2805,7733631.9328
2019-12-20,9.5872,11.6781,1.5996,0.4896,0.5345,4.3015,4.3015,7695799.2449
2019-12-23,9.379,11.4245,1.5649,0.479,0.5229,4.397,4.397,7528704.8738
2019-12-24,9.5204,11.5967,1.5885,0.4862,0.5308,4.3317,4.3317,7642202.9372
2019-12-25,9.87,12.0225,1.6468,0.5041,0.5503,4.1783,4.1783,7922795.3718
2019-12-26,9.8935,12.0512,1.6507,0.5053,0.5516,4.1683,4.1683,7941711.7157
2019-12-27,9.9367,12.1038,1.658,0.5075,0.554,4.1502,4.1502,7976391.6795
2019-12-30,9.9996,12.1804,1.6684,0.5107,0.5575,4.1241,4.1241,8026835.2633
2019-12-31,10.2077,12.4339,1.7032,0.5213,0.5691,4.04,4.04,8193929.6344
2020-01-02,10.3531,12.611,1.7274,0.5288,0.5773,3.9833,3.9833,8310580.4218
2020-01-03,10.247,12.4818,1.7097,0.5233,0.5713,4.0245,4.0245,8225456.8743
2020-01-06,10.6358,12.9554,1.7746,0.5432,0.593,3.8774,3.8774,8537576.5487
2020-01-07,10.7458,13.0894,1.7929,0.5488,0.5992,3.8377,3.8377,8625852.8202
2020-01-08,11.0797,13.496,1.8486,0.5659,0.6178,3.7221,3.7221,8893834.3589
2020-01-09,11.3153,13.7831,1.888,0.5779,0.6309,3.6446,3.6446,9082997.7979
2020-01-10,11.2014,13.6443,1.869,0.5721,0.6246,3.6816,3.6816,8991568.8024
2020-01-13,11.2053,13.6491,1.8696,0.5723,0.6248,3.6803,3.6803,8994721.5264
2020-01-14,11.0522,13.4625,1.8441,0.5645,0.6162,3.7313,3.7313,8871765.291
2020-01-15,11.1582,13.5917,1.8618,0.5699,0.6221,3.6959,3.6959,8956888.8385
2020-01-16,11.2171,13.6635,1.8716,0.5729,0.6254,3.6765,3.6765,9004179.6983
2020-01-17,11.2368,13.6874,1.8749,0.5739,0.6265,3.67,3.67,9019943.3182
2020-01-20,11.1111,13.5343,1.8539,0.5675,0.6195,3.7116,3.7116,8919056.1507
2020-01-21,10.844,13.209,1.8093,0.5538,0.6046,3.803,3.803,8704670.9198
2020-01-22,10.844,13.209,1.8093,0.5538,0.6046,3.803,3.803,8704670.9198
2020-01-23,10.4866,12.7736,1.7497,0.5356,0.5847,3.9326,3.9326,8417773.0373
2020-02-03,10.0467,12.2378,1.6763,0.5131,0.5602,4.1048,4.1048,8064667.9511
2020-02-04,10.357,12.6157,1.7281,0.529,0.5775,3.9818,3.9818,8313733.1458
2020-02-05,10.5023,12.7928,1.7523,0.5364,0.5856,3.9267,3.9267,8430383.9332
2020-02-06,10.2706,12.5105,1.7137,0.5246,0.5727,4.0153,4.0153,8244373.2182
2020-02-07,9.9721,12.1469,1.6638,0.5093,0.556,4.1355,4.1355,8004766.1954
2020-02-10,10.4198,12.6923,1.7386,0.5322,0.581,3.9578,3.9578,8364176.7296
2020-02-11,10.6083,12.9219,1.77,0.5418,0.5915,3.8874,3.8874,8515507.4808
2020-02-12,10.573,12.8789,1.7641,0.54,0.5895,3.9004,3.9004,8487132.9649
2020-02-13,10.4552,12.7353,1.7445,0.534,0.5829,3.9444,3.9444,8392551.2454
2020-02-14,10.4748,12.7593,1.7477,0.535,0.584,3.937,3.937,8408314.8653
2020-02-17,11.0797,13.496,1.8486,0.5659,0.6178,3.7221,3.7221,8893834.3589
2020-02-18,10.9579,13.3477,1.8283,0.5597,0.611,3.7634,3.7634,8796099.9154
2020-02-19,10.8047,13.1611,1.8028,0.5518,0.6024,3.8168,3.8168,8673143.68
2020-02-20,11.1582,13.5917,1.8618,0.5699,0.6221,3.6959,3.6959,8956888.8385
2020-02-21,11.5667,14.0893,1.9299,0.5907,0.6449,3.5654,3.5654,9284772.1329
2020-02-24,11.5785,14.1036,1.9319,0.5913,0.6456,3.5617,3.5617,9294230.3048
2020-02-25,11.8023,14.3763,1.9692,0.6028,0.6581,3.4942,3.4942,9473935.5719
2020-02-26,11.1543,13.5869,1.8611,0.5697,0.6219,3.6972,3.6972,8953736.1146
2020-02-27,11.1386,13.5678,1.8585,0.5689,0.621,3.7024,3.7024,8941125.2186
2020-02-28,11.0561,13.4673,1.8447,0.5647,0.6165,3.73,3.73,8874918.015
2020-03-02,11.2132,13.6587,1.8709,0.5727,0.6252,3.6778,3.6778,9001026.9743
2020-03-03,11.009,13.4099,1.8369,0.5623,0.6138,3.746,3.746,8837085.3272
2020-03-04,10.8047,13.1611,1.8028,0.5518,0.6024,3.8168,3.8168,8673143.68
2020-03-05,10.9068,13.2855,1.8198,0.557,0.6081,3.7811,3.7811,8755114.5036
2020-03-06,10.6515,12.9746,1.7772,0.544,0.5939,3.8717,3.8717,8550187.4446
2020-03-09,10.0938,12.2952,1.6842,0.5155,0.5628,4.0856,4.0856,8102500.6389
2020-03-10,10.4198,12.6923,1.7386,0.5322,0.581,3.9578,3.9578,8364176.7296
2020-03-11,10.086,12.2856,1.6829,0.5151,0.5624,4.0888,4.0888,8096195.1909
2020-03-12,9.8543,12.0034,1.6442,0.5033,0.5494,4.1849,4.1849,7910184.4759
2020-03-13,9.4851,11.5537,1.5826,0.4844,0.5289,4.3478,4.3478,7613828.4214
2020-03-16,8.8488,10.7786,1.4764,0.4519,0.4934,4.6605,4.6605,7103087.136
2020-03-17,8.8135,10.7356,1.4705,0.4501,0.4914,4.6791,4.6791,7074712.6201
2020-03-18,8.5896,10.4629,1.4332,0.4387,0.4789,4.8011,4.8011,6895007.353
2020-03-19,8.3343,10.1519,1.3906,0.4257,0.4647,4.9482,4.9482,6690080.294
2020-03-20,8.1693,9.951,1.3631,0.4172,0.4555,5.0481,5.0481,6557665.8867
2020-03-23,7.427,9.0468,1.2392,0.3793,0.4141,5.5526,5.5526,5961801.0537
2020-03-24,7.7648,9.4582,1.2956,0.3966,0.4329,5.3111,5.3111,6232935.3164
2020-03-25,8.5424,10.4055,1.4253,0.4363,0.4763,4.8276,4.8276,6857174.6652
2020-03-26,8.4364,10.2763,1.4076,0.4309,0.4704,4.8883,4.8883,6772051.1176
2020-03-27,8.6485,10.5346,1.443,0.4417,0.4822,4.7684,4.7684,6942298.2128
2020-03-30,8.4128,10.2476,1.4037,0.4297,0.4691,4.902,4.902,6753134.7737
2020-03-31,8.46,10.305,1.4116,0.4321,0.4717,4.8747,4.8747,6790967.4615
2020-04-01,8.2008,9.9893,1.3683,0.4188,0.4572,5.0287,5.0287,6582887.6786
2020-04-02,8.244,10.0419,1.3755,0.421,0.4597,5.0024,5.0024,6617567.6424
2020-04-03,7.9926,9.7357,1.3336,0.4082,0.4456,5.1597,5.1597,6415793.3074
2020-04-07,8.1301,9.9031,1.3565,0.4152,0.4533,5.0725,5.0725,6526138.6469
2020-04-08,8.1143,9.884,1.3539,0.4144,0.4524,5.0823,5.0823,6513527.7509
2020-04-09,8.3657,10.1902,1.3958,0.4273,0.4664,4.9296,4.9296,6715302.0859
2020-04-10,8.2282,10.0227,1.3729,0.4202,0.4588,5.0119,5.0119,6604956.7465
2020-04-13,9.9023,9.9023,1.2949,0.4444,0.4444,5.1724,5.1724,6400029.6875
2020-04-14,10.195,10.195,1.3332,0.4575,0.4575,5.0239,5.0239,6589193.1266
2020-04-15,9.917,9.917,1.2969,0.445,0.445,5.1648,5.1648,6409487.8595
2020-04-16,9.917,9.917,1.2969,0.445,0.445,5.1648,5.1648,6409487.8595
2020-04-17,10.195,10.195,1.3332,0.4575,0.4575,5.0239,5.0239,6589193.1266
2020-04-20,10.1072,10.1072,1.3217,0.4536,0.4536,5.0676,5.0676,6532444.0948
2020-04-21,9.8291,9.8291,1.2854,0.4411,0.4411,5.2109,5.2109,6352738.8278
2020-04-22,9.8194,9.8194,1.2841,0.4407,0.4407,5.2161,5.2161,6346433.3798
2020-04-23,9.8487,9.8487,1.2879,0.442,0.442,5.2006,5.2006,6365349.7237
2020-04-24,9.6779,9.6779,1.2656,0.4343,0.4343,5.2923,5.2923,6255004.3843
2020-04-27,9.7999,9.7999,1.2816,0.4398,0.4398,5.2265,5.2265,6333822.4839
2020-04-28,9.3901,9.3901,1.228,0.4214,0.4214,5.4545,5.4545,6068993.6692
2020-04-29,9.0535,12.3123,1.1927,0.4063,0.4419,5.6573,5.6573,5851455.7143
2020-04-30,9.9511,13.533,1.3109,0.4466,0.4857,5.1471,5.1471,6431556.9274
2020-05-06,10.4926,14.2693,1.3822,0.4709,0.5121,4.8815,4.8815,6781509.2896
2020-05-07,10.4633,14.2295,1.3784,0.4695,0.5107,4.8951,4.8951,6762592.9457
2020-05-08,10.8682,14.7801,1.4317,0.4877,0.5304,4.7127,4.7127,7024269.0364
2020-05-11,11.0877,15.0786,1.4606,0.4976,0.5411,4.6194,4.6194,7166141.6156
2020-05-12,10.8389,14.7403,1.4278,0.4864,0.529,4.7255,4.7255,7005352.6924
2020-05-13,10.6877,14.5347,1.4079,0.4796,0.5216,4.7923,4.7923,6907618.2489
2020-05-14,10.2145,13.8912,1.3456,0.4584,0.4985,5.0143,5.0143,6601804.0225
2020-05-15,9.8633,13.4136,1.2993,0.4426,0.4814,5.1929,5.1929,6374807.8956
2020-05-18,9.7023,13.1946,1.2781,0.4354,0.4735,5.279,5.279,6270768.0042
2020-05-19,9.9462,13.5263,1.3103,0.4463,0.4854,5.1496,5.1496,6428404.2034
2020-05-20,9.8926,13.4534,1.3032,0.4439,0.4828,5.1775,5.1775,6393724.2396
2020-05-21,9.8438,13.387,1.2968,0.4417,0.4804,5.2032,5.2032,6362196.9997
2020-05-22,9.7657,13.2809,1.2865,0.4382,0.4766,5.2448,5.2448,6311753.416
2020-05-25,9.6096,13.0686,1.2659,0.4312,0.469,5.3299,5.3299,6210866.2485
2020-05-26,9.5657,13.0089,1.2601,0.4293,0.4669,5.3544,5.3544,6182491.7326
2020-05-27,9.634,13.1018,1.2691,0.4323,0.4702,5.3165,5.3165,6226629.8684
2020-05-28,9.4438,12.8431,1.2441,0.4238,0.4609,5.4236,5.4236,6103673.633
2020-05-29,9.3413,12.7037,1.2306,0.4192,0.4559,5.483,5.483,6037466.4294
2020-06-01,9.8145,13.3472,1.2929,0.4404,0.479,5.2187,5.2187,6343280.6558
2020-06-02,9.8243,13.3605,1.2942,0.4409,0.4795,5.2135,5.2135,6349586.1038
2020-06-03,10.1511,13.805,1.3372,0.4555,0.4954,5.0457,5.0457,6560818.6107
2020-06-04,10.3316,14.0504,1.361,0.4636,0.5042,4.9575,4.9575,6677469.3981
2020-06-05,10.1267,13.7718,1.334,0.4544,0.4942,5.0578,5.0578,6545054.9908
2020-06-08,10.4584,14.2229,1.3777,0.4693,0.5104,4.8974,4.8974,6759440.2217
2020-06-09,10.6243,14.4484,1.3996,0.4768,0.5185,4.8209,4.8209,6866632.8372
2020-06-10,10.4389,14.1963,1.3752,0.4685,0.5095,4.9065,4.9065,6746829.3258
2020-06-11,10.5901,14.402,1.3951,0.4752,0.5169,4.8365,4.8365,6844563.7693
2020-06-12,10.3413,14.0637,1.3623,0.4641,0.5047,4.9528,4.9528,6683774.8461
2020-06-15,10.0487,13.6656,1.3237,0.4509,0.4904,5.0971,5.0971,6494611.407
2020-06-16,10.0633,13.6855,1.3257,0.4516,0.4911,5.0897,5.0897,6504069.579
2020-06-17,9.917,13.4865,1.3064,0.445,0.484,5.1648,5.1648,6409487.8595
2020-06-18,10.0633,13.6855,1.3257,0.4516,0.4911,5.0897,5.0897,6504069.579
2020-06-19,10.1852,13.8514,1.3417,0.4571,0.4971,5.0287,5.0287,6582887.6786
2020-06-22,10.2438,13.931,1.3494,0.4597,0.5,5.0,5.0,6620720.3664
2020-06-23,10.3365,14.057,1.3617,0.4639,0.5045,4.9552,4.9552,6680622.1221
2020-06-24,10.156,13.8116,1.3379,0.4558,0.4957,5.0432,5.0432,6563971.3347
2020-06-29,9.8779,13.4335,1.3013,0.4433,0.4821,5.1852,5.1852,6384266.0676
2020-06-30,10.1413,13.7917,1.336,0.4551,0.495,5.0505,5.0505,6554513.1627
2020-07-01,10.7267,14.5877,1.4131,0.4814,0.5235,4.7749,4.7749,6932840.0408
2020-07-02,10.673,14.5148,1.406,0.479,0.5209,4.7989,4.7989,6898160.077
2020-07-03,11.0438,15.0189,1.4548,0.4956,0.539,4.6378,4.6378,7137767.0998
2020-07-06,11.5852,15.7553,1.5262,0.5199,0.5654,4.4211,4.4211,7487719.462
2020-07-07,11.634,15.8216,1.5326,0.5221,0.5678,4.4025,4.4025,7519246.7018
2020-07-08,11.4145,15.5231,1.5037,0.5122,0.5571,4.4872,4.4872,7377374.1226
2020-07-09,11.6096,15.7885,1.5294,0.521,0.5666,4.4118,4.4118,7503483.0819
2020-07-10,11.3023,15.3705,1.4889,0.5072,0.5516,4.5317,4.5317,7304861.4709
2020-07-13,11.6584,15.8548,1.5358,0.5232,0.569,4.3933,4.3933,7535010.3218
2020-07-14,11.7608,15.9941,1.5493,0.5278,0.574,4.355,4.355,7601217.5254
2020-07-15,11.4486,15.5695,1.5082,0.5138,0.5588,4.4738,4.4738,7399443.1904
2020-07-16,10.8925,14.8133,1.4349,0.4888,0.5316,4.7022,4.7022,7040032.6563
2020-07-17,10.595,14.4086,1.4764,0.4755,0.5171,4.8343,8.7477,6847716.4932
2020-07-20,10.9657,14.9128,1.528,0.4921,0.5352,4.6708,8.452,7087323.516
2020-07-21,10.9365,14.873,1.5239,0.4908,0.5338,4.6833,8.4746,7068407.1721
2020-07-22,10.7999,14.6873,1.5049,0.4847,0.5271,4.7425,8.5818,6980130.9006
2020-07-23,10.5462,14.3423,1.4696,0.4733,0.5147,4.8566,3.9315,6816189.2534
2020-07-24,10.0584,13.6789,1.4016,0.4514,0.4909,5.0921,4.1222,6500916.855
2020-07-27,10.234,13.9177,1.4261,0.4593,0.4995,5.0048,4.0515,6614414.9184
2020-07-28,10.356,14.0836,1.443,0.4647,0.5054,4.9458,4.0038,6693233.018
2020-07-29,10.434,14.1897,1.4539,0.4682,0.5092,4.9088,3.9738,6743676.6018
2020-07-30,10.3023,14.0106,1.4356,0.4623,0.5028,4.9716,4.0246,6658553.0542
2020-07-31,10.2438,13.931,1.4274,0.4597,0.5,5.0,4.0476,6620720.3664
2020-08-03,10.4535,14.2163,1.4566,0.4691,0.5102,4.8997,3.9664,6756287.4977
2020-08-04,10.3706,14.1035,1.4451,0.4654,0.5061,4.9389,3.9981,6702691.19
2020-08-05,10.3072,14.0172,1.4363,0.4625,0.503,4.9692,4.0227,6661705.7782
2020-08-06,11.2877,15.3506,1.5729,0.5065,0.5509,4.5376,3.6733,7295403.299
2020-08-07,11.5169,15.6624,1.6048,0.5168,0.5621,4.4473,3.6002,7443581.3262
2020-08-10,11.5608,15.7221,1.6109,0.5188,0.5642,4.4304,3.5865,7471955.8421
2020-08-11,11.3803,15.4767,1.5858,0.5107,0.5554,4.5006,3.6434,7355305.0547
2020-08-12,11.2047,15.2379,1.5613,0.5028,0.5469,4.5712,3.7005,7241806.9912
2020-08-13,11.3999,15.5032,1.5885,0.5116,0.5564,4.4929,3.6371,7367915.9506
2020-08-14,11.3755,15.47,1.5851,0.5105,0.5552,4.5026,3.6449,7352152.3307
2020-08-17,12.0242,16.3523,1.6755,0.5396,0.5869,4.2596,3.4483,7771464.6206
2020-08-18,12.0242,16.3523,1.6755,0.5396,0.5869,4.2596,3.4483,7771464.6206
2020-08-19,12.1852,16.5713,1.6979,0.5468,0.5947,4.2034,3.4027,7875504.512
2020-08-20,11.8584,16.1268,1.6524,0.5322,0.5788,4.3192,3.4965,7664272.0051
2020-08-21,11.873,16.1467,1.6544,0.5328,0.5795,4.3139,3.4922,7673730.1771
2020-08-24,12.0145,16.3391,1.6742,0.5392,0.5864,4.2631,3.4511,7765159.1726
2020-08-25,11.5462,15.7022,1.6089,0.5181,0.5635,4.436,3.591,7462497.6701
2020-08-26,11.2682,15.3241,1.5702,0.5057,0.55,4.5455,3.6797,7282792.403
2020-08-27,12.073,17.7113,1.6218,0.5418,0.614,4.2424,3.4343,7802991.8604
2020-08-28,12.3559,18.1264,1.6598,0.5545,0.6284,4.1453,3.3557,7985849.8515
2020-08-31,12.1364,17.8044,1.6303,0.5446,0.6172,4.2203,3.4164,7843977.2722
2020-09-01,12.4486,18.2624,1.6722,0.5586,0.6331,4.1144,3.3307,8045751.6072
2020-09-02,12.4681,18.291,1.6748,0.5595,0.6341,4.108,3.3255,8058362.5031
2020-09-03,12.2194,17.926,1.6414,0.5484,0.6215,4.1916,3.3932,7897573.5799
2020-09-04,11.9803,17.5754,1.6093,0.5376,0.6093,4.2752,3.4609,7743090.1047
2020-09-07,12.3901,18.1765,1.6643,0.556,0.6301,4.1339,3.3465,8007918.9194
2020-09-08,12.8096,18.7919,1.7207,0.5748,0.6515,3.9985,3.2369,8279053.182
2020-09-09,12.2681,17.9976,1.648,0.5505,0.6239,4.175,3.3797,7929100.8198
2020-09-10,12.7023,18.6345,1.7063,0.57,0.646,4.0323,3.2642,8209693.2543
2020-09-11,12.9072,18.935,1.7338,0.5792,0.6564,3.9683,3.2124,8342107.6617
2020-09-14,12.6194,18.5128,1.6951,0.5663,0.6418,4.0588,3.2857,8156096.9466
2020-09-15,12.5803,18.4556,1.6899,0.5646,0.6398,4.0713,3.2959,8130875.1547
2020-09-16,13.2681,19.4646,1.7823,0.5954,0.6748,3.8603,3.125,8575409.2365
2020-09-17,13.6096,19.9655,1.8282,0.6107,0.6922,3.7634,3.0466,8796099.9154
2020-09-18,13.512,19.8224,1.8151,0.6064,0.6872,3.7906,3.0686,8733045.4357
2020-09-21,13.3462,19.5791,1.7928,0.5989,0.6788,3.8377,3.1067,8625852.8202
2020-09-22,12.9706,19.0281,1.7423,0.5821,0.6597,3.9489,3.1967,8383093.0735
2020-09-23,13.1072,19.2284,1.7607,0.5882,0.6666,3.9077,3.1634,8471369.345
2020-09-24,12.7901,18.7633,1.7181,0.574,0.6505,4.0046,3.2418,8266442.286
2020-09-25,12.5316,18.384,1.6834,0.5624,0.6373,4.0872,3.3087,8099347.9149
2020-09-28,12.395,18.1836,1.665,0.5562,0.6304,4.1322,3.3451,8011071.6433
2020-09-29,12.2047,17.9045,1.6395,0.5477,0.6207,4.1966,3.3973,7888115.408
2020-09-30,12.1462,17.8187,1.6316,0.5451,0.6177,4.2169,3.4137,7850282.7202
2020-10-09,12.4877,18.3196,1.6775,0.5604,0.6351,4.1016,3.3203,8070973.399
2020-10-12,13.1706,19.3215,1.7692,0.591,0.6698,3.8889,3.1481,8512354.7568
2020-10-13,13.4632,19.7508,1.8085,0.6042,0.6847,3.8043,3.0797,8701518.1958
2020-10-14,13.3072,19.5218,1.7875,0.5972,0.6768,3.849,3.1158,8600631.0284
2020-10-15,13.3023,19.5147,1.7869,0.5969,0.6765,3.8504,3.117,8597478.3044
2020-10-16,12.8974,18.9207,1.7325,0.5788,0.6559,3.9713,3.2148,8335802.2137
2020-10-19,12.9462,18.9923,1.739,0.581,0.6584,3.9563,3.2027,8367329.4535
2020-10-20,13.4047,19.6649,1.8006,0.6015,0.6817,3.821,3.0932,8663685.508
2020-10-21,13.8584,20.3305,1.8616,0.6219,0.7048,3.6959,2.9919,8956888.8385
2020-10-22,13.7559,20.1802,1.8478,0.6173,0.6996,3.7234,3.0142,8890681.6349
2020-10-23,13.6193,19.9798,1.8295,0.6112,0.6927,3.7607,3.0444,8802405.3633
2020-10-26,13.3364,19.5648,1.7915,0.5985,0.6783,3.8405,3.109,8619547.3723
2020-10-27,13.273,19.4717,1.783,0.5956,0.675,3.8589,3.1239,8578561.9605
2020-10-28,13.634,20.0013,1.8314,0.6118,0.6934,3.7567,3.0411,8811863.5353
2020-10-29,14.9998,20.9002,1.9332,0.6731,0.7449,3.4146,2.7642,9694626.2508
2020-10-30,15.1803,21.1516,1.9564,0.6812,0.7538,3.374,2.7314,9811277.0382
2020-11-02,15.6632,21.8245,2.0187,0.7029,0.7778,3.27,2.6472,10123396.7126
2020-11-03,15.8974,22.1508,2.0489,0.7134,0.7894,3.2218,2.6082,10274727.4639
2020-11-04,16.4144,22.8712,2.1155,0.7366,0.8151,3.1204,2.526,10608916.2062
2020-11-05,17.0242,23.7208,2.1941,0.764,0.8454,3.0086,2.4355,11003006.7042
2020-11-06,17.2437,24.0267,2.2224,0.7738,0.8563,2.9703,2.4045,11144879.2834
2020-11-09,17.0242,23.7208,2.1941,0.764,0.8454,3.0086,2.4355,11003006.7042
2020-11-10,16.6047,23.1363,2.14,0.7451,0.8246,3.0846,2.4971,10731872.4415
2020-11-11,16.2876,22.6945,2.0991,0.7309,0.8088,3.1447,2.5457,10526945.3826
2020-11-12,16.2681,22.6673,2.0966,0.73,0.8078,3.1484,2.5487,10514334.4866
2020-11-13,16.2242,22.6061,2.091,0.7281,0.8057,3.1569,2.5556,10485959.9708
2020-11-16,16.1266,22.4702,2.0784,0.7237,0.8008,3.176,2.5711,10422905.4911
2020-11-17,16.5608,23.0751,2.1344,0.7432,0.8224,3.0928,2.5037,10703497.9257
2020-11-18,16.1266,22.4702,2.0784,0.7237,0.8008,3.176,2.5711,10422905.4911
2020-11-19,16.0925,22.4226,2.074,0.7222,0.7991,3.1828,2.5765,10400836.4232
2020-11-20,16.3803,22.8236,2.1111,0.7351,0.8134,3.1269,2.5313,10586847.1383
2020-11-23,16.0925,22.4226,2.074,0.7222,0.7991,3.1828,2.5765,10400836.4232
2020-11-24,16.1949,22.5654,2.0872,0.7268,0.8042,3.1627,2.5602,10467043.6269
2020-11-25,15.673,21.8381,2.0199,0.7033,0.7783,3.268,2.6455,10129702.1606
2020-11-26,15.2242,21.2128,1.9621,0.6832,0.756,3.3643,2.7235,9839651.5541
2020-11-27,15.3559,21.3963,1.9791,0.6891,0.7625,3.3355,2.7001,9924775.1016
2020-11-30,15.2486,21.2468,1.9652,0.6843,0.7572,3.3589,2.7191,9855415.174
2020-12-01,15.3218,21.3487,1.9747,0.6876,0.7609,3.3429,2.7061,9902706.0337
2020-12-02,15.0925,21.0293,1.9451,0.6773,0.7495,3.3937,2.7473,9754528.0065
2020-12-03,15.1754,21.1448,1.9558,0.681,0.7536,3.3751,2.7322,9808124.3142
2020-12-04,14.8437,20.6827,1.9131,0.6661,0.7371,3.4505,2.7933,9593739.0833
2020-12-07,14.6291,20.3836,1.8854,0.6565,0.7265,3.5012,2.8343,9455019.228
2020-12-08,14.8779,20.7302,1.9175,0.6677,0.7388,3.4426,2.7869,9615808.1512
2020-12-09,14.5803,20.3156,1.8791,0.6543,0.724,3.5129,2.8438,9423491.9882
2020-12-10,14.3267,19.9622,1.8464,0.6429,0.7114,3.5751,2.8941,9259550.341
2020-12-11,14.3608,20.0098,1.8508,0.6445,0.7131,3.5666,2.8872,9281619.4089
2020-12-14,14.1462,19.7107,1.8232,0.6348,0.7025,3.6207,2.931,9142899.5536
2020-12-15,14.3998,20.0641,1.8558,0.6462,0.7151,3.5569,2.8794,9306841.2008
2020-12-16,14.073,19.6088,1.8137,0.6315,0.6988,3.6395,2.9463,9095608.6938
2020-12-17,14.0193,19.534,1.8068,0.6291,0.6962,3.6534,2.9576,9060928.73
2020-12-18,14.2779,19.8942,1.8401,0.6407,0.709,3.5873,2.904,9228023.1012
2020-12-21,14.1267,19.6835,1.8206,0.6339,0.7015,3.6257,2.9351,9130288.6577
2020-12-22,13.7315,19.133,1.7697,0.6162,0.6819,3.73,3.0195,8874918.015
2020-12-23,14.1462,19.7107,1.8232,0.6348,0.7025,3.6207,2.931,9142899.5536
2020-12-24,14.3754,20.0302,1.8527,0.6451,0.7139,3.5629,2.8843,9291077.5808
2020-12-25,14.1998,19.7855,1.8301,0.6372,0.7051,3.607,2.92,9177579.5174
2020-12-28,14.9998,20.9002,1.9332,0.6731,0.7449,3.4146,2.7642,9694626.2508
2020-12-29,14.0291,19.5476,1.8081,0.6296,0.6967,3.6509,2.9555,9067234.178
2020-12-30,14.2096,19.7991,1.8313,0.6377,0.7056,3.6045,2.918,9183884.9654
2020-12-31,14.0584,19.5884,1.8118,0.6309,0.6981,3.6433,2.9493,9086150.5219
2021-01-04,14.2974,19.9214,1.8426,0.6416,0.71,2.9,2.9,9240633.9971
2021-01-05,14.0632,19.5952,1.8125,0.6311,0.6984,2.9483,2.9483,9089303.2459
2021-01-06,14.4632,20.1525,1.864,0.649,0.7182,2.8668,2.8668,9347826.6126
2021-01-07,14.9169,20.7846,1.9225,0.6694,0.7407,2.7796,2.7796,9641029.9431
2021-01-08,15.6242,21.7701,2.0136,0.7011,0.7759,2.6538,2.6538,10098174.9208
2021-01-11,15.751,21.9469,2.03,0.7068,0.7822,2.6324,2.6324,10180145.7443
2021-01-12,15.9266,22.1915,2.0526,0.7147,0.7909,2.6034,2.6034,10293643.8078
2021-01-13,15.8437,22.076,2.0419,0.711,0.7868,2.617,2.617,10240047.5
2021-01-14,15.112,21.0565,1.9476,0.6782,0.7504,2.7437,2.7437,9767138.9024
2021-01-15,15.0193,20.9273,1.9357,0.674,0.7458,2.7606,2.7606,9707237.1467
2021-01-18,14.5608,20.2884,1.8766,0.6534,0.7231,2.8476,2.8476,9410881.0922
2021-01-19,14.3998,20.0641,1.8558,0.6462,0.7151,2.8794,2.8794,9306841.2008
2021-01-20,15.1169,21.0633,1.9483,0.6784,0.7507,2.7428,2.7428,9770291.6264
2021-01-21,15.2437,21.24,1.9646,0.6841,0.757,2.72,2.72,9852262.45
2021-01-22,14.9998,20.9002,1.9332,0.6731,0.7449,2.7642,2.7642,9694626.2508
2021-01-25,14.8291,20.6623,1.9112,0.6655,0.7364,2.7961,2.7961,9584280.9114
2021-01-26,14.9901,20.8866,1.9319,0.6727,0.7444,2.766,2.766,9688320.8028
2021-01-27,14.7901,20.6079,1.9061,0.6637,0.7344,2.8034,2.8034,9559059.1195
2021-01-28,14.312,19.9418,1.8445,0.6423,0.7107,2.8971,2.8971,9250092.1691
2021-01-29,14.5803,20.3156,1.8791,0.6543,0.724,2.8438,2.8438,9423491.9882
2021-02-01,14.3169,19.9486,1.8452,0.6425,0.711,2.8961,2.8961,9253244.893
2021-02-02,15.4632,21.5458,1.9929,0.6939,0.7679,2.6814,2.6814,9994135.0293
2021-02-03,15.3559,21.3963,1.9791,0.6891,0.7625,2.7001,2.7001,9924775.1016
2021-02-04,15.5852,21.7158,2.0086,0.6994,0.7739,2.6604,2.6604,10072953.1289
2021-02-05,15.2681,21.274,1.9678,0.6852,0.7582,2.7157,2.7157,9868026.0699
2021-02-08,14.5706,20.302,1.8779,0.6539,0.7235,2.8457,2.8457,9417186.5402
2021-02-09,14.6925,20.472,1.8936,0.6593,0.7296,2.822,2.822,9496004.6398
2021-02-10,14.3803,20.037,1.8533,0.6453,0.7141,2.8833,2.8833,9294230.3048
2021-02-18,14.4876,20.1865,1.8672,0.6501,0.7194,2.862,2.862,9363590.2325
2021-02-19,14.4437,20.1253,1.8615,0.6482,0.7173,2.8707,2.8707,9335215.7166
2021-02-22,13.2633,18.4805,1.7094,0.5952,0.6586,3.1261,3.1261,8572256.5125
2021-02-23,12.6828,17.6717,1.6346,0.5691,0.6298,3.2692,3.2692,8197082.3584
2021-02-24,12.7218,17.726,1.6396,0.5709,0.6317,3.2592,3.2592,8222304.1503
2021-02-25,12.7364,17.7464,1.6415,0.5716,0.6325,3.2555,3.2555,8231762.3222
2021-02-26,12.5852,17.5357,1.622,0.5648,0.625,3.2946,3.2946,8134027.8787
2021-03-01,12.4974,17.4134,1.6107,0.5608,0.6206,3.3177,3.3177,8077278.847
2021-03-02,12.3901,17.2639,1.5968,0.556,0.6153,3.3465,3.3465,8007918.9194
2021-03-03,12.4828,17.393,1.6088,0.5602,0.6199,3.3216,3.3216,8067820.6751
2021-03-04,12.034,16.7677,1.5509,0.54,0.5976,3.4455,3.4455,7777770.0685
2021-03-05,12.0242,16.7541,1.5497,0.5396,0.5971,3.4483,3.4483,7771464.6206
2021-03-08,11.634,16.2104,1.4994,0.5221,0.5777,3.5639,3.5639,7519246.7018
2021-03-09,11.5755,16.1288,1.4918,0.5195,0.5748,3.582,3.582,7481414.014
2021-03-10,11.7218,16.3327,1.5107,0.526,0.5821,3.5372,3.5372,7575995.7336
2021-03-11,11.912,16.5978,1.5352,0.5346,0.5915,3.4808,3.4808,7698951.9689
2021-03-12,12.4145,17.2979,1.6,0.5571,0.6165,3.3399,3.3399,8023682.5393
2021-03-15,12.4047,17.2843,1.5987,0.5567,0.616,3.3425,3.3425,8017377.0913
2021-03-16,12.795,17.828,1.649,0.5742,0.6354,3.2406,3.2406,8269595.01
2021-03-17,12.8389,17.8892,1.6547,0.5762,0.6376,3.2295,3.2295,8297969.5259
2021-03-18,12.8242,17.8688,1.6528,0.5755,0.6368,3.2332,3.2332,8288511.3539
2021-03-19,12.512,17.4338,1.6126,0.5615,0.6213,3.3138,3.3138,8086737.019
2021-03-22,12.5316,17.461,1.6151,0.5624,0.6223,3.3087,3.3087,8099347.9149
2021-03-23,12.6535,17.6309,1.6308,0.5678,0.6284,3.2768,3.2768,8178166.0145
2021-03-24,12.4389,17.3318,1.6031,0.5582,0.6177,3.3333,3.3333,8039446.1592
2021-03-25,15.2873,15.2873,1.5722,0.6184,0.6184,3.2443,3.2443,8260136.8381
2021-03-26,15.6899,15.6899,1.6136,0.6347,0.6347,3.161,3.161,8477674.793
2021-03-29,15.9466,15.9466,1.64,0.645,0.645,3.1101,3.1101,8616394.6483
2021-03-30,16.0808,16.0808,1.6538,0.6505,0.6505,3.0842,3.0842,8688907.2999
2021-03-31,16.0866,16.0866,1.6544,0.6507,0.6507,3.0831,3.0831,8692060.0239
2021-04-01,15.9816,15.9816,1.6436,0.6465,0.6465,3.1033,3.1033,8635310.9922
2021-04-02,15.8708,15.8708,1.6322,0.642,0.642,3.125,3.125,8575409.2365
2021-04-06,15.5382,15.5382,1.598,0.6285,0.6285,3.1919,3.1919,8395703.9694
2021-04-07,15.7832,15.7832,1.6232,0.6384,0.6384,3.1423,3.1423,8528118.3767
2021-04-08,15.7541,15.7541,1.6202,0.6373,0.6373,3.1481,3.1481,8512354.7568
2021-04-09,15.509,15.509,1.595,0.6273,0.6273,3.1979,3.1979,8379940.3495
2021-04-12,15.1998,15.1998,1.5632,0.6148,0.6148,3.263,3.263,8212845.9783
2021-04-13,15.2464,15.2464,1.568,0.6167,0.6167,3.253,3.253,8238067.7702
2021-04-14,15.474,15.474,1.5914,0.6259,0.6259,3.2051,3.2051,8361024.0056
2021-04-15,15.5498,15.5498,1.5992,0.629,0.629,3.1895,3.1895,8402009.4174
2021-04-16,16.0341,16.0341,1.649,0.6486,0.6486,3.0932,3.0932,8663685.508
2021-04-19,16.4951,16.4951,1.6964,0.6672,0.6672,3.0067,3.0067,8912750.7028
2021-04-20,16.5009,16.5009,1.697,0.6675,0.6675,3.0057,3.0057,8915903.4268
2021-04-21,16.2967,16.2967,1.676,0.6592,0.6592,3.0433,3.0433,8805558.0873
2021-04-22,15.8182,15.8182,1.6268,0.6399,0.6399,3.1354,3.1354,8547034.7206
2021-04-23,15.6257,15.6257,1.607,0.6321,0.6321,3.174,3.174,8442994.8292
2021-04-26,14.9839,14.9839,1.541,0.6061,0.6061,3.31,3.31,8096195.1909
2021-04-27,14.6571,14.6571,1.5074,0.5929,0.5929,3.3838,3.3838,7919642.6478
2021-04-28,15.013,15.013,1.544,0.6073,0.6073,3.3035,3.3035,8111958.8108
2021-04-29,15.2639,12.5712,1.5327,0.6174,0.5708,3.2492,3.2492,8247525.9421
2021-04-30,15.2406,12.552,1.5304,0.6165,0.57,3.2542,3.2542,8234915.0462
2021-05-06,15.3923,12.6769,1.5456,0.6226,0.5756,3.2221,3.2221,8316885.8698
2021-05-07,15.1064,12.4415,1.5169,0.6111,0.5649,3.2831,3.2831,8162402.3946
2021-05-10,14.4762,11.9225,1.4536,0.5856,0.5414,3.426,3.426,7821908.2043
2021-05-11,14.5871,12.0138,1.4647,0.5901,0.5455,3.4,3.4,7881809.96
2021-05-12,14.9313,12.2973,1.4993,0.604,0.5584,3.3216,3.3216,8067820.6751
2021-05-13,14.2312,11.7206,1.429,0.5757,0.5322,3.485,3.485,7689493.797
2021-05-14,14.3829,11.8456,1.4442,0.5818,0.5379,3.4483,3.4483,7771464.6206
2021-05-17,14.7038,12.1099,1.4764,0.5948,0.5499,3.373,3.373,7944864.4397
2021-05-18,14.062,11.5813,1.412,0.5688,0.5259,3.527,3.527,7598064.8014
2021-05-19,14.2078,11.7014,1.4266,0.5747,0.5313,3.4908,3.4908,7676882.901
2021-05-20,14.202,11.6966,1.4261,0.5745,0.5311,3.4922,3.4922,7673730.1771
2021-05-21,14.0386,11.5621,1.4097,0.5679,0.525,3.5328,3.5328,7585453.9055
2021-05-24,14.0386,11.5621,1.4097,0.5679,0.525,3.5328,3.5328,7585453.9055
2021-05-25,14.2545,11.7399,1.4313,0.5766,0.5331,3.4793,3.4793,7702104.6929
2021-05-26,14.0795,11.5957,1.4138,0.5695,0.5265,3.5226,3.5226,7607522.9734
2021-05-27,14.0911,11.6053,1.4149,0.57,0.527,3.5197,3.5197,7613828.4214
2021-05-28,14.0853,11.6005,1.4143,0.5698,0.5268,3.5211,3.5211,7610675.6974
2021-05-31,14.3129,11.7879,1.4372,0.579,0.5353,3.4651,3.4651,7733631.9328
2021-06-01,14.0211,11.5476,1.4079,0.5672,0.5244,3.5372,3.5372,7575995.7336
2021-06-02,13.9744,11.5092,1.4032,0.5653,0.5226,3.5491,3.5491,7550773.9417
2021-06-03,13.8052,11.3698,1.3862,0.5584,0.5163,3.5926,3.5926,7459344.9461
2021-06-04,13.9803,11.514,1.4038,0.5655,0.5228,3.5476,3.5476,7553926.6657
2021-06-07,14.5054,11.9465,1.4565,0.5868,0.5425,3.4191,3.4191,7837671.8242
2021-06-08,14.6863,12.0955,1.4747,0.5941,0.5492,3.377,3.377,7935406.2677
2021-06-09,14.5813,12.009,1.4641,0.5898,0.5453,3.4014,3.4014,7878657.236
2021-06-10,14.6688,12.081,1.4729,0.5934,0.5486,3.3811,3.3811,7925948.0958
2021-06-11,14.7563,12.1531,1.4817,0.5969,0.5518,3.361,3.361,7973238.9555
2021-06-15,15.2581,12.5664,1.5321,0.6172,0.5706,3.2505,3.2505,8244373.2182
2021-06-16,14.9897,12.3454,1.5052,0.6063,0.5606,3.3087,3.3087,8099347.9149
2021-06-17,14.4762,11.9225,1.4536,0.5856,0.5414,3.426,3.426,7821908.2043
2021-06-18,15.0305,12.379,1.5093,0.608,0.5621,3.2997,3.2997,8121416.9828
2021-06-21,14.9313,12.2973,1.4993,0.604,0.5584,3.3216,3.3216,8067820.6751
2021-06-22,14.8672,12.2444,1.4929,0.6014,0.556,3.3359,3.3359,8033140.7112
2021-06-23,15.4857,12.7538,1.555,0.6264,0.5791,3.2027,3.2027,8367329.4535
2021-06-24,15.3223,12.6193,1.5386,0.6198,0.573,3.2369,3.2369,8279053.182
2021-06-25,15.7307,12.9557,1.5796,0.6363,0.5883,3.1528,3.1528,8499743.8609
2021-06-28,16.1042,13.2632,1.6171,0.6514,0.6023,3.0797,3.0797,8701518.1958
2021-06-29,15.1647,12.4895,1.5227,0.6134,0.5671,3.2705,3.2705,8193929.6344
2021-06-30,15.3281,12.6241,1.5391,0.62,0.5732,3.2356,3.2356,8282205.906
2021-07-01,15.0714,12.4126,1.5134,0.6096,0.5636,3.2907,3.2907,8143486.0507
2021-07-02,14.7971,12.1868,1.4858,0.5986,0.5534,3.3517,3.3517,7995308.0234
2021-07-05,14.1787,11.6774,1.4237,0.5735,0.5302,3.4979,3.4979,7661119.2811
2021-07-06,14.2837,11.7639,1.4343,0.5778,0.5342,3.4722,3.4722,7717868.3128
2021-07-07,14.1378,11.6437,1.4196,0.5719,0.5287,3.508,3.508,7639050.2132
2021-07-08,14.1553,11.6582,1.4214,0.5726,0.5294,3.5037,3.5037,7648508.3852
2021-07-09,13.8286,11.3891,1.3886,0.5594,0.5172,3.5865,3.5865,7471955.8421
2021-07-12,14.1145,11.6245,1.4173,0.5709,0.5278,3.5138,3.5138,7626439.3173
2021-07-13,14.1553,11.6582,1.4214,0.5726,0.5294,3.5037,3.5037,7648508.3852
2021-07-14,13.8927,11.4419,1.395,0.562,0.5196,3.5699,3.5699,7506635.8059
2021-07-15,13.1809,10.8556,1.3235,0.5332,0.4929,3.7627,3.7627,7122003.4799
2021-07-16,13.2159,10.8845,1.327,0.5346,0.4942,3.7528,3.7528,7140919.8238
2021-07-19,13.2976,10.9518,1.3352,0.5379,0.4973,3.7297,,7185057.9595
2021-07-20,13.0175,10.7211,1.3071,0.5266,0.4868,3.81,,7033727.2083
2021-07-21,13.0175,10.7211,1.3071,0.5266,0.4868,3.81,,7033727.2083
2021-07-22,12.9475,10.6634,1.3001,0.5237,0.4842,3.8306,,6995894.5205
2021-07-23,12.7491,10.5,1.2802,0.5157,0.4768,3.8902,,6888701.905
2021-07-26,12.3115,10.1396,1.2362,0.498,0.4604,4.0284,,6652247.6062
2021-07-27,12.0723,9.9426,1.2122,0.4883,0.4515,4.1083,,6522985.9229
2021-07-28,11.6405,9.587,1.1689,0.4709,0.4353,4.2607,,6289684.3481
2021-07-29,11.588,9.5437,1.1636,0.4687,0.4334,4.28,,6261309.8322
2021-07-30,11.2671,9.2794,1.1834,0.4558,0.4214,4.4019,3.884,6087910.0131
2021-08-02,12.1773,10.0291,1.279,0.4926,0.4554,4.0728,3.5937,6579734.9546
2021-08-03,12.3173,10.1444,1.2937,0.4982,0.4606,4.0265,3.5528,6655400.3302
2021-08-04,12.5857,10.3655,1.3219,0.5091,0.4707,3.9407,3.4771,6800425.6335
2021-08-05,12.6674,10.4328,1.3304,0.5124,0.4737,3.9152,3.4546,6844563.7693
2021-08-06,12.7199,10.476,1.3359,0.5145,0.4757,3.8991,3.4404,6872938.2851
2021-08-09,12.5857,10.3655,1.3219,0.5091,0.4707,3.9407,3.4771,6800425.6335
2021-08-10,12.6324,10.4039,1.3268,0.511,0.4724,3.9261,3.4642,6825647.4254
2021-08-11,12.5799,10.3607,1.3212,0.5089,0.4705,3.9425,3.4787,6797272.9095
2021-08-12,12.8775,10.6058,1.3525,0.5209,0.4816,3.8514,3.3983,6958061.8327
2021-08-13,12.7433,10.4952,1.3384,0.5155,0.4766,3.8919,3.4341,6885549.1811
2021-08-16,12.8425,10.5769,1.3488,0.5195,0.4803,3.8619,3.4075,6939145.4888
2021-08-17,12.4282,10.2357,1.3053,0.5027,0.4648,3.9906,3.5211,6715302.0859
2021-08-18,12.6558,10.4231,1.3292,0.5119,0.4733,3.9189,3.4578,6838258.3213
2021-08-19,12.3173,10.1444,1.2937,0.4982,0.4606,4.0265,3.5528,6655400.3302
2021-08-20,12.3232,10.1492,1.2943,0.4985,0.4609,4.0246,3.5511,6658553.0542
2021-08-23,12.9008,10.625,1.3549,0.5218,0.4825,3.8444,3.3921,6970672.7286
2021-08-24,12.7316,10.4856,1.3372,0.515,0.4761,3.8955,3.4372,6879243.7331
2021-08-25,12.7958,10.5385,1.3439,0.5176,0.4785,3.876,3.42,6913923.6969
2021-08-26,12.3757,9.795,1.2524,0.5006,0.4562,4.0075,3.5361,6686927.5701
2021-08-27,13.2159,10.46,1.3374,0.5346,0.4872,3.7528,3.3113,7140919.8238
2021-08-30,13.3384,10.557,1.3498,0.5395,0.4917,3.7183,3.2808,7207127.0274
2021-08-31,13.5368,10.714,1.3699,0.5476,0.499,3.6638,3.2328,7314319.6429
2021-09-01,13.8694,10.9772,1.4036,0.561,0.5113,3.5759,3.1552,7494024.91
2021-09-02,13.8461,10.9587,1.4012,0.5601,0.5104,3.582,3.1606,7481414.014
2021-09-03,13.3151,10.5385,1.3475,0.5386,0.4909,3.7248,3.2866,7194516.1315
2021-09-06,13.4435,10.6401,1.3605,0.5438,0.4956,3.6892,3.2552,7263876.0591
2021-09-07,14.5988,11.5545,1.4774,0.5905,0.5382,3.3973,2.9976,7888115.408
2021-09-08,14.2662,11.2912,1.4437,0.5771,0.5259,3.4765,3.0675,7708410.1409
2021-09-09,14.1203,11.1758,1.429,0.5712,0.5206,3.5124,3.0992,7629592.0413
2021-09-10,14.2837,11.3051,1.4455,0.5778,0.5266,3.4722,3.0637,7717868.3128
2021-09-13,14.2778,11.3005,1.4449,0.5775,0.5264,3.4736,3.065,7714715.5888
2021-09-14,13.671,10.8202,1.3835,0.553,0.504,3.6278,3.201,7386832.2945
2021-09-15,13.741,10.8756,1.3906,0.5558,0.5066,3.6093,3.1847,7424664.9823
2021-09-16,13.4026,10.6078,1.3563,0.5421,0.4941,3.7005,3.2651,7241806.9912
2021-09-17,13.4901,10.677,1.3652,0.5457,0.4973,3.6765,3.2439,7289097.851
2021-09-22,13.2334,10.4738,1.3392,0.5353,0.4879,3.7478,3.3069,7150377.9957
2021-09-23,13.2451,10.4831,1.3404,0.5358,0.4883,3.7445,3.304,7156683.4437
2021-09-24,13.4201,10.6216,1.3581,0.5429,0.4947,3.6957,3.2609,7251265.1632
2021-09-27,13.4376,10.6355,1.3599,0.5436,0.4954,3.6908,3.2566,7260723.3352
2021-09-28,13.4493,10.6447,1.361,0.544,0.4958,3.6876,3.2538,7267028.7831
2021-09-29,13.3618,10.5754,1.3522,0.5405,0.4926,3.7118,3.2751,7219737.9234
2021-09-30,13.3151,10.5385,1.3475,0.5386,0.4909,3.7248,3.2866,7194516.1315
2021-10-08,13.7294,10.8664,1.3894,0.5554,0.5061,3.6124,3.1874,7418359.5344
2021-10-11,13.9686,11.0557,1.4136,0.565,0.515,3.5505,3.1328,7547621.2177
2021-10-12,13.9744,11.0603,1.4142,0.5653,0.5152,3.5491,3.1315,7550773.9417
2021-10-13,14.5871,11.5452,1.4762,0.5901,0.5378,3.4,3.0,7881809.96
2021-10-14,14.5404,11.5083,1.4715,0.5882,0.536,3.4109,3.0096,7856588.1681
2021-10-15,15.1589,11.9978,1.5341,0.6132,0.5588,3.2717,2.8868,8190776.9104
2021-10-18,15.2464,12.0671,1.5429,0.6167,0.5621,3.253,2.8703,8238067.7702
2021-10-19,15.6549,12.3904,1.5842,0.6332,0.5771,3.1681,2.7954,8458758.4491
2021-10-20,15.334,12.1364,1.5518,0.6203,0.5653,3.2344,2.8539,8285358.63
2021-10-21,15.404,12.1918,1.5589,0.6231,0.5679,3.2197,2.8409,8323191.3178
2021-10-22,15.7307,12.4504,1.5919,0.6363,0.5799,3.1528,2.7819,8499743.8609
2021-10-25,15.9174,12.5982,1.6108,0.6439,0.5868,3.1158,2.7493,8600631.0284
2021-10-26,16.215,12.8337,1.6409,0.6559,0.5978,3.0587,2.6988,8761419.9515
2021-10-27,16.0575,12.709,1.625,0.6495,0.592,3.0887,2.7253,8676296.404
2021-10-28,15.8999,12.5843,1.609,0.6432,0.5862,3.1193,2.7523,8591172.8564
2021-10-29,15.6024,12.0386,1.7728,0.6311,0.5929,3.1788,2.8048,8430383.9332
2021-11-01,15.1706,11.7054,1.7237,0.6137,0.5765,3.2692,2.8846,8197082.3584
2021-11-02,15.0831,11.6379,1.7138,0.6101,0.5732,3.2882,2.9014,8149791.4986
2021-11-03,15.1006,11.6514,1.7158,0.6108,0.5738,3.2844,2.898,8159249.6706
2021-11-04,15.4506,11.9215,1.7555,0.625,0.5871,3.21,2.8323,8348413.1096
2021-11-05,15.8066,12.1962,1.796,0.6394,0.6007,3.1377,2.7685,8540729.2727
2021-11-08,15.5032,11.9621,1.7615,0.6271,0.5891,3.1991,2.8227,8376787.6255
2021-11-09,15.6024,12.0386,1.7728,0.6311,0.5929,3.1788,2.8048,8430383.9332
2021-11-10,15.6724,12.0926,1.7807,0.634,0.5956,3.1646,2.7923,8468216.621
2021-11-11,15.2173,11.7415,1.729,0.6155,0.5783,3.2592,2.8758,8222304.1503
2021-11-12,15.0655,11.6244,1.7118,0.6094,0.5725,3.292,2.9047,8140333.3267
2021-11-15,15.6024,12.0386,1.7728,0.6311,0.5929,3.1788,2.8048,8430383.9332
2021-11-16,15.509,11.9666,1.7622,0.6273,0.5894,3.1979,2.8217,8379940.3495
2021-11-17,15.0305,11.5974,1.7078,0.608,0.5712,3.2997,2.9115,8121416.9828
2021-11-18,14.412,11.1202,1.6375,0.583,0.5477,3.4413,3.0364,7787228.2405
2021-11-19,15.2231,11.746,1.7297,0.6158,0.5785,3.258,2.8747,8225456.8743
2021-11-22,15.579,12.0206,1.7701,0.6302,0.592,3.1835,2.809,8417773.0373
2021-11-23,15.1472,11.6874,1.7211,0.6127,0.5756,3.2743,2.8891,8184471.4625
2021-11-24,14.978,11.5569,1.7018,0.6059,0.5692,3.3113,2.9217,8093042.4669
2021-11-25,15.1706,11.7054,1.7237,0.6137,0.5765,3.2692,2.8846,8197082.3584
2021-11-26,14.7271,11.3633,1.6733,0.5957,0.5597,3.3677,2.9715,7957475.3356
2021-11-29,14.8088,11.4263,1.6826,0.599,0.5628,3.3491,2.9551,8001613.4714
2021-11-30,15.0539,11.6154,1.7105,0.6089,0.5721,3.2946,2.907,8134027.8787
2021-12-01,14.908,11.5028,1.6939,0.603,0.5665,3.3268,2.9354,8055209.7791
2021-12-02,15.8066,12.1962,1.796,0.6394,0.6007,3.1377,2.7685,8540729.2727
2021-12-03,15.369,11.8585,1.7463,0.6217,0.584,3.227,2.8474,8304274.9739
2021-12-06,16.075,12.4033,1.8265,0.6502,0.6109,3.0853,2.7223,8685754.5759
2021-12-07,16.8919,13.0336,1.9193,0.6833,0.6419,2.9361,2.5907,9127135.9337
2021-12-08,17.3703,13.4027,1.9736,0.7026,0.6601,2.8552,2.5193,9385659.3004
2021-12-09,16.6293,12.831,1.8895,0.6727,0.6319,2.9825,2.6316,8985263.3544
2021-12-10,16.4017,12.6554,1.8636,0.6635,0.6233,3.0238,2.6681,8862307.119
2021-12-13,16.0341,12.3717,1.8218,0.6486,0.6093,3.0932,2.7293,8663685.508
2021-12-14,15.8591,12.2367,1.8019,0.6415,0.6027,3.1273,2.7594,8569103.7885
2021-12-15,16.0575,12.3898,1.8245,0.6495,0.6102,3.0887,2.7253,8676296.404
2021-12-16,16.075,12.4033,1.8265,0.6502,0.6109,3.0853,2.7223,8685754.5759
2021-12-17,15.8766,12.2502,1.8039,0.6422,0.6033,3.1239,2.7563,8578561.9605
2021-12-20,15.4215,11.899,1.7522,0.6238,0.586,3.216,2.8377,8332649.4897
2021-12-21,15.684,12.1016,1.7821,0.6344,0.596,3.1622,2.7902,8474522.069
2021-12-22,15.7307,12.1376,1.7874,0.6363,0.5978,3.1528,2.7819,8499743.8609
2021-12-23,16.4251,12.6734,1.8662,0.6644,0.6242,3.0195,2.6643,8874918.015
2021-12-24,16.2442,12.5338,1.8457,0.6571,0.6173,3.0532,2.694,8777183.5715
2021-12-27,16.5534,12.7724,1.8808,0.6696,0.6291,2.9961,2.6436,8944277.9426
2021-12-28,16.3025,12.5788,1.8523,0.6594,0.6195,3.0422,2.6843,8808710.8113
2021-12-29,16.4776,12.7139,1.8722,0.6665,0.6262,3.0099,2.6558,8903292.5308
2021-12-30,16.4076,12.6599,1.8643,0.6637,0.6235,3.0228,2.6671,8865459.843
2021-12-31,16.5126,12.7409,1.8762,0.6679,0.6275,3.0035,2.6502,8922208.8747
2022-01-04,16.9152,13.0516,1.9219,0.6842,0.6428,2.5871,2.5871,9139746.8296
2022-01-05,16.3375,12.6059,1.8563,0.6609,0.6208,2.6786,2.6786,8827627.1552
2022-01-06,15.8883,12.2592,1.8053,0.6427,0.6038,2.7543,2.7543,8584867.4084
2022-01-07,16.2909,12.5698,1.851,0.659,0.6191,2.6862,2.6862,8802405.3633
2022-01-10,16.5301,12.7544,1.8782,0.6686,0.6282,2.6474,2.6474,8931667.0467
2022-01-11,16.6293,12.831,1.8895,0.6727,0.6319,2.6316,2.6316,8985263.3544
2022-01-12,16.4251,12.6734,1.8662,0.6644,0.6242,2.6643,2.6643,8874918.015
2022-01-13,16.6935,12.8805,1.8967,0.6753,0.6344,2.6215,2.6215,9019943.3182
2022-01-14,16.5301,12.7544,1.8782,0.6686,0.6282,2.6474,2.6474,8931667.0467
2022-01-17,17.1019,13.1956,1.9432,0.6918,0.6499,2.5589,2.5589,9240633.9971
2022-01-18,17.4345,13.4522,1.9809,0.7052,0.6625,2.51,2.51,9420339.2642
2022-01-19,17.0319,13.1416,1.9352,0.6889,0.6472,2.5694,2.5694,9202801.3093
2022-01-20,17.4053,13.4297,1.9776,0.7041,0.6614,2.5142,2.5142,9404575.6443
2022-01-21,16.956,13.0831,1.9266,0.6859,0.6444,2.5809,2.5809,9161815.8975
2022-01-24,16.8627,13.011,1.916,0.6821,0.6408,2.5952,2.5952,9111372.3138
2022-01-25,16.3375,12.6059,1.8563,0.6609,0.6208,2.6786,2.6786,8827627.1552
2022-01-26,16.6351,12.8355,1.8901,0.6729,0.6322,2.6307,2.6307,8988416.0784
2022-01-27,16.3375,12.6059,1.8563,0.6609,0.6208,2.6786,2.6786,8827627.1552
2022-01-28,16.04,12.3762,1.8225,0.6488,0.6095,2.7283,2.7283,8666838.232
2022-02-07,16.6293,12.831,1.8895,0.6727,0.6319,2.6316,2.6316,8985263.3544
2022-02-08,16.2384,12.5293,1.845,0.6568,0.6171,2.6949,2.6949,8774030.8475
2022-02-09,16.1567,12.4663,1.8358,0.6535,0.614,2.7086,2.7086,8729892.7117
2022-02-10,15.7657,12.1646,1.7913,0.6377,0.5991,2.7757,2.7757,8518660.2048
2022-02-11,15.5498,11.9981,1.7668,0.629,0.5909,2.8143,2.8143,8402009.4174
2022-02-14,15.334,11.8315,1.7423,0.6203,0.5827,2.8539,2.8539,8285358.63
2022-02-15,15.5032,11.9621,1.7615,0.6271,0.5891,2.8227,2.8227,8376787.6255
2022-02-16,15.6432,12.0701,1.7774,0.6328,0.5945,2.7975,2.7975,8452453.0011
2022-02-17,15.509,11.9666,1.7622,0.6273,0.5894,2.8217,2.8217,8379940.3495
2022-02-18,15.5732,12.0161,1.7695,0.6299,0.5918,2.81,2.81,8414620.3133
2022-02-21,15.3164,11.818,1.7403,0.6196,0.582,2.8571,2.8571,8275900.458
2022-02-22,14.9605,11.5434,1.6998,0.6052,0.5685,2.9251,2.9251,8083584.295
2022-02-23,15.0014,11.5749,1.7045,0.6068,0.5701,2.9172,2.9172,8105653.3629
2022-02-24,14.6921,11.3363,1.6693,0.5943,0.5583,2.9786,2.9786,7938558.9917
2022-02-25,14.8963,11.4938,1.6926,0.6026,0.5661,2.9377,2.9377,8048904.3312
2022-02-28,14.7971,11.4173,1.6813,0.5986,0.5623,2.9574,2.9574,7995308.0234
2022-03-01,14.838,11.4488,1.6859,0.6002,0.5639,2.9493,2.9493,8017377.0913
2022-03-02,14.6221,11.2822,1.6614,0.5915,0.5557,2.9928,2.9928,7900726.3039
2022-03-03,14.0269,10.823,1.5938,0.5674,0.533,3.1198,3.1198,7579148.4575
2022-03-04,13.9161,10.7375,1.5812,0.5629,0.5288,3.1447,3.1447,7519246.7018
2022-03-07,13.3034,10.2648,1.5116,0.5381,0.5055,3.2895,3.2895,7188210.6835
2022-03-08,12.9183,9.9676,1.4678,0.5226,0.4909,3.3875,3.3875,6980130.9006
2022-03-09,12.5274,9.666,1.4234,0.5067,0.4761,3.4932,3.4932,6768898.3936
2022-03-10,12.6032,9.7245,1.432,0.5098,0.4789,3.4722,3.4722,6809883.8054
2022-03-11,12.5799,9.7065,1.4294,0.5089,0.4781,3.4787,3.4787,6797272.9095
2022-03-14,12.0081,9.2653,1.3644,0.4857,0.4563,3.6443,3.6443,6488305.9591
2022-03-15,11.2904,8.7115,1.2828,0.4567,0.4291,3.876,3.876,6100520.909
2022-03-16,11.7572,9.0717,1.3359,0.4756,0.4468,3.7221,3.7221,6352738.8278
2022-03-17,12.2765,9.4724,1.3949,0.4966,0.4665,3.5646,3.5646,6633331.2623
2022-03-18,12.5157,9.657,1.4221,0.5063,0.4756,3.4965,3.4965,6762592.9457
2022-03-21,12.5391,9.675,1.4247,0.5072,0.4765,3.49,3.49,6775203.8416
2022-03-22,12.5099,9.6525,1.4214,0.506,0.4754,3.4981,3.4981,6759440.2217
2022-03-23,12.4224,9.585,1.4115,0.5025,0.4721,3.5228,3.5228,6712149.3619
2022-03-24,12.2998,9.4904,1.3975,0.4975,0.4674,3.5579,3.5579,6645942.1583
2022-03-25,12.154,9.3779,1.381,0.4916,0.4619,3.6006,3.6006,6567124.0587
2022-03-28,12.1306,9.3598,1.3783,0.4907,0.461,3.6075,3.6075,6554513.1627
2022-03-29,11.9264,9.2023,1.3551,0.4824,0.4532,3.6693,3.6693,6444167.8233
2022-03-30,11.9964,9.2563,1.3631,0.4853,0.4559,3.6479,3.6479,6482000.5111
2022-03-31,11.6405,8.9817,1.3226,0.4709,0.4424,3.7594,3.7594,6289684.3481
2022-04-01,11.9439,9.2158,1.3571,0.4831,0.4539,3.6639,3.6639,6453625.9952
2022-04-06,11.4421,8.8286,1.3001,0.4628,0.4348,3.8246,3.8246,6182491.7326
2022-04-07,11.1795,8.626,1.2702,0.4522,0.4248,3.9144,3.9144,6040619.1533
2022-04-08,11.2962,8.716,1.2835,0.4569,0.4293,3.874,3.874,6103673.633
2022-04-11,10.8878,8.4009,1.2371,0.4404,0.4138,4.0193,4.0193,5882982.9541
2022-04-12,11.0453,8.5225,1.255,0.4468,0.4197,3.962,3.962,5968106.5017
2022-04-13,10.8878,8.4009,1.2371,0.4404,0.4138,4.0193,4.0193,5882982.9541
2022-04-14,11.0862,8.554,1.2596,0.4484,0.4213,3.9474,3.9474,5990175.5696
2022-04-15,11.728,9.0492,1.3326,0.4744,0.4457,3.7313,3.7313,6336975.2078
2022-04-18,11.7864,9.0942,1.3392,0.4768,0.4479,3.7129,3.7129,6368502.4477
2022-04-19,11.3838,8.7836,1.2934,0.4605,0.4326,3.8442,3.8442,6150964.4928
2022-04-20,11.2962,8.716,1.2835,0.4569,0.4293,3.874,3.874,6103673.633
2022-04-21,10.9987,8.4864,1.2497,0.4449,0.418,3.9788,3.9788,5942884.7098
2022-04-22,11.0804,8.5495,1.259,0.4482,0.4211,3.9494,3.9494,5987022.8456
2022-04-25,10.4677,8.0768,1.1894,0.4234,0.3978,4.1806,4.1806,5655986.8273
2022-04-26,10.1001,7.7931,1.1476,0.4086,0.3838,4.3328,4.3328,5457365.2163
2022-04-27,10.5377,8.1308,1.1973,0.4263,0.4004,4.1528,4.1528,5693819.5151
2022-04-28,10.9578,8.4549,1.2451,0.4432,0.4164,3.9936,3.9936,5920815.642
2022-04-29,9.5523,8.9763,1.217,0.4416,0.4338,3.8265,3.8265,6179339.0086
2022-05-05,9.8594,9.2648,1.2562,0.4558,0.4478,3.7074,3.7074,6377960.6196
2022-05-06,9.6498,9.0679,1.2295,0.4461,0.4383,3.7879,3.7879,6242393.4883
2022-05-09,9.333,8.7702,1.1891,0.4314,0.4239,3.9164,3.9164,6037466.4294
2022-05-10,9.4938,8.9213,1.2096,0.4389,0.4312,3.8501,3.8501,6141506.3208
2022-05-11,9.8935,9.2969,1.2605,0.4573,0.4493,3.6946,3.6946,6400029.6875
2022-05-12,9.7668,9.1778,1.2444,0.4515,0.4436,3.7425,3.7425,6318058.8639
2022-05-13,10.1518,9.5396,1.2934,0.4693,0.4611,3.6006,3.6006,6567124.0587
2022-05-16,9.8983,9.3015,1.2611,0.4576,0.4495,3.6928,3.6928,6403182.4115
2022-05-17,10.0494,9.4434,1.2804,0.4645,0.4564,3.6372,3.6372,6500916.855
2022-05-18,9.9763,9.3747,1.2711,0.4612,0.4531,3.6639,3.6639,6453625.9952
2022-05-19,9.8545,9.2602,1.2555,0.4555,0.4476,3.7092,3.7092,6374807.8956
2022-05-20,9.8447,9.2511,1.2543,0.4551,0.4471,3.7129,3.7129,6368502.4477
2022-05-23,10.1274,9.5167,1.2903,0.4681,0.4599,3.6092,3.6092,6551360.4388
2022-05-24,10.6196,9.9793,1.353,0.4909,0.4823,3.4419,3.4419,6869785.5611
2022-05-25,10.8097,10.1579,1.3772,0.4997,0.4909,3.3814,3.3814,6992741.7965
2022-05-26,10.6099,9.9701,1.3518,0.4904,0.4819,3.4451,3.4451,6863480.1132
2022-05-27,10.3662,9.7411,1.3207,0.4792,0.4708,3.5261,3.5261,6705843.914
2022-05-30,10.8926,10.2357,1.3878,0.5035,0.4947,3.3557,3.3557,7046338.1042
2022-05-31,10.7464,10.0983,1.3692,0.4968,0.4881,3.4014,3.4014,6951756.3847
2022-06-01,11.3068,10.625,1.4406,0.5227,0.5135,3.2328,3.2328,7314319.6429
2022-06-02,11.453,10.7624,1.4592,0.5294,0.5202,3.1915,3.1915,7408901.3624
2022-06-06,11.2825,10.6021,1.4375,0.5215,0.5124,3.2397,3.2397,7298556.023
2022-06-07,11.0388,10.3731,1.4064,0.5103,0.5013,3.3113,3.3113,7140919.8238
2022-06-08,10.99,10.3273,1.4002,0.508,0.4991,3.3259,3.3259,7109392.5839
2022-06-09,10.7025,10.0571,1.3636,0.4947,0.4861,3.4153,3.4153,6923381.8689
2022-06-10,11.0144,10.3502,1.4033,0.5091,0.5002,3.3186,3.3186,7125156.2038
2022-06-13,11.0339,10.3685,1.4058,0.51,0.5011,3.3127,3.3127,7137767.0998
2022-06-14,11.6626,10.9593,1.4859,0.5391,0.5297,3.1341,3.1341,7544468.4937
2022-06-15,11.5359,10.8403,1.4698,0.5332,0.5239,3.1686,3.1686,7462497.6701
2022-06-16,11.0973,10.4281,1.4139,0.513,0.504,3.2938,3.2938,7178752.5116
2022-06-17,11.2727,10.5929,1.4362,0.5211,0.512,3.2425,3.2425,7292250.575
2022-06-20,11.3848,10.6983,1.4505,0.5263,0.5171,3.2106,3.2106,7364763.2266
2022-06-21,11.3214,10.6387,1.4424,0.5233,0.5142,3.2286,3.2286,7323777.8148
2022-06-22,11.3117,10.6296,1.4412,0.5229,0.5137,3.2314,3.2314,7317472.3669
2022-06-23,12.1305,11.399,1.5455,0.5607,0.5509,3.0133,3.0133,7847129.9962
2022-06-24,12.379,11.6325,1.5772,0.5722,0.5622,2.9528,2.9528,8007918.9194
2022-06-27,12.2377,11.4997,1.5592,0.5657,0.5558,2.9869,2.9869,7916489.9238
2022-06-28,12.2133,11.4768,1.5561,0.5646,0.5547,2.9928,2.9928,7900726.3039
2022-06-29,11.5115,10.8174,1.4667,0.5321,0.5228,3.1753,3.1753,7446734.0502
2022-06-30,11.2094,10.5334,1.4282,0.5182,0.5091,3.2609,3.2609,7251265.1632
2022-07-01,11.0388,10.3731,1.4064,0.5103,0.5013,3.3113,3.3113,7140919.8238
2022-07-04,10.8243,10.1716,1.3791,0.5004,0.4916,3.3769,3.3769,7002199.9685
2022-07-05,10.6294,9.9884,1.3543,0.4913,0.4827,3.4388,3.4388,6876091.0091
2022-07-06,10.7512,10.1029,1.3698,0.497,0.4883,3.3998,3.3998,6954909.1087
2022-07-07,11.1265,10.4556,1.4176,0.5143,0.5053,3.2852,3.2852,7197668.8555
2022-07-08,11.224,10.5471,1.43,0.5188,0.5098,3.2566,3.2566,7260723.3352
2022-07-11,10.6733,10.0296,1.3599,0.4934,0.4847,3.4247,3.4247,6904465.525
2022-07-12,10.6343,9.993,1.3549,0.4916,0.483,3.4372,3.4372,6879243.7331
2022-07-13,10.527,9.8922,1.3412,0.4866,0.4781,3.4722,3.4722,6809883.8054
2022-07-14,10.3808,9.7549,1.3226,0.4799,0.4715,3.5211,3.5211,6715302.0859
2022-07-15,10.2834,9.6633,1.3832,0.4754,0.467,3.5545,7.5829,6652247.6062
2022-07-18,10.4978,9.8648,1.412,0.4853,0.4768,3.4819,7.428,6790967.4615
2022-07-19,10.4588,9.8281,1.4068,0.4835,0.475,3.4949,7.4557,6765745.6697
2022-07-20,10.3224,9.6999,1.3884,0.4772,0.4688,3.5411,7.5543,6677469.3981
2022-07-21,10.3224,9.6999,1.3884,0.4772,0.4688,3.5411,7.5543,6677469.3981
2022-07-22,10.4052,9.7778,1.3996,0.481,0.4726,3.5129,7.4941,6731065.7058
2022-07-25,10.1956,9.5808,1.3714,0.4713,0.463,3.5851,7.6482,6595498.5745
2022-07-26,10.3467,9.7228,1.3917,0.4783,0.4699,3.5327,7.5365,6693233.018
2022-07-27,10.415,9.7869,1.4009,0.4814,0.473,3.5096,7.4871,6737371.1538
2022-07-28,10.3565,9.732,1.393,0.4787,0.4704,3.5294,7.5294,6699538.466
2022-07-29,10.6879,10.0434,1.4376,0.494,0.4854,3.42,7.2959,6913923.6969
2022-08-01,10.527,9.8922,1.416,0.4866,0.4781,3.4722,3.9352,6809883.8054
2022-08-02,10.1079,9.4984,1.3596,0.4672,0.4591,3.6162,4.0984,6538749.5428
2022-08-03,10.1128,9.503,1.3602,0.4675,0.4593,3.6145,4.0964,6541902.2668
2022-08-04,9.8837,9.2877,1.3294,0.4569,0.4489,3.6982,4.1913,6393724.2396
2022-08-05,10.0494,9.4434,1.3517,0.4645,0.4564,3.6372,4.1222,6500916.855
2022-08-08,10.0689,9.4618,1.3543,0.4654,0.4573,3.6302,4.1142,6513527.7509
2022-08-09,9.952,9.3518,1.3386,0.46,0.452,3.6729,4.1626,6437862.3753
2022-08-10,9.8252,9.2328,1.3216,0.4542,0.4462,3.7202,4.2163,6355891.5517
2022-08-11,10.0153,9.4114,1.3471,0.463,0.4549,3.6496,4.1363,6478847.7871
2022-08-12,9.9568,9.3564,1.3393,0.4603,0.4522,3.6711,4.1605,6441015.0993
2022-08-15,9.9568,9.3564,1.3393,0.4603,0.4522,3.6711,4.1605,6441015.0993
2022-08-16,9.8935,9.2969,1.3307,0.4573,0.4493,3.6946,4.1872,6400029.6875
2022-08-17,10.0738,9.4663,1.355,0.4657,0.4575,3.6284,4.1122,6516680.4749
2022-08-18,9.9958,9.3931,1.3445,0.4621,0.454,3.6568,4.1443,6466236.8912
2022-08-19,9.8545,9.2602,1.3255,0.4555,0.4476,3.7092,4.2038,6374807.8956
2022-08-22,9.9812,9.3793,1.3425,0.4614,0.4533,3.6621,4.1504,6456778.7192
2022-08-23,10.0007,9.3976,1.3452,0.4623,0.4542,3.655,4.1423,6469389.6152
2022-08-24,9.6303,9.0496,1.2953,0.4452,0.4374,3.7955,4.3016,6229782.5924
2022-08-25,9.528,9.8516,1.266,0.4404,0.4338,3.8363,4.3478,6163575.3887
2022-08-26,9.4207,9.7408,1.2518,0.4355,0.4289,3.88,4.3973,6094215.4611
2022-08-29,9.3135,9.6299,1.2375,0.4305,0.424,3.9246,4.4479,6024855.5334
2022-08-30,9.2794,9.5946,1.233,0.4289,0.4225,3.9391,4.4643,6002786.4655
2022-08-31,9.0991,9.4082,1.209,0.4206,0.4143,4.0171,4.5528,5886135.6781
2022-09-01,8.987,9.2923,1.1941,0.4154,0.4092,4.0672,4.6095,5813623.0265
2022-09-02,8.987,9.2923,1.1941,0.4154,0.4092,4.0672,4.6095,5813623.0265
2022-09-05,8.9431,9.2469,1.1883,0.4134,0.4072,4.0872,4.6322,5785248.5106
2022-09-06,9.1137,9.4233,1.211,0.4213,0.4149,4.0107,4.5455,5895593.8501
2022-09-07,9.0942,9.4031,1.2084,0.4204,0.4141,4.0193,4.5552,5882982.9541
2022-09-08,9.0698,9.3779,1.2051,0.4193,0.4129,4.0301,4.5674,5867219.3342
2022-09-09,9.1332,9.4435,1.2136,0.4222,0.4158,4.0021,4.5358,5908204.746
2022-09-13,9.1137,9.4233,1.211,0.4213,0.4149,4.0107,4.5455,5895593.8501
2022-09-14,8.8456,9.1461,1.1754,0.4089,0.4027,4.1322,4.6832,5722194.031
2022-09-15,8.7725,9.0706,1.1656,0.4055,0.3994,4.1667,4.7222,5674903.1712
2022-09-16,8.5776,8.869,1.1397,0.3965,0.3905,4.2614,4.8295,5548794.2118
2022-09-19,8.5435,8.8337,1.1352,0.3949,0.389,4.2784,4.8488,5526725.144
2022-09-20,8.5776,8.869,1.1397,0.3965,0.3905,4.2614,4.8295,5548794.2118
2022-09-21,8.5435,8.8337,1.1352,0.3949,0.389,4.2784,4.8488,5526725.144
2022-09-22,8.3875,8.6725,1.1145,0.3877,0.3819,4.3579,4.939,5425837.9765
2022-09-23,8.3144,8.5969,1.1048,0.3843,0.3785,4.3962,4.9824,5378547.1167
2022-09-26,8.2559,8.5364,1.097,0.3816,0.3759,4.4274,5.0177,5340714.4289
2022-09-27,8.3778,8.6624,1.1132,0.3873,0.3814,4.363,4.9447,5419532.5285
2022-09-28,8.2218,8.5011,1.0925,0.3801,0.3743,4.4458,5.0385,5318645.361
2022-09-29,8.139,8.4155,1.0815,0.3762,0.3706,4.491,5.0898,5265049.0533
2022-09-30,8.0512,8.3248,1.0698,0.3722,0.3666,4.54,5.1453,5208300.0216
2022-10-10,7.8271,8.0929,1.04,0.3618,0.3564,4.67,5.2927,5063274.7183
2022-10-11,7.9733,8.2441,1.0594,0.3686,0.363,4.5844,5.1956,5157856.4378
2022-10-12,8.1487,8.4255,1.0828,0.3767,0.371,4.4856,5.0837,5271354.5012
2022-10-13,7.9879,8.2592,1.0614,0.3692,0.3637,4.576,5.1861,5167314.6098
2022-10-14,8.178,8.4558,1.0866,0.378,0.3723,4.4696,5.0656,5290270.8452
2022-10-17,8.0707,8.3449,1.0724,0.3731,0.3675,4.529,5.1329,5220910.9175
2022-10-18,7.9781,8.2492,1.0601,0.3688,0.3632,4.5816,5.1924,5161009.1618
2022-10-19,7.8271,8.0929,1.04,0.3618,0.3564,4.67,5.2927,5063274.7183
2022-10-20,7.8855,8.1534,1.0478,0.3645,0.359,4.6354,5.2534,5101107.4061
2022-10-21,7.8953,8.1635,1.0491,0.365,0.3595,4.6296,5.2469,5107412.8541
2022-10-24,7.559,7.8158,1.0044,0.3494,0.3442,4.8356,5.4803,4889874.8992
2022-10-25,7.6516,7.9115,1.0167,0.3537,0.3484,4.7771,5.414,4949776.6549
2022-10-26,7.8758,8.1433,1.0465,0.3641,0.3586,4.6411,5.2599,5094801.9581
2022-10-27,8.0025,8.2744,1.0633,0.3699,0.3643,4.5676,5.1766,5176772.7817
2022-10-28,7.944,7.7337,1.0173,0.3672,0.336,4.6012,5.2147,5138940.0939
2022-10-31,8.1731,7.9567,1.0466,0.3778,0.3457,4.4723,5.0686,5287118.1212
2022-11-01,8.4558,8.2319,1.0828,0.3909,0.3577,4.3228,4.8991,5469976.1122
2022-11-02,8.5678,8.341,1.0972,0.3961,0.3624,4.2662,4.835,5542488.7639
2022-11-03,8.5776,8.3505,1.0984,0.3965,0.3628,4.2614,4.8295,5548794.2118
2022-11-04,8.7969,8.564,1.1265,0.4066,0.3721,4.1551,4.7091,5690666.7911
2022-11-07,8.8505,8.6162,1.1334,0.4091,0.3744,4.13,4.6806,5725346.7549
2022-11-08,8.7433,8.5118,1.1196,0.4042,0.3699,4.1806,4.738,5655986.8273
2022-11-09,8.6215,8.3932,1.104,0.3985,0.3647,4.2397,4.805,5577168.7277
2022-11-10,8.6994,8.4691,1.114,0.4021,0.368,4.2017,4.7619,5627612.3114
2022-11-11,8.9187,8.6826,1.1421,0.4123,0.3773,4.0984,4.6448,5769484.8907
2022-11-14,8.7969,8.564,1.1265,0.4066,0.3721,4.1551,4.7091,5690666.7911
2022-11-15,8.9187,8.6826,1.1421,0.4123,0.3773,4.0984,4.6448,5769484.8907
2022-11-16,8.8554,8.6209,1.134,0.4093,0.3746,4.1277,4.678,5728499.4789
2022-11-17,8.7628,8.5308,1.1221,0.4051,0.3707,4.1713,4.7275,5668597.7232
2022-11-18,8.6994,8.4691,1.114,0.4021,0.368,4.2017,4.7619,5627612.3114
2022-11-21,8.753,8.5213,1.1209,0.4046,0.3703,4.1759,4.7327,5662292.2753
2022-11-22,8.6994,8.4691,1.114,0.4021,0.368,4.2017,4.7619,5627612.3114
2022-11-23,8.6507,8.4217,1.1078,0.3999,0.3659,4.2254,4.7887,5596085.0716
2022-11-24,8.6799,8.4501,1.1115,0.4012,0.3672,4.2111,4.7726,5615001.4155
2022-11-25,8.6994,8.4691,1.114,0.4021,0.368,4.2017,4.7619,5627612.3114
2022-11-28,8.6068,8.379,1.1022,0.3979,0.3641,4.2469,4.8131,5567710.5557
2022-11-29,8.7969,8.564,1.1265,0.4066,0.3721,4.1551,4.7091,5690666.7911
2022-11-30,8.9967,8.7585,1.1521,0.4159,0.3806,4.0628,4.6046,5819928.4745
2022-12-01,9.0698,8.8297,1.1615,0.4193,0.3837,4.0301,4.5674,5867219.3342
2022-12-02,8.9577,8.7206,1.1471,0.4141,0.3789,4.0805,4.6246,5794706.6826
2022-12-05,8.9919,8.7538,1.1515,0.4156,0.3804,4.065,4.607,5816775.7505
2022-12-06,9.0601,8.8202,1.1602,0.4188,0.3833,4.0344,4.5724,5860913.8863
2022-12-07,9.1917,8.9483,1.1771,0.4249,0.3888,3.9767,4.5069,5946037.4338
2022-12-08,8.9431,8.7063,1.1452,0.4134,0.3783,4.0872,4.6322,5785248.5106
2022-12-09,8.9724,8.7348,1.149,0.4147,0.3795,4.0739,4.6171,5804164.8545
2022-12-12,8.7969,8.564,1.1265,0.4066,0.3721,4.1551,4.7091,5690666.7911
2022-12-13,8.7579,8.526,1.1215,0.4048,0.3705,4.1736,4.7301,5665444.9992
2022-12-14,8.6848,8.4549,1.1122,0.4015,0.3674,4.2088,4.7699,5618154.1395
2022-12-15,8.8456,8.6114,1.1328,0.4089,0.3742,4.1322,4.6832,5722194.031
2022-12-16,8.7482,8.5166,1.1203,0.4044,0.3701,4.1783,4.7354,5659139.5513
2022-12-19,8.602,8.3742,1.1015,0.3976,0.3639,4.2493,4.8159,5564557.8318
2022-12-20,8.5825,8.3552,1.099,0.3967,0.3631,4.2589,4.8268,5551946.9358
2022-12-21,8.5045,8.2793,1.0891,0.3931,0.3598,4.298,4.8711,5501503.3521
2022-12-22,8.5337,8.3078,1.0928,0.3945,0.361,4.2833,4.8544,5520419.696
2022-12-23,8.446,8.2224,1.0816,0.3904,0.3573,4.3278,4.9048,5463670.6643
2022-12-26,8.5484,8.322,1.0947,0.3951,0.3616,4.2759,4.8461,5529877.8679
2022-12-27,8.4801,8.2556,1.0859,0.392,0.3587,4.3103,4.8851,5485739.7322
2022-12-28,8.4021,8.1797,1.076,0.3884,0.3554,4.3503,4.9304,5435296.1484
2022-12-29,8.3583,8.137,1.0703,0.3864,0.3536,4.3732,4.9563,5406921.6326
2022-12-30,8.446,8.2224,1.0816,0.3904,0.3573,4.3278,4.9048,5463670.6643
2023-01-03,8.3485,8.1275,1.0691,0.3859,0.3532,4.9621,4.9621,5400616.1846
2023-01-04,8.1292,7.914,1.041,0.3758,0.3439,5.0959,5.0959,5258743.6053
2023-01-05,8.329,8.1085,1.0666,0.385,0.3523,4.9737,4.9737,5388005.2887
2023-01-06,8.4119,8.1892,1.0772,0.3888,0.3558,4.9247,4.9247,5441601.5964
2023-01-09,8.5435,8.3173,1.0941,0.3949,0.3614,4.8488,4.8488,5526725.144
2023-01-10,8.5191,8.2936,1.0909,0.3938,0.3604,4.8627,4.8627,5510961.524
2023-01-11,8.4265,8.2034,1.0791,0.3895,0.3565,4.9161,4.9161,5451059.7683
2023-01-12,8.4801,8.2556,1.0859,0.392,0.3587,4.8851,4.8851,5485739.7322
2023-01-13,8.5435,8.3173,1.0941,0.3949,0.3614,4.8488,4.8488,5526725.144
2023-01-16,8.5776,8.3505,1.0984,0.3965,0.3628,4.8295,4.8295,5548794.2118
2023-01-17,8.5435,8.3173,1.0941,0.3949,0.3614,4.8488,4.8488,5526725.144
2023-01-18,8.5727,8.3458,1.0978,0.3963,0.3626,4.8323,4.8323,5545641.4879
2023-01-19,8.6117,8.3837,1.1028,0.3981,0.3643,4.8104,4.8104,5570863.2797
2023-01-20,8.7141,8.4833,1.1159,0.4028,0.3686,4.7539,4.7539,5637070.4834
2023-01-30,8.909,8.6731,1.1409,0.4118,0.3769,4.6499,4.6499,5763179.4428
2023-01-31,8.8798,8.6447,1.1371,0.4105,0.3756,4.6652,4.6652,5744263.0988
2023-02-01,9.065,8.825,1.1608,0.419,0.3835,4.5699,4.5699,5864066.6102
2023-02-02,8.9577,8.7206,1.1471,0.4141,0.3789,4.6246,4.6246,5794706.6826
2023-02-03,8.8456,8.6114,1.1328,0.4089,0.3742,4.6832,4.6832,5722194.031
2023-02-06,8.8603,8.6257,1.1346,0.4096,0.3748,4.6755,4.6755,5731652.2029
2023-02-07,8.9967,8.7585,1.1521,0.4159,0.3806,4.6046,4.6046,5819928.4745
2023-02-08,8.87,8.6352,1.1359,0.41,0.3752,4.6703,4.6703,5737957.6509
2023-02-09,9.0211,8.7823,1.1552,0.417,0.3816,4.5921,4.5921,5835692.0944
2023-02-10,8.9577,8.7206,1.1471,0.4141,0.3789,4.6246,4.6246,5794706.6826
2023-02-13,8.9967,8.7585,1.1521,0.4159,0.3806,4.6046,4.6046,5819928.4745
2023-02-14,9.0406,8.8012,1.1577,0.4179,0.3824,4.5822,4.5822,5848302.9903
2023-02-15,8.9431,8.7063,1.1452,0.4134,0.3783,4.6322,4.6322,5785248.5106
2023-02-16,8.8261,8.5925,1.1303,0.408,0.3734,4.6935,4.6935,5709583.135
2023-02-17,8.8261,8.5925,1.1303,0.408,0.3734,4.6935,4.6935,5709583.135
2023-02-20,9.026,8.787,1.1558,0.4172,0.3818,4.5896,4.5896,5838844.8184
2023-02-21,9.2063,8.9625,1.1789,0.4256,0.3894,4.4997,4.4997,5955495.6058
2023-02-22,9.411,9.1618,1.2051,0.435,0.3981,4.4019,4.4019,6087910.0131
2023-02-23,9.4695,9.2188,1.2126,0.4377,0.4006,4.3747,4.3747,6125742.7009
2023-02-24,9.2745,9.029,1.1877,0.4287,0.3923,4.4666,4.4666,5999633.7416
2023-02-27,9.2307,8.9863,1.1821,0.4267,0.3905,4.4879,4.4879,5971259.2257
2023-02-28,9.2112,8.9673,1.1796,0.4258,0.3896,4.4974,4.4974,5958648.3298
2023-03-01,9.2891,9.0432,1.1895,0.4294,0.3929,4.4596,4.4596,6009091.9135
2023-03-02,9.1381,8.8961,1.1702,0.4224,0.3866,4.5333,4.5333,5911357.47
2023-03-03,9.2014,8.9578,1.1783,0.4253,0.3892,4.5021,4.5021,5952342.8818
2023-03-06,9.1381,8.8961,1.1702,0.4224,0.3866,4.5333,4.5333,5911357.47
2023-03-07,9.0503,8.8107,1.159,0.4184,0.3828,4.5773,4.5773,5854608.4383
2023-03-08,9.0503,8.8107,1.159,0.4184,0.3828,4.5773,4.5773,5854608.4383
2023-03-09,8.9285,8.6921,1.1434,0.4127,0.3777,4.6397,4.6397,5775790.3387
2023-03-10,8.446,8.2224,1.0816,0.3904,0.3573,4.9048,4.9048,5463670.6643
2023-03-13,8.3339,8.1133,1.0672,0.3852,0.3525,4.9708,4.9708,5391158.0126
2023-03-14,8.3242,8.1038,1.066,0.3848,0.3521,4.9766,4.9766,5384852.5647
2023-03-15,8.3388,8.118,1.0678,0.3855,0.3527,4.9679,4.9679,5394310.7366
2023-03-16,8.3144,8.0943,1.0647,0.3843,0.3517,4.9824,4.9824,5378547.1167
2023-03-17,8.2852,8.0658,1.061,0.383,0.3505,5.0,5.0,5359630.7728
2023-03-20,8.2364,8.0184,1.0547,0.3807,0.3484,5.0296,5.0296,5328103.533
2023-03-21,8.2657,8.0468,1.0585,0.3821,0.3497,5.0118,5.0118,5347019.8769
2023-03-22,8.2559,8.0374,1.0572,0.3816,0.3492,5.0177,5.0177,5340714.4289
2023-03-23,8.178,7.9614,1.0472,0.378,0.3459,5.0656,5.0656,5290270.8452
2023-03-24,8.1828,7.9662,1.0479,0.3783,0.3461,5.0625,5.0625,5293423.5691
2023-03-27,8.1438,7.9282,1.0429,0.3765,0.3445,5.0868,5.0868,5268201.7773
2023-03-28,8.0951,7.8808,1.0366,0.3742,0.3424,5.1174,5.1174,5236674.5374
2023-03-29,8.1049,7.8903,1.0379,0.3746,0.3429,5.1112,5.1112,5242979.9854
2023-03-30,8.1438,7.9282,1.0429,0.3765,0.3445,5.0868,5.0868,5268201.7773
2023-03-31,8.1585,7.9425,1.0448,0.3771,0.3451,5.0777,5.0777,5277659.9492
2023-04-03,8.2169,7.9994,1.0522,0.3798,0.3476,5.0415,5.0415,5315492.637
2023-04-04,8.1731,7.9567,1.0466,0.3778,0.3457,5.0686,5.0686,5287118.1212
2023-04-06,8.1195,7.9045,1.0398,0.3753,0.3435,5.102,5.102,5252438.1573
2023-04-07,8.1975,7.9804,1.0497,0.3789,0.3468,5.0535,5.0535,5302881.7411
2023-04-10,8.1633,7.9472,1.0454,0.3774,0.3453,5.0746,5.0746,5280812.6732
2023-04-11,8.1049,7.8903,1.0379,0.3746,0.3429,5.1112,5.1112,5242979.9854
2023-04-12,8.022,7.8096,1.0273,0.3708,0.3393,5.164,5.164,5189383.6777
2023-04-13,7.9976,7.7859,1.0242,0.3697,0.3383,5.1798,5.1798,5173620.0577
2023-04-14,8.0951,7.8808,1.0366,0.3742,0.3424,5.1174,5.1174,5236674.5374
2023-04-17,8.2072,7.9899,1.051,0.3794,0.3472,5.0475,5.0475,5309187.1891
2023-04-18,8.2023,7.9852,1.0504,0.3792,0.347,5.0505,5.0505,5306034.4651
2023-04-19,8.1828,7.9662,1.0479,0.3783,0.3461,5.0625,5.0625,5293423.5691
2023-04-20,8.0951,7.8808,1.0366,0.3742,0.3424,5.1174,5.1174,5236674.5374
2023-04-21,8.0512,7.8381,1.031,0.3722,0.3406,5.1453,5.1453,5208300.0216
2023-04-24,8.0025,7.7906,1.0248,0.3699,0.3385,5.1766,5.1766,5176772.7817
2023-04-25,7.8271,7.6198,1.0023,0.3618,0.3311,5.2927,5.2927,5063274.7183
2023-04-26,8.0025,7.7906,1.0248,0.3699,0.3385,5.1766,5.1766,5176772.7817
2023-04-27,8.1292,7.914,1.041,0.3758,0.3439,5.0959,5.0959,5258743.6053
2023-04-28,7.1693,7.4521,0.9431,0.3263,0.3274,5.1893,5.1893,5164161.8858
2023-05-04,7.3313,7.6205,0.9644,0.3337,0.3348,5.0746,5.0746,5280812.6732
2023-05-05,7.2656,7.5522,0.9558,0.3307,0.3318,5.1205,5.1205,5233521.8134
2023-05-08,7.5282,7.8252,0.9903,0.3426,0.3438,4.9419,4.9419,5422685.2525
2023-05-09,7.4451,7.7388,0.9794,0.3388,0.34,4.9971,4.9971,5362783.4968
2023-05-10,7.6989,8.0026,1.0128,0.3504,0.3516,4.8323,4.8323,5545641.4879
2023-05-11,7.734,8.039,1.0174,0.352,0.3532,4.8104,4.8104,5570863.2797
2023-05-12,7.7383,8.0436,1.0179,0.3522,0.3534,4.8077,4.8077,5574016.0037
2023-05-15,7.7383,8.0436,1.0179,0.3522,0.3534,4.8077,4.8077,5574016.0037
2023-05-16,7.6858,7.989,1.011,0.3498,0.351,4.8405,4.8405,5536183.3159
2023-05-17,7.6552,7.9571,1.007,0.3484,0.3496,4.8599,4.8599,5514114.248
2023-05-18,7.7383,8.0436,1.0179,0.3522,0.3534,4.8077,4.8077,5574016.0037
2023-05-19,7.7121,8.0163,1.0145,0.351,0.3522,4.8241,4.8241,5555099.6598
2023-05-22,7.7515,8.0572,1.0197,0.3528,0.354,4.7995,4.7995,5583474.1757
2023-05-23,7.7602,8.0663,1.0208,0.3532,0.3544,4.7941,4.7941,5589779.6236
2023-05-24,7.7077,8.0117,1.0139,0.3508,0.352,4.8268,4.8268,5551946.9358
2023-05-25,7.7033,8.0072,1.0133,0.3506,0.3518,4.8295,4.8295,5548794.2118
2023-05-26,7.7952,8.1027,1.0254,0.3548,0.356,4.7726,4.7726,5615001.4155
2023-05-29,7.6727,7.9753,1.0093,0.3492,0.3504,4.8488,4.8488,5526725.144
2023-05-30,7.6552,7.9571,1.007,0.3484,0.3496,4.8599,4.8599,5514114.248
2023-05-31,7.642,7.9435,1.0053,0.3478,0.349,4.8683,4.8683,5504656.0761
2023-06-01,7.5326,7.8297,0.9909,0.3428,0.344,4.939,4.939,5425837.9765
2023-06-02,7.6946,7.9981,1.0122,0.3502,0.3514,4.835,4.835,5542488.7639
2023-06-05,7.7471,8.0527,1.0191,0.3526,0.3538,4.8023,4.8023,5580321.4517
2023-06-06,7.6683,7.9708,1.0087,0.349,0.3502,4.8516,4.8516,5523572.42
2023-06-07,7.6026,7.9025,1.0001,0.346,0.3472,4.8935,4.8935,5476281.5602
2023-06-08,7.6771,7.9799,1.0099,0.3494,0.3506,4.8461,4.8461,5529877.8679
2023-06-09,7.7515,8.0572,1.0197,0.3528,0.354,4.7995,4.7995,5583474.1757
2023-06-12,8.0316,8.3484,1.0565,0.3655,0.3668,4.6322,4.6322,5785248.5106
2023-06-13,8.0403,8.3575,1.0577,0.3659,0.3672,4.6271,4.6271,5791553.9586
2023-06-14,7.9747,8.2893,1.049,0.3629,0.3642,4.6652,4.6652,5744263.0988
2023-06-15,7.9922,8.3075,1.0513,0.3637,0.365,4.655,4.655,5756873.9948
2023-06-16,7.944,8.2574,1.045,0.3616,0.3628,4.6832,4.6832,5722194.031
2023-06-19,8.0272,8.3438,1.0559,0.3653,0.3666,4.6347,4.6347,5782095.7867
2023-06-20,7.9878,8.3029,1.0508,0.3635,0.3648,4.6575,4.6575,5753721.2708
2023-06-21,8.0141,8.3302,1.0542,0.3647,0.366,4.6423,4.6423,5772637.6147
2023-06-26,7.9134,8.2256,1.041,0.3602,0.3614,4.7013,4.7013,5700124.9631
2023-06-27,7.9265,8.2392,1.0427,0.3608,0.362,4.6935,4.6935,5709583.135
2023-06-28,8.036,8.3529,1.0571,0.3657,0.367,4.6296,4.6296,5788401.2346
2023-06-29,8.0797,8.3984,1.0629,0.3677,0.369,4.6046,4.6046,5819928.4745
2023-06-30,8.0797,8.3984,1.0629,0.3677,0.369,4.6046,4.6046,5819928.4745
2023-07-03,8.1716,8.494,1.0749,0.3719,0.3732,4.5528,4.5528,5886135.6781
2023-07-04,8.3029,8.6305,1.0922,0.3779,0.3792,4.4808,4.4808,5980717.3976
2023-07-05,8.1454,8.4667,1.0715,0.3707,0.372,4.5674,4.5674,5867219.3342
2023-07-06,8.1322,8.453,1.0698,0.3701,0.3714,4.5748,4.5748,5857761.1623
2023-07-07,8.1016,8.4212,1.0657,0.3687,0.37,4.5921,4.5921,5835692.0944
2023-07-10,8.1498,8.4712,1.0721,0.3709,0.3722,4.565,4.565,5870372.0582
2023-07-11,8.3555,8.6851,1.0991,0.3803,0.3816,4.4526,4.4526,6018550.0855
2023-07-12,8.3467,8.676,1.098,0.3799,0.3812,4.4573,4.4573,6012244.6375
2023-07-13,8.3248,8.6532,1.0951,0.3789,0.3802,4.469,4.469,5996481.0176
2023-07-14,7.8696,8.1801,1.0905,0.3582,0.3594,4.7275,9.6218,5668597.7232
2023-07-17,7.8521,8.1619,1.088,0.3574,0.3586,4.738,4.9052,5655986.8273
2023-07-18,8.0097,8.3256,1.1099,0.3645,0.3658,4.6448,4.8087,5769484.8907
2023-07-19,7.9878,8.3029,1.1068,0.3635,0.3648,4.6575,4.8219,5753721.2708
2023-07-20,7.9572,8.2711,1.1026,0.3621,0.3634,4.6755,4.8405,5731652.2029
2023-07-21,7.8915,8.2028,1.0935,0.3592,0.3604,4.7144,4.8808,5684361.3432
2023-07-24,7.9222,8.2347,1.0977,0.3606,0.3618,4.6961,4.8619,5706430.411
2023-07-25,8.1104,8.4303,1.1238,0.3691,0.3704,4.5872,4.7491,5841997.5424
2023-07-26,8.0754,8.3939,1.119,0.3675,0.3688,4.607,4.7696,5816775.7505
2023-07-27,8.373,8.7033,1.1602,0.3811,0.3824,4.4433,4.6001,6031160.9814
2023-07-28,8.4868,8.8215,1.176,0.3863,0.3876,4.3837,4.5384,6113131.805
2023-07-31,8.6356,8.9762,1.1966,0.393,0.3944,4.3082,4.4602,6220324.4204
2023-08-01,8.4343,8.767,1.1687,0.3839,0.3852,4.411,4.5667,6075299.1172
2023-08-02,8.443,8.7761,1.1699,0.3843,0.3856,4.4064,4.5619,6081604.5651
2023-08-03,8.5393,8.8761,1.1833,0.3886,0.39,4.3567,4.5105,6150964.4928
2023-08-04,8.5043,8.8397,1.1784,0.387,0.3884,4.3747,4.5291,6125742.7009
2023-08-07,8.5349,8.8716,1.1827,0.3884,0.3898,4.359,4.5128,6147811.7688
2023-08-08,8.5524,8.8898,1.1851,0.3892,0.3906,4.3501,4.5036,6160422.6647
2023-08-09,8.5218,8.8579,1.1808,0.3878,0.3892,4.3657,4.5198,6138353.5968
2023-08-10,8.478,8.8124,1.1748,0.3859,0.3872,4.3882,4.5431,6106826.357
2023-08-11,8.2811,8.6077,1.1475,0.3769,0.3782,4.4926,4.6512,5964953.7777
2023-08-14,8.1016,8.4212,1.1226,0.3687,0.37,4.5921,4.7542,5835692.0944
2023-08-15,8.0841,8.403,1.1202,0.3679,0.3692,4.6021,4.7645,5823081.1984
2023-08-16,8.0097,8.3256,1.1099,0.3645,0.3658,4.6448,4.8087,5769484.8907
2023-08-17,8.2942,8.6214,1.1493,0.3775,0.3788,4.4855,4.6438,5974411.9497
2023-08-18,8.0754,8.3939,1.119,0.3675,0.3688,4.607,4.7696,5816775.7505
2023-08-21,8.071,8.3893,1.1184,0.3673,0.3686,4.6095,4.7722,5813623.0265
2023-08-22,8.106,8.4257,1.1232,0.3689,0.3702,4.5896,4.7516,5838844.8184
2023-08-23,7.9659,8.2802,1.1038,0.3625,0.3638,4.6703,4.8352,5737957.6509
2023-08-24,8.1366,8.4576,1.1275,0.3703,0.3716,4.5724,4.7337,5860913.8863
2023-08-25,8.0797,8.3984,1.1196,0.3677,0.369,4.6046,4.7671,5819928.4745
2023-08-28,8.1848,8.5076,1.1341,0.3725,0.3738,4.5455,4.7059,5895593.8501
2023-08-29,8.4824,8.817,1.1754,0.3861,0.3874,4.386,4.5408,6109979.081
2023-08-30,8.3511,7.9925,1.1223,0.3801,0.3613,4.4549,4.6122,6015397.3615
2023-08-31,8.2242,7.871,1.1053,0.3743,0.3558,4.5237,4.6833,5923968.3659
2023-09-01,8.3992,8.0386,1.1288,0.3823,0.3634,4.4294,4.5857,6050077.3253
2023-09-04,8.408,8.047,1.13,0.3827,0.3638,4.4248,4.5809,6056382.7733
2023-09-05,8.3555,7.9967,1.1229,0.3803,0.3615,4.4526,4.6097,6018550.0855
2023-09-06,8.3774,8.0177,1.1259,0.3813,0.3624,4.441,4.5977,6034313.7054
2023-09-07,8.2417,7.8878,1.1076,0.3751,0.3566,4.5141,4.6734,5936579.2619
2023-09-08,8.2854,7.9297,1.1135,0.3771,0.3585,4.4902,4.6487,5968106.5017
2023-09-11,8.4474,8.0847,1.1353,0.3845,0.3655,4.4041,4.5596,6084757.2891
2023-09-12,8.4605,8.0972,1.1371,0.3851,0.366,4.3973,4.5525,6094215.4611
2023-09-13,8.2854,7.9297,1.1135,0.3771,0.3585,4.4902,4.6487,5968106.5017
2023-09-14,8.1848,7.8333,1.1,0.3725,0.3541,4.5455,4.7059,5895593.8501
2023-09-15,8.0885,7.7412,1.0871,0.3681,0.3499,4.5996,4.7619,5826233.9224
2023-09-18,8.2548,7.9004,1.1094,0.3757,0.3571,4.5069,4.666,5946037.4338
2023-09-19,8.2067,7.8543,1.1029,0.3735,0.3551,4.5333,4.6933,5911357.47
2023-09-20,8.1498,7.7998,1.0953,0.3709,0.3526,4.565,4.7261,5870372.0582
2023-09-21,8.0622,7.716,1.0835,0.3669,0.3488,4.6145,4.7774,5807317.5785
2023-09-22,8.1673,7.8166,1.0976,0.3717,0.3534,4.5552,4.716,5882982.9541
2023-09-25,8.3336,7.9758,1.12,0.3793,0.3606,4.4643,4.6218,6002786.4655
2023-09-26,8.2373,7.8836,1.1071,0.3749,0.3564,4.5165,4.6759,5933426.5379
2023-09-27,8.176,7.825,1.0988,0.3721,0.3537,4.5503,4.7109,5889288.4021
2023-09-28,8.2154,7.8627,1.1041,0.3739,0.3554,4.5285,4.6883,5917662.918
2023-10-09,8.2592,7.9046,1.11,0.3759,0.3573,4.5045,4.6635,5949190.1578
2023-10-10,8.2067,7.8543,1.1029,0.3735,0.3551,4.5333,4.6933,5911357.47
2023-10-11,8.0535,7.7077,1.0823,0.3665,0.3484,4.6196,4.7826,5801012.1306
2023-10-12,8.2723,7.9171,1.1118,0.3765,0.3579,4.4974,4.6561,5958648.3298
2023-10-13,8.2679,7.9129,1.1112,0.3763,0.3577,4.4997,4.6585,5955495.6058
2023-10-16,8.2417,7.8878,1.1076,0.3751,0.3566,4.5141,4.6734,5936579.2619
2023-10-17,8.2023,7.8501,1.1023,0.3733,0.3549,4.5358,4.6958,5908204.746
2023-10-18,8.2636,7.9087,1.1106,0.3761,0.3575,4.5021,4.661,5952342.8818
2023-10-19,7.9747,7.6323,1.0718,0.3629,0.345,4.6652,4.8299,5744263.0988
2023-10-20,7.8959,7.5569,1.0612,0.3594,0.3416,4.7118,4.878,5687514.0671
2023-10-23,7.8171,7.4815,1.0506,0.3558,0.3382,4.7592,4.9272,5630765.0354
2023-10-24,7.9353,7.5946,1.0665,0.3612,0.3433,4.6884,4.8538,5715888.583
2023-10-25,8.0403,7.6951,1.0806,0.3659,0.3479,4.6271,4.7904,5791553.9586
2023-10-26,7.6771,7.8261,1.0013,0.3494,0.3321,4.8461,5.0171,5529877.8679
2023-10-27,7.7909,7.9421,1.0161,0.3546,0.337,4.7753,4.9438,5611848.6915
2023-10-30,7.6814,7.8306,1.0019,0.3496,0.3323,4.8433,5.0142,5533030.5919
2023-10-31,7.6771,7.8261,1.0013,0.3494,0.3321,4.8461,5.0171,5529877.8679
2023-11-01,7.6946,7.844,1.0036,0.3502,0.3329,4.835,5.0057,5542488.7639
2023-11-02,7.6683,7.8172,1.0002,0.349,0.3317,4.8516,5.0228,5523572.42
2023-11-03,7.7515,7.902,1.011,0.3528,0.3353,4.7995,4.9689,5583474.1757
2023-11-06,7.8215,7.9734,1.0201,0.356,0.3383,4.7566,4.9245,5633917.7594
2023-11-07,7.7252,7.8752,1.0076,0.3516,0.3342,4.8159,4.9858,5564557.8318
2023-11-08,7.6902,7.8395,1.003,0.35,0.3327,4.8378,5.0085,5539336.0399
2023-11-09,7.6377,7.786,0.9962,0.3476,0.3304,4.8711,5.043,5501503.3521
2023-11-10,7.5195,7.6655,0.9808,0.3422,0.3253,4.9476,5.1222,5416379.8045
2023-11-13,7.4888,7.6343,0.9768,0.3408,0.324,4.9679,5.1432,5394310.7366
2023-11-14,7.5808,7.728,0.9887,0.345,0.3279,4.9076,5.0808,5460517.9403
2023-11-15,7.6508,7.7993,0.9979,0.3482,0.331,4.8627,5.0343,5510961.524
2023-11-16,7.6202,7.7681,0.9939,0.3468,0.3296,4.8823,5.0546,5488892.4561
2023-11-17,7.7164,7.8663,1.0064,0.3512,0.3338,4.8213,4.9915,5558252.3838
2023-11-20,7.6946,7.844,1.0036,0.3502,0.3329,4.835,5.0057,5542488.7639
2023-11-21,7.6289,7.777,0.995,0.3472,0.33,4.8766,5.0488,5495197.9041
2023-11-22,7.5326,7.6789,0.9825,0.3428,0.3258,4.939,5.1133,5425837.9765
2023-11-23,7.6902,7.8395,1.003,0.35,0.3327,4.8378,5.0085,5539336.0399
2023-11-24,7.6333,7.7815,0.9956,0.3474,0.3302,4.8739,5.0459,5498350.6281
2023-11-27,7.7033,7.8529,1.0047,0.3506,0.3332,4.8295,5.0,5548794.2118
2023-11-28,7.7558,7.9064,1.0116,0.353,0.3355,4.7968,4.9661,5586626.8996
2023-11-29,7.7471,7.8975,1.0104,0.3526,0.3351,4.8023,4.9718,5580321.4517
2023-11-30,7.6158,7.7636,0.9933,0.3466,0.3294,4.8851,5.0575,5485739.7322
2023-12-01,7.5589,7.7056,0.9859,0.344,0.327,4.9218,5.0955,5444754.3204
2023-12-04,7.4626,7.6075,0.9733,0.3396,0.3228,4.9853,5.1613,5375394.3927
2023-12-05,7.2656,7.4067,0.9476,0.3307,0.3143,5.1205,5.3012,5233521.8134
2023-12-06,7.2262,7.3665,0.9425,0.3289,0.3126,5.1484,5.3301,5205147.2976
2023-12-07,7.1693,7.3085,0.9351,0.3263,0.3101,5.1893,5.3724,5164161.8858
2023-12-08,7.2569,7.3978,0.9465,0.3303,0.3139,5.1267,5.3076,5227216.3655
2023-12-11,7.2788,7.4201,0.9494,0.3313,0.3149,5.1112,5.2916,5242979.9854
2023-12-12,7.375,7.5182,0.9619,0.3357,0.319,5.0445,5.2226,5312339.913
2023-12-13,7.2875,7.429,0.9505,0.3317,0.3152,5.1051,5.2853,5249285.4334
2023-12-14,7.305,7.4469,0.9528,0.3325,0.316,5.0929,5.2726,5261896.3293
2023-12-15,7.1912,7.3308,0.9379,0.3273,0.3111,5.1735,5.3561,5179925.5057
2023-12-18,7.1606,7.2996,0.9339,0.3259,0.3098,5.1956,5.379,5157856.4378
2023-12-19,7.1256,7.2639,0.9294,0.3243,0.3082,5.2211,5.4054,5132634.646
2023-12-20,6.968,7.1033,0.9088,0.3171,0.3014,5.3392,5.5276,5019136.5825
2023-12-21,7.038,7.1747,0.918,0.3203,0.3045,5.2861,5.4726,5069580.1663
2023-12-22,6.9768,7.1122,0.91,0.3175,0.3018,5.3325,5.5207,5025442.0305
2023-12-25,7.0205,7.1568,0.9157,0.3195,0.3037,5.2993,5.4863,5056969.2703
2023-12-26,6.9374,7.0721,0.9048,0.3157,0.3001,5.3628,5.5521,4997067.5146
2023-12-27,6.9549,7.0899,0.9071,0.3165,0.3009,5.3493,5.5381,5009678.4106
2023-12-28,7.0774,7.2148,0.9231,0.3221,0.3062,5.2566,5.4422,5097954.6821
2023-12-29,7.1256,7.2639,0.9294,0.3243,0.3082,5.2211,5.4054,5132634.646
2024-01-02,7.0555,7.1925,0.9202,0.3211,0.3052,5.4591,5.4591,5082191.0622
2024-01-03,7.0249,7.1613,0.9162,0.3197,0.3039,5.4829,5.4829,5060121.9943
2024-01-04,6.968,7.1033,0.9088,0.3171,0.3014,5.5276,5.5276,5019136.5825
2024-01-05,7.038,7.1747,0.918,0.3203,0.3045,5.4726,5.4726,5069580.1663
2024-01-08,7.0118,7.1479,0.9145,0.3191,0.3033,5.4931,5.4931,5050663.8224
2024-01-09,7.0906,7.2282,0.9248,0.3227,0.3067,5.4321,5.4321,5107412.8541
2024-01-10,7.0818,7.2193,0.9237,0.3223,0.3063,5.4388,5.4388,5101107.4061
2024-01-11,7.2131,7.3532,0.9408,0.3283,0.312,5.3398,5.3398,5195689.1256
2024-01-12,7.2831,7.4245,0.9499,0.3315,0.3151,5.2885,5.2885,5246132.7094
2024-01-15,7.2875,7.429,0.9505,0.3317,0.3152,5.2853,5.2853,5249285.4334
2024-01-16,7.4451,7.5896,0.971,0.3388,0.3221,5.1734,5.1734,5362783.4968
2024-01-17,7.3225,7.4647,0.9551,0.3333,0.3168,5.26,5.26,5274507.2252
2024-01-18,7.4013,7.545,0.9653,0.3369,0.3202,5.204,5.204,5331256.2569
2024-01-19,7.27,7.4112,0.9482,0.3309,0.3145,5.298,5.298,5236674.5374
2024-01-22,7.0337,7.1702,0.9174,0.3201,0.3043,5.476,5.476,5066427.4423
2024-01-23,7.0774,7.2148,0.9231,0.3221,0.3062,5.4422,5.4422,5097954.6821
2024-01-24,7.1868,7.3264,0.9374,0.3271,0.3109,5.3593,5.3593,5176772.7817
2024-01-25,7.3006,7.4424,0.9522,0.3323,0.3158,5.2758,5.2758,5258743.6053
2024-01-26,7.2612,7.4022,0.9471,0.3305,0.3141,5.3044,5.3044,5230369.0895
2024-01-29,7.3532,7.4959,0.9591,0.3347,0.3181,5.2381,5.2381,5296576.2931
2024-01-30,7.2569,7.3978,0.9465,0.3303,0.3139,5.3076,5.3076,5227216.3655
2024-01-31,7.1081,7.2461,0.9271,0.3235,0.3075,5.4187,5.4187,5120023.75
2024-02-01,7.073,7.2104,0.9225,0.3219,0.306,5.4455,5.4455,5094801.9581
2024-02-02,7.0249,7.1613,0.9162,0.3197,0.3039,5.4829,5.4829,5060121.9943
2024-02-05,6.9724,7.1078,0.9094,0.3173,0.3016,5.5242,5.5242,5022289.3065
2024-02-06,7.0599,7.197,0.9208,0.3213,0.3054,5.4557,5.4557,5085343.7862
2024-02-07,7.2481,7.3889,0.9454,0.3299,0.3135,5.314,5.314,5220910.9175
2024-02-08,7.3357,7.4781,0.9568,0.3339,0.3173,5.2506,5.2506,5283965.3972
2024-02-19,7.4319,7.5763,0.9693,0.3382,0.3215,5.1826,5.1826,5353325.3248
2024-02-20,7.4232,7.5673,0.9682,0.3378,0.3211,5.1887,5.1887,5347019.8769
2024-02-21,7.4626,7.6075,0.9733,0.3396,0.3228,5.1613,5.1613,5375394.3927
2024-02-22,7.5239,7.67,0.9813,0.3424,0.3255,5.1193,5.1193,5419532.5285
2024-02-23,7.5195,7.6655,0.9808,0.3422,0.3253,5.1222,5.1222,5416379.8045
2024-02-26,7.5282,7.6744,0.9819,0.3426,0.3257,5.1163,5.1163,5422685.2525
2024-02-27,7.642,7.7904,0.9967,0.3478,0.3306,5.0401,5.0401,5504656.0761
2024-02-28,7.5326,7.6789,0.9825,0.3428,0.3258,5.1133,5.1133,5425837.9765
2024-02-29,7.6464,7.7949,0.9973,0.348,0.3308,5.0372,5.0372,5507808.8
2024-03-01,7.6595,7.8083,0.999,0.3486,0.3313,5.0286,5.0286,5517266.972
2024-03-04,7.5895,7.7369,0.9899,0.3454,0.3283,5.075,5.075,5466823.3883
2024-03-05,7.5633,7.7101,0.9865,0.3442,0.3272,5.0926,5.0926,5447907.0444
2024-03-06,7.5151,7.661,0.9802,0.342,0.3251,5.1252,5.1252,5413227.0805
2024-03-07,7.5239,7.67,0.9813,0.3424,0.3255,5.1193,5.1193,5419532.5285
2024-03-08,7.4932,7.6387,0.9773,0.341,0.3241,5.1402,5.1402,5397463.4606
2024-03-11,7.6026,7.7503,0.9916,0.346,0.3289,5.0662,5.0662,5476281.5602
2024-03-12,7.5501,7.6967,0.9847,0.3436,0.3266,5.1014,5.1014,5438448.8724
2024-03-13,7.5764,7.7235,0.9882,0.3448,0.3277,5.0838,5.0838,5457365.2163
2024-03-14,7.5064,7.6521,0.979,0.3416,0.3247,5.1312,5.1312,5406921.6326
2024-03-15,7.4932,7.6387,0.9773,0.341,0.3241,5.1402,5.1402,5397463.4606
2024-03-18,7.5545,7.7012,0.9853,0.3438,0.3268,5.0985,5.0985,5441601.5964
2024-03-19,7.4713,7.6164,0.9745,0.34,0.3232,5.1552,5.1552,5381699.8407
2024-03-20,7.4101,7.5539,0.9665,0.3372,0.3205,5.1979,5.1979,5337561.7049
2024-03-21,7.3794,7.5227,0.9625,0.3359,0.3192,5.2195,5.2195,5315492.637
2024-03-22,7.2919,7.4335,0.9511,0.3319,0.3154,5.2821,5.2821,5252438.1573
2024-03-25,7.2963,7.4379,0.9516,0.3321,0.3156,5.2789,5.2789,5255590.8813
2024-03-26,7.3181,7.4602,0.9545,0.3331,0.3166,5.2632,5.2632,5271354.5012
2024-03-27,7.2656,7.4067,0.9476,0.3307,0.3143,5.3012,5.3012,5233521.8134
2024-03-28,7.2044,7.3442,0.9396,0.3279,0.3116,5.3463,5.3463,5189383.6777
2024-03-29,7.3026,7.3026,0.912,0.3125,0.3125,5.2663,5.2663,5268201.7773
2024-04-01,7.709,7.709,0.9627,0.3299,0.3299,4.9887,4.9887,5561405.1078
2024-04-02,7.7614,7.7614,0.9693,0.3321,0.3321,4.955,4.955,5599237.7956
2024-04-03,7.5997,7.5997,0.9491,0.3252,0.3252,5.0604,5.0604,5482587.0082
2024-04-08,7.6566,7.6566,0.9562,0.3276,0.3276,5.0228,5.0228,5523572.42
2024-04-09,7.6041,7.6041,0.9496,0.3254,0.3254,5.0575,5.0575,5485739.7322
2024-04-10,7.5954,7.5954,0.9485,0.325,0.325,5.0633,5.0633,5479434.2842
2024-04-11,7.626,7.626,0.9524,0.3263,0.3263,5.043,5.043,5501503.3521
2024-04-12,7.5735,7.5735,0.9458,0.3241,0.3241,5.0779,5.0779,5463670.6643
2024-04-15,7.7352,7.7352,0.966,0.331,0.331,4.9718,4.9718,5580321.4517
2024-04-16,7.6915,7.6915,0.9605,0.3291,0.3291,5.0,5.0,5548794.2118
2024-04-17,7.8794,7.8794,0.984,0.3372,0.3372,4.8808,4.8808,5684361.3432
2024-04-18,7.9188,7.9188,0.9889,0.3388,0.3388,4.8565,4.8565,5712735.859
2024-04-19,7.8882,7.8882,0.9851,0.3375,0.3375,4.8753,4.8753,5690666.7911
2024-04-22,7.8663,7.8663,0.9824,0.3366,0.3366,4.8889,4.8889,5674903.1712
2024-04-23,7.7265,7.7265,0.9649,0.3306,0.3306,4.9774,4.9774,5574016.0037
2024-04-24,7.7789,7.7789,0.9715,0.3329,0.3329,4.9438,4.9438,5611848.6915
2024-04-25,7.6915,7.6915,0.9605,0.3291,0.3291,5.0,5.0,5548794.2118
2024-04-26,7.7571,7.7571,0.9687,0.3319,0.3319,4.9577,4.9577,5596085.0716
2024-04-29,7.3419,7.5202,0.8993,0.3142,0.3138,5.2381,5.2381,5296576.2931
2024-04-30,7.2021,7.377,0.8822,0.3082,0.3078,5.3398,5.3398,5195689.1256
2024-05-06,7.2807,7.4575,0.8918,0.3115,0.3112,5.2821,5.2821,5252438.1573
2024-05-07,7.2326,7.4083,0.8859,0.3095,0.3091,5.3172,5.3172,5217758.1935
2024-05-08,7.1584,7.3322,0.8768,0.3063,0.3059,5.3724,5.3724,5164161.8858
2024-05-09,7.2239,7.3993,0.8849,0.3091,0.3087,5.3237,5.3237,5211452.7456
2024-05-10,7.2414,7.4172,0.887,0.3099,0.3095,5.3108,5.3108,5224063.6415
2024-05-13,7.2326,7.4083,0.8859,0.3095,0.3091,5.3172,5.3172,5217758.1935
2024-05-14,7.2982,7.4754,0.894,0.3123,0.3119,5.2695,5.2695,5265049.0533
2024-05-15,7.2021,7.377,0.8822,0.3082,0.3078,5.3398,5.3398,5195689.1256
2024-05-16,7.1933,7.368,0.8811,0.3078,0.3074,5.3463,5.3463,5189383.6777
2024-05-17,7.2326,7.4083,0.8859,0.3095,0.3091,5.3172,5.3172,5217758.1935
2024-05-20,7.1802,7.3546,0.8795,0.3072,0.3069,5.3561,5.3561,5179925.5057
2024-05-21,7.1627,7.3367,0.8774,0.3065,0.3061,5.3691,5.3691,5167314.6098
2024-05-22,7.1933,7.368,0.8811,0.3078,0.3074,5.3463,5.3463,5189383.6777
2024-05-23,7.0972,7.2695,0.8693,0.3037,0.3033,5.4187,5.4187,5120023.75
2024-05-24,7.036,7.2069,0.8618,0.3011,0.3007,5.4658,5.4658,5075885.6142
2024-05-27,7.0404,7.2113,0.8624,0.3013,0.3009,5.4624,5.4624,5079038.3382
2024-05-28,6.9617,7.1308,0.8527,0.2979,0.2975,5.5242,5.5242,5022289.3065
2024-05-29,7.0229,7.1934,0.8602,0.3005,0.3001,5.476,5.476,5066427.4423
2024-05-30,7.0535,7.2248,0.864,0.3018,0.3015,5.4523,5.4523,5088496.5102
2024-05-31,7.0229,7.1934,0.8602,0.3005,0.3001,5.476,5.476,5066427.4423
2024-06-03,7.0578,7.2292,0.8645,0.302,0.3016,5.4489,5.4489,5091649.2342
2024-06-04,7.1409,7.3143,0.8747,0.3056,0.3052,5.3856,5.3856,5151550.9899
2024-06-05,7.1103,7.283,0.8709,0.3043,0.3039,5.4087,5.4087,5129481.922
2024-06-06,7.0753,7.2471,0.8667,0.3028,0.3024,5.4355,5.4355,5104260.1301
2024-06-07,7.0622,7.2337,0.865,0.3022,0.3018,5.4455,5.4455,5094801.9581
2024-06-11,6.9661,7.1352,0.8533,0.2981,0.2977,5.5207,5.5207,5025442.0305
2024-06-12,7.0316,7.2024,0.8613,0.3009,0.3005,5.4692,5.4692,5072732.8903
2024-06-13,6.8218,6.9875,0.8356,0.2919,0.2916,5.6374,5.6374,4921402.139
2024-06-14,6.9967,7.1666,0.857,0.2994,0.299,5.4966,5.4966,5047511.0984
2024-06-17,7.0404,7.2113,0.8624,0.3013,0.3009,5.4624,5.4624,5079038.3382
2024-06-18,7.1147,7.2874,0.8715,0.3044,0.3041,5.4054,5.4054,5132634.646
2024-06-19,7.0666,7.2382,0.8656,0.3024,0.302,5.4422,5.4422,5097954.6821
2024-06-20,6.9967,7.1666,0.857,0.2994,0.299,5.4966,5.4966,5047511.0984
2024-06-21,7.0709,7.2427,0.8661,0.3026,0.3022,5.4388,5.4388,5101107.4061
2024-06-24,7.001,7.171,0.8576,0.2996,0.2992,5.4931,5.4931,5050663.8224
2024-06-25,7.1147,7.2874,0.8715,0.3044,0.3041,5.4054,5.4054,5132634.646
2024-06-26,7.1715,7.3456,0.8784,0.3069,0.3065,5.3626,5.3626,5173620.0577
2024-06-27,7.1409,7.3143,0.8747,0.3056,0.3052,5.3856,5.3856,5151550.9899
2024-06-28,7.1584,7.3322,0.8768,0.3063,0.3059,5.3724,5.3724,5164161.8858
2024-07-01,7.0272,7.1979,0.8608,0.3007,0.3003,5.4726,5.4726,5069580.1663
2024-07-02,6.953,7.1218,0.8517,0.2975,0.2972,5.5311,5.5311,5015983.8585
2024-07-03,6.8481,7.0144,0.8388,0.293,0.2927,5.6158,5.6158,4940318.4829
2024-07-04,6.8262,6.992,0.8361,0.2921,0.2917,5.6338,5.6338,4924554.863
2024-07-05,6.8393,7.0054,0.8377,0.2927,0.2923,5.623,5.623,4934013.035
2024-07-08,6.7694,6.9338,0.8292,0.2897,0.2893,5.6811,5.6811,4883569.4512
2024-07-09,6.8743,7.0412,0.842,0.2942,0.2938,5.5944,5.5944,4959234.8268
2024-07-10,6.9355,7.1039,0.8495,0.2968,0.2964,5.5451,5.5451,5003372.9626
2024-07-11,6.9398,7.1084,0.8501,0.297,0.2966,5.5416,5.5416,5006525.6866
2024-07-12,6.7039,6.8667,0.8555,0.2869,0.2865,5.7366,10.6258,4836278.5915
2024-07-15,6.7301,6.8935,0.8588,0.288,0.2876,5.7143,4.8701,4855194.9354
2024-07-16,6.8218,6.9875,0.8706,0.2919,0.2916,5.6374,4.8046,4921402.139
2024-07-17,6.8568,7.0233,0.875,0.2934,0.293,5.6087,4.7801,4946623.9309
2024-07-18,6.883,7.0502,0.8784,0.2945,0.2942,5.5873,4.7619,4965540.2748
2024-07-19,6.8306,6.9965,0.8717,0.2923,0.2919,5.6302,4.7985,4927707.587
2024-07-22,6.8524,7.0189,0.8745,0.2932,0.2929,5.6122,4.7832,4943471.2069
2024-07-23,6.7869,6.9517,0.8661,0.2904,0.2901,5.6665,4.8294,4896180.3472
2024-07-24,6.6951,6.8577,0.8544,0.2865,0.2861,5.7441,4.8956,4829973.1435
2024-07-25,6.765,6.9293,0.8633,0.2895,0.2891,5.6848,4.845,4880416.7272
2024-07-26,6.717,6.8801,0.8572,0.2874,0.2871,5.7254,4.8796,4845736.7634
2024-07-29,6.6907,6.8532,0.8538,0.2863,0.2859,5.7479,4.8988,4826820.4195
2024-07-30,6.6033,6.7637,0.8427,0.2826,0.2822,5.824,4.9636,4763765.9398
2024-07-31,6.8131,6.9786,0.8694,0.2915,0.2912,5.6446,4.8108,4915096.6911
2024-08-01,6.6776,6.8398,0.8522,0.2857,0.2854,5.7592,4.9084,4817362.2476
2024-08-02,6.6864,6.8488,0.8533,0.2861,0.2858,5.7516,4.902,4823667.6955
2024-08-05,6.6252,6.7861,0.8455,0.2835,0.2831,5.8047,4.9472,4779529.5597
2024-08-06,6.5596,6.7189,0.8371,0.2807,0.2803,5.8628,4.9967,4732238.7
2024-08-07,6.5334,6.6921,0.8337,0.2796,0.2792,5.8863,5.0167,4713322.3561
2024-08-08,6.5465,6.7055,0.8354,0.2801,0.2798,5.8745,5.0067,4722780.528
2024-08-09,6.5334,6.6921,0.8337,0.2796,0.2792,5.8863,5.0167,4713322.3561
2024-08-12,6.4329,6.5891,0.8209,0.2753,0.2749,5.9783,5.0951,4640809.7044
2024-08-13,6.3674,6.522,0.8126,0.2725,0.2721,6.0398,5.1476,4593518.8447
2024-08-14,6.2581,6.4101,0.7986,0.2678,0.2675,6.1453,5.2374,4514700.7451
2024-08-15,6.3149,6.4683,0.8059,0.2702,0.2699,6.09,5.1903,4555686.1569
2024-08-16,6.1663,6.3161,0.7869,0.2639,0.2635,6.2367,5.3154,4448493.5414
2024-08-19,6.1488,6.2982,0.7847,0.2631,0.2628,6.2544,5.3305,4435882.6455
2024-08-20,5.9697,6.1146,0.7618,0.2554,0.2551,6.4422,5.4905,4306620.9621
2024-08-21,5.856,5.9983,0.7473,0.2506,0.2503,6.5672,5.597,4224650.1386
2024-08-22,5.8123,5.9535,0.7417,0.2487,0.2484,6.6165,5.6391,4193122.8987
2024-08-23,5.9391,6.0833,0.7579,0.2541,0.2538,6.4753,5.5188,4284551.8943
2024-08-26,5.9478,6.0923,0.759,0.2545,0.2542,6.4658,5.5107,4290857.3422
2024-08-27,6.0134,6.1594,0.7674,0.2573,0.257,6.3953,5.4506,4338148.202
2024-08-28,5.9434,6.0878,0.7585,0.2543,0.254,6.4706,5.5147,4287704.6182
2024-08-29,6.3848,6.3657,0.7934,0.2732,0.2727,6.0233,5.1335,4606129.7406
2024-08-30,6.446,6.4267,0.8011,0.2758,0.2753,5.9661,5.0847,4650267.8764
2024-09-02,6.4897,6.4703,0.8065,0.2777,0.2772,5.9259,5.0505,4681795.1162
2024-09-03,6.6602,6.6402,0.8277,0.285,0.2844,5.7743,4.9213,4804751.3516
2024-09-04,6.6864,6.6664,0.8309,0.2861,0.2856,5.7516,4.902,4823667.6955
2024-09-05,6.7563,6.7361,0.8396,0.2891,0.2886,5.6921,4.8512,4874111.2793
2024-09-06,6.7607,6.7404,0.8402,0.2893,0.2887,5.6884,4.8481,4877264.0032
2024-09-09,6.7563,6.7361,0.8396,0.2891,0.2886,5.6921,4.8512,4874111.2793
2024-09-10,6.8306,6.8101,0.8488,0.2923,0.2917,5.6302,4.7985,4927707.587
2024-09-11,6.8612,6.8406,0.8526,0.2936,0.293,5.6051,4.7771,4949776.6549
2024-09-12,6.8,6.7796,0.845,0.291,0.2904,5.6555,4.8201,4905638.5191
2024-09-13,6.8131,6.7927,0.8467,0.2915,0.291,5.6446,4.8108,4915096.6911
2024-09-18,6.9792,6.9583,0.8673,0.2986,0.2981,5.5103,4.6963,5034900.2024
2024-09-19,7.0141,6.9931,0.8717,0.3001,0.2996,5.4829,4.6729,5060121.9943
2024-09-20,6.9792,6.9583,0.8673,0.2986,0.2981,5.5103,4.6963,5034900.2024
2024-09-23,6.9311,6.9104,0.8613,0.2966,0.296,5.5485,4.7289,5000220.2386
2024-09-24,6.9093,6.8886,0.8586,0.2956,0.2951,5.5661,4.7438,4984456.6187
2024-09-25,6.9224,6.9016,0.8602,0.2962,0.2956,5.5556,4.7348,4993914.7907
2024-09-26,7.1234,7.1021,0.8852,0.3048,0.3042,5.3988,4.6012,5138940.0939
2024-09-27,7.3375,7.3156,0.9118,0.314,0.3134,5.2412,4.4669,5293423.5691
2024-09-30,7.8357,7.8123,0.9738,0.3353,0.3347,4.908,4.1829,5652834.1033
2024-10-08,8.0368,8.0127,0.9987,0.3439,0.3432,4.7852,4.0783,5797859.4066
2024-10-09,7.5692,7.5465,0.9406,0.3239,0.3233,5.0808,4.3303,5460517.9403
2024-10-10,7.556,7.5334,0.939,0.3233,0.3227,5.0896,4.3378,5451059.7683
2024-10-11,7.3681,7.3461,0.9156,0.3153,0.3147,5.2195,4.4484,5315492.637
2024-10-14,7.4949,7.4724,0.9314,0.3207,0.3201,5.1312,4.3732,5406921.6326
2024-10-15,7.2895,7.2676,0.9059,0.3119,0.3113,5.2758,4.4964,5258743.6053
2024-10-16,7.2851,7.2633,0.9053,0.3117,0.3111,5.2789,4.4991,5255590.8813
2024-10-17,7.0272,7.0062,0.8733,0.3007,0.3001,5.4726,4.6642,5069580.1663
2024-10-18,7.1103,7.089,0.8836,0.3043,0.3037,5.4087,4.6097,5129481.922
2024-10-21,6.9486,6.9278,0.8635,0.2973,0.2968,5.5346,4.717,5012831.1346
2024-10-22,7.0316,7.0106,0.8738,0.3009,0.3003,5.4692,4.6613,5072732.8903
2024-10-23,7.0753,7.0541,0.8793,0.3028,0.3022,5.4355,4.6325,5104260.1301
2024-10-24,7.0316,7.0106,0.8738,0.3009,0.3003,5.4692,4.6613,5072732.8903
2024-10-25,7.0098,6.9888,0.8711,0.2999,0.2994,5.4863,4.6758,5056969.2703
2024-10-28,7.0404,7.0193,0.8749,0.3013,0.3007,5.4624,4.6555,5079038.3382
2024-10-29,6.9398,6.9191,0.8624,0.297,0.2964,5.5416,4.7229,5006525.6866
2024-10-30,6.7738,7.0342,0.8129,0.2899,0.2935,5.6774,4.8387,4886722.1752
2024-10-31,6.599,6.8527,0.792,0.2824,0.2859,5.8278,4.9669,4760613.2158
2024-11-01,6.6427,6.8981,0.7972,0.2842,0.2878,5.7895,4.9342,4792140.4557
